sim_idx,mean_time_sec,median_time_sec,n_windows
10650,0.03556850300121464,0.017089352943003178,19
2041,0.022806584283611493,0.011696760077029467,19
8668,0.02295794103931832,0.012482085032388568,19
1114,0.02246585034912354,0.011694233864545822,19
13902,0.021717759584517854,0.00892819813452661,19
11963,0.022866571469134407,0.011797691928222775,19
11072,0.022690505169233995,0.011936556082218885,19
3002,0.02280866332646263,0.011980453971773386,19
19771,0.023088932110878983,0.011679288931190968,19
8115,0.022736968815718826,0.012375397840514779,19
3525,0.022686592388996167,0.011873242910951376,19
7879,0.0227482725719088,0.012636997969821095,19
16441,0.02272739810378928,0.011686800047755241,19
16296,0.02279691880960998,0.012859298149123788,19
12566,0.024113696816034223,0.012037222040817142,19
5252,0.022969016217087444,0.012504494050517678,19
19393,0.02277113417604644,0.011642156867310405,19
16796,0.022738940045727712,0.012801520060747862,19
8094,0.022925699423802525,0.011711141094565392,19
322,0.022892941585987023,0.01281207799911499,19
9923,0.02344079381835304,0.011727947043254972,19
7459,0.023137625980828153,0.01447336096316576,19
19024,0.02273008430768785,0.011665574973449111,19
17553,0.018746745196710293,0.013139964081346989,19
9119,0.01927670417353511,0.011881639948114753,19
16421,0.020697292626688357,0.007749141892418265,19
16060,0.02183541371241996,0.011792985955253243,19
10120,0.02280770732383979,0.012000348186120391,19
19055,0.02301539626511696,0.012246437836438417,19
3649,0.023163119674121078,0.011692823143675923,19
3941,0.022791866764524264,0.011900825891643763,19
17880,0.022692066470259113,0.011706209043040872,19
16675,0.022835310597560908,0.01302329613827169,19
12630,0.022800655741440624,0.011677373899146914,19
11443,0.02179044969134817,0.012429276015609503,19
12157,0.022977848377961078,0.011964482953771949,19
13835,0.022907409669929428,0.01232828595675528,19
3434,0.022878661212560377,0.011739157140254974,19
18739,0.022789397522022848,0.012138315010815859,19
17407,0.022887746778954016,0.011998756090179086,19
15440,0.02262105753547267,0.011660576798021793,19
10406,0.023116781462081952,0.012916105799376965,19
6517,0.022766175312235168,0.01165133505128324,19
971,0.022818780259082194,0.012601986061781645,19
16487,0.022693107174219268,0.01165361306630075,19
19730,0.022725567368692474,0.012783397920429707,19
13137,0.023072213449172284,0.011913320980966091,19
3669,0.02283903121899225,0.01282159611582756,19
15983,0.022754643872184187,0.011718942085281014,19
4058,0.022739325735816045,0.012354915961623192,19
14976,0.023438872303813696,0.01226966013200581,19
15698,0.02315202645810419,0.013114252826198936,19
13829,0.023571841234929468,0.011664114892482758,19
13419,0.023789485389562815,0.0147501181345433,19
960,0.023085718925454114,0.01170346699655056,19
17744,0.022780749309611947,0.01297916704788804,19
9864,0.02252631693294174,0.011702344054356217,19
11263,0.022795345364628655,0.012672819895669818,19
15782,0.022850311373507504,0.012019724119454622,19
17196,0.023185033988403648,0.012707945890724659,19
7554,0.02255148684458905,0.011978483060374856,19
10498,0.022908948386382116,0.01190988696180284,19
17059,0.022467755124365028,0.011829872149974108,19
17928,0.022948982941574957,0.009595292853191495,19
7085,0.02293299517202142,0.012702190084382892,19
14753,0.022817760987795498,0.011670042062178254,19
4519,0.022764650026434345,0.01374499499797821,19
3024,0.022975084788509105,0.011693830136209726,19
12121,0.013986516829678103,0.008299117907881737,19
18494,0.022648295559185117,0.011691862950101495,19
5483,0.02302935253828764,0.01452174293808639,19
1419,0.022639656365898094,0.011708396021276712,19
6209,0.022849503585970717,0.012324053095653653,19
10742,0.0229946817148869,0.011701301904395223,19
16143,0.022761579394634617,0.01350509817712009,19
17617,0.02279244700299674,0.011677528033033013,19
14568,0.02274595027005202,0.013389912899583578,19
980,0.022717961906700543,0.011675267945975065,19
2783,0.022712011441686435,0.013125065015628934,19
7713,0.023009480357072072,0.011737121036276221,19
11518,0.02307141928835527,0.012585078831762075,19
8600,0.017193717048748544,0.009565637912601233,19
11640,0.021453774374860683,0.006865641800686717,19
18830,0.023089276197807568,0.01213466003537178,19
12562,0.02340985647108602,0.012087586103007197,19
12751,0.02296167348609551,0.013073880923911929,19
6384,0.022867445944269236,0.011852676048874855,19
4807,0.017750302207117017,0.012560332892462611,19
6195,0.023143094682477806,0.012208987027406693,19
10648,0.022713306764336794,0.012737284181639552,19
7567,0.02359266365927301,0.012147621950134635,19
16397,0.02322405240939636,0.012925717979669571,19
17524,0.022898030222246523,0.011759976856410503,19
1346,0.022898703335637326,0.013707875041291118,19
13124,0.023552283718201675,0.011736766900867224,19
12673,0.02075286650736081,0.01400506915524602,19
15455,0.02013689462144516,0.007938625058159232,19
14001,0.022483199209857144,0.013179088942706585,19
18621,0.022986746491178087,0.013845916837453842,19
2119,0.02327833757245619,0.013034050120040774,19
15304,0.023913326109514424,0.011788866948336363,19
4309,0.024056132037290616,0.014936807099729776,19
4484,0.023318362679626597,0.01434706593863666,19
11013,0.021081047181628253,0.011720849899575114,19
4770,0.01768751073579647,0.007304908009245992,19
2712,0.019403312624873298,0.009290062822401524,19
12186,0.018450181477850203,0.006474206922575831,19
16615,0.022795916571723,0.011751289945095778,19
10947,0.023112895457368148,0.01285917405039072,19
2545,0.022799551107087417,0.011677365051582456,19
12619,0.02268779036392899,0.013089798856526613,19
9851,0.022901550388747926,0.012109501985833049,19
4410,0.02284384286031127,0.011739467969164252,19
19647,0.02314606551571112,0.011890996946021914,19
12344,0.02291450465686227,0.011655744863674045,19
12407,0.022931565310021763,0.012185431784018874,19
9610,0.023033866891637444,0.011611330090090632,19
10718,0.023562928183788533,0.014604212017729878,19
7571,0.022851856217082394,0.012119540013372898,19
3570,0.023023227523816258,0.014672411140054464,19
8602,0.023004434868007115,0.011708453996106982,19
3559,0.023266469949464266,0.011902220081537962,19
4991,0.02270512532834944,0.011934796813875437,19
7439,0.022423277952169116,0.012563927099108696,19
9325,0.02316849872371868,0.011677047004923224,19
2300,0.023662468724835076,0.013719164999201894,19
7666,0.023338138419938714,0.012570438906550407,19
5804,0.021805613595796258,0.01171887805685401,19
12022,0.02307638949959686,0.011657769093289971,19
15537,0.023265174528779953,0.014848229940980673,19
9757,0.023081003443190928,0.011638928903266788,19
12014,0.0204306410527543,0.012502253986895084,19
5211,0.022544136172846743,0.013077893061563373,19
11548,0.02305543693517776,0.011662513017654419,19
12366,0.022956802142097762,0.013727958779782057,19
9270,0.023278143122106007,0.01167421997524798,19
3975,0.0233341376052091,0.014194685034453869,19
16090,0.022979829374602752,0.011953501030802727,19
17232,0.022566996085898655,0.01522308005951345,19
17443,0.02395002977726491,0.011798062128946185,19
13656,0.02362959706959756,0.013411307008937001,19
15645,0.019192774253162116,0.012469175970181823,19
2730,0.021691157715395093,0.011803142959252,19
3298,0.022729395386321766,0.011669040191918612,19
8956,0.02361238065273746,0.01185073796659708,19
17410,0.023352635203321512,0.01434191083535552,19
15155,0.023359479713498763,0.011864084051921964,19
17276,0.023062864012133918,0.013454548083245754,19
6703,0.022998651955276728,0.011776050087064505,19
1968,0.02307924044955718,0.012924120994284749,19
4936,0.0244467491896725,0.011869759066030383,19
2112,0.02394838319895299,0.01181955705396831,19
878,0.02345739039102275,0.012885193806141615,19
19075,0.02384213681675886,0.014677382074296474,19
12989,0.024634972067647858,0.012527493061497808,19
7277,0.02486831948504244,0.014270094921812415,19
5709,0.024714033033600764,0.014444836881011724,19
12078,0.025276645025434464,0.01576997898519039,19
6687,0.025969183893482153,0.013155209831893444,19
6418,0.02516278337785288,0.015208418015390635,19
10431,0.025711452588438988,0.01296493993140757,19
9982,0.024928586888372115,0.013270094990730286,19
19073,0.025091191925304502,0.012822990072891116,19
4629,0.025124903253622745,0.012634077109396458,19
8862,0.024720051093026996,0.012638322077691555,19
4667,0.024903163130051996,0.013086767168715596,19
14163,0.023642395365689146,0.014545652084052563,19
385,0.023126332677508656,0.012692173942923546,19
4186,0.022309295955653254,0.013201911933720112,19
5345,0.024935147541232015,0.012579651083797216,19
2195,0.023894829577521273,0.01235761004500091,19
14990,0.02488597230005421,0.015110563021153212,19
12634,0.023999453179146115,0.01423779409378767,19
1077,0.02288930833731827,0.011690477142110467,19
6286,0.022696195991317693,0.013213498052209616,19
5933,0.022716338942317588,0.011660333024337888,19
18512,0.022855843748211077,0.015086352126672864,19
19717,0.022841307910551365,0.011659428011626005,19
13363,0.022935695946216583,0.013204668881371617,19
8072,0.0232687635641349,0.012182540027424693,19
17020,0.022901652086722225,0.012565899873152375,19
9543,0.022677607834339142,0.011882131919264793,19
19094,0.022707123983357298,0.012169287074357271,19
13355,0.022767340690877876,0.011631753062829375,19
18631,0.02316678692831805,0.01190791605040431,19
2848,0.023079389571457318,0.012392939999699593,19
12791,0.022841287396946235,0.011662482051178813,19
7722,0.023208439889314928,0.012582866940647364,19
812,0.02271835595418356,0.01170915411785245,19
11193,0.02315536202666791,0.013017157092690468,19
5135,0.022979588750259655,0.011829009046778083,19
8510,0.022609605490671175,0.012988039990887046,19
7434,0.02015245536734399,0.010064786998555064,19
16476,0.02367541566491127,0.011826591100543737,19
936,0.023160450013452454,0.013287482084706426,19
11965,0.022939604903130156,0.011821614112704992,19
1692,0.023042195256015186,0.013096618000417948,19
6216,0.023165880984283592,0.011803507804870605,19
9459,0.023234781392506863,0.012600650079548359,19
12527,0.02279203850775957,0.011755485087633133,19
15484,0.023393369169513647,0.014405199093744159,19
5792,0.02291198872568968,0.011866109911352396,19
12266,0.0231319636253542,0.014974354999139905,19
2221,0.023065831107822687,0.011969442013651133,19
15757,0.02288421127013862,0.012581096030771732,19
4693,0.023147999431545798,0.011814102996140718,19
10108,0.022755152055699574,0.012559463968500495,19
5107,0.023006282232113574,0.011795490980148315,19
13480,0.02319826248199924,0.013306159991770983,19
4745,0.023159178059646172,0.01188906910829246,19
1604,0.019728126568033508,0.012905034935101867,19
17395,0.021075004331865592,0.01226529898121953,19
16863,0.022295633465737888,0.010626276955008507,19
8213,0.018394574486209375,0.007277522934600711,19
1092,0.023216917841254098,0.013331959955394268,19
13884,0.022767305950094994,0.011862788116559386,19
6311,0.024767721549754863,0.012520392891019583,19
9012,0.02122108400554249,0.012200600001960993,19
351,0.023219304588182194,0.01313935685902834,19
14782,0.023257022919623477,0.011820697924122214,19
1530,0.022362261189539965,0.01267464691773057,19
13591,0.023083619871421865,0.011985225835815072,19
15215,0.022959194060316997,0.01302043511532247,19
11540,0.02278987206763735,0.01210611592978239,19
218,0.020743785156427247,0.012227511964738369,19
6813,0.023058005437058837,0.012609120924025774,19
5357,0.023068566647309222,0.011843567015603185,19
15729,0.022634785021900347,0.013471025973558426,19
13043,0.023163452597433014,0.011864073108881712,19
1453,0.02347425395916951,0.01463972800411284,19
14932,0.021788534757338072,0.011847305810078979,19
4740,0.023104212982089894,0.013050511945039034,19
2814,0.02306823752281305,0.011877691838890314,19
7886,0.022843792385078575,0.012510269181802869,19
4973,0.022990363527481492,0.011674608802422881,19
1182,0.021722067907256514,0.009667209116742015,19
10035,0.022743722767029937,0.012994507793337107,19
3947,0.020913464335822744,0.011783458990976214,19
3189,0.02331704136572386,0.016452295938506722,19
14480,0.017417569362901543,0.00939467502757907,19
19826,0.020735495294885414,0.011673957807943225,19
9623,0.01869313847763758,0.010846493067219853,19
1006,0.022878458613137666,0.011651827953755856,19
2325,0.022958276266428202,0.012398975901305676,19
10645,0.027930868127824443,0.01184798707254231,19
19523,0.023118240574963,0.013661762932315469,19
17725,0.022885701668105628,0.011706311022862792,19
5743,0.023073937302749408,0.013000770937651396,19
12680,0.022932533003193766,0.011849594069644809,19
14583,0.021732896063966972,0.01226256089285016,19
19257,0.022224755822925976,0.01269053597934544,19
11881,0.023514944140946393,0.012084298999980092,19
1027,0.022300053167303924,0.0135992590803653,19
4069,0.02344016939107525,0.011711539002135396,19
18572,0.023624699403482833,0.014481657883152366,19
14652,0.020356871346992097,0.011639844859018922,19
6650,0.02180163130948418,0.011667890008538961,19
15783,0.022625277284532785,0.012667017057538033,19
17648,0.022791201199748014,0.012000943999737501,19
4622,0.02296966117022461,0.011641446966677904,19
10385,0.02214218661385147,0.011587787885218859,19
13670,0.022833384941086957,0.011703545926138759,19
14046,0.022834700029833538,0.012183945160359144,19
1962,0.022960113287952385,0.011725866002961993,19
19874,0.022854746576692713,0.012383775087073445,19
1599,0.022779899673830522,0.012575034983456135,19
9675,0.021793031599372625,0.012428980087861419,19
10952,0.02082109878967075,0.006780759897083044,19
4333,0.02271935737103616,0.013431207975372672,19
12099,0.022935467808948534,0.011728559155017138,19
6955,0.022768827290029117,0.012764581013470888,19
18821,0.0228237425540819,0.012163751060143113,19
8545,0.023365025102209887,0.012719397898763418,19
15974,0.022759378127949804,0.011872058967128396,19
13722,0.022885923420912342,0.012821720913052559,19
695,0.020392142689639802,0.011630691820755601,19
15630,0.02292702059065433,0.011685135075822473,19
13589,0.022669374097236676,0.012711921008303761,19
14521,0.023222420523923478,0.011525481007993221,19
19917,0.023114065480369487,0.013395223999395967,19
9770,0.02303830529318044,0.011720481095835567,19
13377,0.023118819845350164,0.013979141134768724,19
1034,0.023313892539590597,0.011731144972145557,19
10842,0.022814925845810456,0.01219590613618493,19
16592,0.021486901800687377,0.012044930132105947,19
10421,0.023063663920191557,0.011666718171909451,19
10979,0.022781839251126115,0.012633653124794364,19
2127,0.022837942576427992,0.011754106031730771,19
12187,0.01973611395806074,0.013155353022739291,19
5970,0.022816936215875966,0.01280635898001492,19
13225,0.023305809946338598,0.011694942135363817,19
993,0.02375737216176563,0.013864642009139061,19
15084,0.023513443608719268,0.011831110808998346,19
14845,0.023032877300130695,0.013420169008895755,19
14945,0.022742836821922345,0.011764819035306573,19
447,0.02290388851083423,0.01263384590856731,19
17277,0.022014944728365855,0.011825182940810919,19
5453,0.022987394740706997,0.012924954062327743,19
3211,0.022942032750793977,0.0119984510820359,19
5561,0.021468770506448652,0.01303199795074761,19
18911,0.0227291623596102,0.012695631012320518,19
3210,0.023035208694636822,0.011659807059913874,19
13813,0.023082737185943284,0.01331267412751913,19
8966,0.02278825565927515,0.011632624082267284,19
17653,0.022947284086656413,0.012745646992698312,19
10649,0.0233249358073073,0.011743823997676373,19
19714,0.022962044569124516,0.013002712978050113,19
3971,0.02086683977885466,0.012701856903731823,19
10807,0.02308418909332862,0.011685846839100122,19
19544,0.022110838602346024,0.013026486150920391,19
11366,0.02312643495143244,0.013717618072405457,19
3778,0.023355042672176893,0.012748104985803366,19
13079,0.019466506415291837,0.011987581849098206,19
6352,0.021741010371203486,0.014676022110506892,19
4007,0.023396814094954414,0.011722188908606768,19
3776,0.023269167733623794,0.014449551003053784,19
17147,0.02359767542465737,0.01225349586457014,19
14104,0.02301758827984725,0.01208139001391828,19
19145,0.023301626053197605,0.011817104881629348,19
19183,0.023144075585725277,0.012294027954339981,19
8426,0.022652062403626348,0.013142894022166729,19
4337,0.0231523055852832,0.0119667979888618,19
8117,0.023168774211387102,0.011839673854410648,19
7763,0.028413350877695177,0.012161317048594356,19
14012,0.02301213756742838,0.01316796406172216,19
13651,0.02244355404553445,0.011757886037230492,19
438,0.02298171286422171,0.011693255975842476,19
16533,0.023177957431854385,0.012593509862199426,19
3269,0.022786267812510853,0.012099760118871927,19
3752,0.022873004150920008,0.01186391618102789,19
9113,0.02333099118090774,0.011665579862892628,19
9440,0.023059281054884195,0.011796733131632209,19
1739,0.02266799636479271,0.011722563998773694,19
606,0.02291083578510504,0.012493224814534187,19
17085,0.023029234738236194,0.011938480194658041,19
12998,0.023015221752422422,0.01304415799677372,19
16972,0.022949762715909042,0.011640581069514155,19
18366,0.02331195717775508,0.013824644964188337,19
15683,0.023108174411678,0.011659479001536965,19
11037,0.023378010422579552,0.014310326892882586,19
5746,0.023691346096855245,0.012202122015878558,19
11584,0.0231519908595242,0.012175521114841104,19
6270,0.023005517444720392,0.012799761956557631,19
8851,0.02290633110035407,0.011669449973851442,19
18408,0.023003066767399247,0.012547528836876154,19
6600,0.02281002833900091,0.011771932011470199,19
11378,0.023059334826508637,0.012755065923556685,19
17189,0.022900423451669906,0.011678663082420826,19
11605,0.023092997211374734,0.01358531299047172,19
6909,0.02373471623286605,0.012231677072122693,19
738,0.01919048306483187,0.014290933962911367,19
1994,0.018497523202217724,0.006470314925536513,19
119,0.016882833522303325,0.011763396905735135,19
14926,0.02221555191729414,0.011696031084284186,19
17609,0.02313712773550498,0.01274035288952291,19
17436,0.02186872991488168,0.01166658103466034,19
18553,0.020989388472547655,0.013218670850619674,19
7293,0.021130710497106377,0.011665188008919358,19
3405,0.02201807012438382,0.009230586932972074,19
10537,0.022982222555009157,0.012027613818645477,19
18466,0.023068475500239355,0.012815119000151753,19
8626,0.02280320138915589,0.011667621089145541,19
3481,0.023227975642504662,0.012798615032806993,19
17818,0.023226541050366666,0.011629977962002158,19
127,0.02293731704795439,0.013241235166788101,19
13426,0.023594512567414266,0.01170921209268272,19
10610,0.023074225449052296,0.013492846162989736,19
15273,0.023230313593031543,0.011636811075732112,19
19580,0.022935022563232405,0.013138120993971825,19
19285,0.023155805385230405,0.011707725934684277,19
12822,0.02324398741812298,0.013302936917170882,19
3073,0.022634174895325775,0.011709988117218018,19
2380,0.022747359986073877,0.013498857151716948,19
2483,0.024024080926258313,0.013317161938175559,19
3461,0.0162032887241558,0.013347107917070389,19
15231,0.021336248622422938,0.012859477894380689,19
7458,0.023252688764937614,0.01185732102021575,19
15884,0.02271912730985174,0.013138222973793745,19
6885,0.023080191452448304,0.01168681401759386,19
15097,0.022863375415143213,0.01325890189036727,19
18684,0.022965773168068967,0.01177345891483128,19
14970,0.02315154823621637,0.01277247816324234,19
803,0.02241887169350919,0.01170469680801034,19
474,0.022620751792074817,0.012551374966278672,19
8608,0.019589909021497556,0.011157296830788255,19
6482,0.02289169695914576,0.013928540982306004,19
18287,0.02538896893690291,0.012179418001323938,19
5557,0.02309019277852617,0.011721152113750577,19
13948,0.023088605388214712,0.01346251112408936,19
8891,0.023334375582635403,0.011717595160007477,19
12521,0.022887511656766658,0.012461618054658175,19
4448,0.019882518124129427,0.011762407841160893,19
484,0.022866065074738703,0.011709705926477909,19
10422,0.022913252138287613,0.012970753945410252,19
19411,0.01961128070558372,0.011690055951476097,19
14900,0.02318398718182978,0.013941918965429068,19
11226,0.023040506694661945,0.013161907903850079,19
19132,0.022933025158157472,0.012284419033676386,19
7920,0.023030871329338926,0.012277737027034163,19
7911,0.023362439223810247,0.013175636064261198,19
2766,0.0230050217605343,0.013484671013429761,19
14865,0.023134698331552118,0.011664770077914,19
16506,0.023010913821819582,0.013348610838875175,19
11688,0.023277285704879386,0.011714750900864601,19
4037,0.023481123468005342,0.012380239088088274,19
856,0.023269550335642538,0.011693140026181936,19
16136,0.02264374173491409,0.012460394063964486,19
8830,0.020118243992328644,0.011697282083332539,19
8803,0.023195775201250064,0.01172820501960814,19
11838,0.022976270509197524,0.01263248990289867,19
3826,0.02349293843450907,0.01186555391177535,19
18127,0.023129356976010297,0.01283470494672656,19
5995,0.02284300076089015,0.011640585958957672,19
503,0.022920570446570452,0.013251864816993475,19
2959,0.02316397212837872,0.011703239055350423,19
7988,0.02331255221935479,0.014157232129946351,19
9640,0.023211244849096004,0.011733446968719363,19
8109,0.022923095825765478,0.0130890270229429,19
5382,0.022532819905073234,0.011201997054740787,19
13951,0.02453918498940766,0.013569585047662258,19
13138,0.023148622952009503,0.012418023077771068,19
17987,0.023135598050430417,0.011656251968815923,19
13435,0.023396487776680214,0.013062622863799334,19
7725,0.02339642061116664,0.011830383911728859,19
12033,0.022459441318029637,0.013098610797896981,19
8129,0.022791333631367275,0.011618008837103844,19
12787,0.020131572002643032,0.011295933043584228,19
8292,0.020144262240807478,0.011645115911960602,19
18321,0.02137026145417047,0.01164781185798347,19
13060,0.01887471143058256,0.0063691530376672745,19
3295,0.018697508672056228,0.011711637023836374,19
8957,0.02297503472992072,0.013200765009969473,19
115,0.02232891034432932,0.011622115969657898,19
5647,0.023058194471032994,0.013056945987045765,19
12624,0.02271241333188587,0.01162895211018622,19
14747,0.02276795696908314,0.012657854938879609,19
7181,0.023568471121650777,0.011678519891574979,19
1710,0.023428068949693914,0.01348037994466722,19
15957,0.023433421542377847,0.011667242040857673,19
5817,0.023203211799754125,0.014621666865423322,19
15278,0.02326629990956893,0.012325126212090254,19
2480,0.02376923835101096,0.012255108915269375,19
10250,0.02336441627458522,0.0145815450232476,19
4032,0.021254140283226183,0.011715739034116268,19
13347,0.023466160324843305,0.012234619818627834,19
16530,0.02320928113093894,0.013297955971211195,19
9514,0.023305507793434356,0.012513832189142704,19
4610,0.022705309509642814,0.011765808099880815,19
5117,0.023496694789317093,0.012582839000970125,19
16946,0.023397204784774465,0.011714583961293101,19
6385,0.022624207403216707,0.013463344890624285,19
15139,0.02278347788868766,0.012062970083206892,19
6271,0.02357702411858267,0.013553810073062778,19
341,0.023564440516853018,0.012149251997470856,19
828,0.02305174137367622,0.012665697140619159,19
12529,0.0224443634506315,0.011715302942320704,19
11551,0.02021434996277094,0.011661370983347297,19
9527,0.01754198061596406,0.011680620955303311,19
11836,0.0178372826010577,0.00794308609329164,19
313,0.02270385198981354,0.014307593926787376,19
11697,0.022919377740962726,0.01187013485468924,19
10051,0.02293242632999624,0.011984428856521845,19
12863,0.023256922140717506,0.011653919005766511,19
16070,0.023553579359462385,0.012156384065747261,19
17136,0.022864247084056075,0.012143754865974188,19
18261,0.02327876817435026,0.013056170893833041,19
4909,0.02240305273842655,0.012574187014251947,19
17796,0.023251779340697748,0.0124503409024328,19
8873,0.023268519239009994,0.012495149159803987,19
18285,0.023079272996830314,0.013489176984876394,19
409,0.02334496507568187,0.011722275987267494,19
3795,0.02442030057213024,0.013264969922602177,19
2703,0.02812332342574863,0.01396258594468236,19
10342,0.02290736327536012,0.012165688909590244,19
4981,0.022986648665545017,0.011883705155923963,19
8582,0.023047998241197905,0.012080749031156301,19
7667,0.023015268943517617,0.01167219621129334,19
17517,0.02311658807785103,0.012198897078633308,19
17183,0.02303805245135568,0.011791205033659935,19
9725,0.023071866678564174,0.011849692091345787,19
18153,0.023468155707967907,0.011671188054606318,19
7499,0.0216238638018503,0.009293880080804229,19
17036,0.023128940981175555,0.011673217173665762,19
7720,0.023148752810237438,0.012851876905187964,19
1905,0.023133234133159642,0.011655743001028895,19
6717,0.022709593201350225,0.01252681901678443,19
2174,0.02215838383295034,0.011786739807575941,19
6769,0.02314785735583619,0.012150945840403438,19
7161,0.023868437378520246,0.01221346203237772,19
6504,0.02064801571204474,0.013684271136298776,19
18765,0.02099297059650876,0.008232631022110581,19
4420,0.023641610297521477,0.011979436036199331,19
1272,0.02357194651114313,0.013184624025598168,19
451,0.022045825056633668,0.012370465090498328,19
3519,0.02357277647886229,0.013817485887557268,19
17477,0.02391884502905764,0.012798828072845936,19
9567,0.023639150637839185,0.01279924320988357,19
247,0.02386242694123403,0.013558282982558012,19
17815,0.02401663128923821,0.013988120947033167,19
1747,0.022272521629929543,0.013470359845086932,19
2085,0.020839733341218608,0.012252114014700055,19
12492,0.016985965181926365,0.0074426839128136635,19
13351,0.023216371730852284,0.014210207853466272,19
4974,0.02380894750699793,0.012300190981477499,19
3498,0.024144409812594716,0.012048774864524603,19
13442,0.022756269961399466,0.013374597067013383,19
1084,0.023452189983800054,0.012104409048333764,19
4935,0.02439881559755457,0.012664145091548562,19
6237,0.021802532707193966,0.013085626997053623,19
6734,0.020738259631846296,0.009256570134311914,19
12983,0.021904498951411562,0.010481297969818115,19
14249,0.023067019058783587,0.01218945300206542,19
11982,0.023685252110130693,0.012820156989619136,19
5922,0.023746651609575276,0.013298175996169448,19
17268,0.023652053364601574,0.012135510798543692,19
8948,0.023871654742642454,0.012827741913497448,19
19450,0.02344230151931314,0.011919853975996375,19
4149,0.0238593168997843,0.012650434859097004,19
5099,0.023842646997716082,0.013750920072197914,19
9512,0.023580589331686497,0.0125728789716959,19
13259,0.02089016793883945,0.01221726299263537,19
17360,0.022375096444432672,0.009938624920323491,19
17037,0.024336596571007056,0.013448372948914766,19
3335,0.02192574728427357,0.011872584000229836,19
17585,0.0242160703178103,0.01440887013450265,19
19819,0.023702452804795222,0.011916906107217073,19
13728,0.023758569732308388,0.012932260055094957,19
9893,0.02216804132943875,0.014845911879092455,19
7650,0.02052274731134898,0.008065758971497416,19
2238,0.02174260691543551,0.008150980109348893,19
14204,0.02315591339414057,0.01336829992942512,19
251,0.02369743652984892,0.012266947887837887,19
8196,0.023510142499090808,0.011931488988921046,19
4706,0.023710742899167695,0.01221539406105876,19
8143,0.02240244947422884,0.012725237989798188,19
2714,0.022649393220873254,0.01403831085190177,19
18079,0.02378746840220533,0.012657081009820104,19
9529,0.02375551349924583,0.011882249964401126,19
10341,0.023910918787709977,0.013136172201484442,19
15290,0.023270395731455402,0.013317405013367534,19
326,0.023717443042091634,0.012900448171421885,19
4980,0.02365543694529486,0.013498297892510891,19
7438,0.02468671925414942,0.013716676039621234,19
6647,0.023769734255773455,0.012037329142913222,19
6258,0.023417231516520445,0.014058101922273636,19
9047,0.023149486190002216,0.011790686985477805,19
3393,0.024864245132592163,0.014206364983692765,19
17664,0.022015925852189724,0.012737171957269311,19
19414,0.02392855777993406,0.012687410926446319,19
16117,0.02433440640666767,0.014547143829986453,19
1337,0.024112565418411242,0.013153847074136138,19
3168,0.023778205627183382,0.012386553920805454,19
12860,0.023502463621920662,0.012622517067939043,19
19814,0.024766360728168173,0.013596958015114069,19
2393,0.02346301697635729,0.01211779098957777,19
19915,0.024014271330088377,0.012605468975380063,19
15179,0.0246588122099638,0.014069269178435206,19
5923,0.023317256721814995,0.014560024021193385,19
16297,0.02376099289885085,0.011842446168884635,19
2743,0.023054054766697318,0.013064004015177488,19
5005,0.02316415118739793,0.011859935941174626,19
18716,0.023860739899407093,0.01347501203417778,19
19613,0.0238674981274495,0.013433400075882673,19
11643,0.02360032536824675,0.0121905910782516,19
4119,0.02334985042628097,0.01301539596170187,19
2090,0.02365822751859301,0.017412486020475626,19
7443,0.023442084901034832,0.01208254205994308,19
8731,0.02329127436601802,0.013514952966943383,19
14404,0.023936875348322485,0.01200828212313354,19
5702,0.023537553712039402,0.012539175106212497,19
3800,0.023980113101731006,0.013715189881622791,19
11419,0.021897944180588973,0.013387138955295086,19
2008,0.018698410792766434,0.012395132100209594,19
1493,0.023019753543562012,0.01186716090887785,19
9282,0.021776522460736726,0.007082069991156459,19
7789,0.023779873797473938,0.011997136054560542,19
3848,0.022957455219798965,0.013599941972643137,19
15650,0.02417417667119911,0.011687549063935876,19
19143,0.023854754840661036,0.014175049029290676,19
18551,0.023993190929391665,0.013795079197734594,19
19249,0.023851635743324693,0.011830508010461926,19
4194,0.02377737599032882,0.01297415909357369,19
1512,0.02397215131082033,0.014277878915891051,19
2748,0.02382243282504772,0.01185176707804203,19
18211,0.024768883007039364,0.014339134097099304,19
3733,0.024229696424874037,0.013445094926282763,19
7654,0.023423259146511555,0.012389973038807511,19
2346,0.023325578321849828,0.012092230143025517,19
2519,0.023546023404617842,0.013226143084466457,19
718,0.02367387985271451,0.012705928878858685,19
139,0.023621383735812025,0.011808994226157665,19
17947,0.023314777161239794,0.013587642926722765,19
17762,0.023444200412517314,0.012853130931034684,19
2444,0.02323433794816466,0.013089205138385296,19
5198,0.023730264449688166,0.012904939008876681,19
1402,0.02314298947978961,0.013590804999694228,19
16321,0.0240461667386913,0.011905679944902658,19
1730,0.022585772553850945,0.011958177201449871,19
9260,0.016116499361631117,0.006672801915556192,19
3721,0.02141824641608094,0.013568569906055927,19
17840,0.02264342528130663,0.012230862863361835,19
19736,0.02337802901226831,0.011876554926857352,19
8121,0.02375981155292768,0.012338770786300302,19
9531,0.02368663494034033,0.013641927856951952,19
17730,0.02372303046286106,0.012998013058677316,19
18906,0.024561290653716577,0.012928399024531245,19
14283,0.02367786538640135,0.012913839891552925,19
4074,0.022504472014445224,0.01174931600689888,19
9049,0.021368065346522552,0.013508589938282967,19
6438,0.02290202433390445,0.01166224293410778,19
2267,0.023754542595461794,0.012347754091024399,19
2830,0.024037781686178948,0.0132082998752594,19
10495,0.02397039142976466,0.014112866017967463,19
14177,0.024360594106838107,0.014017118839547038,19
12291,0.02052610314843294,0.011867884080857038,19
8366,0.023745916538724775,0.011722374940291047,19
16894,0.024320360628495876,0.013087840052321553,19
8466,0.02088100823426717,0.015346950152888894,19
2932,0.017385603774240928,0.009632879868149757,19
13784,0.022604786913449828,0.012155771953985095,19
16075,0.023510509121574853,0.014040774898603559,19
12950,0.020922877421406538,0.014311379054561257,19
2946,0.024434606973572,0.014675603015348315,19
17514,0.024021642539944304,0.01324211503379047,19
11292,0.020238335734527362,0.012145302025601268,19
19606,0.023971082471115023,0.01238218997605145,19
9390,0.023984541111674747,0.014362646965309978,19
9293,0.022923899385587948,0.012467277003452182,19
17747,0.024270568680214256,0.01295318896882236,19
6162,0.024523821058928183,0.013221860164776444,19
9758,0.02476034203152123,0.014029109152033925,19
8544,0.024306401451069274,0.011937833158299327,19
2579,0.023425946477800608,0.012095988029614091,19
4387,0.024042612027474923,0.014384487876668572,19
11225,0.025229747039511016,0.014593809144571424,19
18149,0.02422726573422551,0.01384195894934237,19
4832,0.023619239059227862,0.01198315410874784,19
9391,0.023887264481010407,0.013417371083050966,19
6705,0.02366949758786512,0.012892968021333218,19
16192,0.02229421564966048,0.012574175838381052,19
2626,0.021331956414015668,0.012230572057887912,19
9098,0.020045925691527754,0.011810775846242905,19
10872,0.020055974821413036,0.010029750876128674,19
6888,0.023404794794164206,0.013092302018776536,19
19364,0.026335395370168907,0.011868390021845698,19
5687,0.024278946024806874,0.013458169996738434,19
4949,0.023935952003260975,0.011924663092941046,19
14306,0.024193354710740477,0.013505744049325585,19
11330,0.023996893439049784,0.012593778083100915,19
19490,0.02383294446687949,0.012671445030719042,19
1805,0.023425286893095625,0.011995559092611074,19
13811,0.023198242826191217,0.01334173302166164,19
11997,0.0243270785400742,0.012555669993162155,19
16480,0.023677286238556628,0.013768758159130812,19
8508,0.023582765501678774,0.012969058938324451,19
19715,0.02350811672544009,0.012152950977906585,19
8575,0.024275695292377157,0.013611572096124291,19
4877,0.023545692172391636,0.013505373150110245,19
10879,0.020205855247025426,0.007444352842867374,19
1147,0.02428405777257132,0.012335797073319554,19
6076,0.024174476483542668,0.01263729715719819,19
6309,0.0239245282780183,0.013401798903942108,19
6210,0.023750871922330635,0.012268533930182457,19
16879,0.02361731707902723,0.01253972202539444,19
5714,0.02389033098312977,0.013496951898559928,19
15992,0.02682024078737748,0.014089977834373713,19
15143,0.023802219289600066,0.01575092994607985,19
13302,0.02191512127357878,0.013362196972593665,19
424,0.020644149191579537,0.016575491055846214,19
7360,0.021104268435584873,0.00899617001414299,19
19416,0.023812020908256893,0.012242336058989167,19
7241,0.024922882647890793,0.01333116297610104,19
15703,0.02470234613620529,0.01461811806075275,19
9995,0.025316778190532012,0.015129416016861796,19
15486,0.024074956603152186,0.013898108154535294,19
2177,0.023572010490553158,0.012257535010576248,19
7051,0.02427670191728363,0.013433624990284443,19
6405,0.023739050424314644,0.013664124999195337,19
5351,0.023654947645570103,0.01259796298108995,19
12906,0.02404269081001219,0.015224438859149814,19
1606,0.020992802480529798,0.01296961004845798,19
3062,0.02429973948011665,0.015005403198301792,19
17402,0.02430745793849622,0.012102331966161728,19
3488,0.02360390299490016,0.012051091995090246,19
4201,0.02482880776944129,0.014743908075615764,19
18505,0.0239512041750315,0.01295448699966073,19
17687,0.023641749211636028,0.012033151928335428,19
16598,0.02325258763065856,0.011708039790391922,19
2805,0.023077139165252447,0.012366089969873428,19
12349,0.023859247553015227,0.011975942179560661,19
18689,0.023707686408766006,0.013516641920432448,19
6248,0.02382503884942516,0.012281737057492137,19
9704,0.02093897085930956,0.008075217017903924,19
6914,0.02381112748806022,0.012164190877228975,19
14037,0.023642224308691527,0.012602285016328096,19
4031,0.02348155394735697,0.013658758951351047,19
4449,0.024511313531547785,0.01190563989803195,19
11262,0.023199063162074277,0.013594397809356451,19
18576,0.023497735064378696,0.012766662053763866,19
3528,0.02222658248961364,0.011731880949810147,19
18787,0.023399262309172435,0.011846964014694095,19
15569,0.023537631011813095,0.0122971311211586,19
17682,0.023679395132747135,0.013526622904464602,19
2319,0.02307864480749949,0.01621690485626459,19
12783,0.0235575284000094,0.012951196869835258,19
8099,0.023828363389168914,0.01195500697940588,19
3509,0.023471310599952153,0.012597190914675593,19
11340,0.02364265652814586,0.014142823871225119,19
8165,0.023733818584955053,0.011823216918855906,19
5394,0.0241886034093209,0.012270512990653515,19
8025,0.021577918252564575,0.01336027099750936,19
4393,0.016986580038639277,0.010144586209207773,19
4590,0.022486545966546003,0.011856182012706995,19
16144,0.023235419654826586,0.013018686091527343,19
1052,0.02298750338683787,0.012105749920010567,19
10330,0.023611003398209027,0.013816854916512966,19
16861,0.022559734772106533,0.009663986042141914,19
2578,0.023768655796486297,0.013299735961481929,19
10504,0.02353173402432156,0.013151918072253466,19
19882,0.02361187716259768,0.01283224206417799,19
8352,0.024071150496111887,0.016731178853660822,19
17458,0.02198887359056818,0.013580984901636839,19
19375,0.023422946332414683,0.012579522095620632,19
4724,0.024323634803295135,0.013234989019110799,19
18918,0.023523575761110374,0.01231133914552629,19
2232,0.02160827472413841,0.01339011313393712,19
2777,0.023311216310646973,0.013529827818274498,19
15131,0.023479938139452747,0.012914181919768453,19
1290,0.023827874984003995,0.011958884075284004,19
14761,0.02373291079052969,0.014773920178413391,19
2207,0.023429446167459612,0.01458881190046668,19
3449,0.02620629766514819,0.012262159027159214,19
15249,0.023648868033074234,0.011884481878951192,19
9509,0.023325978851828136,0.011854066979140043,19
3035,0.02058126370569593,0.011640193872153759,19
16262,0.02351385078049804,0.012665292015299201,19
16817,0.024119738660948842,0.012553298147395253,19
15337,0.022872141672690447,0.013570027193054557,19
10182,0.022220397588649864,0.01178697100840509,19
2998,0.019770747712372166,0.015314015094190836,19
6759,0.02377545405914517,0.01400139112956822,19
2265,0.018614158781833555,0.01175712188705802,19
7337,0.02357396003054945,0.012850868981331587,19
10676,0.023329914216638395,0.012919208966195583,19
4505,0.0236769914014363,0.01203976385295391,19
18426,0.02334741438052764,0.013945726910606027,19
19201,0.023439964487854587,0.011934676906093955,19
6692,0.023735808931585205,0.012356125051155686,19
14801,0.023738764814640347,0.014110324904322624,19
14030,0.0221490267860262,0.011811539065092802,19
3106,0.02156375672080015,0.007442675065249205,19
221,0.0207874735106567,0.010337209096178412,19
18356,0.023870635017948717,0.012686537811532617,19
11825,0.022128782713001494,0.013786358991637826,19
3050,0.02364096804031808,0.012369686039164662,19
4285,0.023120632272605832,0.012551552150398493,19
17541,0.0209730078686813,0.009545159991830587,19
12246,0.02297645201906562,0.012329342076554894,19
210,0.023623429434864146,0.012573498068377376,19
18238,0.023263484153798537,0.012575241969898343,19
1911,0.02328922772338908,0.012486648978665471,19
499,0.02370162759172289,0.01248593907803297,19
4999,0.02375547171227242,0.01181183592416346,19
17917,0.02355530744075383,0.012699618935585022,19
17266,0.022230578292357295,0.012046210933476686,19
8748,0.023931302559120876,0.013195951003581285,19
13683,0.02375624832501145,0.012720842147246003,19
180,0.023390890331938863,0.012205936945974827,19
18926,0.023489759132069975,0.013498613145202398,19
13684,0.02363104634232035,0.01187473488971591,19
12000,0.023565628504576653,0.012898637913167477,19
18842,0.021994979525181025,0.013980268966406584,19
11794,0.02102551027201116,0.011764501919969916,19
7267,0.01881231806289993,0.012091290904209018,19
2420,0.0217635712071665,0.013175989966839552,19
15825,0.02414261782541871,0.013219451066106558,19
18202,0.02432471836034797,0.012475362978875637,19
15634,0.023117835755999152,0.013232605997473001,19
14888,0.023868239080337316,0.012565616052597761,19
466,0.02382856455484503,0.013179084984585643,19
15057,0.024112635892570802,0.012184936786070466,19
59,0.02205597339688163,0.012079800013452768,19
4202,0.020311616728768536,0.012716680997982621,19
18076,0.018891231867631798,0.006998560158535838,19
7484,0.024180805727251266,0.013719861162826419,19
1580,0.022910555751111946,0.00986921088770032,19
7284,0.023669274928244322,0.012054219841957092,19
19827,0.024045731161574,0.01337188296020031,19
16233,0.02347792104180706,0.013229915872216225,19
9393,0.02276804469721882,0.011916107032448053,19
2698,0.0234105132128063,0.012173702009022236,19
4564,0.023923967462523205,0.012412895914167166,19
11403,0.022392148127485263,0.012022013077512383,19
4199,0.02373939072468171,0.01301454403437674,19
19838,0.023944409747951124,0.012203095946460962,19
14902,0.02420948068366239,0.014312952989712358,19
7157,0.02136787357985189,0.01388103305362165,19
2973,0.024031567767164426,0.014753180090337992,19
7841,0.024451108490067878,0.012723403051495552,19
14766,0.02378081916341264,0.014198474120348692,19
13634,0.024081854370275612,0.01375705492682755,19
7695,0.023780394235233728,0.013474205043166876,19
5934,0.023861632608857593,0.011938447831198573,19
13875,0.02395921994588877,0.012858901871368289,19
17225,0.024602598792530204,0.01344401715323329,19
5215,0.023372078204135362,0.013192618964239955,19
11432,0.025489664195399536,0.012370435986667871,19
11165,0.021698446772796542,0.016779234865680337,19
11365,0.020152465195248003,0.012432232033461332,19
6626,0.020624132165195125,0.011932361871004105,19
3595,0.021845413457700295,0.011932871071621776,19
13085,0.019759271330641287,0.010010974947363138,19
5272,0.023838899735557407,0.013028624001890421,19
5627,0.02382527877527632,0.01203941903077066,19
12010,0.02409984356429624,0.013515786034986377,19
14841,0.024312462951791913,0.014010380022227764,19
10072,0.025662230499284833,0.013105416903272271,19
14751,0.024573030452685135,0.013724207179620862,19
7324,0.022607607129765183,0.01198634598404169,19
8632,0.024378541685444743,0.014541202923282981,19
14108,0.023500955969977536,0.012261667056009173,19
1297,0.023987554871526203,0.012298678047955036,19
10366,0.02426106830764758,0.014628330012783408,19
13248,0.02406727045921511,0.012964324094355106,19
200,0.02382435609194401,0.012429041089490056,19
1456,0.02211117831450936,0.011751472018659115,19
10559,0.023949579384766127,0.01225858717225492,19
9800,0.023748451929637475,0.01326696714386344,19
8453,0.024183036391868404,0.013148674974218011,19
9651,0.023897399733725348,0.012159235076978803,19
8892,0.024107949305815918,0.012698000995442271,19
18544,0.023260896670092877,0.012757290853187442,19
10263,0.022396640374178167,0.012197182048112154,19
1202,0.023891461155328312,0.01460537500679493,19
15967,0.02187776677065382,0.007375688990578055,19
3643,0.023951386518188213,0.012485770042985678,19
10990,0.024111303807187238,0.012716756900772452,19
10723,0.02343384332121595,0.01200782391242683,19
10356,0.024087640640668963,0.012604499934241176,19
3128,0.02321039240709261,0.012035219930112362,19
4351,0.02389503140492659,0.011998697882518172,19
19402,0.023270966607685153,0.013303474057465792,19
15878,0.023505712565230697,0.01215912913903594,19
3011,0.02343112285445003,0.013578373938798904,19
5090,0.023522744420915842,0.011963117867708206,19
17107,0.02340968663951284,0.011929182102903724,19
2621,0.02325714991035822,0.013405960984528065,19
1534,0.02127766115345845,0.010015889070928097,19
18178,0.02028588612416857,0.012067773845046759,19
3836,0.023412225412596997,0.011692801024764776,19
17766,0.02339385964564587,0.012760280864313245,19
11520,0.021182272644517452,0.012172095943242311,19
16080,0.01870280702745444,0.012065759859979153,19
15859,0.022630090469886597,0.012697117868810892,19
8550,0.024106281539915425,0.014145573833957314,19
15662,0.023797939531505108,0.01234720298089087,19
5129,0.023178273235986892,0.011844584019854665,19
14008,0.023086902869277094,0.012269529048353434,19
3352,0.023235542430101258,0.011630797060206532,19
13454,0.023163333057278867,0.01364284916780889,19
13758,0.02713958236486896,0.012200368102639914,19
4903,0.02360291352593585,0.013324565952643752,19
2930,0.023734696233939184,0.011839063838124275,19
1087,0.023343801939565884,0.012427985202521086,19
15244,0.02242338967411534,0.01272338186390698,19
12088,0.023506489949987122,0.012807981111109257,19
4884,0.023172578664104406,0.012744904030114412,19
14633,0.02311235651569931,0.01195202604867518,19
7947,0.023614295831832447,0.013661669101566076,19
16823,0.023596541992829817,0.012551724910736084,19
15819,0.02343024450697397,0.013286767061799765,19
5391,0.023753603748781115,0.011760661145672202,19
7245,0.023237039469868728,0.01199831604026258,19
15682,0.023400930418191773,0.013778496999293566,19
6279,0.023628626349627188,0.011882035061717033,19
5194,0.02323064921227725,0.013276380021125078,19
14222,0.023507831765240746,0.012019691988825798,19
17121,0.02317470430984701,0.012325246818363667,19
19672,0.02313476694306653,0.011668374994769692,19
17185,0.018061418637731357,0.009344163117930293,19
1729,0.02144242923608736,0.011725661111995578,19
19914,0.02030087960883975,0.012899213004857302,19
19841,0.02380675643584446,0.011281721061095595,19
13336,0.023218275231652354,0.012136091943830252,19
3310,0.024862399140961076,0.011936235940083861,19
12571,0.024468998240895178,0.014609350124374032,19
3415,0.02450576304507099,0.0138978969771415,19
5861,0.023883087977178787,0.01241313898935914,19
15237,0.024263284965663365,0.01201471290551126,19
6259,0.024214805937127062,0.013429997954517603,19
9619,0.024152110453302924,0.014223884092643857,19
5863,0.024476855527609587,0.012166897999122739,19
9806,0.023963596169395668,0.012753244955092669,19
5849,0.024068708641846712,0.013200756162405014,19
2754,0.023965449342013972,0.012756254989653826,19
13643,0.024397581313295585,0.012489324202761054,19
10192,0.02473247002222036,0.013513220939785242,19
8035,0.024511431968819938,0.013167621102184057,19
16836,0.024420849280431867,0.014049099991098046,19
15027,0.023866886248517977,0.011354038026183844,19
10761,0.024150708089827708,0.012236580019816756,19
7375,0.024425553096654385,0.014005863107740879,19
10709,0.022376189768118292,0.012270648032426834,19
5998,0.0246902095815657,0.013302420964464545,19
12264,0.028367614189751054,0.011908740038052201,19
19733,0.023222676355783876,0.011761962901800871,19
19732,0.02379182738399035,0.012822195887565613,19
1282,0.02356398295562126,0.0119239108171314,19
5290,0.02373883519076595,0.012584154959768057,19
10784,0.02356291699566339,0.012912600068375468,19
11067,0.024665185679240448,0.01188255799934268,19
19688,0.023879725682108027,0.012011962942779064,19
4021,0.024697549530844156,0.01752008916810155,19
16141,0.020792020913703663,0.0148319648578763,19
6826,0.023560037922212167,0.013178298948332667,19
18361,0.02384403464384377,0.011648936895653605,19
12084,0.023227880022635584,0.011808290146291256,19
11051,0.023118919141492562,0.013625002931803465,19
8331,0.023425576987823372,0.012006080010905862,19
10078,0.02367366189872356,0.014193068025633693,19
8993,0.023064652580375735,0.011660956079140306,19
9818,0.02087720150226041,0.008334690937772393,19
16874,0.02165866535353033,0.014269724953919649,19
10646,0.021130074097431804,0.006866895128041506,19
13993,0.02324582269954446,0.011662164935842156,19
19989,0.023489378074086027,0.013175776926800609,19
9710,0.02330319296666666,0.011729513062164187,19
6896,0.023413090549997594,0.012847800040617585,19
15370,0.02315504331827948,0.013813222059980035,19
11679,0.022896873825964958,0.011675874935463071,19
8962,0.022215727287785786,0.007728199008852243,19
5474,0.02344486935946502,0.01200086297467351,19
6402,0.023294090293347836,0.012590129161253572,19
3725,0.02343530651476038,0.011856741039082408,19
3739,0.023371391635584205,0.01293071499094367,19
10221,0.023678186496621685,0.011601731879636645,19
13084,0.02366254463987915,0.012988993898034096,19
8732,0.02331176254359123,0.01313675194978714,19
12491,0.02328017817221974,0.011772164842113853,19
6775,0.022908557929392708,0.012600460089743137,19
19980,0.023082728007514226,0.011933758854866028,19
4291,0.02326978842335704,0.012750955997034907,19
3579,0.023245402342198712,0.012482085963711143,19
12568,0.023908820040033835,0.01332894410006702,19
928,0.02326364083656747,0.011780759086832404,19
6529,0.02312295937812642,0.01225075894035399,19
3844,0.023315327143982836,0.012320780893787742,19
18143,0.027144624422745484,0.012169457972049713,19
10867,0.023057034594546024,0.012470641871914268,19
17779,0.015316434143307177,0.010981010971590877,19
17400,0.021260534008768827,0.009213949088007212,19
6148,0.021486165872039765,0.01281720888800919,19
8319,0.02317310543730855,0.011949623003602028,19
1815,0.021377714081226212,0.0130889390129596,19
6072,0.023238791912598044,0.012235425878316164,19
9300,0.02285945542940968,0.011967913946136832,19
11847,0.023119452764819328,0.012052403995767236,19
19587,0.022976971709316497,0.011753130936995149,19
9457,0.023580724618544702,0.011887336848303676,19
5833,0.02335618413053453,0.012927594827488065,19
19264,0.02341079395754557,0.011631431058049202,19
15021,0.021445613133868103,0.014140527928248048,19
14377,0.02239114481122478,0.012041230918839574,19
8882,0.023760588851904397,0.011810270138084888,19
14304,0.02343366978886096,0.012154154945164919,19
10489,0.023639548618934657,0.012673713034018874,19
11885,0.02409509169918142,0.011895194184035063,19
14218,0.024141193477829035,0.01473432988859713,19
5903,0.023968119014936843,0.014764874009415507,19
7664,0.023537343024815385,0.012755763018503785,19
14009,0.023215392616724496,0.012602557195350528,19
2129,0.02343561651038104,0.012768606888130307,19
19862,0.02354319295600841,0.012092662043869495,19
7779,0.02306840062680605,0.013225849019363523,19
2740,0.02361294189713111,0.011777315055951476,19
17470,0.023388631445796865,0.013517790008336306,19
8813,0.023012659267375345,0.011656431015580893,19
15172,0.023137274087945883,0.013571910792961717,19
10779,0.023398775239720157,0.011786699993535876,19
1350,0.023364743597707467,0.012957756174728274,19
9058,0.02293084395167075,0.011718760011717677,19
13495,0.024105704536563473,0.012178373988717794,19
9922,0.02448565760431321,0.014912552898749709,19
1522,0.024203628362891704,0.011656391900032759,19
6760,0.022981219398053854,0.011641353135928512,19
18862,0.023216498280434233,0.014064190909266472,19
2797,0.02300800218884098,0.011915897019207478,19
7040,0.02345321380141142,0.014591790037229657,19
2992,0.023387129737162275,0.011699247872456908,19
13751,0.023016787685551925,0.012420827057212591,19
15059,0.023417330052899688,0.011887673055753112,19
15066,0.019218734097912124,0.009802838088944554,19
9755,0.018148302406954923,0.010206938022747636,19
9152,0.018777010778553392,0.006972328992560506,19
7457,0.023105162244878318,0.012430553091689944,19
7683,0.0229854861543955,0.01222366001456976,19
17821,0.02285483755220316,0.011654078029096127,19
10261,0.02323802778693406,0.011844345834106207,19
12964,0.022855489821124234,0.011668094201013446,19
88,0.023287673872944555,0.011879761004820466,19
10399,0.023599978180994328,0.011918663047254086,19
8972,0.023763296047323627,0.012519226875156164,19
16702,0.023987506981939077,0.013768400065600872,19
13250,0.023225794840407998,0.012987981783226132,19
11162,0.023715471640523327,0.012645931914448738,19
18190,0.022923762971339256,0.01162626501172781,19
8513,0.02321811515445772,0.01286412007175386,19
1443,0.023240526243554133,0.01170810405164957,19
9010,0.023040486622209613,0.013085243059322238,19
17557,0.023340728329984767,0.01163210510276258,19
13249,0.023230826996855046,0.01441619312390685,19
17831,0.023096152703816954,0.011841136030852795,19
11081,0.02358078759310669,0.012666136026382446,19
17948,0.0237365142491303,0.013260099804028869,19
2301,0.022725362980150078,0.011823731008917093,19
16292,0.023095410145623118,0.013135683024302125,19
18254,0.02394100295771894,0.01215168903581798,19
2361,0.023270591934162536,0.0135627759154886,19
5071,0.022995115319070846,0.011664786143228412,19
19638,0.0230897684140425,0.013221775880083442,19
12402,0.021069848713906186,0.011647403938695788,19
13826,0.022486864858748096,0.012489015003666282,19
9264,0.021879662833127537,0.013091741828247905,19
10675,0.02363308764209873,0.011959351133555174,19
9059,0.023688966396117683,0.012701005907729268,19
15527,0.02314785551769953,0.011845689034089446,19
14251,0.022911798012884038,0.012512199813500047,19
15831,0.02294820505439451,0.012027246877551079,19
19557,0.02284267494503997,0.012065188959240913,19
12842,0.023092182169325258,0.011634002905339003,19
8020,0.023261439814967543,0.012472040019929409,19
8303,0.023449513877398874,0.011631658067926764,19
6186,0.023485778977996426,0.013899128185585141,19
19336,0.022480186271040065,0.013508490985259414,19
15409,0.023074758361632888,0.011971598956733942,19
5023,0.021023461828008294,0.012139833997935057,19
9790,0.023062067523010467,0.011687323916703463,19
7839,0.020386947380182773,0.007834783988073468,19
4391,0.023618471551392423,0.012443765066564083,19
11233,0.022995203659918747,0.01487727602943778,19
14539,0.02911865282313604,0.011743815848603845,19
4639,0.023250872906493514,0.013009282993152738,19
11482,0.02370175843029038,0.011922466102987528,19
12953,0.02322228328864041,0.011727587087079883,19
19974,0.02348308225995616,0.012839189963415265,19
3274,0.023089729776409895,0.011648207902908325,19
14734,0.02139672186029585,0.0066273820120841265,19
9992,0.02327779419475088,0.011788995005190372,19
6740,0.023121177770295424,0.011925898026674986,19
257,0.023470053314476422,0.011771293124184012,19
12974,0.023626140331065183,0.012726821936666965,19
14687,0.023387295144953225,0.01259260205551982,19
18643,0.02337523138052539,0.012036954052746296,19
19551,0.0233626849704275,0.01169893192127347,19
8066,0.02359460170478805,0.01207109191454947,19
13103,0.023315365193411708,0.013176849111914635,19
1768,0.024061640001539337,0.011879099067300558,19
17089,0.023274840529713976,0.013115931069478393,19
5059,0.02329980030557827,0.013182881055399776,19
7092,0.023422552811864176,0.011909405933693051,19
14602,0.023558295013284998,0.01230894890613854,19
10311,0.023218088084831834,0.01207361207343638,19
8801,0.02371854935527632,0.012637462001293898,19
10577,0.023635992657785352,0.011638869997113943,19
19482,0.0248573987965325,0.012079552980139852,19
346,0.022328051640407034,0.01040137792006135,19
5148,0.02332019596360624,0.011843071086332202,19
18008,0.022121427936087314,0.012778859818354249,19
5020,0.02335749126627649,0.012702904874458909,19
4344,0.023297419146585622,0.013032747898250818,19
12864,0.023249133281703842,0.013419942930340767,19
6301,0.02342030342276159,0.013069386128336191,19
2981,0.02355197161485098,0.01166718895547092,19
2414,0.023775104555840556,0.012095365207642317,19
15597,0.032768093294611104,0.012650975957512856,19
8797,0.020841181988974933,0.011767815798521042,19
17550,0.023182882522968084,0.01182136102579534,19
9411,0.02310813060275426,0.013068238971754909,19
6075,0.02356772651699813,0.01170693407766521,19
3529,0.023698979437253194,0.013120902935042977,19
16522,0.025105034099205545,0.014528515981510282,19
18439,0.02335180311561807,0.012149831978604198,19
12579,0.02322908000726449,0.01206661807373166,19
10290,0.023976852627176987,0.011821978958323598,19
16751,0.023430046931791463,0.012702904175966978,19
2065,0.023603585781529546,0.013119438895955682,19
1704,0.02350978563098531,0.01207234407775104,19
8141,0.023163491712981148,0.011830060975626111,19
2084,0.02318152062300789,0.011890639085322618,19
18811,0.024182270807949335,0.012572112958878279,19
103,0.02019394337395696,0.012228798819705844,19
17529,0.015072862433857824,0.009320359909906983,19
5380,0.019288113340735435,0.006603870075196028,19
14206,0.023721356569838366,0.01218431699089706,19
1788,0.023971215380649818,0.011936715105548501,19
18169,0.022530334756562586,0.009292691014707088,19
15401,0.023419732975430395,0.01246394612826407,19
4618,0.023852243468067365,0.012702174950391054,19
12584,0.023331294779812817,0.012044845847412944,19
17496,0.023796273432181853,0.012085051042959094,19
4189,0.023589241012048564,0.013352807145565748,19
3999,0.023644205256316223,0.012411523144692183,19
12364,0.023351235278440935,0.012562036979943514,19
16094,0.022789963680368504,0.013288248097524047,19
8323,0.023379772521653457,0.011940047144889832,19
11732,0.023608795612266188,0.012472879141569138,19
3922,0.023551771515294126,0.011830477975308895,19
11227,0.0233217426208093,0.012757306918501854,19
12532,0.02369088761655516,0.012262398842722178,19
12086,0.02391009645438508,0.01223209802992642,19
3698,0.023452592719542354,0.014101008884608746,19
5277,0.022523315317046485,0.012430628994479775,19
11798,0.02029100005318852,0.01130059384740889,19
57,0.02355095631393947,0.013289851834997535,19
17724,0.02389218001381347,0.012637057108804584,19
19121,0.0208701975153465,0.012326081981882453,19
5513,0.023930804938764164,0.012709317030385137,19
1489,0.02375307310323574,0.013098951894789934,19
11625,0.023797976661865648,0.012908706907182932,19
9437,0.024431830186298804,0.013391342014074326,19
19883,0.023868856449170334,0.013416210887953639,19
2467,0.021962732934442005,0.011857452103868127,19
9742,0.022664792014678057,0.012789638014510274,19
7053,0.022561090189571444,0.011679097078740597,19
2026,0.023381991434450213,0.012725387001410127,19
2812,0.023533715694946677,0.012617747066542506,19
10249,0.02328220145825885,0.012801369884982705,19
14992,0.023445103746397716,0.011851357063278556,19
9016,0.02376031462642315,0.012029066914692521,19
12384,0.024107715396798755,0.014658813131973147,19
8854,0.02377298572345784,0.011880466947332025,19
14648,0.023893129509432537,0.01270696404390037,19
16526,0.023638346906457292,0.013762854970991611,19
11566,0.023391380832579575,0.012700292048975825,19
16206,0.023859807265628325,0.012568673118948936,19
17833,0.022913263559243398,0.012256324989721179,19
379,0.023747786855031,0.0132782191503793,19
16772,0.022490353127451318,0.012456968193873763,19
1527,0.02329444645070716,0.012690217001363635,19
7898,0.021147045257844423,0.014398301020264626,19
6561,0.024143448111748223,0.01528895297087729,19
2388,0.023883964033111146,0.015318819088861346,19
9881,0.023255367640798028,0.011784530943259597,19
6690,0.023052503330338942,0.013223289977759123,19
6920,0.02345635637788004,0.011774915968999267,19
19086,0.02128802813393505,0.01258465088903904,19
15576,0.02307288946681901,0.008446249878033996,19
15467,0.023632154787743564,0.013037967961281538,19
10884,0.023829757101147583,0.011763670947402716,19
17809,0.023144039705297666,0.011936214054003358,19
8056,0.023576648869110567,0.011784645030274987,19
15684,0.02234071781123547,0.011831398122012615,19
12792,0.023426833709603863,0.01394429593347013,19
9289,0.023783990169728274,0.012380897998809814,19
6593,0.02350338245742023,0.0139546908903867,19
4783,0.02126299071517822,0.012789090164005756,19
3425,0.02143354047285883,0.012633526930585504,19
911,0.023647127268639833,0.013156668050214648,19
19506,0.02285379309844422,0.011809707852080464,19
16324,0.02301040829747523,0.013270014896988869,19
14844,0.021895955647586993,0.012251965003088117,19
11658,0.022564688513643648,0.006466266931965947,19
15655,0.021220785455386106,0.013526138151064515,19
4984,0.021129102654461013,0.01176262297667563,19
3769,0.023579053298913334,0.012036173837259412,19
6088,0.0231755221703727,0.011873382842168212,19
1981,0.02318775297240599,0.013068157015368342,19
6557,0.0223416713262467,0.012928704032674432,19
16404,0.017140747868995134,0.013299328973516822,19
5761,0.022118193232209274,0.012157422956079245,19
14722,0.023038464414544012,0.012758388882502913,19
5834,0.023144094812634745,0.01286389515735209,19
7353,0.02353783682184784,0.012949942843988538,19
7782,0.023632697614007873,0.013138198992237449,19
3784,0.023252028604283145,0.013160520000383258,19
18626,0.02401282318475607,0.0123178840149194,19
14326,0.023865375238911885,0.014322479022666812,19
1535,0.023909315993813306,0.014260163065046072,19
13981,0.024223294587021594,0.014260335825383663,19
13593,0.023675105228137813,0.011976625071838498,19
5421,0.023359452521330433,0.014251789078116417,19
10992,0.022794669935185658,0.012514047091826797,19
5527,0.02363895665315029,0.013668122934177518,19
5183,0.02287107755086924,0.011791379889473319,19
2605,0.023839818583311218,0.015547813847661018,19
8083,0.0232243651867305,0.012176797026768327,19
16409,0.023394159935904962,0.012381008826196194,19
7191,0.023541813814326337,0.01272235019132495,19
7537,0.023144390985467715,0.012569616083055735,19
4520,0.023195433136271804,0.013572360156103969,19
7899,0.0236835605832503,0.01169339194893837,19
9966,0.023543271995884806,0.014484889106824994,19
8137,0.02315066558750052,0.013332586036995053,19
19922,0.023403022266728312,0.01233012112788856,19
17056,0.023658167766897303,0.012677420862019062,19
12240,0.022986165897332524,0.01181956217624247,19
4816,0.023346536939865666,0.013353274902328849,19
8481,0.020367942554386037,0.012353381142020226,19
15380,0.02349402240820621,0.012245042016729712,19
3059,0.023371123218614804,0.011817072052508593,19
14959,0.02267489175459272,0.012521450873464346,19
2448,0.02039764605854687,0.01153542916290462,19
15922,0.0235640176841499,0.012325643096119165,19
15264,0.022895405669451543,0.01201987499371171,19
3,0.023216013085881348,0.011713200947269797,19
16275,0.02341053500085285,0.015408363891765475,19
12348,0.022820114329653352,0.011746539967134595,19
11066,0.02272137226291785,0.013659582007676363,19
13905,0.022517881111094828,0.011833261931315064,19
15306,0.022754898944281433,0.013928186148405075,19
8642,0.023526793321300494,0.012550146086141467,19
8723,0.023414908418137776,0.014296631095930934,19
344,0.021813141856048452,0.011710231890901923,19
6188,0.025478186183854154,0.015581389190629125,19
17241,0.023819778702761,0.01292952406220138,19
11882,0.023611467834071892,0.012002611998468637,19
18277,0.023459089282704026,0.013552671996876597,19
12933,0.023773124171911103,0.012992816045880318,19
3315,0.02421328267327657,0.012499626027420163,19
19387,0.023593840409854527,0.013682324904948473,19
5248,0.023229693932654828,0.012145631946623325,19
5381,0.023306978633627295,0.012607301119714975,19
13708,0.023826741000735445,0.012454577954486012,19
42,0.02059557749644706,0.012150055961683393,19
13303,0.02156381431574884,0.012684688903391361,19
10259,0.02187192588309316,0.012687650043517351,19
795,0.02234503208953691,0.011359748896211386,19
10026,0.023309376360358375,0.012007159879431129,19
14307,0.023237667389606174,0.012923758942633867,19
2549,0.023599627868909585,0.011910893023014069,19
14624,0.02201652806252241,0.012793767964467406,19
13610,0.023521175179140347,0.012289657955989242,19
7530,0.021511543137756616,0.013531347969546914,19
17460,0.023526644395468265,0.01717631984502077,19
3100,0.02189596298787939,0.01283323299139738,19
16816,0.023622679291293025,0.013147465884685516,19
11248,0.02030999866608334,0.015064291888847947,19
13823,0.019008765536311426,0.012124249013140798,19
46,0.023060114956215808,0.011833641910925508,19
19828,0.023572749127388784,0.012683477019891143,19
19381,0.02218782792701141,0.013109124964103103,19
4307,0.021457830309181622,0.012232804903760552,19
16168,0.023645972220325155,0.011729172896593809,19
4229,0.021968366455678876,0.013204762013629079,19
4914,0.021941031696961114,0.012309185927733779,19
17627,0.022809442843457584,0.013342166086658835,19
15910,0.023585056935093905,0.013584644999355078,19
9889,0.023127064709306547,0.011858275160193443,19
15132,0.023602525237947702,0.01320050610229373,19
17812,0.019571721529294,0.013131530955433846,19
8969,0.023308594122921165,0.011967932805418968,19
10462,0.023243136250561004,0.012534081004559994,19
16785,0.023258788008733017,0.011780891101807356,19
5893,0.023467681186861898,0.012069142889231443,19
5456,0.023351155478801382,0.013595873024314642,19
8300,0.02351868118306524,0.012491591973230243,19
12397,0.022218289601273443,0.012670658063143492,19
2189,0.021450496364482922,0.012254151981323957,19
7917,0.022789965077352366,0.012723394902423024,19
14143,0.022029353379222908,0.012425029883161187,19
2602,0.023894429929848564,0.011721871793270111,19
16670,0.024265593885885256,0.013502051122486591,19
9948,0.023154294547183735,0.012482506921514869,19
10275,0.023305089825666266,0.012377690989524126,19
13770,0.023226899070371138,0.012494815047830343,19
14892,0.0231653153406162,0.01177495694719255,19
11693,0.023481816273966904,0.012526438105851412,19
9123,0.023435199792545876,0.01164788706228137,19
4983,0.023369697020634225,0.012117473874241114,19
10180,0.023509279199826875,0.013091804925352335,19
15363,0.023562521784027155,0.012657403945922852,19
12614,0.02314389880599552,0.013303620042279363,19
7228,0.023503512131834502,0.01256774296052754,19
7883,0.022932404517441204,0.012301600072532892,19
13484,0.023321050905475493,0.011742711998522282,19
19050,0.022821662469619985,0.012438053032383323,19
19034,0.023332526282358327,0.012368615018203855,19
17913,0.02321931301910234,0.012460055062547326,19
2503,0.02247848789403705,0.012524826917797327,19
19391,0.015772402801207806,0.00958716101013124,19
4630,0.02390094943295576,0.01516956090927124,19
1510,0.020687541826383063,0.006557591957971454,19
6285,0.02354022887486376,0.013363094069063663,19
15442,0.023298495228549366,0.01188832987099886,19
18530,0.022917470490363866,0.012253832072019577,19
14835,0.02107644936461982,0.012455699034035206,19
13301,0.02298136353247652,0.012967949034646153,19
12754,0.0232516950437505,0.011928066844120622,19
18743,0.023695648464031126,0.01296642399393022,19
19894,0.023462782001220865,0.012293159030377865,19
1901,0.023498966959060022,0.012283395044505596,19
708,0.02353639113961866,0.011940372176468372,19
16124,0.023486923291593007,0.013407428050413728,19
5236,0.022991933602545606,0.01279957895167172,19
2495,0.02354231683880483,0.01191810006275773,19
688,0.02310398785936597,0.012497156159952283,19
4450,0.022885684646960152,0.011837671976536512,19
3184,0.02336813399176064,0.01258663716726005,19
11487,0.02310792364082054,0.011919185053557158,19
13649,0.02318099381304101,0.013072652975097299,19
10585,0.023251170182208483,0.013217042898759246,19
2571,0.0223200507829652,0.012689420953392982,19
12659,0.021295025993726756,0.012561924988403916,19
7731,0.022872575914095108,0.011705948039889336,19
8509,0.020413228371915847,0.012742346851155162,19
10529,0.01890855680808033,0.00795332482084632,19
7149,0.02104608561402481,0.012044712901115417,19
17234,0.0236489789952573,0.013603145023807883,19
8180,0.021060072829162602,0.011830599047243595,19
19133,0.021901734013992705,0.009562244173139334,19
11773,0.02352601310581361,0.014522361801937222,19
4336,0.023043515932697215,0.011868296889588237,19
1430,0.023436497210672026,0.01253341301344335,19
11615,0.023653432310215737,0.013260848121717572,19
16171,0.02393833651991659,0.012656582053750753,19
5537,0.023119286842350113,0.012117154896259308,19
16826,0.023377379855925317,0.011894600000232458,19
7231,0.023512827808429535,0.012792589142918587,19
19235,0.023402293947966474,0.013374854112043977,19
2270,0.023059710566150516,0.01178044406697154,19
5900,0.023284989470419914,0.013579020043835044,19
3507,0.023215566798554438,0.011721882037818432,19
16885,0.023624034292113624,0.012920225970447063,19
18145,0.02322382044880406,0.011741474969312549,19
14159,0.023331791750694577,0.012052234029397368,19
14093,0.02302249176672807,0.0125369590241462,19
13583,0.02304542576894164,0.012024234980344772,19
3171,0.022988341552646535,0.01267961598932743,19
3886,0.024161229338987095,0.011755855986848474,19
10328,0.023388298988146216,0.013342317892238498,19
18296,0.02405742873241635,0.011951714986935258,19
4755,0.023370784057892467,0.012565918965265155,19
18355,0.022376533560945017,0.01366983400657773,19
12505,0.02376430921599661,0.011914886999875307,19
10244,0.023652498708351663,0.012264693854376674,19
9734,0.02348096982428902,0.012042654911056161,19
7365,0.0233779015068553,0.013064728816971183,19
12493,0.023533932300970742,0.011750990059226751,19
16555,0.023927176959420506,0.01362272398546338,19
5784,0.02252438415675179,0.010980713181197643,19
17293,0.022227853168978504,0.012034405022859573,19
13099,0.023492848586389108,0.013997253961861134,19
9380,0.023832223218816676,0.011807425878942013,19
12399,0.023482342875611625,0.013186078984290361,19
14886,0.023296597315684744,0.011928580002859235,19
12859,0.023671358149792803,0.013463339069858193,19
14796,0.025663167556845827,0.015107532031834126,19
5598,0.02428131155963791,0.013116734102368355,19
9052,0.023703111948347406,0.01218726602382958,19
15324,0.02358271664400634,0.01184962596744299,19
8952,0.024225844082569604,0.015227431897073984,19
5800,0.023625036248152976,0.012493734946474433,19
6084,0.023972501046955585,0.012361656874418259,19
18019,0.02335374429821968,0.01328330603428185,19
15342,0.023683025452651475,0.012951733078807592,19
19000,0.023294674404161542,0.012306359829381108,19
16532,0.022196040684847457,0.01244367309845984,19
7877,0.021709088579212363,0.013469474157318473,19
2277,0.023891425826341697,0.011883483966812491,19
6428,0.022719053269707058,0.012786641949787736,19
8246,0.02282449039385507,0.015111369080841541,19
17622,0.023168093169500168,0.012691235169768333,19
4371,0.022989409044384956,0.012212033150717616,19
6959,0.02294950205587635,0.012447062879800797,19
9565,0.023461307055856053,0.01275967387482524,19
7089,0.023303703368200285,0.013424566015601158,19
9901,0.023093427702980607,0.011791877914220095,19
6829,0.023527784297536863,0.011900142068043351,19
1162,0.023477770424889105,0.012273855973035097,19
2864,0.023401984528295304,0.012559199938550591,19
17034,0.021848199974843545,0.013637664960697293,19
9618,0.0237932199318158,0.01231353310868144,19
13160,0.02363252501297546,0.01394321583211422,19
7552,0.020240561191090627,0.012662230990827084,19
7747,0.023198789782135895,0.012067746138200164,19
13540,0.019347373800548285,0.012412779033184052,19
14812,0.022655527340248227,0.013177417917177081,19
10202,0.02129561394011896,0.00789354182779789,19
11060,0.023688020662551646,0.012119308114051819,19
15323,0.02321401974921556,0.012584903975948691,19
18451,0.023393398175310148,0.01237845909781754,19
6987,0.023225110992299097,0.012868409976363182,19
18874,0.02066780338799091,0.012921693036332726,19
1355,0.02286712061858883,0.01233147201128304,19
13908,0.022797575146940193,0.011991885956376791,19
8816,0.022905290935580667,0.011942388024181128,19
7167,0.02355486203573252,0.012419356033205986,19
18463,0.020766897972575145,0.011917561991140246,19
8310,0.02152296223089491,0.013724966906011105,19
8349,0.023455885435013396,0.012189423898234963,19
16611,0.022836436664587574,0.013017259072512388,19
12788,0.023652116694536648,0.01306883990764618,19
9002,0.023293308276487023,0.012708964990451932,19
3901,0.02346227554555394,0.012522188015282154,19
10765,0.023284257487639,0.012969555100426078,19
5814,0.02327838926085908,0.01238568197004497,19
6220,0.023488476063664023,0.012376719154417515,19
563,0.02330839518751753,0.0127564980648458,19
7298,0.02335212782858626,0.012577852932736278,19
16066,0.023253892609653503,0.012995105003938079,19
12591,0.023258134465370523,0.01236123195849359,19
12389,0.02210620598328349,0.013162042014300823,19
13582,0.015189233530116709,0.006695830961689353,19
2559,0.023464803620682734,0.01253271009773016,19
7199,0.024328223196789622,0.012850707862526178,19
11596,0.02391263598723239,0.012057020794600248,19
826,0.023511412786319852,0.012998162070289254,19
5945,0.024136098714447336,0.015220909845083952,19
8823,0.024051831397963196,0.013102584052830935,19
16008,0.022923961306284917,0.011911452980712056,19
11541,0.023299521705331772,0.01291092298924923,19
14811,0.023094172920345477,0.012283480959013104,19
290,0.016997224614514334,0.012307634809985757,19
4768,0.019496410950332096,0.008045338094234467,19
6672,0.021703678771461312,0.014113083947449923,19
5654,0.02172613232151458,0.012071795063093305,19
3926,0.023312407153609552,0.01186635298654437,19
11626,0.02325976174324751,0.011778143933042884,19
7222,0.023633626412208144,0.01327769085764885,19
16089,0.023505225042371375,0.01272609201259911,19
2898,0.02363339686570199,0.012435379903763533,19
13616,0.023690341788000967,0.01252592890523374,19
7583,0.02409577600069736,0.012234610971063375,19
14457,0.024080346179145732,0.01322336308658123,19
640,0.023464300118288713,0.012483339989557862,19
12831,0.02357639730172722,0.01226261188276112,19
16722,0.023443093560145872,0.012955178041011095,19
19895,0.022225425909518412,0.012062581954523921,19
12745,0.02316893296512334,0.012509384891018271,19
482,0.023407432422237962,0.012348888907581568,19
6091,0.023215215898265962,0.012224130099639297,19
7290,0.02356812614016235,0.012166088912636042,19
12952,0.0233943742994023,0.012320850044488907,19
17594,0.023506096319148417,0.012239971896633506,19
10128,0.02274417396830885,0.011845116969197989,19
19470,0.020644385036767313,0.011748589109629393,19
19835,0.019617503778518813,0.006806723074987531,19
3978,0.02317226811704275,0.012740097008645535,19
6421,0.02325291305437292,0.012201274977996945,19
3375,0.023146859259883825,0.013306756038218737,19
13609,0.023455895618290493,0.011996872024610639,19
16924,0.02347102355653126,0.012907358817756176,19
4779,0.023294007185062294,0.011850812006741762,19
6932,0.023480278439819813,0.013352182926610112,19
17686,0.02385805457781412,0.01239198911935091,19
17025,0.02347590021887108,0.012044355040416121,19
2622,0.022973439790994712,0.012847277102991939,19
11928,0.02111534080713203,0.01254751393571496,19
18085,0.020825492205882545,0.01247804588638246,19
18730,0.02284060213959923,0.012311556143686175,19
4580,0.023240843861314812,0.012564483797177672,19
15095,0.022678393159845944,0.01278178603388369,19
12315,0.02345719183550069,0.013126756064593792,19
12471,0.02331222020285694,0.012580795912072062,19
9202,0.023355623694921012,0.012106338050216436,19
16204,0.023872886931425648,0.013567860936746001,19
6463,0.023841381318082933,0.011893498012796044,19
11710,0.023414863187721686,0.01217682589776814,19
1153,0.02289703403795628,0.012552738888189197,19
16496,0.023676848026776786,0.012777393916621804,19
9926,0.02347526243446689,0.013127478072419763,19
17965,0.022979846971697714,0.011893223971128464,19
16969,0.02315987812012042,0.01242501218803227,19
16828,0.023347080354333707,0.012679439038038254,19
11903,0.02361812723163319,0.012757334159687161,19
9201,0.023441466613133486,0.011774356942623854,19
17670,0.02349539831476776,0.01218038098886609,19
5635,0.022610199368117673,0.012229657033458352,19
4880,0.02274998569076783,0.011231789132580161,19
14658,0.02310523105246064,0.012364742113277316,19
4024,0.02347184278953232,0.012227814877405763,19
7200,0.023404188392879933,0.013168273959308863,19
8187,0.023649676175984114,0.01289918296970427,19
4510,0.023146183597610184,0.012839636066928506,19
4072,0.02242405677067214,0.011763938935473561,19
11024,0.022949430564614504,0.014777794945985079,19
18864,0.023417440966065777,0.012137243058532476,19
17224,0.023256285128330712,0.012741392012685537,19
19660,0.023275967589334437,0.012158636935055256,19
17063,0.023555637655877752,0.011950110085308552,19
852,0.02448933619368625,0.015494135906919837,19
467,0.023449581349268556,0.011985460994765162,19
6662,0.02329038937674149,0.011882544960826635,19
12325,0.023553275417438464,0.013067713007330894,19
16818,0.023485927658743765,0.01216990896500647,19
10497,0.02349646287774177,0.012672845041379333,19
16754,0.022782629625381606,0.012240940006449819,19
19971,0.02276883297599852,0.012649616925045848,19
11495,0.023145669519803243,0.012384528061375022,19
10732,0.02266906491039615,0.012954332865774632,19
736,0.023338035545556954,0.012226392980664968,19
8136,0.02167139400875098,0.013022478902712464,19
11123,0.022834228020847627,0.011777012143284082,19
11793,0.023232582233552086,0.013239967869594693,19
12090,0.02279055260710026,0.012527744984254241,19
11507,0.021859061046454468,0.006768038962036371,19
450,0.023445199427538012,0.012633742997422814,19
10946,0.022853719805808442,0.011737921042367816,19
7014,0.023095857401035334,0.01240738108754158,19
2457,0.023406625198396414,0.012272675056010485,19
6863,0.022833998829714562,0.0156407558824867,19
15424,0.02331326606585399,0.012142495950683951,19
17990,0.023347575462570314,0.012030894169583917,19
2392,0.0204859431342859,0.012162003200501204,19
15780,0.022688244126344983,0.012068308889865875,19
8722,0.023372315127696646,0.013329041888937354,19
12092,0.02319239984315477,0.01347828097641468,19
4836,0.023437103317854435,0.011857659090310335,19
1144,0.023265938397104804,0.01324703311547637,19
14553,0.023333812377562647,0.012540601892396808,19
19964,0.023893434995491254,0.012803122168406844,19
5412,0.02323055307772991,0.013081328943371773,19
11183,0.02311802991224747,0.012070473982021213,19
2133,0.023222883121649687,0.013787660049274564,19
2937,0.023756607031253606,0.01185163902118802,19
13624,0.024196020646118803,0.01523491321131587,19
13866,0.023635051029391195,0.012696183985099196,19
12233,0.022326784000094784,0.012792641995474696,19
41,0.01723279840754051,0.007196961902081966,19
3282,0.015805287948368413,0.00793525599874556,19
12689,0.020531790073666917,0.009361244970932603,19
13306,0.023414757788965578,0.011906904866918921,19
11230,0.02373241976295647,0.012474635848775506,19
1866,0.022700316333947212,0.01187326991930604,19
14428,0.023249814654455372,0.012733100913465023,19
2450,0.023689739295820657,0.011686063837260008,19
3070,0.023656225162803343,0.01402479293756187,19
10505,0.023443878309703188,0.012053984915837646,19
13698,0.023393631520632067,0.01229557697661221,19
1123,0.023236353379233105,0.01297718589194119,19
2334,0.023301491538356794,0.012180428020656109,19
19014,0.023311448357018986,0.012997143901884556,19
13132,0.023211601913269413,0.011967264814302325,19
19001,0.023914910497536,0.01320115802809596,19
15566,0.023542170682431834,0.01497786189429462,19
2408,0.023269077370825567,0.012067609000951052,19
17817,0.02315642276631766,0.013292617164552212,19
9458,0.02264394146684361,0.01228397386148572,19
14217,0.0226059231392451,0.012700277846306562,19
1347,0.023044819245114923,0.011889949906617403,19
5925,0.02343531856068263,0.012683737091720104,19
8355,0.023750085065043287,0.012127805035561323,19
5343,0.023995209424021214,0.015380615135654807,19
9048,0.023991885019074146,0.014361348003149033,19
3887,0.023920303210616112,0.011793965939432383,19
5332,0.02432860522285888,0.014155277982354164,19
19475,0.019834856000287754,0.010581559967249632,19
17694,0.018543416536168048,0.008506782818585634,19
19332,0.02349888845837038,0.011821208987385035,19
35,0.023436338334393344,0.012094689067453146,19
7479,0.023464607675314733,0.012070253025740385,19
18390,0.02322267096391634,0.01239786809310317,19
10204,0.023315410889489085,0.013523655012249947,19
6601,0.023159107315893237,0.011956163914874196,19
19737,0.023332396632452544,0.013374599162489176,19
5836,0.020959366725659685,0.01172958710230887,19
2315,0.02319975786744372,0.011831192998215556,19
14966,0.023224935303197095,0.011889877961948514,19
2699,0.020419346695569784,0.012287160148844123,19
621,0.02237655275109175,0.011550741968676448,19
1978,0.02337447670288384,0.013081877026706934,19
15011,0.0231773936385779,0.011931888991966844,19
323,0.023235112636987316,0.01216301997192204,19
8730,0.019340324865065907,0.012260745046660304,19
12740,0.02334466504276191,0.012144578155130148,19
2308,0.023113911677347988,0.012267897836863995,19
3486,0.023324310840842754,0.012140200939029455,19
13011,0.023263674646027778,0.012224926147609949,19
5018,0.019465964422316143,0.011962112039327621,19
10124,0.021796005741251928,0.012684836983680725,19
1227,0.021785058215946743,0.011372084030881524,19
4168,0.023704625126954756,0.012974633136764169,19
7724,0.023499237361217017,0.012852821033447981,19
8679,0.023485185848058837,0.012094871141016483,19
19043,0.023587388844278297,0.013626029947772622,19
13991,0.02340399845209169,0.012383191147819161,19
19665,0.023641417305426377,0.01205414580181241,19
16559,0.027792103600835328,0.012036025058478117,19
11414,0.023007218125521353,0.012494008988142014,19
14278,0.02281805365591457,0.011734536150470376,19
18727,0.01931488485761771,0.010138797806575894,19
4097,0.023401201040925163,0.013926528161391616,19
3571,0.02291707188430193,0.011657307157292962,19
11015,0.023874584732479172,0.01264377892948687,19
3043,0.022233648838377314,0.012710279086604714,19
6377,0.022044194800975293,0.012705856002867222,19
9376,0.02364184643681112,0.012433280935510993,19
17316,0.022458832282082813,0.013019326142966747,19
5352,0.023027714550201046,0.011954918969422579,19
7662,0.022528019844015177,0.012797726085409522,19
11943,0.020895904407983546,0.012217934941872954,19
5990,0.022835616794365802,0.01363200694322586,19
6427,0.0233389800414443,0.012279052985832095,19
10994,0.022952385197736715,0.013289103051647544,19
18634,0.02295083008510502,0.012434545904397964,19
4447,0.02372406209868036,0.011731920996680856,19
1261,0.0230270995464372,0.01215403899550438,19
13064,0.02365374157058173,0.012706337962299585,19
5683,0.02349094644581017,0.012045539915561676,19
17728,0.02353881437968659,0.013309992849826813,19
5996,0.025111177421518062,0.0121850969735533,19
15973,0.024693283264672284,0.012513762107118964,19
13685,0.025681263485335205,0.014230313943699002,19
14897,0.023642232322967367,0.017139310017228127,19
8197,0.02294630341623959,0.012472520116716623,19
2771,0.023046360142823113,0.011700504925101995,19
6685,0.023266301956027746,0.01435460802167654,19
18750,0.02287580272623975,0.011657251976430416,19
16465,0.022898373194038868,0.01263988995924592,19
19843,0.022341132605154263,0.012029418954625726,19
18337,0.02295789810044593,0.011900558834895492,19
2250,0.02299508234289916,0.011822561034932733,19
12179,0.02264693764185435,0.01182662881910801,19
12801,0.02369912009147045,0.012009530095383525,19
3248,0.02287625870667398,0.013657411094754934,19
18084,0.022431621744640563,0.011751282960176468,19
2753,0.022720644189240902,0.011660946067422628,19
8703,0.02043512076335518,0.013329169014468789,19
8058,0.02315116336716241,0.013284754008054733,19
14695,0.024285938860358375,0.012364410096779466,19
8248,0.02295424133588217,0.01210182998329401,19
8182,0.022774544875382594,0.013132116058841348,19
11983,0.022787512353572407,0.011677554110065103,19
4699,0.022638417241212568,0.011769450968131423,19
7924,0.020869912408096224,0.012876456836238503,19
9075,0.014490687386377862,0.007304616970941424,19
423,0.02331962782007299,0.013448391808196902,19
17646,0.022845992499864416,0.015896169003099203,19
9888,0.02538394714754663,0.014374825172126293,19
9504,0.02497846190817654,0.0144109099637717,19
16138,0.025421907242975737,0.014765975996851921,19
17061,0.024793960056022593,0.014249794883653522,19
3686,0.02488794890967639,0.014229258056730032,19
3142,0.025001292313007933,0.01296488381922245,19
17099,0.024593604495748878,0.012557797133922577,19
15846,0.025086568153806423,0.012658407911658287,19
13047,0.02545610864303614,0.013584195170551538,19
6433,0.024762503043013185,0.013439745176583529,19
1713,0.024890339688250895,0.013735519954934716,19
31,0.02480194856118607,0.014890128979459405,19
11056,0.02478164221209131,0.012631022837013006,19
14165,0.024576696702034065,0.012767557986080647,19
1433,0.024464279119121402,0.012536763912066817,19
12897,0.02467377416446413,0.014018059009686112,19
2252,0.02472863096351686,0.01394813903607428,19
11937,0.02456209736287986,0.013301344821229577,19
6440,0.024595505594717043,0.012567273108288646,19
11119,0.02478547649163949,0.012611065991222858,19
647,0.02518068045671833,0.013362520840018988,19
7757,0.02482046059479839,0.013858574908226728,19
10446,0.021840064185916594,0.013746121898293495,19
9861,0.024852624457133442,0.012733076931908727,19
7803,0.02518932429436398,0.01390584115870297,19
17765,0.02273002149243104,0.016303079901263118,19
1321,0.024966853572741934,0.013613865012302995,19
15148,0.024896876212503565,0.01272915001027286,19
5149,0.024833839423464316,0.014124196954071522,19
13020,0.024657958174908633,0.013560965890064836,19
6814,0.022996388718877967,0.014103628927841783,19
8612,0.018000799353773658,0.012717459117993712,19
10231,0.017170034912659934,0.01254642684943974,19
15465,0.02130731282216546,0.011254999786615372,19
3376,0.023672587826455895,0.01396618690341711,19
13909,0.022432517971059208,0.012867634184658527,19
16071,0.022610973885380907,0.011610731948167086,19
4254,0.023320717381705578,0.01169662014581263,19
2534,0.022050280724407026,0.011637222021818161,19
9534,0.021797790731254377,0.01174551504664123,19
9334,0.022648847735437908,0.012956773163750768,19
1624,0.022652126370782132,0.011621277080848813,19
1429,0.022821324718135753,0.011608273955062032,19
3222,0.02276145632525808,0.01250233594328165,19
7704,0.022648289346283202,0.011623592115938663,19
217,0.02158777321394729,0.012047930853441358,19
1862,0.02267300857132987,0.01166961994022131,19
11373,0.022682418875200182,0.01164726703427732,19
265,0.02316816270008291,0.01352174417115748,19
1396,0.022538954661668914,0.011707993922755122,19
18791,0.021220809669773046,0.012435442069545388,19
8689,0.02280070925572593,0.014721617102622986,19
15032,0.021058610395381327,0.012030296958982944,19
12922,0.02106194281460423,0.011729921912774444,19
8764,0.02104453520702296,0.01143232500180602,19
2879,0.022801957056416494,0.012732618022710085,19
19214,0.0228585069508929,0.011698256013914943,19
8583,0.021339433022627707,0.012466143118217587,19
17884,0.022667848725656147,0.013497324893251061,19
13033,0.023042415758888973,0.011634425958618522,19
2859,0.022885055219950646,0.012115696910768747,19
8361,0.02263553523899693,0.011629906948655844,19
12396,0.022779762009648902,0.012604446848854423,19
12840,0.02392639034721804,0.015652820002287626,19
12807,0.02360465114102944,0.014944651164114475,19
13129,0.023008780149546892,0.011727761011570692,19
9688,0.023399635095541414,0.015026937006041408,19
14862,0.022911366626718326,0.011638517025858164,19
7093,0.023034926074998158,0.012355589075013995,19
6926,0.02288106017697014,0.011640590149909258,19
4347,0.023011374213781795,0.012416462879627943,19
17473,0.023149497990839575,0.011912402929738164,19
12882,0.02122920202581506,0.012701500905677676,19
1632,0.016618161670569526,0.00836131814867258,19
14961,0.02231263632788078,0.011991379084065557,19
10117,0.022968436885429055,0.013270366005599499,19
3468,0.023331630264261837,0.011979087023064494,19
9051,0.02302346811139662,0.013589175185188651,19
7606,0.02301457514496226,0.011678665177896619,19
8227,0.02305375390048874,0.013619950972497463,19
17769,0.02329049133205492,0.011801942018792033,19
9593,0.023542451696764482,0.012624592054635286,19
6472,0.02315462123308527,0.012263166019693017,19
12506,0.022739784743048642,0.01242962689138949,19
387,0.022987896674557737,0.01166784018278122,19
3710,0.0236654419353918,0.014789690962061286,19
15851,0.023361234153669915,0.011624935083091259,19
5587,0.022843130423050178,0.011705093085765839,19
4258,0.022901172982528806,0.011610087007284164,19
1035,0.022607429198136453,0.012633021920919418,19
2043,0.022823158774132792,0.011639086995273829,19
14105,0.02287998367836209,0.01278389198705554,19
13966,0.022489419476570266,0.011986416997388005,19
19161,0.022825010439479036,0.013480147812515497,19
2641,0.021973190253208343,0.009273191913962364,19
5723,0.022704211762174964,0.011572714895009995,19
16587,0.02313310422591473,0.013168904930353165,19
13880,0.02264825507116161,0.011584904976189137,19
1554,0.022627484604814334,0.013164106057956815,19
1611,0.022654028217259207,0.011645569931715727,19
18667,0.022441842703540858,0.012927054893225431,19
1163,0.022670660682610776,0.011881788959726691,19
15227,0.02257823501713574,0.011586528969928622,19
13113,0.022635507642438536,0.01278439606539905,19
14529,0.021278114756569266,0.009238630998879671,19
2647,0.021804264317707794,0.011625277111306787,19
15260,0.02201433918487869,0.011611902853474021,19
13804,0.02276385552249849,0.012155781965702772,19
16455,0.02262744295263761,0.011617331998422742,19
3912,0.022445097075481164,0.01275459211319685,19
6478,0.021795755828191574,0.011660577030852437,19
19208,0.02299561008418861,0.011631515109911561,19
3522,0.022121105036747298,0.012102737091481686,19
17958,0.02256847628833432,0.011635978007689118,19
15074,0.023113114771580224,0.012612503953278065,19
8211,0.023112101223025667,0.011613314971327782,19
2003,0.022926560014878448,0.014614196959882975,19
19357,0.022778330456563516,0.011610561981797218,19
7451,0.022669845836629208,0.013410225044935942,19
13274,0.022483843758604245,0.011759822955355048,19
17,0.02330114974297191,0.01172836497426033,19
2020,0.022829372227486027,0.011690905084833503,19
6935,0.02226004417446491,0.011605450185015798,19
1328,0.02271166443824768,0.012806819984689355,19
1444,0.022641534770005627,0.011653550900518894,19
4472,0.02299274790934042,0.013503023888915777,19
6243,0.022699393295241815,0.011632306035608053,19
705,0.022581970821575897,0.012212262023240328,19
278,0.022889326498108476,0.011597226839512587,19
18561,0.022581577582873012,0.011594746029004455,19
8675,0.02271445053874662,0.012645056936889887,19
16599,0.023035618415298432,0.011613765032961965,19
14323,0.022530571900700267,0.012835538014769554,19
13365,0.02267131047617448,0.01161572290584445,19
273,0.022614558656258804,0.012774522183462977,19
5144,0.02242260259625159,0.011622556019574404,19
8616,0.02256394530597486,0.011607150081545115,19
513,0.023238234736613538,0.014197631040588021,19
16469,0.02271725364813679,0.01167853781953454,19
5102,0.022627488183053702,0.013147552032023668,19
5034,0.022756387761450912,0.011845788918435574,19
14398,0.022643211677572446,0.012766974046826363,19
4084,0.02271479874310133,0.011837894096970558,19
10873,0.022602205605883347,0.011592034017667174,19
11217,0.022746898442212688,0.012210828019306064,19
2405,0.022336027107054467,0.011585914995521307,19
17608,0.022742449649070438,0.012203594902530313,19
7516,0.02276533261235607,0.012247479986399412,19
8852,0.02325573063602573,0.012568548088893294,19
9981,0.023322038695608314,0.011818479048088193,19
10404,0.023484097744681333,0.014300124952569604,19
18223,0.022090406782042823,0.01161004207096994,19
13592,0.02283292840921173,0.012116924161091447,19
16178,0.022716791834682226,0.01166599616408348,19
5348,0.022589311003684998,0.011604906059801579,19
4028,0.022735600923433116,0.012781552970409393,19
9416,0.022464171750470996,0.01161107700318098,19
12044,0.022625375649352606,0.012642516056075692,19
3458,0.022771998860039992,0.011657178169116378,19
2199,0.0218393742964652,0.012056848965585232,19
7762,0.02138349154081784,0.006386793917044997,19
1427,0.022782794714562203,0.012134566903114319,19
9924,0.01890650946695946,0.011553038144484162,19
8918,0.022801958061264532,0.012037273962050676,19
17504,0.022449465186678265,0.012535281013697386,19
3820,0.022942332171001716,0.012221527984365821,19
6126,0.022638165453252822,0.01157622691243887,19
14516,0.022670606567867492,0.012986070942133665,19
9771,0.022434190945013574,0.011619741097092628,19
15572,0.022251912833828675,0.013661861885339022,19
14592,0.02373812470192972,0.013991381973028183,19
11018,0.022838208407751824,0.014172188006341457,19
6846,0.023064141345553492,0.011609341949224472,19
3585,0.023167623292752786,0.012067978968843818,19
11858,0.023207911731381165,0.011649145977571607,19
13885,0.02265633326513987,0.012864348012953997,19
14994,0.021582042749382947,0.011684874072670937,19
10511,0.022837489328690265,0.01175600616261363,19
8994,0.0214015265289498,0.011587176006287336,19
16381,0.020977084414641325,0.009288992965593934,19
15341,0.02366702314956408,0.013845507055521011,19
15565,0.023395989617136747,0.014658755157142878,19
6462,0.022602739094413425,0.011599086923524737,19
14002,0.022771938961293352,0.012658845866099,19
11191,0.022634865642574272,0.011630506021901965,19
8054,0.022524445820109623,0.011566149070858955,19
6161,0.018711915215183245,0.011666712118312716,19
6423,0.016191600601335888,0.011635137954726815,19
4178,0.017838535364717245,0.00990868010558188,19
2929,0.018833821492367668,0.012698409846052527,19
19373,0.022841295974917318,0.012955617159605026,19
1705,0.0226686735588469,0.011728273937478662,19
17294,0.022666570902066797,0.012942366069182754,19
19998,0.022848185017018727,0.011670723091810942,19
17888,0.022701196568576915,0.012935503851622343,19
17801,0.022813004796932403,0.011719395872205496,19
8337,0.022960326119669174,0.013188913930207491,19
5019,0.02167299191320413,0.012445423984900117,19
476,0.022884389434597995,0.01168693695217371,19
17092,0.02247233628785532,0.012679497012868524,19
8877,0.022843974017489114,0.011790218064561486,19
16068,0.022683877510165696,0.012789196101948619,19
4600,0.0228890908734971,0.012091318843886256,19
2235,0.022689189810894038,0.012492860900238156,19
9997,0.023394582658319882,0.0121441048104316,19
7250,0.023584196601357115,0.012977770995348692,19
13361,0.020365322511153,0.011701772920787334,19
19775,0.023668231074943355,0.011693655047565699,19
11907,0.023431099130232867,0.014671382959932089,19
6335,0.017862777801622685,0.01169231510721147,19
19663,0.01674106980575935,0.00756843900308013,19
18375,0.01928553622412054,0.014201293932273984,19
17672,0.016713893739506602,0.012386342976242304,19
8833,0.02296358848137683,0.011834148084744811,19
8028,0.018429708654845233,0.009275454096496105,19
2826,0.02284964262262771,0.011731945909559727,19
4634,0.022615821223313872,0.012625969015061855,19
4286,0.02279199667176918,0.011703880038112402,19
9559,0.022900015752958625,0.013790872879326344,19
3068,0.022829370364840878,0.01168597606010735,19
18080,0.02259887705900167,0.012180691119283438,19
3111,0.021967443098363123,0.012712843948975205,19
3213,0.022771285234117193,0.011607887921854854,19
970,0.023017936533218937,0.013693833025172353,19
19534,0.022834636957237597,0.011675955960527062,19
2034,0.022730783706432896,0.01288272999227047,19
10351,0.022668625755039484,0.011643208097666502,19
18555,0.02271593805696619,0.012249633902683854,19
7668,0.022691093311694107,0.011770082172006369,19
3572,0.022873406286204333,0.011869166046380997,19
15017,0.022820596411628157,0.01355153601616621,19
16510,0.021316343416018707,0.011526163900271058,19
17907,0.023118177294044903,0.011615697992965579,19
9091,0.02297646655259948,0.014125390909612179,19
18987,0.023146728507096048,0.011640728916972876,19
19220,0.023032097121406542,0.011742966948077083,19
8576,0.022886013550879925,0.012059085071086884,19
6756,0.023655146115312452,0.013056398136541247,19
19137,0.022709686100777043,0.013332192087545991,19
8771,0.02298090916960255,0.011701906099915504,19
16383,0.022814674854376597,0.012100028106942773,19
11804,0.023293520544508572,0.014325778931379318,19
15468,0.023067369517919264,0.01213255780749023,19
9125,0.02207303620678814,0.011614972027018666,19
3366,0.023316954875266867,0.01163859385997057,19
18260,0.022638624803604263,0.012045670999214053,19
17066,0.023218669315898104,0.011652729008346796,19
13410,0.022544763810736567,0.012334999861195683,19
14097,0.02280426270475513,0.011600352823734283,19
16658,0.022814531112089753,0.01273321290500462,19
12189,0.021074120996912058,0.011664904886856675,19
19291,0.015237025965593363,0.011722414055839181,19
733,0.0171262490881705,0.011695007095113397,19
14532,0.015572308636221447,0.006471279077231884,19
18893,0.022943406145235424,0.013747224817052484,19
16470,0.022549945689541728,0.011651210952550173,19
18031,0.022735091784086666,0.013181871036067605,19
2948,0.024991375859826803,0.012099559884518385,19
18779,0.02414024529341412,0.014784122118726373,19
6584,0.02267668048213971,0.012966932030394673,19
5553,0.022741409202449415,0.011708529200404882,19
2117,0.022964625570334886,0.012143991189077497,19
16243,0.022940317842815267,0.011715461034327745,19
18725,0.022941160077033073,0.011646727798506618,19
15976,0.02276590923582645,0.012085099937394261,19
13789,0.022696880795257657,0.011615036986768246,19
16941,0.022778028242388053,0.014352794969454408,19
3860,0.022684521237878424,0.011663453886285424,19
4794,0.022557501717911738,0.013073140988126397,19
6070,0.022499178364676863,0.011671846965327859,19
18240,0.02267706125827604,0.01200238591991365,19
11091,0.022746262679758825,0.012172636110335588,19
12834,0.02294369603164102,0.011765618110075593,19
16483,0.023040749818870897,0.014471030095592141,19
18294,0.022932927822694182,0.01167251798324287,19
5031,0.022590160443398514,0.012463197810575366,19
16944,0.023196200386768107,0.011617977870628238,19
3242,0.02269333259104506,0.012485645012930036,19
6141,0.022808906303620653,0.011647870065644383,19
16266,0.022798431449030574,0.014364342903718352,19
7268,0.0197573961126373,0.009236794197931886,19
11465,0.022919067046850136,0.01284011802636087,19
4375,0.02286687769044779,0.011632966110482812,19
6281,0.02266789799997289,0.01270833401940763,19
1441,0.01924540831609384,0.011713960906490684,19
2386,0.02224201907550818,0.011726698838174343,19
6045,0.01885577052292463,0.011706579010933638,19
18568,0.022517907518991513,0.011717152083292603,19
3699,0.02293762804842309,0.011630587046965957,19
7559,0.022820392942154093,0.011742920149117708,19
17573,0.023015370506695228,0.011674663983285427,19
3798,0.022960581853495615,0.014635292114689946,19
2214,0.02083922459400798,0.011624825885519385,19
10447,0.022885204305088048,0.011627785861492157,19
3821,0.02271834067314079,0.01235127099789679,19
12609,0.022689539191656206,0.011636720970273018,19
18005,0.022729885948233698,0.012881810078397393,19
7403,0.02294604749859948,0.01177460397593677,19
13400,0.02390032859617158,0.01298686396330595,19
7594,0.023623536389909293,0.012418966041877866,19
4265,0.02357316336986658,0.012220361968502402,19
17200,0.02783403141227992,0.01396640995517373,19
16580,0.024584091133683136,0.013950045919045806,19
12262,0.02292378961206659,0.013151004910469055,19
7589,0.024546955687631117,0.012539795832708478,19
7453,0.024758159979491642,0.012575741857290268,19
5770,0.02483286320133821,0.012651476077735424,19
9367,0.024817725165600057,0.01467535411939025,19
6002,0.025056965097686963,0.015084334881976247,19
6706,0.024434813322793496,0.014217562042176723,19
4743,0.024809617683977672,0.012542032869532704,19
8188,0.0248156766970887,0.012635848019272089,19
2145,0.02520039715608092,0.0131046490278095,19
2794,0.0249205145029057,0.012926833936944604,19
921,0.024890908321953918,0.013576466822996736,19
1086,0.024931571360579448,0.014362635090947151,19
12642,0.024720773149869944,0.01374989585019648,19
1838,0.02506499992389428,0.012570512015372515,19
13618,0.025048058087888517,0.012653982965275645,19
7303,0.023250991257985954,0.011269845999777317,19
10048,0.02488229524246172,0.013616601005196571,19
977,0.024806879791676215,0.01453801803290844,19
6659,0.02291243594433916,0.012647468829527497,19
16020,0.02428445717515914,0.01108389301225543,19
10440,0.021743905804070988,0.014871335122734308,19
14876,0.024760931289117587,0.013133688131347299,19
651,0.024738481280540948,0.014746160013601184,19
7198,0.024770176748892193,0.014109200797975063,19
5274,0.025238142569402332,0.014139796141535044,19
19318,0.02438451723489714,0.012668999144807458,19
1362,0.024612478421706902,0.012544300872832537,19
9842,0.024804607291068686,0.013023715000599623,19
4819,0.024734205394787222,0.014323909999802709,19
4219,0.024736023311944383,0.01398042612709105,19
6879,0.0248947165489785,0.012537093134596944,19
8654,0.024608960889868046,0.012582149123772979,19
3474,0.023306619792588447,0.012827835977077484,19
17187,0.02434404286261844,0.014442224986851215,19
5116,0.024424964464024493,0.0126006870996207,19
7975,0.024754058189788146,0.01270571700297296,19
7517,0.023927074121801478,0.01289318990893662,19
14236,0.024878255986167414,0.013956073904410005,19
5438,0.02533822479706846,0.01344219595193863,19
1288,0.022433895985350796,0.012556149857118726,19
18033,0.01777923942886685,0.011575076961889863,19
8546,0.018929821059205813,0.012592582032084465,19
11799,0.024284856063068697,0.012615231098607183,19
10172,0.024620817582073965,0.015227739000692964,19
17223,0.024575528284338743,0.01463166601024568,19
10977,0.024726448053690165,0.01257394696585834,19
18613,0.02464314968031096,0.012663619127124548,19
5550,0.025389797238044833,0.01263861102052033,19
18157,0.02443272991743135,0.012777769938111305,19
17798,0.024623946789161938,0.01464046910405159,19
6880,0.024938654558929175,0.013040572870522738,19
11860,0.024487492407819157,0.012569902930408716,19
2988,0.024558967714639085,0.012618985958397388,19
14674,0.024029232855690152,0.013421826995909214,19
5954,0.024617230225550502,0.014637926127761602,19
3263,0.024486112592153643,0.012768008979037404,19
327,0.022516434681356737,0.012564444914460182,19
6424,0.025918914299262196,0.016427492955699563,19
9614,0.024615641193170296,0.01433315291069448,19
17062,0.024550571547527062,0.012586265103891492,19
7717,0.024668865837156773,0.01263006217777729,19
17130,0.024932749116009,0.01285582804121077,19
1807,0.024601770944795327,0.012767582898959517,19
5022,0.02219034215484403,0.0144975280854851,19
10013,0.02477243487527104,0.012561310082674026,19
13927,0.0247838593970396,0.013568026944994926,19
9560,0.025207819196542625,0.014340755995362997,19
17323,0.023170840473061328,0.016975546954199672,19
16270,0.022912232756712718,0.012653921032324433,19
1383,0.02445593198124123,0.013826390961185098,19
3472,0.022531915737904216,0.01162307197228074,19
19900,0.022633994966255205,0.01285041100345552,19
2150,0.022682732375534743,0.01166724693030119,19
5502,0.022550917169275254,0.012902579037472606,19
11335,0.02295519708116588,0.011707827914506197,19
15216,0.023331048543025788,0.01161499205045402,19
9711,0.023262121849448272,0.012833884917199612,19
2752,0.022525527980178595,0.013309495989233255,19
1712,0.022760342806577682,0.011634452966973186,19
13655,0.022749779770444883,0.011708478908985853,19
14689,0.022876238511679203,0.012821333017200232,19
18179,0.021004234943048733,0.01169567508623004,19
11750,0.02171941377271555,0.010838349116966128,19
16656,0.022847816850499886,0.012893664184957743,19
13348,0.024412189414234536,0.014063491951674223,19
14129,0.02279638052967034,0.012176353018730879,19
14727,0.022589781750483734,0.011618245858699083,19
19673,0.02233587553430545,0.012562226969748735,19
4525,0.02203043938712462,0.013364740880206227,19
169,0.021797663593468696,0.01167671219445765,19
4672,0.02281642172142471,0.01270849397405982,19
6501,0.02276177339157776,0.011696816189214587,19
2878,0.022692477551141853,0.013077709125354886,19
6063,0.022731610255217867,0.011663115816190839,19
17287,0.02266115277368379,0.011936891125515103,19
11955,0.022768754499817367,0.012296624016016722,19
10951,0.022667262213010537,0.011648318963125348,19
10389,0.022841573803146418,0.012337952852249146,19
13657,0.022692778233536763,0.011655565118417144,19
6136,0.02268428813764139,0.012736489996314049,19
10301,0.022671057095162962,0.01164387702010572,19
5937,0.022625852584544765,0.012644694186747074,19
11884,0.02272953718018375,0.011943864868953824,19
12294,0.02266453699159779,0.01167981093749404,19
3323,0.022703491592485654,0.012914929073303938,19
14829,0.023215682735960735,0.011628757929429412,19
3470,0.02259464432044249,0.012689806055277586,19
13398,0.022689065307770904,0.011646318947896361,19
12785,0.0226610825936261,0.012560076778754592,19
16971,0.022276237937866858,0.011717432178556919,19
10381,0.022530974513900123,0.011602821061387658,19
18246,0.02297886861733308,0.014147563837468624,19
5568,0.02261582216689069,0.01169613003730774,19
137,0.02267888798623493,0.013215219136327505,19
7029,0.02284437883645296,0.011796469101682305,19
9423,0.02253545032765128,0.013462677132338285,19
9841,0.022879871429483358,0.01162850484251976,19
5225,0.02204470265362608,0.011652131099253893,19
12712,0.02266003217205013,0.013033590978011489,19
9751,0.022168135000882966,0.011631767032667994,19
7765,0.023033871217385718,0.012835351983085275,19
8048,0.02278211481232,0.0116357640363276,19
2140,0.022689261608511993,0.011582033010199666,19
3000,0.0227485739405414,0.012390421004965901,19
4738,0.02148716407828033,0.011616159928962588,19
19655,0.022733902007243352,0.012702574953436852,19
7948,0.022710050468480115,0.0116587879601866,19
4441,0.022618608708542428,0.011629038024693727,19
7473,0.018927238759045537,0.012182021047919989,19
6669,0.022727297704764886,0.012776697054505348,19
6549,0.022418394304909987,0.011621131096035242,19
4352,0.021547540250283322,0.011892969021573663,19
1397,0.020496681050740574,0.006416179006919265,19
18871,0.022636991116757457,0.012760001001879573,19
2141,0.022778151850951344,0.011678609997034073,19
18513,0.022502058675806774,0.011617825133726,19
10963,0.02270947367345032,0.012464229017496109,19
11785,0.023093163905861348,0.011734041152521968,19
13604,0.023083639943874197,0.013107614126056433,19
11813,0.022248858108038182,0.011116527952253819,19
11850,0.0228248707288386,0.013139517977833748,19
4614,0.02274015415950041,0.01190693280659616,19
16640,0.02254550071972373,0.012520455056801438,19
19873,0.02329689449336576,0.011635145172476768,19
17696,0.022819115118564742,0.012849083868786693,19
18705,0.02300490720785762,0.011812255019322038,19
6835,0.023041760340627087,0.012146861059591174,19
11387,0.022819988466309088,0.012087984941899776,19
16503,0.02316032277763282,0.011645847000181675,19
2312,0.02294660112085311,0.012033360078930855,19
4197,0.022909644770583038,0.011944312835112214,19
13587,0.015191948960388177,0.008402258856222034,19
18464,0.02042054568760489,0.007933660177513957,19
4828,0.016344690585116808,0.009359043091535568,19
5199,0.023360914599738623,0.011746109928935766,19
13027,0.022541515627189687,0.012522852048277855,19
8542,0.02268762937992027,0.01176633802242577,19
6225,0.022536728531122208,0.013234351063147187,19
4388,0.022961300013488846,0.011884905863553286,19
11055,0.023472893529718642,0.011863145977258682,19
12454,0.019340140083314555,0.011666559148579836,19
19070,0.019235511212364623,0.008046527160331607,19
11677,0.021771082826154798,0.011656858958303928,19
12009,0.02294550595903083,0.0137025888543576,19
8086,0.022659914065642578,0.011716099921613932,19
15994,0.02286234648751193,0.012880909955129027,19
714,0.022743144427965347,0.011622257065027952,19
5667,0.022598212106937642,0.012960421852767467,19
19991,0.02275286614894867,0.011609315173700452,19
12535,0.022830772679299116,0.012811790918931365,19
17299,0.0228858336340636,0.013382145902141929,19
12644,0.022652265542235813,0.011642320081591606,19
2676,0.023135463560098095,0.012330148834735155,19
16529,0.022917269055094374,0.011612362926825881,19
15551,0.02053206148067195,0.012893624138087034,19
6,0.021036735846121844,0.009338207077234983,19
2910,0.022454115488615475,0.01248271600343287,19
5632,0.022845627899330697,0.01163603295572102,19
11550,0.02286163207731749,0.012593895895406604,19
8348,0.02249026821779185,0.011638459982350469,19
10580,0.023027070381335522,0.013303386978805065,19
2554,0.023437849858677702,0.011716834036633372,19
4546,0.022699408098369053,0.012610842008143663,19
14412,0.022777803805901817,0.011642575031146407,19
15912,0.023175374947880443,0.013280336046591401,19
9895,0.0235480742749611,0.01169268786907196,19
10719,0.02366555222359143,0.014495778130367398,19
17385,0.022694055542447848,0.011643568985164165,19
17016,0.022784944403132324,0.01273133303038776,19
11935,0.0208848975843897,0.011620866134762764,19
16985,0.022760575196068538,0.011776782106608152,19
1023,0.022765535211778785,0.013201226945966482,19
19445,0.02274901038771005,0.011657373048365116,19
15483,0.02264823798874491,0.013498651096597314,19
19397,0.020683861484653072,0.01162036508321762,19
2247,0.022769252879937227,0.011676473077386618,19
7285,0.02283827652909646,0.014984587207436562,19
13706,0.022781303262730177,0.011699402006343007,19
11146,0.02276817266829312,0.013197242049500346,19
13055,0.022854005427736985,0.012048705015331507,19
11043,0.02265572323659925,0.011857549892738461,19
4279,0.02279529116410566,0.012829816900193691,19
5359,0.02283102304576651,0.0116901989094913,19
8153,0.021112488705272738,0.01338870101608336,19
6954,0.023041991896829324,0.012437322875484824,19
11433,0.021756192264882356,0.011838237987831235,19
14476,0.022889055887629326,0.011426017852500081,19
14313,0.022984334426981053,0.011810173047706485,19
17810,0.022905981449998523,0.013157582143321633,19
9773,0.02273808858406387,0.011605694890022278,19
2111,0.022589143243079122,0.012592886807397008,19
2876,0.022839681012555957,0.011684285011142492,19
8506,0.02213077456690371,0.012153734918683767,19
9729,0.022347941332937854,0.012910300167277455,19
3204,0.02290930596523379,0.011668763123452663,19
4941,0.02283584001768184,0.013455403037369251,19
4463,0.02273994582509132,0.011668964056298137,19
8124,0.02265994118428544,0.013354025082662702,19
13152,0.022980213753486935,0.011879659024998546,19
558,0.022720842732508715,0.012743816012516618,19
12287,0.019488068101437467,0.011643958045169711,19
3617,0.02417271787692842,0.01434748200699687,19
5333,0.02348438143043926,0.012740117963403463,19
13740,0.023410661844536662,0.011688305996358395,19
8477,0.022791827158806354,0.012755305040627718,19
4166,0.023068638457181424,0.011638045078143477,19
18509,0.022655720160783904,0.012795593123883009,19
12141,0.022798775352145497,0.011603584047406912,19
7700,0.022849028060016662,0.012306733056902885,19
5216,0.023434902639373353,0.011813582153990865,19
6619,0.023398213468393998,0.013610400026664138,19
2796,0.022732050207100417,0.011672863969579339,19
15696,0.02272571203004765,0.012929513119161129,19
12890,0.017738991747855357,0.009295915951952338,19
4153,0.02212128642407295,0.012136989971622825,19
7626,0.022950952505006603,0.01399268303066492,19
19008,0.02265843597093695,0.011643036035820842,19
17024,0.022919301678867715,0.013357196934521198,19
11282,0.022682338462848412,0.011609271168708801,19
15100,0.022667769293643926,0.012934005120769143,19
4442,0.02303063403815031,0.011668835999444127,19
17741,0.022812291514128447,0.01283763418905437,19
18399,0.023296838908113147,0.011647314997389913,19
9060,0.022877594076195044,0.013970352010801435,19
12151,0.022822194781742598,0.011618593940511346,19
2351,0.022676397690941628,0.011607161024585366,19
19365,0.022709772382911882,0.0125223349314183,19
5337,0.02263473036797031,0.011635778937488794,19
10969,0.022933297753824217,0.014703714987263083,19
6119,0.022933984665494216,0.011708467034623027,19
2724,0.02267622558007899,0.01312085590325296,19
6590,0.022818192300435743,0.011789427138864994,19
7649,0.022665022186150675,0.012692775810137391,19
1869,0.022605236154049635,0.011766360141336918,19
16901,0.022980989459411877,0.01161526096984744,19
10836,0.022786799560938226,0.011625564191490412,19
19374,0.022631608648225665,0.011416784953325987,19
13294,0.019777881692310696,0.013025550870224833,19
6422,0.022697472773296267,0.013083306141197681,19
8164,0.023228999202776896,0.011715468019247055,19
1199,0.02275163712176053,0.012820285046473145,19
3165,0.02369680338980336,0.012054458959028125,19
13881,0.023590965968507686,0.01480841706506908,19
14425,0.023065581611406646,0.011660845018923283,19
13844,0.023034779747065744,0.0128521709702909,19
17489,0.02071902995291901,0.011615221854299307,19
715,0.02303537427398719,0.011778658954426646,19
3635,0.022842175560072064,0.012240848038345575,19
12980,0.02293944329415497,0.01159880612976849,19
16508,0.022808276570255036,0.012096086982637644,19
13901,0.02293480326127457,0.012140620965510607,19
3702,0.022878706124366113,0.012470609974116087,19
361,0.022897129853893267,0.011632177978754044,19
3115,0.018716048142921767,0.013117993948981166,19
18878,0.022656162367447427,0.011609061155468225,19
11756,0.022781564731543,0.0132099618203938,19
4296,0.02284589342429842,0.011853698873892426,19
12148,0.022679377800637956,0.013366237049922347,19
3489,0.02279116946125501,0.011834212113171816,19
18338,0.022576532375655677,0.013067895080894232,19
4245,0.02265807573291424,0.011680518044158816,19
3589,0.02272624917034256,0.01184068014845252,19
2760,0.02275387021271806,0.012651379918679595,19
8657,0.022626533540651986,0.011574404081329703,19
11796,0.02274855902712596,0.012579868081957102,19
7020,0.022606650698243788,0.011646391125395894,19
1157,0.022995064463956577,0.014094699872657657,19
4824,0.021626617992296815,0.011656970949843526,19
19643,0.015205558266882835,0.011675897054374218,19
460,0.02082044552815588,0.014398501021787524,19
14675,0.022696325579952253,0.01167487888596952,19
17942,0.022709980165879978,0.013500100001692772,19
6241,0.02232661426655556,0.01163169601932168,19
291,0.021037163212895393,0.006349920993670821,19
7703,0.022630064637939398,0.013165567070245743,19
10870,0.02276086399184638,0.011690782848745584,19
6134,0.022605674708948323,0.013356429990381002,19
17375,0.02334083310377441,0.011634842958301306,19
13802,0.022677583889545577,0.01298992382362485,19
17752,0.02263732231222093,0.011625173036009073,19
6268,0.022802367622620966,0.011629210086539388,19
18385,0.022757568457899124,0.013449132908135653,19
4325,0.022654511083505656,0.011680363910272717,19
8596,0.022649094107021626,0.01298715197481215,19
14972,0.022762646298169306,0.011616314994171262,19
12657,0.02273340355359802,0.012932462152093649,19
2687,0.01895292790753669,0.011622729012742639,19
14314,0.01791540136266696,0.009285220177844167,19
18652,0.01810766610709068,0.011715122032910585,19
6246,0.022064868544571493,0.01007422711700201,19
3682,0.022851294458010478,0.011919330107048154,19
17576,0.017746364697813988,0.011562908068299294,19
13388,0.0184462363586614,0.011796270031481981,19
2279,0.021308271508467824,0.011600967962294817,19
7648,0.022652837668398495,0.013076286995783448,19
6193,0.022731211771698373,0.011752733029425144,19
9652,0.022719972374800005,0.012747549917548895,19
4978,0.022705634381916178,0.011675427900627255,19
8628,0.023039686861202904,0.012360001914203167,19
14505,0.0229219472354376,0.012221594108268619,19
19399,0.02273497131260994,0.012091749114915729,19
19493,0.022633632424434547,0.011896466836333275,19
10331,0.02283215532569509,0.0116558528970927,19
230,0.02272758737059408,0.013024881947785616,19
11822,0.022595462291256377,0.01168865105137229,19
19763,0.022573314950262244,0.012533193919807673,19
3256,0.02326484087021335,0.012168013025075197,19
11455,0.022449281373012223,0.01292063295841217,19
18618,0.022616819319266238,0.011717529036104679,19
12321,0.02095364822123788,0.011633566813543439,19
16115,0.02272135183509243,0.011817730031907558,19
10899,0.022770099011004755,0.012181318830698729,19
3410,0.022563397921131628,0.011637393850833178,19
16693,0.022598057372593565,0.012316511943936348,19
2616,0.022797126825408714,0.01163612399250269,19
5885,0.02302605506816977,0.013229730073362589,19
10596,0.02298044695175792,0.011934787034988403,19
18879,0.022592297154723814,0.013563679996877909,19
4739,0.02266815434651155,0.01162591390311718,19
14509,0.02274844393526253,0.011633175890892744,19
16773,0.02268714472455414,0.013293082127347589,19
6810,0.022679741653662763,0.011886784108355641,19
5203,0.022598058022068518,0.01335860788822174,19
19465,0.022899944273951024,0.011633790098130703,19
10170,0.022782399025010436,0.012992606032639742,19
3287,0.023629448854511504,0.011946880025789142,19
15999,0.023557443000180155,0.014916778076440096,19
13694,0.023540107998996973,0.011625882005319,19
3707,0.02065899492682595,0.009248421061784029,19
2781,0.02355520524035551,0.01461708196438849,19
4972,0.023057606978047835,0.011632501846179366,19
6866,0.022810111741388316,0.011653775116428733,19
8525,0.02278639371261785,0.01161867193877697,19
10227,0.02287172619253397,0.013074664864689112,19
4462,0.022683969110642608,0.011613543843850493,19
3048,0.023009597654699496,0.012490438064560294,19
9558,0.022745909475672402,0.011646329890936613,19
11222,0.023477969335784252,0.013063773978501558,19
18331,0.023964334181264826,0.014321638969704509,19
9233,0.02280474960264799,0.011828796938061714,19
13078,0.022894005523994565,0.011640968034043908,19
8091,0.02263253406425448,0.012024183990433812,19
13464,0.022724053614135636,0.011619372060522437,19
9539,0.022970511798599835,0.012803042074665427,19
10414,0.02241175012712024,0.011662207078188658,19
8241,0.022741064600842565,0.012583486968651414,19
6831,0.02366320852582392,0.011690073180943727,19
13837,0.023517684741435868,0.014316496904939413,19
11946,0.023630156659668212,0.011653739959001541,19
19169,0.023500823599629496,0.014553668908774853,19
11557,0.022069128585587208,0.009239089908078313,19
13174,0.02279770906132303,0.013010304886847734,19
11436,0.02271936980909423,0.01162631087936461,19
4230,0.019860970689670035,0.012525951955467463,19
17683,0.01969840957194959,0.006405089981853962,19
14772,0.022891924446938855,0.011599149089306593,19
18002,0.022801492975926714,0.013526783790439367,19
1957,0.022533940261622008,0.01163831795565784,19
487,0.02229364939328087,0.012591312872245908,19
16947,0.021928179592482354,0.011633778922259808,19
7698,0.021108489789951005,0.011641280958428979,19
2512,0.021002502634042974,0.011635520961135626,19
8451,0.021164869154362304,0.01161739300005138,19
9791,0.02241202347029589,0.012916096020489931,19
9698,0.022770809916485297,0.011675104964524508,19
16687,0.022634096872551662,0.012465600855648518,19
19112,0.022989524160756877,0.014382102992385626,19
13191,0.021420926934010105,0.011639497941359878,19
9538,0.02279519382864237,0.014844954945147038,19
8858,0.022629389282021867,0.011670585023239255,19
9398,0.022647667100260917,0.011845201952382922,19
18961,0.02292279532718423,0.014305929187685251,19
17864,0.02263472073613421,0.011615251889452338,19
14386,0.022731172165980463,0.013066060841083527,19
17131,0.022645930955676657,0.011611615074798465,19
1020,0.02264059447732411,0.012674003141000867,19
15960,0.022996240589571625,0.011674597160890698,19
5182,0.021696116358629967,0.009771304903551936,19
4848,0.022994172146641893,0.013362752040848136,19
10289,0.02554190678423957,0.0116968450602144,19
8503,0.023240747187580717,0.01163675100542605,19
9798,0.0233872534927765,0.015013117110356688,19
14452,0.023500529338458653,0.011627530911937356,19
6491,0.023132740397398408,0.012698427075520158,19
12103,0.022640541110089736,0.012117031030356884,19
15339,0.02270215538967597,0.01205670298077166,19
15561,0.022649247628195507,0.011612601112574339,19
134,0.02263367955425852,0.012803328922018409,19
11899,0.023352928594441005,0.011700412956997752,19
9162,0.022884501524171548,0.014764189021661878,19
6266,0.022747980430722237,0.013134490000084043,19
4205,0.022710901243906272,0.013800207059830427,19
12063,0.02275519735964113,0.011629357002675533,19
16442,0.02263225771878895,0.013240905944257975,19
8126,0.0231108092090213,0.011713482905179262,19
18442,0.02275910012816128,0.012314850930124521,19
15214,0.022857773730433302,0.011646188097074628,19
18764,0.021729959187244897,0.011708942940458655,19
4680,0.02075504996862851,0.006552641978487372,19
7508,0.02261920363985394,0.01380616007372737,19
18028,0.020307869000948574,0.011873934185132384,19
5503,0.023137972690165043,0.01170419598929584,19
485,0.023011395425878857,0.013744601979851723,19
11236,0.020667806549585964,0.011704826029017568,19
967,0.022775198136897462,0.011619851924479008,19
11457,0.018525624402651663,0.010441986843943596,19
6069,0.022722542151122502,0.013914292911067605,19
9453,0.023092562124427212,0.013683299999684095,19
5354,0.023088509265921618,0.01163452211767435,19
12094,0.0225738843927454,0.012517128139734268,19
16932,0.022783313657304172,0.01186568709090352,19
2225,0.02202548607448606,0.007906250888481736,19
13641,0.022954961456554502,0.012048766016960144,19
5758,0.022925929730071834,0.01160469395108521,19
10146,0.02276689595984001,0.012804754078388214,19
12443,0.023009833475378782,0.011617586947977543,19
13185,0.023190461160419017,0.014310061000287533,19
6206,0.02356351831143624,0.010064971866086125,19
6056,0.02532907989562342,0.01498072687536478,19
6253,0.025603851021610592,0.015484123025089502,19
10534,0.024812138786441403,0.013837169855833054,19
10347,0.025385761719295068,0.014228669926524162,19
13338,0.025366416899487376,0.016421296168118715,19
5350,0.0249078810999268,0.013606122927740216,19
3964,0.02461903724868439,0.013384378049522638,19
12767,0.024773134666151907,0.012564787873998284,19
15642,0.020412342206231858,0.012649333104491234,19
10315,0.023669649846851826,0.012767391977831721,19
17176,0.023467978511593844,0.011947641149163246,19
11140,0.024911349136872513,0.012864704011008143,19
3485,0.02459323132949832,0.012696246849372983,19
7261,0.022925338707864285,0.015367015032097697,19
9347,0.01475365323896863,0.007470212876796722,19
6211,0.015321145986059779,0.007289191009476781,19
5525,0.022808052562667352,0.011582810897380114,19
11612,0.022627886556284994,0.012404972221702337,19
16218,0.02277786899848204,0.011670757085084915,19
601,0.02283858257885042,0.013394135981798172,19
3508,0.023110311073986322,0.011716138105839491,19
10140,0.02312772891386167,0.014642263064160943,19
5771,0.02270493938244487,0.011629779124632478,19
2856,0.02253391552030256,0.013069731881842017,19
4954,0.022680612624083694,0.011682744836434722,19
12610,0.022643792945401447,0.011664631078019738,19
2167,0.022807160698759713,0.013702163007110357,19
2412,0.0226637068768277,0.011694521177560091,19
7386,0.022671208704674716,0.012173478957265615,19
17830,0.02296569156705549,0.011659407056868076,19
5100,0.02330002939867738,0.012781362980604172,19
16046,0.022274072245253546,0.011553382035344839,19
13080,0.0227046366413369,0.012936108047142625,19
11591,0.02266928067087735,0.011994834057986736,19
5975,0.02252214830858927,0.011627522064372897,19
741,0.022828453134647327,0.012612887192517519,19
411,0.022717667216631144,0.01156466081738472,19
14066,0.022680406360641905,0.012911828001961112,19
16692,0.022832823463862662,0.013115408131852746,19
9409,0.022546191638531655,0.013158876914530993,19
16637,0.022782012685447148,0.011765579925850034,19
7501,0.019196943857854133,0.011610198998823762,19
3230,0.022716767277176444,0.01160979294218123,19
3105,0.021814335774826377,0.012425502063706517,19
3208,0.02253450925069812,0.012523459969088435,19
2075,0.022727808645485265,0.01164972991682589,19
11476,0.02289403551013062,0.014452663017436862,19
3265,0.02262049325202641,0.011613633017987013,19
17673,0.022684303283887475,0.013056903844699264,19
2677,0.022598923134960626,0.0119432108476758,19
11176,0.02266359365986366,0.01162884314544499,19
18768,0.022795527499463213,0.013108415994793177,19
4489,0.023409692742126554,0.011605217820033431,19
10826,0.023687670166653237,0.015122325858101249,19
17718,0.02334227149472817,0.012651934986934066,19
286,0.024797712036065366,0.011668256018310785,19
1323,0.023175968739547227,0.014688966097310185,19
2624,0.022650793611415122,0.01164879510179162,19
10113,0.022768865045356124,0.013251341879367828,19
2516,0.022841548436860506,0.011631426168605685,19
72,0.02298497261577531,0.013497432926669717,19
19570,0.02353168667392119,0.011773956939578056,19
410,0.0228249258974469,0.01315944897942245,19
7881,0.022390093666648393,0.011617931071668863,19
3143,0.022549096568438568,0.01280127908103168,19
7449,0.022720881872565338,0.011787045979872346,19
16356,0.018248181275435184,0.009857107885181904,19
15815,0.022570946596954997,0.011634354945272207,19
6916,0.022550091943948677,0.011937965173274279,19
12077,0.022755530895665288,0.012429922120645642,19
8387,0.022666741272826727,0.01162451016716659,19
12016,0.022542006311644065,0.012396715814247727,19
8670,0.022614068817347288,0.01163310301490128,19
11352,0.022795785684138536,0.013044619001448154,19
5230,0.023229873849471148,0.011636789189651608,19
5858,0.02340017765221235,0.014051191043108702,19
19239,0.020118287960557563,0.00811958801932633,19
11249,0.02275366986807632,0.011623793048784137,19
8629,0.02277623185593831,0.01201057992875576,19
10630,0.023075872137652415,0.012235673842951655,19
18858,0.02349474109513195,0.011639696080237627,19
2298,0.022538881479321343,0.011684899916872382,19
15299,0.022745380888840084,0.011606849962845445,19
16413,0.02303138875255459,0.012854987056925893,19
5331,0.022888948062532825,0.011657050112262368,19
19666,0.022836455928259773,0.013502320973202586,19
7348,0.02215717486596029,0.01168922008946538,19
2585,0.01859164025977646,0.011608564062044024,19
5762,0.02071931631010222,0.007504016160964966,19
16679,0.02268605794463503,0.011650902917608619,19
13723,0.022573183805338647,0.012839493108913302,19
1071,0.02263655677731884,0.011700713075697422,19
3755,0.022645932793813318,0.013065028004348278,19
6228,0.021259588238440062,0.012022766983136535,19
15821,0.01859516665143402,0.0063824590761214495,19
10731,0.021320943671621774,0.012098960112780333,19
4771,0.022743649645953587,0.011682228883728385,19
18698,0.022811997620584935,0.011643361998721957,19
14120,0.023360358698195534,0.012084881076589227,19
15267,0.023005782945179624,0.0116654799785465,19
9396,0.02273640068443982,0.011722541879862547,19
6730,0.02276131705577044,0.011599739082157612,19
3633,0.022986502840036626,0.013471716083586216,19
7772,0.02285763267182598,0.011888484004884958,19
12667,0.02264938331944378,0.012743167113512754,19
18937,0.022764352444363267,0.011619074968621135,19
12405,0.022625450106141597,0.012696223799139261,19
15808,0.022972192725558813,0.011858061188831925,19
14237,0.022209391831175276,0.013199537992477417,19
16820,0.02204457927789343,0.012456845957785845,19
11573,0.022920562959227123,0.011651169043034315,19
1731,0.023368095231585596,0.012892266968265176,19
8239,0.023477206827680532,0.011664793128147721,19
19314,0.022900156198853727,0.014595155837014318,19
697,0.022638352122157812,0.011626041028648615,19
1005,0.022727771625412924,0.012737039010971785,19
11512,0.022838083867865958,0.011645696125924587,19
8059,0.02275264199431005,0.012548043858259916,19
13019,0.022912521307405672,0.012029787059873343,19
12387,0.023246515039844734,0.013427583035081625,19
5787,0.021679680659680775,0.010363221867009997,19
12125,0.022614848432376197,0.011977242073044181,19
9172,0.020810053316190055,0.013304816093295813,19
1029,0.017882791519361108,0.013576229102909565,19
12806,0.0170143907399554,0.012075913837179542,19
7791,0.02312743383165645,0.01232600212097168,19
2935,0.022796454925188107,0.011685137869790196,19
9214,0.022999691813694018,0.013286245986819267,19
11762,0.023270497000531146,0.011652512941509485,19
13312,0.02295572907467814,0.013336763950064778,19
12102,0.022610628720078813,0.011604405008256435,19
12124,0.022715734354661482,0.012409612070769072,19
16763,0.019726216106822615,0.01172378589399159,19
7428,0.022720794806158857,0.01186298904940486,19
17494,0.022882486742578055,0.01163152395747602,19
18110,0.02282667189444366,0.01469361293129623,19
10312,0.02276291803603894,0.0116927451454103,19
2101,0.022892934552050735,0.014105590060353279,19
15461,0.022924931425797313,0.011615625116974115,19
101,0.022530622412695697,0.012976322090253234,19
11105,0.02275533607768777,0.011814214056357741,19
9681,0.022865483745638477,0.012780607910826802,19
11808,0.022592936336111865,0.011631970992311835,19
4574,0.022615139029527966,0.011704212054610252,19
18735,0.0226827516269527,0.013188625918701291,19
7513,0.021233540530757683,0.011682078940793872,19
8279,0.0196075333208826,0.011664623860269785,19
13373,0.018572141404116626,0.012015348067507148,19
3846,0.022377022578822153,0.012000669026747346,19
1664,0.02278721450190795,0.011844777967780828,19
19612,0.022957255990293465,0.012941932072862983,19
13602,0.022637405126404605,0.01160887605510652,19
1476,0.022658816183378037,0.012392973992973566,19
13536,0.022964379431581812,0.012125990120694041,19
7809,0.022849914777141652,0.012821136973798275,19
16936,0.022935925921621293,0.012009233934804797,19
635,0.022593981059464186,0.011721308110281825,19
817,0.02269869284263175,0.012706313049420714,19
17480,0.0199838699772954,0.011631711153313518,19
11453,0.02315020448479213,0.011809286894276738,19
19803,0.02188262437764359,0.013973586028441787,19
15203,0.017987325211594764,0.011772191850468516,19
14717,0.021650150638857956,0.012024272931739688,19
16876,0.02333631183903076,0.013092303182929754,19
4556,0.02330107342353777,0.012420179089531302,19
707,0.023134823631201135,0.011721414979547262,19
11934,0.023050708108042415,0.012341542169451714,19
7019,0.023548888973891735,0.012979068094864488,19
18917,0.023574732391065674,0.012788597960025072,19
19640,0.023558959242348607,0.012181828962638974,19
724,0.02156296782930823,0.013095923000946641,19
3578,0.02363794402366406,0.013264112873002887,19
5701,0.023353121525264885,0.013656117022037506,19
836,0.023585086051178605,0.011828696820884943,19
13924,0.023274036332670795,0.012767005013301969,19
7402,0.023363081897657952,0.012121721869334579,19
9400,0.02332538686153528,0.012713660951703787,19
4902,0.023548597004264593,0.013184366980567575,19
4540,0.02364170863783281,0.012111127143725753,19
15365,0.02273176838398764,0.012607639888301492,19
15531,0.022787799531789988,0.012313378974795341,19
7321,0.022229193697536464,0.013271749019622803,19
8178,0.022779328417719194,0.011856515891849995,19
13549,0.023078081026477248,0.012201957171782851,19
7568,0.02326586188160275,0.012467786902561784,19
3233,0.02319203804884302,0.01341640786267817,19
1158,0.023739914667155398,0.011998422211036086,19
11135,0.02293345362781302,0.012455370044335723,19
13959,0.023401542468682715,0.011632185196503997,19
4013,0.023625906765166866,0.014054151019081473,19
12613,0.02338560641204056,0.012226072140038013,19
4148,0.02417134682304765,0.0129170180298388,19
123,0.024727404497465806,0.015458269976079464,19
1247,0.023674502944279658,0.013810737989842892,19
820,0.02343581379146168,0.012054017977789044,19
17971,0.023249679563665075,0.012336370069533587,19
13169,0.02368178100962388,0.013176037929952145,19
4034,0.023025533748104385,0.011741751106455922,19
10162,0.023295774639241006,0.012406483059749007,19
14265,0.02374889447941984,0.01171528990380466,19
4411,0.022327609519523225,0.011392307002097368,19
9426,0.02355613832754132,0.011697891168296337,19
18152,0.023364964223123695,0.013287344947457314,19
11208,0.02355063765456802,0.012968677096068859,19
6788,0.02384365150263827,0.012345917988568544,19
10915,0.022796200686379484,0.01245023705996573,19
18477,0.023350147603961983,0.012348150135949254,19
3753,0.02321631800824482,0.011984460987150669,19
2909,0.022844255742567935,0.01181859616190195,19
4475,0.02301337655731722,0.012546225916594267,19
9585,0.022592806441121195,0.01279153092764318,19
8439,0.02361384516974029,0.017894292948767543,19
16822,0.023419159182690476,0.011708007892593741,19
6648,0.023887863382697105,0.014996977988630533,19
8824,0.023182487568670983,0.012099900981411338,19
18532,0.021922618199728038,0.011738241882994771,19
963,0.023152026176256568,0.011869553942233324,19
11270,0.022759408530730166,0.012620266061276197,19
1959,0.022613372237078454,0.011625351151451468,19
19940,0.0230777127741787,0.012728283880278468,19
18374,0.021370265779918747,0.012393133016303182,19
8991,0.022860832781972068,0.01175857987254858,19
7553,0.02291530564329342,0.013552589109167457,19
15221,0.02321741792471393,0.011709304992109537,19
5436,0.023302074043864484,0.012925425078719854,19
19363,0.023192935476177616,0.011781149078160524,19
10840,0.022888712560463893,0.01182809704914689,19
930,0.023267275678287996,0.011774094076827168,19
5601,0.022515207872186836,0.011361781042069197,19
9466,0.023025528601321735,0.011933298083022237,19
8968,0.023149030344364673,0.015143613098189235,19
14076,0.023085684184671232,0.011767965974286199,19
15351,0.01843743801950232,0.014456278877332807,19
2152,0.020615462752941408,0.011655339039862156,19
13606,0.02358996918375947,0.011919679120182991,19
12107,0.02345268021484739,0.013086155988276005,19
927,0.0228986160364002,0.012598074041306973,19
19430,0.02221259562984893,0.011814627097919583,19
3974,0.02240932126235413,0.014068928081542253,19
16627,0.023620711418947105,0.013385998085141182,19
4101,0.02337131777925319,0.013883176958188415,19
2767,0.02329071395491299,0.012253805063664913,19
3948,0.023173389907338117,0.013125478057190776,19
18443,0.02303929401463584,0.0116875811945647,19
8351,0.023410065430461577,0.013812904013320804,19
7691,0.02315691445562008,0.012584845069795847,19
11721,0.023538283182700213,0.014568663900718093,19
14545,0.022543235902527447,0.014394141035154462,19
15513,0.023881450381228013,0.012835580157116055,19
17895,0.02323487692659623,0.012976402882486582,19
9639,0.022859568830187384,0.012017786968499422,19
18933,0.020517364585478055,0.012033191975206137,19
15331,0.02242692453345578,0.012885448057204485,19
12730,0.022906477183201594,0.012890276033431292,19
3703,0.021105421461949225,0.006920426152646542,19
4596,0.02359811500891259,0.013046168955042958,19
8826,0.024134140302378097,0.01164935389533639,19
17295,0.02472013679921235,0.0125696980394423,19
14055,0.022774667760945465,0.015088374959304929,19
2885,0.018647521268576384,0.011707823956385255,19
4527,0.020962946190449753,0.009716234169900417,19
3018,0.02325054122086026,0.012060282053425908,19
8835,0.02334235729894748,0.01272407895885408,19
16660,0.022901843718596195,0.01167402882128954,19
7821,0.02324645995701614,0.012990155955776572,19
13499,0.023755086353048682,0.011974157067015767,19
4609,0.021619344497785756,0.012154279043897986,19
5207,0.023294219440829596,0.01193380099721253,19
6223,0.023210550707421805,0.013283053878694773,19
15329,0.023522463271786507,0.011717152083292603,19
18481,0.023341000361956264,0.012319481000304222,19
7168,0.023263762754045035,0.013710134197026491,19
14213,0.023429331872122067,0.011775024002417922,19
4572,0.020117815289842456,0.010984875028952956,19
18291,0.023225075834871906,0.013121171854436398,19
11019,0.020302064471731062,0.011725637828931212,19
6583,0.020149014620600564,0.012131000170484185,19
12286,0.0231224972460615,0.012071331031620502,19
12985,0.020981008958953776,0.012976048048585653,19
15065,0.022231831484915393,0.012948967050760984,19
8029,0.020416088855678315,0.012121743056923151,19
16549,0.022346939438169722,0.012548578903079033,19
15019,0.022964524509581297,0.01233676285482943,19
3616,0.02312710604287292,0.011758817126974463,19
17502,0.023397525392570777,0.012117526959627867,19
9438,0.02260026949653892,0.011888369917869568,19
11325,0.023087324782911884,0.012150665977969766,19
3921,0.02264875570606244,0.011692309053614736,19
13082,0.021716147318090264,0.012067254865542054,19
12147,0.023080818293812245,0.013584460830315948,19
7534,0.024104107563432894,0.012488804990425706,19
6735,0.020014022832344238,0.01170944795012474,19
12223,0.022647439796281487,0.012869362952187657,19
2678,0.023795619508937785,0.012056956999003887,19
1557,0.02366090638219918,0.013256549136713147,19
18808,0.02372231040345995,0.012979950988665223,19
11766,0.02375292269463994,0.013035747921094298,19
11504,0.023781449595270187,0.013341773068532348,19
8570,0.023507602537344945,0.014766362961381674,19
15230,0.023400937305077127,0.011769994162023067,19
10127,0.024523181326099132,0.01523485709913075,19
9086,0.024145295586142885,0.014865619130432606,19
12908,0.02330553329451696,0.01220823684707284,19
17054,0.02280525919540148,0.013262083986774087,19
10036,0.020790647617296168,0.011745089897885919,19
10132,0.02164332041712968,0.01190529391169548,19
14762,0.02309061895663801,0.012259033042937517,19
11401,0.023635148413871463,0.012042924063280225,19
3794,0.023263863324628847,0.012787354877218604,19
14895,0.02350192920206801,0.012812923872843385,19
17775,0.02329385781807727,0.012632403057068586,19
19743,0.022952862047149164,0.012196681927889585,19
13305,0.024090575985610485,0.014052905142307281,19
16399,0.02393789339418474,0.015233492944389582,19
14102,0.020482187379935856,0.013088216073811054,19
16428,0.02430087497065726,0.011780672008171678,19
11044,0.024075497775093505,0.011699925875291228,19
11446,0.023643512180761286,0.016530693974345922,19
1697,0.022580141985886974,0.011811240809038281,19
14329,0.019839610046658077,0.009730373043566942,19
15589,0.023110723993005722,0.012793210102245212,19
17530,0.02383683537329106,0.012309269048273563,19
6442,0.0234837187331562,0.011680526891723275,19
14577,0.02311425539664924,0.013723997166380286,19
17632,0.023290978082896846,0.011724686017259955,19
1066,0.02483141550941295,0.01381208305247128,19
10663,0.02412797869673293,0.014716947916895151,19
7066,0.024245134714108548,0.012139319209381938,19
12925,0.022038037239230777,0.012528971768915653,19
16540,0.02337837686124993,0.011995278997346759,19
7395,0.02233938011340797,0.012138628168031573,19
735,0.024323681197864443,0.013115461217239499,19
2439,0.023253097517513914,0.012722735991701484,19
16739,0.02365892450325191,0.012645079987123609,19
2498,0.02238348530801503,0.008221904980018735,19
15142,0.02013535160375269,0.0116654799785465,19
9887,0.023144705306836648,0.013596486998721957,19
2136,0.02300531826423187,0.011702210875228047,19
1698,0.021423686381527467,0.013284664135426283,19
4043,0.023553764055434027,0.013338689925149083,19
4518,0.02280945601677032,0.011802213964983821,19
2039,0.023340188689823998,0.013376224087551236,19
9463,0.023294704463823063,0.012105985078960657,19
2360,0.02406887598580828,0.011984340148046613,19
16195,0.02283738783903812,0.012298118090257049,19
4328,0.023319035694983444,0.012397099053487182,19
7582,0.02314586089433808,0.012691369047388434,19
14515,0.023050628087826465,0.012067344971001148,19
4751,0.023499412192521912,0.013688156148418784,19
13430,0.023119177693795217,0.011640558950603008,19
6340,0.02323919995442817,0.011756527004763484,19
14653,0.023242343045575053,0.012642237124964595,19
15404,0.023378981265092368,0.011898665921762586,19
6490,0.02304676868707726,0.012845651945099235,19
4110,0.023199437198376183,0.012434337986633182,19
18907,0.02345437060208305,0.013788142008706927,19
4045,0.02302651202894355,0.012201276840642095,19
6913,0.023614659439772367,0.013103678124025464,19
1219,0.018200502191719255,0.012020043097436428,19
4966,0.021709821799671965,0.011659973068162799,19
13943,0.023062721556542737,0.01168514508754015,19
13788,0.023524713004007936,0.012830507941544056,19
7101,0.023043477944539564,0.012291854014620185,19
14548,0.023696168154282004,0.012088858988136053,19
12733,0.023233448437071945,0.012669704155996442,19
3532,0.02357954431423231,0.012002088828012347,19
16563,0.023646609453288347,0.013232009019702673,19
5671,0.023204471315502337,0.01196454488672316,19
13218,0.024118337106253756,0.012242502998560667,19
10690,0.02381981972997126,0.012931435136124492,19
17230,0.023066352476905052,0.012645852053537965,19
13942,0.023171218847365754,0.013199388980865479,19
17596,0.024037860689292614,0.011684936005622149,19
16948,0.023894670015004903,0.012321393005549908,19
16945,0.022787807178438493,0.013188980985432863,19
3125,0.01753540111607627,0.013052198104560375,19
2046,0.018266603963351564,0.009801845997571945,19
7681,0.022302226861938834,0.013091521104797721,19
5597,0.023311804281547666,0.012902782065793872,19
12259,0.023891342644530692,0.011888097040355206,19
19918,0.023521885202315292,0.013041722122579813,19
15022,0.02289472625737912,0.011624960927292705,19
9683,0.0228005673393215,0.01199559704400599,19
17737,0.022260726956454546,0.009231581119820476,19
6346,0.023292179917916656,0.012912926962599158,19
14608,0.023806525945761485,0.012233719928190112,19
12887,0.023115788120776415,0.012308468110859394,19
4156,0.023443132161015744,0.012123806169256568,19
4653,0.023265003986460597,0.011655776062980294,19
4170,0.02301986962801924,0.013412846950814128,19
14467,0.023489025004796292,0.012170134112238884,19
6328,0.02307323383559522,0.012819339986890554,19
17040,0.022938532938592528,0.01195644703693688,19
2968,0.017138017218952115,0.007006481057032943,19
6020,0.022785172013467865,0.011709977872669697,19
5407,0.023377745853442895,0.013604976003989577,19
17856,0.022882953604781313,0.011815474135801196,19
14310,0.02291917114665634,0.012976350029930472,19
8403,0.01936308076409133,0.011742634000256658,19
7468,0.02121965932708822,0.007711334154009819,19
11290,0.023206004799392662,0.01173054683022201,19
13822,0.021513957726327998,0.013487340183928609,19
1026,0.023709357446549756,0.014502410078421235,19
7138,0.022096203346001476,0.011739140842109919,19
16871,0.022868960017436428,0.012293345062062144,19
18044,0.02296903978199943,0.011791437864303589,19
14458,0.02314534359366486,0.012941176071763039,19
18886,0.02318569644060182,0.011769386939704418,19
12073,0.02330393074570518,0.013885800028219819,19
4049,0.02309605278270809,0.011696095811203122,19
18950,0.022967858766940862,0.012770222965627909,19
10881,0.023120006313547492,0.011802077060565352,19
17454,0.021690612805909233,0.011851564049720764,19
12669,0.021046815685143595,0.009819313185289502,19
16602,0.020691521453524108,0.01249015610665083,19
19636,0.017413267559420905,0.011706462129950523,19
18040,0.02136444584711602,0.007559174904599786,19
18214,0.01925485269901784,0.011855961987748742,19
10365,0.023550758689739985,0.013726470060646534,19
16238,0.02298075895707466,0.01170305791310966,19
16450,0.023331247919582222,0.013192824088037014,19
11579,0.023477309371197696,0.012890631100162864,19
9431,0.02421548042299324,0.013697870075702667,19
18265,0.02419210263331862,0.015407131053507328,19
11179,0.023007643494853063,0.012193633010610938,19
631,0.0206448532591917,0.009439645800739527,19
17547,0.02329892692107119,0.01180852809920907,19
18341,0.023449076131280316,0.013386680977419019,19
1119,0.023401412108030758,0.012335882987827063,19
2290,0.023920288223675208,0.012863624840974808,19
15616,0.02280336252021554,0.011652396060526371,19
12981,0.02333107384804048,0.012252683052793145,19
5489,0.023060635418484087,0.011683227028697729,19
11623,0.022875237009046895,0.01192382094450295,19
2184,0.02067926935361404,0.006960473023355007,19
3314,0.02278964456759001,0.012145105982199311,19
14903,0.022807153713840404,0.013753585051745176,19
12416,0.023199101064452214,0.011683579068630934,19
16246,0.023025108574840584,0.012094944948330522,19
274,0.023357477860133116,0.011889705900102854,19
11327,0.023048477149323413,0.011680749012157321,19
14732,0.022773972945287824,0.012436933815479279,19
1804,0.02335972385481,0.011902980040758848,19
6179,0.022954801575427775,0.013557554921135306,19
12163,0.02319377533307201,0.01231840206310153,19
11319,0.023150159033799644,0.012114571873098612,19
8886,0.023512619032867645,0.012454312993213534,19
6962,0.021718393717157215,0.013437498826533556,19
11423,0.021158004767800633,0.013069031992927194,19
18636,0.020606799676132045,0.011759950080886483,19
10512,0.02320916031634337,0.011775500839576125,19
1776,0.02326564331489958,0.01368687697686255,19
14807,0.023319630675311936,0.01183354901149869,19
12056,0.02347665821741286,0.013099505100399256,19
2701,0.022924696683491532,0.011671492829918861,19
9366,0.02351979173621849,0.012484136037528515,19
6562,0.0239403227981376,0.013293122174218297,19
14049,0.023240957151804315,0.013039368903264403,19
19108,0.023364797197772486,0.01280913595110178,19
6467,0.023042709015211778,0.012564924079924822,19
285,0.0249229397771782,0.013445202028378844,19
4269,0.021991031268905652,0.013676207978278399,19
4577,0.023912448325733606,0.012011850019916892,19
7661,0.022815195978374073,0.01279284106567502,19
11048,0.02382292315412901,0.0132972770370543,19
15108,0.023748302195025116,0.015030270908027887,19
6367,0.023451478245030893,0.011932183057069778,19
18556,0.02353656991679025,0.012820782139897346,19
549,0.02311441614782732,0.012720888946205378,19
15284,0.02299898433940191,0.011746434029191732,19
18524,0.023299738593203456,0.013575240969657898,19
17776,0.023250948429401768,0.01186114689335227,19
6682,0.023425264761930232,0.012430819915607572,19
14920,0.023765154722097673,0.01201392780058086,19
18066,0.023116087075322866,0.012271713931113482,19
5915,0.02321857472538556,0.013603507075458765,19
3023,0.023581840355243338,0.012785266852006316,19
19586,0.022874057525768876,0.01287735695950687,19
5195,0.023338986254346213,0.011672934982925653,19
18170,0.023119052198078287,0.013426054967567325,19
11237,0.02057517704700953,0.01233674306422472,19
12154,0.023191960491730196,0.011681067058816552,19
8647,0.02305211728487752,0.01273304596543312,19
10712,0.023423897580390696,0.012234871042892337,19
2067,0.022946683383595786,0.011741078924387693,19
13831,0.023014574556758528,0.012825972866266966,19
3169,0.023144852664125592,0.012033558916300535,19
18678,0.023980720998033098,0.014307562028989196,19
9464,0.023550462529161258,0.012117513921111822,19
17804,0.02319781072927933,0.013296183897182345,19
14443,0.02296909202184332,0.012535183923318982,19
18027,0.02313799185580329,0.012622043024748564,19
8619,0.02146179503516147,0.011817311868071556,19
13514,0.0237272044055556,0.013775869039818645,19
10411,0.023332462143643123,0.011727829929441214,19
16214,0.023470191897726374,0.011981992982327938,19
8049,0.02341207306783058,0.014278521994128823,19
1358,0.023420905731128233,0.012882786802947521,19
6275,0.023364860135571736,0.01460421015508473,19
9442,0.0239237495207865,0.013217509025707841,19
3394,0.02225849865690658,0.014678039820864797,19
17655,0.02284325400710498,0.01170194405131042,19
2255,0.02236703739158417,0.016187470871955156,19
3502,0.02443134682988258,0.012835398083552718,19
5081,0.021483991871048744,0.013879721984267235,19
5584,0.022872213984986667,0.011727469973266125,19
6641,0.022103947391243356,0.011807942064478993,19
6290,0.023073480256195916,0.011723560048267245,19
9360,0.022785658862343745,0.011801399989053607,19
12032,0.02304014083194105,0.014988820999860764,19
10628,0.023347322620745552,0.0116015849635005,19
11402,0.02294915162124916,0.011631720932200551,19
5927,0.022894488034867926,0.011634817812591791,19
7932,0.023184589355399732,0.012537916889414191,19
16892,0.02248465286959943,0.012466693064197898,19
8272,0.023215590645314046,0.013196010142564774,19
15607,0.022732604466574758,0.011833730153739452,19
13818,0.02317062836434496,0.012390875024721026,19
5653,0.019724634745599406,0.012134097050875425,19
14781,0.015437571050011013,0.007322751916944981,19
6245,0.02147761331626067,0.012161182006821036,19
15593,0.023394086569743722,0.01321335299871862,19
5572,0.02289368588428356,0.012112394208088517,19
4318,0.02245767779746338,0.013877782970666885,19
49,0.022611751306900067,0.011922830948606133,19
9492,0.022730008649982904,0.01180529105477035,19
8171,0.0188182655378784,0.009147723903879523,19
6624,0.025303010534691184,0.011713042855262756,19
6631,0.02329904937773551,0.012222944991663098,19
4160,0.024260113444669468,0.011999330017715693,19
8653,0.020883744950161168,0.009286734042689204,19
7103,0.023881488957589393,0.015353630064055324,19
1303,0.01913534394024234,0.012601223075762391,19
18986,0.023181108145141287,0.01175218797288835,19
17336,0.02364833293923814,0.01332469703629613,19
16183,0.02314285800400141,0.012344749877229333,19
17141,0.023293868270947746,0.012411325005814433,19
9254,0.022692861746212368,0.013059621909633279,19
19313,0.022956469047226404,0.011421717004850507,19
6291,0.023034365467825217,0.013175982981920242,19
16051,0.023812307081626433,0.012562027899548411,19
15496,0.022011259999616367,0.0121951790060848,19
426,0.023152056971172754,0.012754194205626845,19
16824,0.02304230279926407,0.01307162782177329,19
9222,0.022995901502374756,0.011746017029508948,19
7660,0.026224864622283923,0.012924191076308489,19
16753,0.023821837366803697,0.013553214026615024,19
14316,0.023229062851322323,0.01173315686173737,19
4373,0.022050362570505393,0.012471978086978197,19
14250,0.020495559432004627,0.011976133100688457,19
15473,0.018245254214362877,0.007535263197496533,19
18673,0.023542574141174555,0.013525762129575014,19
8686,0.023272980163854203,0.012652643024921417,19
14260,0.023343461761741263,0.012639655964449048,19
17983,0.023247863349847887,0.013258762890473008,19
10538,0.024034261201067192,0.012337123975157738,19
19925,0.023439607056053847,0.01317802700214088,19
3958,0.02287982367469292,0.011989112012088299,19
6733,0.02330139851638753,0.014683953020721674,19
11429,0.02314151259825418,0.012431838782504201,19
15150,0.02297273274560116,0.011890209978446364,19
9660,0.023387713798959004,0.013426061952486634,19
54,0.022993188792545544,0.012138126883655787,19
8251,0.022891442916405044,0.012267061043530703,19
18523,0.02318787442422227,0.01245145802386105,19
19969,0.02426046526402627,0.013987455051392317,19
14952,0.023753370538255887,0.011899122968316078,19
401,0.0232732208984855,0.01247710082679987,19
4989,0.02351593293592726,0.013491164892911911,19
13473,0.02229129004684326,0.008786880876868963,19
3077,0.021990367272672683,0.012787581887096167,19
5960,0.02359882340227303,0.01255409512668848,19
12799,0.02346643972161569,0.013038733042776585,19
19537,0.02349170733635363,0.011828934075310826,19
3429,0.023726758326550846,0.013465255964547396,19
14374,0.021232491187555224,0.009360806085169315,19
4438,0.02210555620197403,0.012684675864875317,19
18596,0.023288342709604063,0.01310509699396789,19
11082,0.02371270935002126,0.011956512928009033,19
1722,0.024591639576675862,0.011956658912822604,19
9231,0.0229799719037194,0.012627506162971258,19
664,0.02305994722011842,0.011721304152160883,19
16495,0.02372805232574281,0.012689752969890833,19
14922,0.023328814128609866,0.01324796094559133,19
13576,0.023156946524977684,0.012548418017104268,19
7344,0.023214187019651656,0.01259775017388165,19
18865,0.02275339146389773,0.01187307108193636,19
5809,0.020717986209906246,0.013351521920412779,19
18363,0.02280732915785752,0.012348775984719396,19
16788,0.023188240715841715,0.011718380032107234,19
4847,0.01806352195624066,0.012655182974413037,19
5566,0.019893143252518616,0.012328547891229391,19
16337,0.022757459652463074,0.011975863017141819,19
15208,0.022855969035605852,0.01227790699340403,19
12064,0.02533134541131164,0.014028338016942143,19
9676,0.023301333066468175,0.01194381108507514,19
8425,0.022946099223765105,0.012865679105743766,19
19279,0.02284927025290304,0.012484910897910595,19
7017,0.022974491339961167,0.0125885009765625,19
7676,0.023709282658896165,0.011923454003408551,19
8238,0.023188430019409248,0.01340426690876484,19
10018,0.02262393880243364,0.011992436135187745,19
18275,0.022909567519826323,0.012685449793934822,19
608,0.022837310723078093,0.011907768901437521,19
4702,0.022192479442118815,0.012224392965435982,19
16950,0.021885523903428725,0.012352780904620886,19
19,0.021965222580260353,0.012072175042703748,19
16108,0.022488194064384227,0.012186774984002113,19
8715,0.023888928080467803,0.012135563185438514,19
7745,0.0229086650069803,0.014707725029438734,19
18162,0.021023542632495885,0.012083449168130755,19
10809,0.023389070037458288,0.012273279018700123,19
19188,0.023741610176665217,0.01214792882092297,19
3047,0.027633967846141833,0.015049473149701953,19
17065,0.021618973843655305,0.01224292698316276,19
2487,0.023023215134775166,0.01195588381960988,19
7808,0.0220990686211735,0.012341819936409593,19
14611,0.022147036843786116,0.012041534064337611,19
14439,0.02200174239758206,0.011833220953121781,19
14799,0.021645777723997048,0.01372424396686256,19
11379,0.023667732229162203,0.013712476007640362,19
14511,0.021337657468393445,0.012628988130018115,19
5143,0.018223996825614257,0.006911158096045256,19
15163,0.017660192434528942,0.006418239092454314,19
4140,0.02151173396085046,0.012024620082229376,19
3979,0.023940298865598283,0.01240304415114224,19
12385,0.02319888145613827,0.012852489948272705,19
8586,0.022980842212411135,0.013056817930191755,19
11213,0.021707195825384634,0.011759388027712703,19
13806,0.021833312758979827,0.012155720964074135,19
13205,0.022103235676982684,0.011686020065099001,19
12797,0.019034898496772115,0.009502321016043425,19
6541,0.019637436507955977,0.009426272939890623,19
2958,0.020094585715253886,0.01264057494699955,19
14626,0.023542612472451048,0.012113399105146527,19
7897,0.024139548615111334,0.012236504815518856,19
14253,0.021750578227894085,0.011947012040764093,19
6876,0.019133406103049453,0.011731443926692009,19
17966,0.021848450414836407,0.012430588016286492,19
19616,0.022452826146036386,0.012235437985509634,19
13133,0.01859636685663932,0.009511082898825407,19
14356,0.01902791584449771,0.012095829006284475,19
17318,0.018804385620904595,0.0068287590984255075,19
12417,0.018842929900672874,0.013219279004260898,19
16488,0.023357404775819497,0.012509356951341033,19
11764,0.019630967149216878,0.007249253802001476,19
12753,0.0288823059956102,0.013026901986449957,19
1983,0.023239523307175228,0.013113347114995122,19
8409,0.022026279598082368,0.011797932209447026,19
18445,0.022498416273217452,0.015813980950042605,19
4115,0.020364661578481134,0.01222793897613883,19
4488,0.023607963818664614,0.012745835119858384,19
15541,0.023266525228360768,0.013298677047714591,19
6023,0.02317152705386673,0.012899914057925344,19
7793,0.023681308780061572,0.01203554798848927,19
657,0.023870843487154497,0.012834970140829682,19
13515,0.023675030550772424,0.013045999919995666,19
751,0.023943314549366112,0.012771212961524725,19
2081,0.023500305833294988,0.013561733067035675,19
12217,0.023498818229295705,0.013608829118311405,19
6061,0.02347888139468667,0.01291510695591569,19
3341,0.02261632777701475,0.0124542280100286,19
13037,0.01982130969286357,0.00943424110300839,19
843,0.019064977078845625,0.008419808000326157,19
12758,0.0215035276855097,0.012633814942091703,19
15287,0.018991713191529636,0.009629491018131375,19
13562,0.018738644577464776,0.012022096896544099,19
10678,0.016353986728446263,0.0077336858958005905,19
15130,0.02341465772080578,0.01222687610425055,19
10838,0.02359132983378674,0.012707612942904234,19
19158,0.023591409878511178,0.015158102149143815,19
3511,0.023000350822449514,0.01182463695295155,19
17255,0.023030335108112348,0.01574534992687404,19
11771,0.022756401939611686,0.012232169974595308,19
553,0.022857622280226725,0.015759953996166587,19
19215,0.022388562425284794,0.012282422976568341,19
5883,0.02348344041475732,0.01348564913496375,19
12119,0.024007695224626285,0.012160589918494225,19
15839,0.02354923038939504,0.014314159052446485,19
11098,0.023163598606755074,0.013635211857035756,19
576,0.024126018593577964,0.01237994502298534,19
6874,0.024115512821529256,0.015160965034738183,19
4461,0.023802846081947025,0.012843193020671606,19
14785,0.023665247779143483,0.01212622900493443,19
47,0.021243273439866147,0.014354218961670995,19
6267,0.02321530069763723,0.016466407105326653,19
7578,0.023889636902726795,0.01241160905919969,19
8552,0.02363225149824039,0.012765484163537621,19
15298,0.023627177910193017,0.012612071121111512,19
4852,0.023292250196008307,0.01285587321035564,19
17389,0.023735712110800177,0.011685426812618971,19
1215,0.023425610981097345,0.013976006070151925,19
18319,0.0229616737311804,0.011839771876111627,19
1944,0.023887786058414923,0.012849468970671296,19
16432,0.023364621802772347,0.012696931837126613,19
1450,0.023343109942384456,0.011692862026393414,19
16747,0.023376327485924487,0.013561792904511094,19
5226,0.022710242872371486,0.01032616593874991,19
15174,0.023103092809354787,0.012925764080137014,19
5046,0.02176159728122385,0.009384510107338428,19
2403,0.023625461580721957,0.01197472307831049,19
10664,0.023766371482787162,0.01283249189145863,19
13858,0.02411294193007052,0.01486627385020256,19
10436,0.023741900161104768,0.012032147031277418,19
18244,0.023640174100077467,0.011877048062160611,19
14321,0.024274173756375125,0.016124302055686712,19
15778,0.022243683201898085,0.013311432907357812,19
3704,0.02261474261697578,0.014195116935297847,19
2168,0.02373942258571716,0.012080180924385786,19
8786,0.023782544413973625,0.014204378938302398,19
9826,0.023765630566662078,0.016276078997179866,19
19245,0.02322121529447797,0.011667035985738039,19
6173,0.0227783782236082,0.012333143968135118,19
14086,0.02196606485124089,0.013029641937464476,19
10609,0.017633463035484676,0.013373835012316704,19
15412,0.02326952465074627,0.014297090005129576,19
12701,0.021824020304177936,0.012975092977285385,19
15157,0.02352170445221035,0.014350759098306298,19
1213,0.020910048330398768,0.01173841510899365,19
16925,0.022258170463732983,0.013726095901802182,19
6670,0.023181109260277527,0.013605417916551232,19
13022,0.02270536981277952,0.012244872050359845,19
17970,0.023119092330728706,0.01594610302709043,19
4874,0.022744576777576617,0.013830287149176002,19
5459,0.023295196582024034,0.013161676935851574,19
16062,0.020463555585592985,0.012453991919755936,19
3207,0.0234927731860233,0.011687617050483823,19
4930,0.022835198066834556,0.011849845992401242,19
3353,0.023568988863476796,0.013220941182225943,19
744,0.024470163166130845,0.01206807978451252,19
10327,0.023849117447082933,0.013952533947303891,19
5371,0.02354531836892037,0.012461341917514801,19
9626,0.023649365151006924,0.012636825907975435,19
18184,0.023057376941371905,0.013471880927681923,19
18136,0.02354174742083016,0.012229715939611197,19
17182,0.023072609616639584,0.012967841001227498,19
4445,0.02346189269845031,0.01234546396881342,19
4401,0.02220486864251526,0.012089323019608855,19
18733,0.023122817939637524,0.012278951006010175,19
3623,0.019220806707284953,0.009785376954823732,19
16635,0.023848715385324078,0.01418385119177401,19
729,0.024023967072073566,0.01220842287875712,19
4547,0.02400690774237247,0.012382244924083352,19
1640,0.023717166586337907,0.012584560085088015,19
14921,0.023597851922539503,0.011973225977271795,19
14099,0.023575816916203814,0.012219541938975453,19
12645,0.024188587834176264,0.01303775398992002,19
542,0.024061978377990033,0.013357070973142982,19
18280,0.02385375304392686,0.011994505068287253,19
12116,0.023992898849476325,0.013592333067208529,19
9003,0.023520122821393766,0.014827143168076873,19
146,0.023567230955354478,0.012176743941381574,19
3482,0.022785500635540013,0.012981632025912404,19
19846,0.024073452076041384,0.012802636018022895,19
241,0.02107914493076111,0.009414538042619824,19
7502,0.023485078427352403,0.011709393933415413,19
9808,0.024116356930646458,0.014335826970636845,19
18653,0.023377744787323632,0.011821398045867682,19
11188,0.023715318339925847,0.01381739997304976,19
10299,0.023157208569739993,0.012975692981854081,19
1952,0.023512475057750157,0.012593819992616773,19
5227,0.021828797118934363,0.011960506904870272,19
12060,0.024037901299858565,0.012228814186528325,19
1594,0.024085012828244975,0.011935211019590497,19
17352,0.023586101817751403,0.011642580153420568,19
3919,0.023360644945090537,0.012622589943930507,19
5460,0.02180070047707934,0.012348192045465112,19
9430,0.02350335827979602,0.012860406190156937,19
19540,0.023463426317137322,0.013516515027731657,19
14438,0.023644088448858576,0.012545841978862882,19
8822,0.023717061150819063,0.015293473843485117,19
13688,0.02427760325372219,0.013486250070855021,19
15843,0.02370844613515625,0.012014172971248627,19
2078,0.02442084839812627,0.013873767806217074,19
16121,0.0235199168397996,0.013215224957093596,19
9477,0.023619950491640913,0.012267457088455558,19
14284,0.023437951544397755,0.012976613128557801,19
7780,0.02350565226209399,0.011857801117002964,19
16491,0.023782406786554737,0.013337298994883895,19
0,0.023415160573724853,0.01546540204435587,19
6409,0.023703249257155938,0.012407100992277265,19
8760,0.02378407855959315,0.014545988058671355,19
10193,0.023217259869469625,0.013112813932821155,19
12354,0.02329698160878922,0.012420195154845715,19
2144,0.022920332910296947,0.01250424818135798,19
18278,0.022874895912153942,0.012078681960701942,19
7949,0.023516286924285323,0.013714934000745416,19
15756,0.023698632813696014,0.01288436003960669,19
13954,0.02341513170272504,0.013784366194158792,19
2066,0.02353817306606001,0.01215888001024723,19
13030,0.023770341061447795,0.012224877020344138,19
6891,0.022573354972624464,0.012812051922082901,19
3503,0.023224694115158758,0.01206488092429936,19
2271,0.0203567959221178,0.014034185092896223,19
7327,0.020539660558202548,0.012326337164267898,19
5468,0.024971655337139964,0.011688206810504198,19
3268,0.023729768544925672,0.014921267051249743,19
16057,0.019305416076493106,0.009409856982529163,19
6137,0.022702345403989677,0.01283367513678968,19
12053,0.023236219844731846,0.013375860871747136,19
5304,0.02033178242364604,0.008954920107498765,19
14418,0.02028416508906766,0.011807548115029931,19
19683,0.018665102861919684,0.0093298708088696,19
15315,0.021396805323954476,0.01203932799398899,19
8700,0.024363704454643947,0.015102072153240442,19
7221,0.023407567378231568,0.012236424023285508,19
6661,0.02364001814030895,0.012304621050134301,19
12239,0.02021935769650889,0.013136813882738352,19
4822,0.02344558983551044,0.016052368795499206,19
18349,0.021739961003492538,0.01286954595707357,19
6664,0.02059612493030727,0.009520336054265499,19
3421,0.02424144041479418,0.015349800931289792,19
9071,0.02360643262631799,0.012467203894630075,19
19625,0.021511126297379012,0.01198749803006649,19
19280,0.02393674080897319,0.011720268055796623,19
19324,0.02424827896940865,0.01325925812125206,19
4252,0.02249038639772487,0.014006872195750475,19
16427,0.021455241820627923,0.012662139954045415,19
17603,0.019754240546669615,0.011707684025168419,19
9338,0.023594636923486467,0.011779845925047994,19
12759,0.02386315426740207,0.013584160013124347,19
17485,0.023343826215224045,0.013432899955660105,19
16265,0.02408244147112495,0.011858250945806503,19
3993,0.024124345962742443,0.013161993119865656,19
6612,0.023788632175542022,0.013742618961259723,19
12649,0.024119047791157897,0.011921799974516034,19
8161,0.024137583536733138,0.013245098059996963,19
3656,0.02340983273461461,0.013450789032503963,19
6235,0.02360358623493659,0.011623671976849437,19
11648,0.02351620364444036,0.013240220956504345,19
6068,0.02409748778384375,0.014474331168457866,19
7301,0.023834714065550974,0.012329475954174995,19
7276,0.02374997247304571,0.01233783015049994,19
4720,0.023302320599261867,0.013529881834983826,19
1175,0.02351013008554123,0.013766393065452576,19
10519,0.023543531589798238,0.013025728054344654,19
14578,0.023643185507113997,0.013352802023291588,19
12606,0.02371934806241801,0.01262488798238337,19
14572,0.023365000471178638,0.013580654049292207,19
4885,0.023841458519822674,0.012144841020926833,19
4871,0.024211118757528693,0.01299076504074037,19
13973,0.023667006410266225,0.013890775851905346,19
19757,0.024138502948182195,0.01237696292810142,19
10557,0.02429770814303897,0.01246217591688037,19
8507,0.023636776966189866,0.012959918938577175,19
16655,0.02350376215518305,0.01168897608295083,19
14074,0.023488523254759218,0.012628083117306232,19
7286,0.023083040233407365,0.012724076863378286,19
16842,0.023456198812805508,0.011821166845038533,19
8374,0.02378520862150349,0.012663319939747453,19
8846,0.023337617786111015,0.011736497981473804,19
4767,0.02326526171772888,0.01254330389201641,19
13974,0.023358266861913234,0.013247913913801312,19
4605,0.023648794936506373,0.012407114962115884,19
8843,0.02383226579006173,0.016022754134610295,19
5379,0.02414938936157054,0.012161630904302001,19
1166,0.02331415122668994,0.0120902000926435,19
6586,0.0229709111031537,0.013269666116684675,19
7569,0.023487478580423875,0.011852642055600882,19
3857,0.023855513415152307,0.013133205007761717,19
9502,0.023641743942310934,0.011808590963482857,19
8158,0.024542821277129024,0.011993098072707653,19
6812,0.022874186795793082,0.015235501108691096,19
5852,0.023962224796904547,0.011688885046169162,19
1783,0.024258021988268746,0.011718861991539598,19
1413,0.023613111471365158,0.015511872014030814,19
1130,0.023105153470839326,0.011855504009872675,19
3277,0.023973374541750865,0.012669057818129659,19
8631,0.023168699019343444,0.013054458890110254,19
13619,0.023195769417246704,0.011691051069647074,19
13690,0.02340290853508601,0.013472117017954588,19
7998,0.023096046667840136,0.011722846189513803,19
18113,0.023259886638506463,0.013423739932477474,19
10510,0.023562869498212086,0.01163212489336729,19
1621,0.02320878324098885,0.012013307074084878,19
5128,0.023645538775446385,0.013541290070861578,19
9422,0.023735926915450317,0.012704447843134403,19
6934,0.023760037680499647,0.01295779598876834,19
13933,0.021181948532007243,0.011682597920298576,19
18064,0.021186597338926635,0.012861211085692048,19
7873,0.022124966238870433,0.01374586089514196,19
10560,0.0233241697454727,0.012277561938390136,19
5035,0.023340762531580895,0.013218845007941127,19
16197,0.023447386883689386,0.01239117281511426,19
8380,0.023376224439983304,0.013227543095126748,19
19413,0.023486685203878505,0.01282576797530055,19
13611,0.02390636805150854,0.012443643063306808,19
3910,0.023760242914584905,0.015233407961204648,19
11901,0.02345662223371236,0.011768338968977332,19
12539,0.023706154995842985,0.01477092201821506,19
9331,0.02296694013976345,0.01335830893367529,19
16096,0.02327264268196335,0.011737325927242637,19
9243,0.023329671276243108,0.013520729960873723,19
14739,0.023864636001618283,0.011658150004222989,19
5732,0.02259254640605497,0.01349456887692213,19
5026,0.02376332566583235,0.01240638387389481,19
10154,0.023546358962592325,0.012636514147743583,19
16382,0.023099167113143363,0.013049741042777896,19
4400,0.02336688802920674,0.013933083973824978,19
17445,0.023404622793589767,0.01301734009757638,19
14679,0.02336480754035476,0.0124894711188972,19
15376,0.023590083037944215,0.012909498065710068,19
15894,0.023550676194166665,0.011690057115629315,19
9452,0.023275124031658236,0.011881814105436206,19
7685,0.019931928168884235,0.01301733497530222,19
12482,0.023740531067903105,0.01186399394646287,19
7115,0.02348539924347087,0.0121134330984205,19
9138,0.023792137318339786,0.01351345214061439,19
13153,0.023242943417771084,0.011682818876579404,19
9780,0.023243011195996876,0.013630793895572424,19
15893,0.022592931507939572,0.011958040995523334,19
19275,0.023785228706210068,0.01344553497619927,19
8785,0.024051496795819777,0.013178399996832013,19
8079,0.023822203168253366,0.011935303919017315,19
9394,0.023794053600316768,0.012480671051889658,19
14255,0.023238475164888722,0.01226801611483097,19
19628,0.023236875275247974,0.011746580945327878,19
17925,0.02450582394866567,0.01391820190474391,19
13298,0.02314195213349242,0.0118592269718647,19
5605,0.021362298254021687,0.012400111183524132,19
10869,0.02329823043883631,0.011688700877130032,19
7356,0.023191823170667415,0.01702311309054494,19
18004,0.02320280861060478,0.011611961992457509,19
7220,0.023703855584914748,0.01279491395689547,19
483,0.023427041051419156,0.012036174070090055,19
19134,0.02346712966008406,0.012055324157699943,19
1315,0.021575428177847675,0.013548908056691289,19
3015,0.02042365875585299,0.010626645991578698,19
13439,0.023740277564349144,0.015453926986083388,19
18575,0.02352222939953208,0.014345383970066905,19
9097,0.021821409316831512,0.012123767053708434,19
12769,0.023634154753955573,0.012896063970401883,19
9899,0.023824949724305617,0.012395247118547559,19
4226,0.02389150993947528,0.013360836077481508,19
18403,0.028312389101637036,0.012493290938436985,19
18675,0.02332457055729863,0.013545623049139977,19
16005,0.023724582928575967,0.01210444699972868,19
2485,0.022268676235781687,0.012266125995665789,19
18432,0.02286671263802993,0.01369967288337648,19
8665,0.020403074186393304,0.010386274894699454,19
19588,0.02294018380588999,0.011738744098693132,19
10215,0.023087363248985065,0.012664098991081119,19
907,0.022677661777523003,0.012923972215503454,19
1576,0.023124916025584464,0.012499641161412,19
14175,0.02344044984171265,0.012762699043378234,19
14883,0.023364796425755088,0.013605008134618402,19
10360,0.022706268465538557,0.012058395193889737,19
1339,0.023190865746552224,0.008995769079774618,19
11720,0.020010982872918248,0.0126494150608778,19
15857,0.015816119683318232,0.00930452486500144,19
8685,0.018022028190132818,0.009400976123288274,19
5384,0.01858736534210804,0.009881514124572277,19
18832,0.02361472159329998,0.012553829001262784,19
6132,0.02354379052198247,0.012689836090430617,19
11160,0.021219223811242142,0.012226095888763666,19
1989,0.023649592295681175,0.01368575799278915,19
14725,0.02334395289960268,0.01211891882121563,19
7061,0.023866673232987523,0.012370659038424492,19
16776,0.02435847426960735,0.014054280007258058,19
15792,0.02337517037889675,0.012132650008425117,19
16092,0.021801286095165108,0.011773562990128994,19
6872,0.02368756908139116,0.012061246205121279,19
15255,0.023356085949528375,0.012585376156494021,19
4985,0.02184389614941258,0.013072771020233631,19
14816,0.023573645231264987,0.013693675864487886,19
121,0.02055951414972936,0.0069558939430862665,19
2609,0.023689025449321457,0.012282726122066379,19
15867,0.020537003874778748,0.01229800982400775,19
19511,0.021437581077120023,0.009320518001914024,19
15758,0.02341761707181209,0.011730434838682413,19
6218,0.022660981802465886,0.013814941979944706,19
7172,0.0199445858475213,0.011701453011482954,19
13457,0.023766688475581377,0.012116278056055307,19
953,0.023492716252803802,0.012616236926987767,19
16366,0.02336143670407565,0.012695058016106486,19
16691,0.02356295183448023,0.011826867004856467,19
4193,0.022210691308014487,0.014994842000305653,19
6698,0.02387965049006437,0.01308516412973404,19
15494,0.0234084544384754,0.013347089057788253,19
8157,0.023584610145342976,0.011681586038321257,19
4821,0.023290299663418217,0.01287423586472869,19
10325,0.023351151226578576,0.011867105029523373,19
11765,0.023369463736583527,0.0130504269618541,19
2540,0.022834489293592542,0.013394578825682402,19
5306,0.021537695852059283,0.011933565139770508,19
1270,0.0231696835621015,0.012620133114978671,19
5245,0.023619327154990873,0.012585376156494021,19
16290,0.023158602490040817,0.01186096086166799,19
1691,0.022602512231586797,0.01303520193323493,19
19668,0.023109904980581058,0.01171214901842177,19
18050,0.0234437657422141,0.013119042152538896,19
16160,0.02332464041874597,0.011680691037327051,19
2727,0.023681166312216145,0.011888174107298255,19
9601,0.024250273837854986,0.014317018212750554,19
18616,0.02399366034047776,0.01169672911055386,19
14431,0.02406879352699769,0.012526867911219597,19
13765,0.022903199773281813,0.013488918077200651,19
14068,0.023237142381013223,0.011717444052919745,19
2974,0.023204360782217822,0.013648506021127105,19
7369,0.02287731607640652,0.011603449005633593,19
7974,0.01953278800570651,0.012553514912724495,19
17184,0.022848816809097405,0.013742049923166633,19
2045,0.023459248416321844,0.0116058848798275,19
4977,0.02313191145903578,0.014866259880363941,19
7121,0.023066756143969924,0.011760704917833209,19
13631,0.022933648801163622,0.013664053054526448,19
15546,0.02308695684922369,0.01167854992672801,19
2736,0.022983173398595107,0.013377598952502012,19
17584,0.02344344671521532,0.011623603058978915,19
1208,0.023903248941917952,0.014159183017909527,19
17060,0.023679655498677964,0.011617527110502124,19
8327,0.02324959348985239,0.011757637141272426,19
6848,0.024403000605831806,0.012964955996721983,19
14636,0.02289365970921752,0.012071533827111125,19
10418,0.023571893425756378,0.013757777865976095,19
10599,0.023097761943446177,0.012121069012209773,19
15505,0.02389575428280391,0.012694704113528132,19
13068,0.023179657169078525,0.013242193963378668,19
1090,0.023174120750474304,0.011633340967819095,19
3120,0.023411619599516455,0.012710723094642162,19
12766,0.021736178253042072,0.012986228801310062,19
10480,0.021367777629118217,0.0116345698479563,19
11544,0.019217073880626184,0.013767304131761193,19
1533,0.02160106674081793,0.011679818155243993,19
8063,0.023027246045929036,0.013269376009702682,19
1411,0.02396524030911295,0.013466897886246443,19
9990,0.024047255846916846,0.013014116091653705,19
7921,0.023388921295439725,0.013389572035521269,19
3200,0.023728883702700074,0.013501290930435061,19
11050,0.022877804677639352,0.012269545113667846,19
2614,0.023961928660834308,0.012515152106061578,19
13719,0.023506940808147192,0.012779817916452885,19
16933,0.022844265092556413,0.012630574870854616,19
2546,0.023523614067878378,0.01216919207945466,19
12594,0.023398264176457337,0.012986310990527272,19
9737,0.023716061351526724,0.011970903957262635,19
16398,0.023744173249916026,0.013627637177705765,19
11545,0.024127902990011007,0.017572555923834443,19
2664,0.023912612017930338,0.01357830106280744,19
14301,0.023297631488132634,0.012019097106531262,19
13206,0.023571622803022985,0.014360810862854123,19
10268,0.023537744449353533,0.011840414023026824,19
1457,0.020916649863417996,0.012677278136834502,19
3588,0.02372423422179724,0.014812445035204291,19
7702,0.0230801700075206,0.012663425877690315,19
16354,0.022847638208124983,0.011730646016076207,19
5548,0.02331734198684755,0.016433986136689782,19
19721,0.023583138925268463,0.011885212967172265,19
6052,0.02310493147294772,0.012954022036865354,19
10696,0.02358071726599806,0.01175227202475071,19
13617,0.02349216736068851,0.01374269207008183,19
12042,0.023039753830648567,0.011822803877294064,19
17284,0.02289923672613345,0.012023598188534379,19
10532,0.023222641945865593,0.012032507918775082,19
18778,0.023043143513955568,0.01323881302960217,19
2950,0.023097523095968523,0.011931458953768015,19
7859,0.022985454048275164,0.01204850198701024,19
1393,0.023190580247166127,0.012146967928856611,19
13144,0.02150834291732233,0.012714897049590945,19
16931,0.02373480349534044,0.012233288958668709,19
12104,0.022467765001286017,0.012116091093048453,19
6847,0.022289543094015436,0.012432962888851762,19
7077,0.0247269514212875,0.014003070071339607,19
3014,0.023904724794096853,0.014377980027347803,19
17382,0.029236005741710726,0.011777755105867982,19
16632,0.023296533740664784,0.013064677128568292,19
12277,0.0235663243986078,0.012815248919650912,19
18633,0.023379019841453748,0.012095595011487603,19
16181,0.023063734700707227,0.012769490014761686,19
5642,0.023376307205150004,0.011717853834852576,19
13059,0.023878529778142508,0.01399656105786562,19
5112,0.023411546392660392,0.012739541940391064,19
13119,0.02685025715465216,0.011865393025800586,19
1767,0.02325788878002449,0.011666486971080303,19
7900,0.023196757942634195,0.014215937117114663,19
17267,0.022978557996745957,0.01164821907877922,19
19876,0.02312658048283897,0.013970352010801435,19
10624,0.023005057408131267,0.011654312955215573,19
10448,0.02326909783541372,0.012802148004993796,19
15491,0.023088899281758227,0.01166531490162015,19
15904,0.023197508037188334,0.013003520900383592,19
10579,0.022523500037526612,0.011935038026422262,19
17761,0.022854401460407597,0.01376420515589416,19
16368,0.021687278291210532,0.011569513939321041,19
19436,0.02299561523097126,0.012775981100276113,19
9707,0.023307463203213717,0.011742686852812767,19
5466,0.023464103535700002,0.013466343050822616,19
17921,0.023413752891907568,0.011803262867033482,19
16180,0.017963526476370662,0.01196831208653748,19
19518,0.022363322774732585,0.011759707937017083,19
17756,0.02230722688775706,0.012763358885422349,19
15303,0.02191322224557792,0.012166625820100307,19
17862,0.01893097230870473,0.011679386021569371,19
13108,0.022212742925866655,0.012722078012302518,19
4688,0.02337167919368336,0.011698423884809017,19
3984,0.02358184871263802,0.013494635000824928,19
19394,0.023071738315354053,0.01349170901812613,19
1002,0.02306529739871621,0.011665177997201681,19
1061,0.023202076088637114,0.012069975025951862,19
8621,0.023760892867453788,0.011962373042479157,19
14121,0.023579473876835483,0.013689213898032904,19
18034,0.023229951663923106,0.011656064074486494,19
13797,0.02358037275017092,0.012682842090725899,19
7139,0.023064878989795323,0.012182977981865406,19
5170,0.02318915275023564,0.01202723989263177,19
9693,0.02325699065419796,0.0135389210190624,19
13796,0.02331117822445537,0.011658495059236884,19
11644,0.02301127605728413,0.012828635983169079,19
4671,0.02333739483238835,0.011669636005535722,19
10786,0.02333071853622402,0.015145024983212352,19
4293,0.023042450242332722,0.011619786033406854,19
4165,0.02313229485758041,0.013205953873693943,19
15622,0.023256942017101927,0.011622874066233635,19
11830,0.023278229061122004,0.01334113604389131,19
10743,0.02312117422881879,0.011660643154755235,19
8929,0.023307208437472582,0.013286575907841325,19
10429,0.02271167762381466,0.012879209825769067,19
2146,0.022625499576526254,0.013468471122905612,19
5734,0.023231005933331817,0.01164310285821557,19
19897,0.0232142425313788,0.01432986999861896,19
2662,0.023087070862713614,0.011617636075243354,19
14605,0.022258146751770062,0.012936673825606704,19
19278,0.023276315511841523,0.011615694034844637,19
19032,0.02300104030751084,0.013192882062867284,19
19407,0.022118848037758942,0.009884953033179045,19
8360,0.02293095685002443,0.013075327966362238,19
586,0.02321730469549565,0.011899111093953252,19
10105,0.025191986149078922,0.01318752602674067,19
17001,0.023368639430325282,0.008032271172851324,19
3194,0.02326144420198704,0.012958097970113158,19
17226,0.025264659381814693,0.015338994096964598,19
2953,0.02511834823771527,0.014466690132394433,19
2266,0.02550129523794902,0.014914691913872957,19
9444,0.02530299352579995,0.01366012403741479,19
6178,0.025068136066884586,0.012560806004330516,19
11304,0.02538113171038659,0.012561940820887685,19
11632,0.02504892828629205,0.012557202950119972,19
5532,0.02490212275695644,0.01265370612964034,19
11343,0.025479726762951987,0.012958411127328873,19
4509,0.02538542150470771,0.014141425024718046,19
9055,0.025129895167131173,0.014569343067705631,19
19552,0.02525234933158285,0.01647091214545071,19
4046,0.025145277405451787,0.015004241839051247,19
13141,0.02517124770307227,0.014838315080851316,19
1280,0.023588159317640883,0.014989608200266957,19
5217,0.025275813562697487,0.012882129056379199,19
14759,0.025375053543891562,0.012861653929576278,19
4921,0.025392447782092188,0.01266767201013863,19
9875,0.025252069947064706,0.013174206018447876,19
8603,0.02527927099972179,0.014621938113123178,19
10818,0.025323207257315516,0.015253922902047634,19
14214,0.025767041676628747,0.014458209974691272,19
13546,0.02538548679532189,0.014155487064272165,19
2638,0.02414173032402208,0.014366442803293467,19
3545,0.023121579415409974,0.01223293086513877,19
9666,0.022087974473834038,0.011632052948698401,19
15357,0.020867097252783805,0.007830660091713071,19
15256,0.021418394410590593,0.013354044873267412,19
5168,0.023075494106466834,0.013381352182477713,19
9498,0.023092727127828096,0.01173209585249424,19
14100,0.022758132226667123,0.014614949002861977,19
6332,0.02365493433746068,0.012885798932984471,19
11000,0.022190672664069815,0.01183059299364686,19
16612,0.023078403840037554,0.012464839965105057,19
18135,0.023061186295786972,0.012689544120803475,19
8875,0.023406413261239465,0.012788641033694148,19
2442,0.022716234989562316,0.013306308072060347,19
6074,0.02338191338716761,0.01275541097857058,19
13238,0.023087386017371165,0.01316879503428936,19
8103,0.023029466809116696,0.012301190057769418,19
14989,0.02296665917444778,0.013117414899170399,19
1570,0.022266830918134042,0.012555517023429275,19
1398,0.022939013905431096,0.011635682079941034,19
2281,0.02324530016630888,0.013612771173939109,19
8651,0.023104776726349405,0.012026062002405524,19
9246,0.02297393628396094,0.012471729191020131,19
17306,0.02261045500391016,0.011753194965422153,19
2021,0.02288023055236983,0.012345412047579885,19
18707,0.023171448933058662,0.011640714947134256,19
17132,0.023180105331304827,0.014091613003984094,19
3894,0.022147989856373323,0.012070141034200788,19
18741,0.021549358449288104,0.006602832116186619,19
16072,0.022981668650907904,0.0127872119192034,19
19633,0.022930138266498323,0.011664463905617595,19
4881,0.023122479109779784,0.013418113114312291,19
9975,0.0228181040576218,0.011648613959550858,19
2002,0.02334793464672801,0.013429499929770827,19
18668,0.022951918703160788,0.011606820160523057,19
2556,0.023127495115132707,0.013359373901039362,19
8814,0.023079418013558575,0.01184230693615973,19
2305,0.023306456124900204,0.013477294938638806,19
11266,0.021152068272625144,0.012311897007748485,19
13761,0.025446320896183972,0.015010021859779954,19
12549,0.023649231726793868,0.014198648044839501,19
18251,0.023508331579107204,0.011651458917185664,19
902,0.019910943964006084,0.013283135835081339,19
16085,0.023011006856043088,0.013205847004428506,19
7132,0.02312406608344693,0.012199281947687268,19
181,0.02299373415543845,0.013057907111942768,19
1063,0.023093894761251777,0.011650298023596406,19
7729,0.02264443886662392,0.013302130857482553,19
14474,0.022616671275739606,0.012092798948287964,19
11287,0.022994683491752335,0.013262972002848983,19
4772,0.023096526188677864,0.012441023951396346,19
1853,0.02284169356387697,0.012662521796301007,19
13166,0.023103324990523488,0.011594031937420368,19
9630,0.02318862587899754,0.013195428997278214,19
9687,0.023252692294160004,0.011662777047604322,19
16659,0.02301399884010224,0.013338906923308969,19
8908,0.023240503757015654,0.011680423049256206,19
5554,0.02319276362265411,0.012961526867002249,19
13642,0.0233511903666352,0.011614695889875293,19
8287,0.02179570666416303,0.012768482090905309,19
15028,0.02041987574806339,0.012881257804110646,19
17567,0.01878876964512624,0.00823588902130723,19
19401,0.021760919633762615,0.012670357013121247,19
18182,0.023164791851549557,0.012833079090341926,19
1926,0.023184480611234903,0.012418057071045041,19
7677,0.022815115467988346,0.01160907419398427,19
16671,0.023123377407165736,0.012388380011543632,19
16582,0.02216554032393584,0.012753668008372188,19
11752,0.022973377306602503,0.011662987992167473,19
9185,0.023406047055399733,0.014190795132890344,19
50,0.023184955316154582,0.01165045308880508,19
17127,0.02331811426158406,0.012511341134086251,19
14013,0.02319928485360977,0.012950102100148797,19
2497,0.023036735953370992,0.01233079913072288,19
12404,0.02303474680765679,0.012737632030621171,19
15854,0.022975686839536616,0.011650210013613105,19
9684,0.022956416807382515,0.012427050853148103,19
6956,0.023088206193949048,0.012148503214120865,19
11930,0.019762475460179542,0.012007253943011165,19
2458,0.02016092878521273,0.01165134715847671,19
15755,0.020256993066715568,0.011651101987808943,19
19935,0.021739949337451867,0.01162413414567709,19
8442,0.019465711494711668,0.007599154952913523,19
10413,0.023140596875332688,0.011935274815186858,19
5376,0.02306186961696336,0.01293469499796629,19
19695,0.02303543190569862,0.011634930968284607,19
6757,0.02215405171246905,0.013570947106927633,19
6215,0.023012764813182384,0.011733921011909842,19
3931,0.022809088842845278,0.012599842855706811,19
13953,0.021879795117695864,0.012962855165824294,19
11972,0.020592594078104747,0.012957418104633689,19
13112,0.022952035498364193,0.012968364171683788,19
9469,0.023631055263410274,0.012276632012799382,19
7401,0.023252182333779178,0.013693545013666153,19
8317,0.022493160672877963,0.0117828450165689,19
12029,0.022729200176208428,0.011384721845388412,19
1097,0.02357200322378623,0.011818080907687545,19
8359,0.02350156191785477,0.01271671405993402,19
9696,0.023537349899446492,0.012139303842559457,19
11869,0.024050485489791947,0.011905494146049023,19
3934,0.02354537656432704,0.01401017908938229,19
4068,0.023438104121994815,0.012479963945224881,19
11558,0.02268309147391272,0.013665872160345316,19
7275,0.02333798591586712,0.011646556900814176,19
205,0.023019007137535435,0.014740914106369019,19
9625,0.023263841597853524,0.01212106691673398,19
10671,0.025377078202406044,0.013203820213675499,19
5446,0.024624105935034,0.014846354955807328,19
2086,0.02341014027938639,0.01283070002682507,19
3668,0.023682058323174715,0.0122863978613168,19
15201,0.02356939892725725,0.012434120988473296,19
11491,0.023428810748124595,0.013363640988245606,19
18247,0.02355746475146397,0.012159140082076192,19
19299,0.023344566726959066,0.013107242994010448,19
6527,0.023095085861553486,0.01181651302613318,19
18734,0.023260315769891206,0.01248361705802381,19
19779,0.023125121149381523,0.01167563907802105,19
16970,0.0242243141646644,0.013359390897676349,19
4918,0.023645674675016812,0.013730931095778942,19
8242,0.023180386468179916,0.011805115034803748,19
10614,0.023546193469021665,0.013512626057490706,19
431,0.021461437848445616,0.012427900917828083,19
2533,0.023395232500900563,0.016105392947793007,19
2202,0.023827478167061742,0.011959380004554987,19
1572,0.02306901188077111,0.012365916045382619,19
8573,0.023673677780224306,0.013401032891124487,19
10423,0.02386009570603308,0.011857107980176806,19
16447,0.02343697391303354,0.014272683067247272,19
5268,0.023217570122429414,0.011628148145973682,19
1277,0.023333904909362133,0.01230237097479403,19
6677,0.023367334671906735,0.012640280183404684,19
16620,0.023491389498016553,0.011899547884240746,19
9526,0.023683654168914808,0.01384898996911943,19
13630,0.023734281341986435,0.011744370916858315,19
18489,0.023721415794601564,0.013506293995305896,19
10430,0.023511686031461546,0.01287095993757248,19
18792,0.024005714656883163,0.012783462181687355,19
14293,0.023842585101527602,0.01415155897848308,19
13316,0.023624764926927656,0.012343616923317313,19
19199,0.022325989275582526,0.010631826939061284,19
18462,0.023676927397517783,0.012441298924386501,19
7638,0.023711209185421467,0.012390259886160493,19
4730,0.02419032098872489,0.015343749895691872,19
19650,0.02223814482261476,0.012327047996222973,19
1372,0.02328059813742967,0.012327512027695775,19
884,0.022952085042274313,0.012681890046223998,19
11150,0.02396015528785555,0.01242900500074029,19
1039,0.023415080982407455,0.013762576039880514,19
14271,0.02114806940632039,0.010019232053309679,19
1470,0.023861523166200833,0.012514022877439857,19
4504,0.022041508854415855,0.012400551000609994,19
293,0.018346170196309686,0.006542542017996311,19
2445,0.020626342879902376,0.014110772171989083,19
12558,0.02339521459744949,0.011865576030686498,19
12503,0.02317641943840212,0.013563435059040785,19
12522,0.023797293879876013,0.011895012110471725,19
10791,0.02359826274608311,0.013485396979376674,19
9740,0.023350093538235677,0.012082979083061218,19
16893,0.02351458684394234,0.011731288861483335,19
12198,0.023599922889843583,0.013473568949848413,19
16978,0.023355669587066297,0.011754730949178338,19
2095,0.023461645309764304,0.013813916128128767,19
18257,0.023199437345427117,0.01168868993408978,19
6143,0.02367468257924836,0.013194937957450747,19
7026,0.023225543334295874,0.013171590166166425,19
3477,0.023469324003120785,0.01332705607637763,19
5921,0.023719238582998514,0.012928043026477098,19
1194,0.023102625518252973,0.01188576896674931,19
2636,0.022836733070251188,0.01321626896969974,19
1010,0.02343254044995104,0.011967185884714127,19
10653,0.01995575110624103,0.009334970032796264,19
3652,0.02069817134179175,0.011347888968884945,19
19970,0.020627177626776853,0.010516717797145247,19
13781,0.02140639333887712,0.012687273090705276,19
3433,0.022562436355081827,0.013054798822849989,19
6544,0.020998501108567182,0.012659908970817924,19
11311,0.023098481757762402,0.01272483286447823,19
7930,0.022823203011955086,0.012124158907681704,19
8773,0.023026277127332594,0.012988199014216661,19
16811,0.0227358767052034,0.01202390412800014,19
5385,0.022737772608371943,0.01220484497025609,19
6712,0.023205722326804932,0.01197532913647592,19
10926,0.019973522334016468,0.01301822206005454,19
900,0.021251252509261433,0.0120783899910748,19
13413,0.023604514555221324,0.012749406974762678,19
934,0.02254290531977619,0.011811770964413881,19
6366,0.023133167813188936,0.012486084830015898,19
13775,0.022524402244016528,0.012213229900225997,19
18580,0.02307553273184519,0.013375660870224237,19
11759,0.023202549776454504,0.01180556183680892,19
10373,0.02333938074298203,0.014755244133993983,19
5576,0.022920570703909585,0.011836915044113994,19
18336,0.02396082652634696,0.0126967488322407,19
3302,0.023858653246670178,0.012649737996980548,19
1343,0.02194333903638548,0.012475299183279276,19
16897,0.020691899754303068,0.011578651843592525,19
359,0.022739635241266928,0.011635001981630921,19
7918,0.022129861368356568,0.01220611808821559,19
10908,0.023076313694840984,0.011725358199328184,19
18394,0.02382002636104038,0.012472266796976328,19
16968,0.02333554602228105,0.0161579679697752,19
959,0.0236019170352895,0.012152726063504815,19
10277,0.02374780399871892,0.013728933176025748,19
1148,0.023207897173338814,0.012511936947703362,19
2954,0.01918817659545886,0.012426405912265182,19
5186,0.023762839846313,0.013022006023675203,19
2051,0.02321809737354909,0.011968092992901802,19
19272,0.02023144052854102,0.008592247031629086,19
2054,0.02311457510988571,0.012131053023040295,19
11216,0.02105338399690625,0.012459717923775315,19
2501,0.0231322194572146,0.014108367031440139,19
12457,0.021355932406885058,0.007245107088238001,19
9072,0.023551267571747303,0.011977586895227432,19
9934,0.023364847244106625,0.012324257055297494,19
13453,0.023540714375772757,0.01283087907359004,19
10220,0.023420929749447265,0.012265908066183329,19
2323,0.024169373473054485,0.015262894099578261,19
222,0.024117631077962488,0.012679592007771134,19
18308,0.024127842306992726,0.012137961108237505,19
18194,0.024504114653130894,0.015026842942461371,19
5859,0.023323591259357176,0.012424124171957374,19
4338,0.023423936267040278,0.012500453973188996,19
8489,0.023887196531225192,0.013794315978884697,19
3156,0.021661129326706653,0.01370549201965332,19
668,0.01959067971543654,0.010291471844539046,19
15944,0.023719391663019593,0.012326417025178671,19
10644,0.02335988827000715,0.012389528099447489,19
13597,0.02193270213166742,0.013171846978366375,19
10679,0.02320547845508707,0.012739202007651329,19
14931,0.023282003245855633,0.012611659010872245,19
19329,0.023575967729189677,0.012077820021659136,19
12066,0.023285135479741974,0.011976523790508509,19
19241,0.023123165543534253,0.012133607873693109,19
14493,0.023636327210911794,0.011974026914685965,19
3608,0.023191609052254966,0.011996416142210364,19
19011,0.023440573523801408,0.013399187009781599,19
7811,0.02423220593482256,0.013046195963397622,19
17511,0.024074173275087225,0.01201654109172523,19
12461,0.023456896263125696,0.012728794012218714,19
10201,0.02410136072553302,0.012826763093471527,19
3843,0.023247017978543515,0.014823483070358634,19
14647,0.023457414286799337,0.01203181711025536,19
8147,0.02367950820266024,0.01271795411594212,19
4691,0.023169533410844833,0.012315617175772786,19
5297,0.023404675964756233,0.013206674950197339,19
17387,0.023559051296232564,0.012777038151398301,19
15864,0.02383533511065731,0.01198557298630476,19
15749,0.023676598652903186,0.01489443308673799,19
7176,0.023197153191033163,0.01231718109920621,19
15043,0.02319849902567895,0.01311994413845241,19
5763,0.02316225756351885,0.011833661934360862,19
9144,0.02358798301582666,0.013989161001518369,19
13460,0.022647026865007847,0.013119111070409417,19
13747,0.02401397192213488,0.012203997001051903,19
1056,0.022778681307835013,0.015311590861529112,19
9722,0.02421305112932858,0.011976573150604963,19
12166,0.023899307070103914,0.01467977394349873,19
6515,0.02316194987169614,0.01300655584782362,19
2394,0.02356370891395368,0.012171787908300757,19
459,0.023452999315371637,0.012428072979673743,19
17820,0.023047471700824405,0.011786882998421788,19
10445,0.0233958665722687,0.012979357969015837,19
14185,0.02334613980431306,0.012007478158921003,19
9375,0.02339348844007442,0.013217803090810776,19
18747,0.023380620625654335,0.012390315998345613,19
12663,0.02340213748577394,0.012190739857032895,19
12877,0.023808320003904794,0.015763418981805444,19
16058,0.02410303156724886,0.011701683979481459,19
5160,0.023689844008339078,0.01206387602724135,19
9357,0.023702764258670964,0.012873087078332901,19
4528,0.022652658462328345,0.012776979012414813,19
2157,0.021743069317093806,0.012576675042510033,19
12545,0.023148850905463883,0.01251802290789783,19
10286,0.024196324857736106,0.013267647940665483,19
9253,0.02403350008994733,0.0124607989564538,19
6164,0.023473090418663464,0.012407862115651369,19
3537,0.024083888427795547,0.01305336900986731,19
12138,0.022830515830336434,0.012395215220749378,19
4339,0.022541141921752376,0.013410933082923293,19
16162,0.024050746921842035,0.012447096174582839,19
5888,0.0229442488941315,0.012776874005794525,19
13437,0.023404619056045226,0.011964411940425634,19
13724,0.022737141992700726,0.012432576157152653,19
2746,0.02133825014492399,0.007858788827434182,19
6153,0.023289723885490707,0.013364971848204732,19
15367,0.02321543718541139,0.012262588134035468,19
102,0.023609728638180776,0.013211770914494991,19
5685,0.0234629879460523,0.012314131949096918,19
1661,0.022713434686394113,0.012724958127364516,19
14650,0.022792470200281394,0.012401079060509801,19
2684,0.023202745770839483,0.013567710062488914,19
9412,0.02350149590424017,0.012604928109794855,19
7341,0.02263186376933989,0.012544031022116542,19
14525,0.022751239189682037,0.012390887131914496,19
19722,0.020708106580729548,0.016036248998716474,19
11716,0.023132364167586753,0.013800678076222539,19
15154,0.022781529255505455,0.011709796031937003,19
1694,0.02287694592470009,0.011818188009783626,19
9199,0.02305366302301225,0.01164445304311812,19
1065,0.023330743608408068,0.012963510118424892,19
7305,0.021361330622120908,0.01167860091663897,19
12809,0.022935599444041912,0.013072832021862268,19
11731,0.02298172256958328,0.011906869942322373,19
16607,0.023392555941092342,0.01513494597747922,19
18519,0.02362495687741198,0.0117828119546175,19
15350,0.02073611124222608,0.015032615046948195,19
5250,0.02084555425436089,0.013662101002410054,19
3479,0.020988854481593558,0.009530508192256093,19
5749,0.023553712955234868,0.012954928912222385,19
17740,0.02326992708013246,0.013655419927090406,19
720,0.0230515310173168,0.011746336007490754,19
3965,0.022886343925309024,0.012599713867530227,19
34,0.024255564301519802,0.011681733885779977,19
11562,0.023374880345440226,0.012004985939711332,19
13175,0.023484998162051563,0.015307716093957424,19
2358,0.023934688700951244,0.01223689690232277,19
11711,0.02390227411677571,0.016868793172761798,19
15159,0.02279043635108361,0.012400276027619839,19
8980,0.02339570030668064,0.01177459699101746,19
2893,0.023830006254444782,0.013794328086078167,19
2608,0.023769355366790767,0.013371879002079368,19
6292,0.023264943499510225,0.012996596051380038,19
937,0.023956177743936057,0.014219180913642049,19
396,0.024003311195165702,0.011748806107789278,19
14540,0.02379159309509161,0.014619444962590933,19
17233,0.024307035988098698,0.01505414699204266,19
17416,0.02317512725283833,0.012030515121296048,19
15136,0.024195506445769416,0.015184386167675257,19
12531,0.02136865706722203,0.013440370094031096,19
2134,0.02300866293769918,0.013344021048396826,19
11651,0.022847699528363973,0.011672059074044228,19
15292,0.022892083801133067,0.012766764033585787,19
15364,0.022940125353144186,0.011783713940531015,19
7113,0.023394346028860463,0.012926147086545825,19
15396,0.02334912055123009,0.01469675893895328,19
10780,0.023390328560612704,0.012697194935753942,19
18839,0.02340893251331229,0.012042684014886618,19
3119,0.023733184844451517,0.011769166914746165,19
13720,0.02349633613209191,0.013070544926449656,19
5282,0.022998297366460686,0.011677547823637724,19
1210,0.023463976630744964,0.012708576861768961,19
4104,0.023279572432664663,0.011716795852407813,19
17265,0.02433695141716223,0.015052258968353271,19
19948,0.024669574107974768,0.015029681846499443,19
1085,0.023891124224878456,0.013689417857676744,19
7888,0.02403205123386885,0.011664936086162925,19
8950,0.023711611308451546,0.015286464942619205,19
7591,0.02413771029463724,0.01241085515357554,19
6383,0.023131103769532944,0.011761244153603911,19
19697,0.023192873959870713,0.013360511977225542,19
10279,0.024126382936772547,0.012535576010122895,19
12059,0.023353634818800185,0.011721726972609758,19
10384,0.0230267359997685,0.012984747998416424,19
10829,0.023609930710670978,0.011800287058576941,19
17595,0.02326870175372613,0.013117420952767134,19
10319,0.023087387206032872,0.01175996707752347,19
9209,0.023921596793163764,0.013506246032193303,19
3379,0.022821987366401834,0.012260816060006618,19
2635,0.0236131665419395,0.013801341876387596,19
10479,0.022922874134229988,0.013469887897372246,19
1458,0.023264416321916014,0.012184117920696735,19
7922,0.023745115209174782,0.015654020942747593,19
1318,0.023286025064360154,0.012190810171887279,19
1769,0.022447141107956047,0.013820686843246222,19
13023,0.02077407632513266,0.012879584217444062,19
10569,0.02196374566196219,0.01175316795706749,19
11698,0.023478637130832987,0.012956802966073155,19
9004,0.024134289448786723,0.011764357797801495,19
8474,0.022899481198309285,0.014304556185379624,19
2583,0.023187076574877688,0.01222667982801795,19
11827,0.02320321331928043,0.012344520073384047,19
3609,0.024365458098289213,0.013108168030157685,19
3334,0.02356197482808248,0.012982531217858195,19
16256,0.0230416813865304,0.012083119945600629,19
3562,0.022935680469105903,0.011683277785778046,19
16316,0.022791549673696097,0.012328284094110131,19
1475,0.023178716778363053,0.011705095879733562,19
130,0.022979183355346322,0.01505879987962544,19
9161,0.023161937029248004,0.011755946790799499,19
12711,0.023319350053115112,0.01351194316521287,19
5760,0.023215533417992686,0.012341924011707306,19
15625,0.02266164590898705,0.011687150923535228,19
12110,0.023052076858125235,0.012529166182503104,19
15574,0.023212906267297894,0.011999651091173291,19
13164,0.023573785775194044,0.013908385066315532,19
2751,0.022828110481465335,0.012043144088238478,19
5106,0.022368406521548565,0.015344747807830572,19
9237,0.02301852601139169,0.012193801114335656,19
6779,0.023337329468248708,0.011773211881518364,19
7178,0.023514562372216267,0.01212261593900621,19
1825,0.02217035837422468,0.010167681146413088,19
15972,0.0224720470019077,0.011492023942992091,19
9315,0.023216544491189876,0.011595453834161162,19
4010,0.023427313144661878,0.012241665041074157,19
339,0.022993148598623902,0.01342398812994361,19
13754,0.02362508774048796,0.01347811589948833,19
4417,0.02274512358647036,0.013143880059942603,19
11320,0.023614275783888604,0.012939131818711758,19
15720,0.023154142888655003,0.012852409156039357,19
14244,0.02341691594521858,0.012028794037178159,19
14720,0.023263144368109733,0.012186668813228607,19
8138,0.0230205361608808,0.011662709061056376,19
4128,0.023210494975118262,0.012309184996411204,19
6741,0.022964294938566655,0.012470046989619732,19
17668,0.023257520785065072,0.012223334982991219,19
15462,0.02260833577939162,0.013011005939915776,19
2216,0.02303364437906758,0.01013658195734024,19
9000,0.023449229566674484,0.01298664091154933,19
2995,0.02352904104382584,0.012194492854177952,19
15120,0.02110582597455696,0.013782321009784937,19
12429,0.02111292304471135,0.012576440116390586,19
19061,0.023249737415952904,0.011895054019987583,19
11114,0.02375666782456009,0.013446396915242076,19
6503,0.0230857403091106,0.011727280914783478,19
19202,0.02347661230075908,0.01306078489869833,19
12334,0.02344782520575743,0.012422244064509869,19
9451,0.023610837635044988,0.013352927984669805,19
5083,0.022858565330113236,0.013130643870681524,19
12314,0.02361844408963072,0.012305573094636202,19
8478,0.023878694034034486,0.014945744071155787,19
15956,0.023454850122920777,0.01266631600446999,19
16231,0.022438145071072012,0.013765401905402541,19
9624,0.023408316345395225,0.011628390988335013,19
655,0.02179671169601773,0.01312644500285387,19
18963,0.022973051821616918,0.011765675153583288,19
15418,0.023089426545132147,0.012663569999858737,19
2589,0.023213635223280443,0.01170775294303894,19
15402,0.023133789385227782,0.012266429141163826,19
5980,0.023302963077041664,0.012195007177069783,19
7826,0.02293917523255866,0.013367025880143046,19
3350,0.023196128417590733,0.012370563112199306,19
11733,0.022985129041205112,0.01173150003887713,19
8416,0.02287020204637788,0.01176704978570342,19
6087,0.023257930566997903,0.01231614500284195,19
3223,0.02119028058491255,0.010766508057713509,19
12883,0.01981312862450355,0.006544166011735797,19
12335,0.023855417060028566,0.013301101978868246,19
8365,0.016221622360478107,0.009388705948367715,19
11078,0.020818518462443824,0.011798613937571645,19
3615,0.018898855318854515,0.00945306196808815,19
17785,0.023474023934747828,0.012525195954367518,19
449,0.022911087548556298,0.012217449955642223,19
14861,0.0230509517101669,0.012078097090125084,19
10044,0.023842865686961694,0.012867209035903215,19
11418,0.023434697687135714,0.012142115039750934,19
15618,0.023460061448675237,0.01260045706294477,19
6407,0.023333135783966435,0.01244549616239965,19
8696,0.023301153014855164,0.012079585110768676,19
19474,0.02321334776321524,0.012677943101152778,19
11076,0.023287910833268574,0.01169857895001769,19
5815,0.02332342271447966,0.012553235981613398,19
535,0.02302512891688629,0.011882409919053316,19
9234,0.023232058119518978,0.012679541017860174,19
14620,0.022642545034422687,0.012255246052518487,19
5426,0.02344365413055608,0.01306900498457253,19
11020,0.023470039994112755,0.012131413910537958,19
2425,0.023380139720086988,0.011965378886088729,19
1836,0.02337179063378196,0.012892066035419703,19
10354,0.023568404532086692,0.012144142994657159,19
4742,0.021992455395918927,0.012768598040565848,19
10463,0.020025977693302065,0.012016652850434184,19
7463,0.02224994716724675,0.01322166295722127,19
17298,0.02336724434587124,0.012214913964271545,19
3463,0.023547547575282424,0.012855353066697717,19
14634,0.023255261751872144,0.012438816949725151,19
2680,0.023462986242712328,0.011997807072475553,19
10119,0.02299216341864514,0.012685148976743221,19
6373,0.02244324805705171,0.01225230097770691,19
1890,0.023466531603940223,0.013533858116716146,19
1038,0.02350819446636658,0.012279815040528774,19
17604,0.023205667697383386,0.013428611215204,19
12557,0.02235224713130217,0.01213950989767909,19
4073,0.0241393064344792,0.015480231959372759,19
7442,0.023318074325001555,0.013340770034119487,19
9999,0.02362191159964392,0.012111737160012126,19
1870,0.021672104522095698,0.01461402210406959,19
15196,0.021926000077081353,0.012615968007594347,19
