"sim_idx","method","pred_crate","pred_ptran","pred_beta","n_reps","day","obs_inc","lower","med","upper"
19,"Oracle",14.6766887721606,0.0225993161457486,0.331683129534816,1000,1,59,40,53,67
19,"Oracle",14.6766887721606,0.0225993161457486,0.331683129534816,1000,2,47,36,50,64
19,"Oracle",14.6766887721606,0.0225993161457486,0.331683129534816,1000,3,49,35,48,61
19,"Oracle",14.6766887721606,0.0225993161457486,0.331683129534816,1000,4,50,34,46,60
19,"Oracle",14.6766887721606,0.0225993161457486,0.331683129534816,1000,5,52,33,45,60
19,"Oracle",14.6766887721606,0.0225993161457486,0.331683129534816,1000,6,46,34,45,59
19,"Oracle",14.6766887721606,0.0225993161457486,0.331683129534816,1000,7,57,33,45,59
19,"Oracle",14.6766887721606,0.0225993161457486,0.331683129534816,1000,8,48,33,45,58
19,"Oracle",14.6766887721606,0.0225993161457486,0.331683129534816,1000,9,48,34,46,59
19,"Oracle",14.6766887721606,0.0225993161457486,0.331683129534816,1000,10,53,33,46,58
19,"Oracle",14.6766887721606,0.0225993161457486,0.331683129534816,1000,11,54,33,46,60
19,"Oracle",14.6766887721606,0.0225993161457486,0.331683129534816,1000,12,43,34,47,60
19,"Oracle",14.6766887721606,0.0225993161457486,0.331683129534816,1000,13,56,34,47,60
19,"Oracle",14.6766887721606,0.0225993161457486,0.331683129534816,1000,14,42,35,47,61.025
19,"Oracle",14.6766887721606,0.0225993161457486,0.331683129534816,1000,15,57,36,47,62
19,"Oracle",14.6766887721606,0.0225993161457486,0.331683129534816,1000,16,39,34.975,48,62
19,"Oracle",14.6766887721606,0.0225993161457486,0.331683129534816,1000,17,44,36,48.5,62
19,"Oracle",14.6766887721606,0.0225993161457486,0.331683129534816,1000,18,53,35,49,63
19,"Oracle",14.6766887721606,0.0225993161457486,0.331683129534816,1000,19,54,36,49,64
19,"Oracle",14.6766887721606,0.0225993161457486,0.331683129534816,1000,20,50,37,49,65
19,"Oracle",14.6766887721606,0.0225993161457486,0.331683129534816,1000,21,47,36.975,50,65
19,"Oracle",14.6766887721606,0.0225993161457486,0.331683129534816,1000,22,47,36.975,50,65
19,"Oracle",14.6766887721606,0.0225993161457486,0.331683129534816,1000,23,54,37,50,64
19,"Oracle",14.6766887721606,0.0225993161457486,0.331683129534816,1000,24,49,37,50,66
19,"Oracle",14.6766887721606,0.0225993161457486,0.331683129534816,1000,25,52,37.975,51,65
19,"Oracle",14.6766887721606,0.0225993161457486,0.331683129534816,1000,26,55,37,50,65
19,"Oracle",14.6766887721606,0.0225993161457486,0.331683129534816,1000,27,48,37.975,51,65.025
19,"Oracle",14.6766887721606,0.0225993161457486,0.331683129534816,1000,28,50,36.975,50,66
19,"Oracle",14.6766887721606,0.0225993161457486,0.331683129534816,1000,29,45,37,51,65
19,"Oracle",14.6766887721606,0.0225993161457486,0.331683129534816,1000,30,43,37,51,65
19,"Oracle",14.6766887721606,0.0225993161457486,0.331683129534816,1000,31,58,38,51,67
19,"Oracle",14.6766887721606,0.0225993161457486,0.331683129534816,1000,32,55,38,51,66
19,"Oracle",14.6766887721606,0.0225993161457486,0.331683129534816,1000,33,54,38,51,65.025
19,"Oracle",14.6766887721606,0.0225993161457486,0.331683129534816,1000,34,46,38,51,67
19,"Oracle",14.6766887721606,0.0225993161457486,0.331683129534816,1000,35,54,37,51,66
19,"Oracle",14.6766887721606,0.0225993161457486,0.331683129534816,1000,36,51,36,50,64.025
19,"Oracle",14.6766887721606,0.0225993161457486,0.331683129534816,1000,37,57,37,50,65.025
19,"Oracle",14.6766887721606,0.0225993161457486,0.331683129534816,1000,38,48,37,50,65
19,"Oracle",14.6766887721606,0.0225993161457486,0.331683129534816,1000,39,69,38,50,65
19,"Oracle",14.6766887721606,0.0225993161457486,0.331683129534816,1000,40,62,37,50,65
19,"Oracle",14.6766887721606,0.0225993161457486,0.331683129534816,1000,41,57,36,49,64
19,"Oracle",14.6766887721606,0.0225993161457486,0.331683129534816,1000,42,53,35.975,49,64
19,"Oracle",14.6766887721606,0.0225993161457486,0.331683129534816,1000,43,36,36,49,65
19,"Oracle",14.6766887721606,0.0225993161457486,0.331683129534816,1000,44,46,35.975,48,63
19,"Oracle",14.6766887721606,0.0225993161457486,0.331683129534816,1000,45,47,36,48,63
19,"Oracle",14.6766887721606,0.0225993161457486,0.331683129534816,1000,46,41,34,47,61
19,"Oracle",14.6766887721606,0.0225993161457486,0.331683129534816,1000,47,38,33,47,61
19,"Oracle",14.6766887721606,0.0225993161457486,0.331683129534816,1000,48,55,33,47,60
19,"Oracle",14.6766887721606,0.0225993161457486,0.331683129534816,1000,49,54,32,46,61
19,"Oracle",14.6766887721606,0.0225993161457486,0.331683129534816,1000,50,50,34,46,60
19,"Oracle",14.6766887721606,0.0225993161457486,0.331683129534816,1000,51,43,32,45,59.025
19,"Oracle",14.6766887721606,0.0225993161457486,0.331683129534816,1000,52,53,32,45,58.025
19,"Oracle",14.6766887721606,0.0225993161457486,0.331683129534816,1000,53,56,31.975,45,58
19,"Oracle",14.6766887721606,0.0225993161457486,0.331683129534816,1000,54,46,31,44,58
19,"Oracle",14.6766887721606,0.0225993161457486,0.331683129534816,1000,55,43,31,43,57
19,"Oracle",14.6766887721606,0.0225993161457486,0.331683129534816,1000,56,50,30,43,56
19,"Oracle",14.6766887721606,0.0225993161457486,0.331683129534816,1000,57,41,31,43,57
19,"Oracle",14.6766887721606,0.0225993161457486,0.331683129534816,1000,58,30,29,41,56
19,"Oracle",14.6766887721606,0.0225993161457486,0.331683129534816,1000,59,39,28,41,54
19,"Oracle",14.6766887721606,0.0225993161457486,0.331683129534816,1000,60,38,29,41,53
19,"Oracle",14.6766887721606,0.0225993161457486,0.331683129534816,1000,61,43,28,40,53
19,"Oracle",14.6766887721606,0.0225993161457486,0.331683129534816,1000,62,50,28.975,39,52
19,"Oracle",14.6766887721606,0.0225993161457486,0.331683129534816,1000,63,46,27,38,51
19,"Oracle",14.6766887721606,0.0225993161457486,0.331683129534816,1000,64,37,26,38,52
19,"Oracle",14.6766887721606,0.0225993161457486,0.331683129534816,1000,65,40,26,38,50
19,"Oracle",14.6766887721606,0.0225993161457486,0.331683129534816,1000,66,45,24.975,37,50
19,"Oracle",14.6766887721606,0.0225993161457486,0.331683129534816,1000,67,30,26,37,48
19,"Oracle",14.6766887721606,0.0225993161457486,0.331683129534816,1000,68,33,25,36,48
19,"Oracle",14.6766887721606,0.0225993161457486,0.331683129534816,1000,69,31,24,35,48
19,"Oracle",14.6766887721606,0.0225993161457486,0.331683129534816,1000,70,26,23.975,34,46
19,"Oracle",14.6766887721606,0.0225993161457486,0.331683129534816,1000,71,33,24,33,46
19,"Oracle",14.6766887721606,0.0225993161457486,0.331683129534816,1000,72,33,22,33,45
19,"Oracle",14.6766887721606,0.0225993161457486,0.331683129534816,1000,73,41,21,33,44
19,"Oracle",14.6766887721606,0.0225993161457486,0.331683129534816,1000,74,35,21.975,32,43.025
19,"Oracle",14.6766887721606,0.0225993161457486,0.331683129534816,1000,75,32,21,31,43
19,"Oracle",14.6766887721606,0.0225993161457486,0.331683129534816,1000,76,26,20.975,30,42
19,"Oracle",14.6766887721606,0.0225993161457486,0.331683129534816,1000,77,31,20,31,42
19,"Oracle",14.6766887721606,0.0225993161457486,0.331683129534816,1000,78,25,19,29,40
19,"Oracle",14.6766887721606,0.0225993161457486,0.331683129534816,1000,79,30,19,29,40
19,"Oracle",14.6766887721606,0.0225993161457486,0.331683129534816,1000,80,27,18,28,39.025
19,"Oracle",14.6766887721606,0.0225993161457486,0.331683129534816,1000,81,24,18,28,38
19,"Oracle",14.6766887721606,0.0225993161457486,0.331683129534816,1000,82,25,17,27,38
19,"Oracle",14.6766887721606,0.0225993161457486,0.331683129534816,1000,83,17,17,27,37
19,"Oracle",14.6766887721606,0.0225993161457486,0.331683129534816,1000,84,25,17,26,37
19,"Oracle",14.6766887721606,0.0225993161457486,0.331683129534816,1000,85,21,17,26,36
19,"Oracle",14.6766887721606,0.0225993161457486,0.331683129534816,1000,86,8,16,25,35
19,"Oracle",14.6766887721606,0.0225993161457486,0.331683129534816,1000,87,23,15,24,35
19,"Oracle",14.6766887721606,0.0225993161457486,0.331683129534816,1000,88,26,15,24,34
19,"Oracle",14.6766887721606,0.0225993161457486,0.331683129534816,1000,89,18,15,23,33
19,"Oracle",14.6766887721606,0.0225993161457486,0.331683129534816,1000,90,23,13,22,33
19,"Oracle",14.6766887721606,0.0225993161457486,0.331683129534816,1000,91,22,13,22,32
19,"Oracle",14.6766887721606,0.0225993161457486,0.331683129534816,1000,92,18,13,22,32
19,"Oracle",14.6766887721606,0.0225993161457486,0.331683129534816,1000,93,15,12,21,30
19,"Oracle",14.6766887721606,0.0225993161457486,0.331683129534816,1000,94,23,12,21,30
19,"Oracle",14.6766887721606,0.0225993161457486,0.331683129534816,1000,95,13,12,20,30
19,"Oracle",14.6766887721606,0.0225993161457486,0.331683129534816,1000,96,19,12,20,29.025
19,"Oracle",14.6766887721606,0.0225993161457486,0.331683129534816,1000,97,18,12,19,28
19,"Oracle",14.6766887721606,0.0225993161457486,0.331683129534816,1000,98,13,11,19,29
19,"Oracle",14.6766887721606,0.0225993161457486,0.331683129534816,1000,99,12,11,18,28
19,"Oracle",14.6766887721606,0.0225993161457486,0.331683129534816,1000,100,16,11,18,27
19,"Oracle",14.6766887721606,0.0225993161457486,0.331683129534816,1000,101,15,10,18,27
19,"Oracle",14.6766887721606,0.0225993161457486,0.331683129534816,1000,102,13,10,17,25.025
19,"Oracle",14.6766887721606,0.0225993161457486,0.331683129534816,1000,103,14,9,17,25.025
19,"Oracle",14.6766887721606,0.0225993161457486,0.331683129534816,1000,104,13,9,16,25
19,"Oracle",14.6766887721606,0.0225993161457486,0.331683129534816,1000,105,17,9,16,25
19,"Oracle",14.6766887721606,0.0225993161457486,0.331683129534816,1000,106,10,8,15,23
19,"Oracle",14.6766887721606,0.0225993161457486,0.331683129534816,1000,107,12,8,15,23
19,"Oracle",14.6766887721606,0.0225993161457486,0.331683129534816,1000,108,7,8,14,22.025
19,"Oracle",14.6766887721606,0.0225993161457486,0.331683129534816,1000,109,15,7,14,22
19,"Oracle",14.6766887721606,0.0225993161457486,0.331683129534816,1000,110,14,7,14,22
19,"Oracle",14.6766887721606,0.0225993161457486,0.331683129534816,1000,111,11,7,14,22
19,"Oracle",14.6766887721606,0.0225993161457486,0.331683129534816,1000,112,9,7,13,21
19,"Oracle",14.6766887721606,0.0225993161457486,0.331683129534816,1000,113,7,6,13,21
19,"Oracle",14.6766887721606,0.0225993161457486,0.331683129534816,1000,114,10,6,13,19
19,"Oracle",14.6766887721606,0.0225993161457486,0.331683129534816,1000,115,14,6,12,20
19,"Oracle",14.6766887721606,0.0225993161457486,0.331683129534816,1000,116,14,6,12,19.025
19,"Oracle",14.6766887721606,0.0225993161457486,0.331683129534816,1000,117,5,5.975,11,19
19,"Oracle",14.6766887721606,0.0225993161457486,0.331683129534816,1000,118,10,5,11,18
19,"Oracle",14.6766887721606,0.0225993161457486,0.331683129534816,1000,119,10,5,11,19
19,"Oracle",14.6766887721606,0.0225993161457486,0.331683129534816,1000,120,8,5,11,18
19,"Oracle",14.6766887721606,0.0225993161457486,0.331683129534816,1000,121,11,5,10,18
19,"Oracle",14.6766887721606,0.0225993161457486,0.331683129534816,1000,122,10,4,10,17
19,"Oracle",14.6766887721606,0.0225993161457486,0.331683129534816,1000,123,10,4,10,17
19,"Oracle",14.6766887721606,0.0225993161457486,0.331683129534816,1000,124,9,4,10,16
19,"Oracle",14.6766887721606,0.0225993161457486,0.331683129534816,1000,125,6,4,9,16
19,"Oracle",14.6766887721606,0.0225993161457486,0.331683129534816,1000,126,7,3,9,16
19,"Oracle",14.6766887721606,0.0225993161457486,0.331683129534816,1000,127,6,3,9,15
19,"Oracle",14.6766887721606,0.0225993161457486,0.331683129534816,1000,128,7,4,8,15
19,"Oracle",14.6766887721606,0.0225993161457486,0.331683129534816,1000,129,9,3,8,15
19,"Oracle",14.6766887721606,0.0225993161457486,0.331683129534816,1000,130,7,3,8,14.025
19,"Oracle",14.6766887721606,0.0225993161457486,0.331683129534816,1000,131,3,3,8,14
19,"Oracle",14.6766887721606,0.0225993161457486,0.331683129534816,1000,132,3,3,8,14
19,"Oracle",14.6766887721606,0.0225993161457486,0.331683129534816,1000,133,9,2,7,13.025
19,"Oracle",14.6766887721606,0.0225993161457486,0.331683129534816,1000,134,9,2,7,14
19,"Oracle",14.6766887721606,0.0225993161457486,0.331683129534816,1000,135,12,2,7,13
19,"Oracle",14.6766887721606,0.0225993161457486,0.331683129534816,1000,136,6,2,7,13
19,"Oracle",14.6766887721606,0.0225993161457486,0.331683129534816,1000,137,8,2,7,13
19,"Oracle",14.6766887721606,0.0225993161457486,0.331683129534816,1000,138,3,2,6,12
19,"Oracle",14.6766887721606,0.0225993161457486,0.331683129534816,1000,139,3,2,6,12
19,"Oracle",14.6766887721606,0.0225993161457486,0.331683129534816,1000,140,7,2,6,12
19,"Oracle",14.6766887721606,0.0225993161457486,0.331683129534816,1000,141,5,2,6,12
19,"Oracle",14.6766887721606,0.0225993161457486,0.331683129534816,1000,142,5,2,6,11
19,"Oracle",14.6766887721606,0.0225993161457486,0.331683129534816,1000,143,10,1,6,11
19,"Oracle",14.6766887721606,0.0225993161457486,0.331683129534816,1000,144,7,1,6,11
19,"Oracle",14.6766887721606,0.0225993161457486,0.331683129534816,1000,145,8,1,5,10
19,"Oracle",14.6766887721606,0.0225993161457486,0.331683129534816,1000,146,5,1,5,10
19,"Oracle",14.6766887721606,0.0225993161457486,0.331683129534816,1000,147,8,1,5,10
19,"Oracle",14.6766887721606,0.0225993161457486,0.331683129534816,1000,148,4,1,5,10
19,"Oracle",14.6766887721606,0.0225993161457486,0.331683129534816,1000,149,1,1,5,10
19,"Oracle",14.6766887721606,0.0225993161457486,0.331683129534816,1000,150,1,1,5,9
19,"Oracle",14.6766887721606,0.0225993161457486,0.331683129534816,1000,151,3,1,5,9.02499999999998
19,"Oracle",14.6766887721606,0.0225993161457486,0.331683129534816,1000,152,3,1,4,9
19,"Oracle",14.6766887721606,0.0225993161457486,0.331683129534816,1000,153,3,1,4,9
19,"Oracle",14.6766887721606,0.0225993161457486,0.331683129534816,1000,154,4,1,4,9
19,"Oracle",14.6766887721606,0.0225993161457486,0.331683129534816,1000,155,1,1,4,9
19,"Oracle",14.6766887721606,0.0225993161457486,0.331683129534816,1000,156,5,1,4,9
19,"Oracle",14.6766887721606,0.0225993161457486,0.331683129534816,1000,157,5,1,4,8
19,"Oracle",14.6766887721606,0.0225993161457486,0.331683129534816,1000,158,4,0,3,8
19,"Oracle",14.6766887721606,0.0225993161457486,0.331683129534816,1000,159,7,0,3,8
19,"Oracle",14.6766887721606,0.0225993161457486,0.331683129534816,1000,160,4,0,3,8
19,"Oracle",14.6766887721606,0.0225993161457486,0.331683129534816,1000,161,2,0,3,7
19,"Oracle",14.6766887721606,0.0225993161457486,0.331683129534816,1000,162,2,0,3,7
19,"Oracle",14.6766887721606,0.0225993161457486,0.331683129534816,1000,163,1,0,3,7
19,"Oracle",14.6766887721606,0.0225993161457486,0.331683129534816,1000,164,4,0,3,7
19,"Oracle",14.6766887721606,0.0225993161457486,0.331683129534816,1000,165,1,0,3,7
19,"Oracle",14.6766887721606,0.0225993161457486,0.331683129534816,1000,166,5,0,3,7
19,"Oracle",14.6766887721606,0.0225993161457486,0.331683129534816,1000,167,2,0,3,7
19,"Oracle",14.6766887721606,0.0225993161457486,0.331683129534816,1000,168,3,0,3,7
19,"Oracle",14.6766887721606,0.0225993161457486,0.331683129534816,1000,169,3,0,3,6
19,"Oracle",14.6766887721606,0.0225993161457486,0.331683129534816,1000,170,2,0,2.5,6.02499999999998
19,"Oracle",14.6766887721606,0.0225993161457486,0.331683129534816,1000,171,0,0,2,6
19,"Oracle",14.6766887721606,0.0225993161457486,0.331683129534816,1000,172,1,0,2,7
19,"Oracle",14.6766887721606,0.0225993161457486,0.331683129534816,1000,173,3,0,2,6
19,"Oracle",14.6766887721606,0.0225993161457486,0.331683129534816,1000,174,1,0,2,6
19,"Oracle",14.6766887721606,0.0225993161457486,0.331683129534816,1000,175,3,0,2,6
19,"Oracle",14.6766887721606,0.0225993161457486,0.331683129534816,1000,176,2,0,2,6
19,"Oracle",14.6766887721606,0.0225993161457486,0.331683129534816,1000,177,4,0,2,5.02499999999998
19,"Oracle",14.6766887721606,0.0225993161457486,0.331683129534816,1000,178,3,0,2,5
19,"Oracle",14.6766887721606,0.0225993161457486,0.331683129534816,1000,179,3,0,2,6
19,"Oracle",14.6766887721606,0.0225993161457486,0.331683129534816,1000,180,2,0,2,5
19,"Oracle",14.6766887721606,0.0225993161457486,0.331683129534816,1000,181,0,0,2,5
19,"Oracle",14.6766887721606,0.0225993161457486,0.331683129534816,1000,182,0,0,2,5
19,"Oracle",14.6766887721606,0.0225993161457486,0.331683129534816,1000,183,3,0,2,5
19,"Oracle",14.6766887721606,0.0225993161457486,0.331683129534816,1000,184,0,0,2,5
19,"Oracle",14.6766887721606,0.0225993161457486,0.331683129534816,1000,185,0,0,2,5
19,"Oracle",14.6766887721606,0.0225993161457486,0.331683129534816,1000,186,0,0,1,5
19,"Oracle",14.6766887721606,0.0225993161457486,0.331683129534816,1000,187,0,0,1,4.02499999999998
19,"Oracle",14.6766887721606,0.0225993161457486,0.331683129534816,1000,188,0,0,1,5
19,"Oracle",14.6766887721606,0.0225993161457486,0.331683129534816,1000,189,2,0,1,4
19,"Oracle",14.6766887721606,0.0225993161457486,0.331683129534816,1000,190,1,0,1,4
19,"Oracle",14.6766887721606,0.0225993161457486,0.331683129534816,1000,191,1,0,1,4
19,"Oracle",14.6766887721606,0.0225993161457486,0.331683129534816,1000,192,1,0,1,4
19,"Oracle",14.6766887721606,0.0225993161457486,0.331683129534816,1000,193,2,0,1,4
19,"Oracle",14.6766887721606,0.0225993161457486,0.331683129534816,1000,194,3,0,1,4
19,"Oracle",14.6766887721606,0.0225993161457486,0.331683129534816,1000,195,4,0,1,4
19,"Oracle",14.6766887721606,0.0225993161457486,0.331683129534816,1000,196,1,0,1,4
19,"Oracle",14.6766887721606,0.0225993161457486,0.331683129534816,1000,197,3,0,1,4
19,"Oracle",14.6766887721606,0.0225993161457486,0.331683129534816,1000,198,0,0,1,4
19,"Oracle",14.6766887721606,0.0225993161457486,0.331683129534816,1000,199,2,0,1,4
19,"Oracle",14.6766887721606,0.0225993161457486,0.331683129534816,1000,200,1,0,1,4
19,"Oracle",14.6766887721606,0.0225993161457486,0.331683129534816,1000,201,0,0,1,4
19,"Oracle",14.6766887721606,0.0225993161457486,0.331683129534816,1000,202,3,0,1,3
19,"Oracle",14.6766887721606,0.0225993161457486,0.331683129534816,1000,203,1,0,1,3
19,"Oracle",14.6766887721606,0.0225993161457486,0.331683129534816,1000,204,1,0,1,3
19,"Oracle",14.6766887721606,0.0225993161457486,0.331683129534816,1000,205,0,0,1,3
19,"Oracle",14.6766887721606,0.0225993161457486,0.331683129534816,1000,206,1,0,1,3
19,"Oracle",14.6766887721606,0.0225993161457486,0.331683129534816,1000,207,2,0,1,3
19,"Oracle",14.6766887721606,0.0225993161457486,0.331683129534816,1000,208,0,0,1,3
19,"Oracle",14.6766887721606,0.0225993161457486,0.331683129534816,1000,209,1,0,1,3
19,"Oracle",14.6766887721606,0.0225993161457486,0.331683129534816,1000,210,1,0,1,3
19,"Oracle",14.6766887721606,0.0225993161457486,0.331683129534816,1000,211,0,0,1,3
19,"Oracle",14.6766887721606,0.0225993161457486,0.331683129534816,1000,212,1,0,1,3
19,"Oracle",14.6766887721606,0.0225993161457486,0.331683129534816,1000,213,1,0,1,3
19,"Oracle",14.6766887721606,0.0225993161457486,0.331683129534816,1000,214,2,0,0,3
19,"Oracle",14.6766887721606,0.0225993161457486,0.331683129534816,1000,215,2,0,1,3
19,"Oracle",14.6766887721606,0.0225993161457486,0.331683129534816,1000,216,1,0,0,3
19,"Oracle",14.6766887721606,0.0225993161457486,0.331683129534816,1000,217,1,0,0,3
19,"Oracle",14.6766887721606,0.0225993161457486,0.331683129534816,1000,218,0,0,0,3
19,"Oracle",14.6766887721606,0.0225993161457486,0.331683129534816,1000,219,0,0,0,2
19,"Oracle",14.6766887721606,0.0225993161457486,0.331683129534816,1000,220,1,0,0,3
19,"Oracle",14.6766887721606,0.0225993161457486,0.331683129534816,1000,221,0,0,0,2
19,"Oracle",14.6766887721606,0.0225993161457486,0.331683129534816,1000,222,0,0,0,3
19,"Oracle",14.6766887721606,0.0225993161457486,0.331683129534816,1000,223,2,0,0,2
19,"Oracle",14.6766887721606,0.0225993161457486,0.331683129534816,1000,224,0,0,0,2.02499999999998
19,"Oracle",14.6766887721606,0.0225993161457486,0.331683129534816,1000,225,2,0,0,2
19,"Oracle",14.6766887721606,0.0225993161457486,0.331683129534816,1000,226,0,0,0,2
19,"Oracle",14.6766887721606,0.0225993161457486,0.331683129534816,1000,227,0,0,0,2
19,"Oracle",14.6766887721606,0.0225993161457486,0.331683129534816,1000,228,0,0,0,2
19,"Oracle",14.6766887721606,0.0225993161457486,0.331683129534816,1000,229,1,0,0,2
19,"Oracle",14.6766887721606,0.0225993161457486,0.331683129534816,1000,230,0,0,0,2
19,"Oracle",14.6766887721606,0.0225993161457486,0.331683129534816,1000,231,0,0,0,2
19,"Oracle",14.6766887721606,0.0225993161457486,0.331683129534816,1000,232,1,0,0,2
19,"Oracle",14.6766887721606,0.0225993161457486,0.331683129534816,1000,233,0,0,0,2
19,"Oracle",14.6766887721606,0.0225993161457486,0.331683129534816,1000,234,0,0,0,2
19,"Oracle",14.6766887721606,0.0225993161457486,0.331683129534816,1000,235,1,0,0,2
19,"Oracle",14.6766887721606,0.0225993161457486,0.331683129534816,1000,236,0,0,0,2
19,"Oracle",14.6766887721606,0.0225993161457486,0.331683129534816,1000,237,1,0,0,2
19,"Oracle",14.6766887721606,0.0225993161457486,0.331683129534816,1000,238,0,0,0,2
19,"Oracle",14.6766887721606,0.0225993161457486,0.331683129534816,1000,239,0,0,0,2
19,"Oracle",14.6766887721606,0.0225993161457486,0.331683129534816,1000,240,1,0,0,2
19,"Oracle",14.6766887721606,0.0225993161457486,0.331683129534816,1000,241,0,0,0,2
19,"Oracle",14.6766887721606,0.0225993161457486,0.331683129534816,1000,242,0,0,0,2
19,"Oracle",14.6766887721606,0.0225993161457486,0.331683129534816,1000,243,2,0,0,2
19,"Oracle",14.6766887721606,0.0225993161457486,0.331683129534816,1000,244,1,0,0,2
19,"Oracle",14.6766887721606,0.0225993161457486,0.331683129534816,1000,245,0,0,0,2
19,"Oracle",14.6766887721606,0.0225993161457486,0.331683129534816,1000,246,0,0,0,2
19,"Oracle",14.6766887721606,0.0225993161457486,0.331683129534816,1000,247,0,0,0,2
19,"Oracle",14.6766887721606,0.0225993161457486,0.331683129534816,1000,248,0,0,0,1
19,"Oracle",14.6766887721606,0.0225993161457486,0.331683129534816,1000,249,0,0,0,2
19,"Oracle",14.6766887721606,0.0225993161457486,0.331683129534816,1000,250,0,0,0,2
19,"Oracle",14.6766887721606,0.0225993161457486,0.331683129534816,1000,251,0,0,0,1
19,"Oracle",14.6766887721606,0.0225993161457486,0.331683129534816,1000,252,0,0,0,2
19,"Oracle",14.6766887721606,0.0225993161457486,0.331683129534816,1000,253,1,0,0,1.02499999999998
19,"Oracle",14.6766887721606,0.0225993161457486,0.331683129534816,1000,254,0,0,0,1
19,"Oracle",14.6766887721606,0.0225993161457486,0.331683129534816,1000,255,0,0,0,1
19,"Oracle",14.6766887721606,0.0225993161457486,0.331683129534816,1000,256,0,0,0,1
19,"Oracle",14.6766887721606,0.0225993161457486,0.331683129534816,1000,257,0,0,0,1
19,"Oracle",14.6766887721606,0.0225993161457486,0.331683129534816,1000,258,1,0,0,2
19,"Oracle",14.6766887721606,0.0225993161457486,0.331683129534816,1000,259,0,0,0,1
19,"Oracle",14.6766887721606,0.0225993161457486,0.331683129534816,1000,260,0,0,0,1
19,"Oracle",14.6766887721606,0.0225993161457486,0.331683129534816,1000,261,0,0,0,1
19,"Oracle",14.6766887721606,0.0225993161457486,0.331683129534816,1000,262,0,0,0,1
19,"Oracle",14.6766887721606,0.0225993161457486,0.331683129534816,1000,263,0,0,0,1
19,"Oracle",14.6766887721606,0.0225993161457486,0.331683129534816,1000,264,0,0,0,1
19,"Oracle",14.6766887721606,0.0225993161457486,0.331683129534816,1000,265,1,0,0,1
19,"Oracle",14.6766887721606,0.0225993161457486,0.331683129534816,1000,266,0,0,0,1
19,"Oracle",14.6766887721606,0.0225993161457486,0.331683129534816,1000,267,0,0,0,1
19,"Oracle",14.6766887721606,0.0225993161457486,0.331683129534816,1000,268,0,0,0,1
19,"Oracle",14.6766887721606,0.0225993161457486,0.331683129534816,1000,269,0,0,0,1
19,"Oracle",14.6766887721606,0.0225993161457486,0.331683129534816,1000,270,0,0,0,1
19,"Oracle",14.6766887721606,0.0225993161457486,0.331683129534816,1000,271,0,0,0,1
19,"Oracle",14.6766887721606,0.0225993161457486,0.331683129534816,1000,272,0,0,0,1
19,"Oracle",14.6766887721606,0.0225993161457486,0.331683129534816,1000,273,0,0,0,1
19,"Oracle",14.6766887721606,0.0225993161457486,0.331683129534816,1000,274,0,0,0,1
19,"Oracle",14.6766887721606,0.0225993161457486,0.331683129534816,1000,275,0,0,0,1
19,"Oracle",14.6766887721606,0.0225993161457486,0.331683129534816,1000,276,0,0,0,1
19,"Oracle",14.6766887721606,0.0225993161457486,0.331683129534816,1000,277,0,0,0,1
19,"Oracle",14.6766887721606,0.0225993161457486,0.331683129534816,1000,278,0,0,0,1
19,"Oracle",14.6766887721606,0.0225993161457486,0.331683129534816,1000,279,0,0,0,1
19,"Oracle",14.6766887721606,0.0225993161457486,0.331683129534816,1000,280,0,0,0,1
19,"Oracle",14.6766887721606,0.0225993161457486,0.331683129534816,1000,281,0,0,0,1
19,"Oracle",14.6766887721606,0.0225993161457486,0.331683129534816,1000,282,0,0,0,1
19,"Oracle",14.6766887721606,0.0225993161457486,0.331683129534816,1000,283,0,0,0,1
19,"Oracle",14.6766887721606,0.0225993161457486,0.331683129534816,1000,284,0,0,0,1
19,"Oracle",14.6766887721606,0.0225993161457486,0.331683129534816,1000,285,0,0,0,1
19,"Oracle",14.6766887721606,0.0225993161457486,0.331683129534816,1000,286,0,0,0,1
19,"Oracle",14.6766887721606,0.0225993161457486,0.331683129534816,1000,287,0,0,0,1
19,"Oracle",14.6766887721606,0.0225993161457486,0.331683129534816,1000,288,0,0,0,1
19,"Oracle",14.6766887721606,0.0225993161457486,0.331683129534816,1000,289,0,0,0,1
19,"Oracle",14.6766887721606,0.0225993161457486,0.331683129534816,1000,290,0,0,0,1
19,"Oracle",14.6766887721606,0.0225993161457486,0.331683129534816,1000,291,0,0,0,1
19,"Oracle",14.6766887721606,0.0225993161457486,0.331683129534816,1000,292,0,0,0,1
19,"Oracle",14.6766887721606,0.0225993161457486,0.331683129534816,1000,293,0,0,0,1
19,"Oracle",14.6766887721606,0.0225993161457486,0.331683129534816,1000,294,0,0,0,1
19,"Oracle",14.6766887721606,0.0225993161457486,0.331683129534816,1000,295,0,0,0,1
19,"Oracle",14.6766887721606,0.0225993161457486,0.331683129534816,1000,296,0,0,0,1
19,"Oracle",14.6766887721606,0.0225993161457486,0.331683129534816,1000,297,0,0,0,1
19,"Oracle",14.6766887721606,0.0225993161457486,0.331683129534816,1000,298,0,0,0,1
19,"Oracle",14.6766887721606,0.0225993161457486,0.331683129534816,1000,299,0,0,0,1
19,"Oracle",14.6766887721606,0.0225993161457486,0.331683129534816,1000,300,0,0,0,1
19,"Oracle",14.6766887721606,0.0225993161457486,0.331683129534816,1000,301,0,0,0,1
19,"Oracle",14.6766887721606,0.0225993161457486,0.331683129534816,1000,302,0,0,0,1
19,"Oracle",14.6766887721606,0.0225993161457486,0.331683129534816,1000,303,0,0,0,1
19,"Oracle",14.6766887721606,0.0225993161457486,0.331683129534816,1000,304,0,0,0,1
19,"Oracle",14.6766887721606,0.0225993161457486,0.331683129534816,1000,305,0,0,0,1
19,"Oracle",14.6766887721606,0.0225993161457486,0.331683129534816,1000,306,0,0,0,1
19,"Oracle",14.6766887721606,0.0225993161457486,0.331683129534816,1000,307,0,0,0,1
19,"Oracle",14.6766887721606,0.0225993161457486,0.331683129534816,1000,308,0,0,0,1
19,"Oracle",14.6766887721606,0.0225993161457486,0.331683129534816,1000,309,0,0,0,1
19,"Oracle",14.6766887721606,0.0225993161457486,0.331683129534816,1000,310,0,0,0,1
19,"Oracle",14.6766887721606,0.0225993161457486,0.331683129534816,1000,311,0,0,0,1
19,"Oracle",14.6766887721606,0.0225993161457486,0.331683129534816,1000,312,0,0,0,1
19,"Oracle",14.6766887721606,0.0225993161457486,0.331683129534816,1000,313,0,0,0,1
19,"Oracle",14.6766887721606,0.0225993161457486,0.331683129534816,1000,314,0,0,0,1
19,"Oracle",14.6766887721606,0.0225993161457486,0.331683129534816,1000,315,1,0,0,1
19,"Oracle",14.6766887721606,0.0225993161457486,0.331683129534816,1000,316,0,0,0,1
19,"Oracle",14.6766887721606,0.0225993161457486,0.331683129534816,1000,317,0,0,0,1
19,"Oracle",14.6766887721606,0.0225993161457486,0.331683129534816,1000,318,0,0,0,1
19,"Oracle",14.6766887721606,0.0225993161457486,0.331683129534816,1000,319,0,0,0,1
19,"Oracle",14.6766887721606,0.0225993161457486,0.331683129534816,1000,320,0,0,0,1
19,"Oracle",14.6766887721606,0.0225993161457486,0.331683129534816,1000,321,0,0,0,1
19,"Oracle",14.6766887721606,0.0225993161457486,0.331683129534816,1000,322,0,0,0,1
19,"Oracle",14.6766887721606,0.0225993161457486,0.331683129534816,1000,323,0,0,0,1
19,"Oracle",14.6766887721606,0.0225993161457486,0.331683129534816,1000,324,0,0,0,0
19,"Oracle",14.6766887721606,0.0225993161457486,0.331683129534816,1000,325,0,0,0,1
19,"Oracle",14.6766887721606,0.0225993161457486,0.331683129534816,1000,326,0,0,0,1
19,"Oracle",14.6766887721606,0.0225993161457486,0.331683129534816,1000,327,0,0,0,0
19,"Oracle",14.6766887721606,0.0225993161457486,0.331683129534816,1000,328,0,0,0,1
19,"Oracle",14.6766887721606,0.0225993161457486,0.331683129534816,1000,329,0,0,0,1
19,"Oracle",14.6766887721606,0.0225993161457486,0.331683129534816,1000,330,0,0,0,0.0249999999999773
19,"Oracle",14.6766887721606,0.0225993161457486,0.331683129534816,1000,331,0,0,0,1
19,"Oracle",14.6766887721606,0.0225993161457486,0.331683129534816,1000,332,0,0,0,1
19,"Oracle",14.6766887721606,0.0225993161457486,0.331683129534816,1000,333,0,0,0,0
19,"Oracle",14.6766887721606,0.0225993161457486,0.331683129534816,1000,334,0,0,0,1
19,"Oracle",14.6766887721606,0.0225993161457486,0.331683129534816,1000,335,0,0,0,0
19,"Oracle",14.6766887721606,0.0225993161457486,0.331683129534816,1000,336,0,0,0,0
19,"Oracle",14.6766887721606,0.0225993161457486,0.331683129534816,1000,337,0,0,0,0
19,"Oracle",14.6766887721606,0.0225993161457486,0.331683129534816,1000,338,0,0,0,0
19,"Oracle",14.6766887721606,0.0225993161457486,0.331683129534816,1000,339,0,0,0,0
19,"Oracle",14.6766887721606,0.0225993161457486,0.331683129534816,1000,340,0,0,0,0
19,"Oracle",14.6766887721606,0.0225993161457486,0.331683129534816,1000,341,0,0,0,0
19,"Oracle",14.6766887721606,0.0225993161457486,0.331683129534816,1000,342,0,0,0,0
19,"Oracle",14.6766887721606,0.0225993161457486,0.331683129534816,1000,343,0,0,0,0
19,"Oracle",14.6766887721606,0.0225993161457486,0.331683129534816,1000,344,0,0,0,0
19,"Oracle",14.6766887721606,0.0225993161457486,0.331683129534816,1000,345,0,0,0,0
19,"Oracle",14.6766887721606,0.0225993161457486,0.331683129534816,1000,346,0,0,0,0
19,"Oracle",14.6766887721606,0.0225993161457486,0.331683129534816,1000,347,0,0,0,0
19,"Oracle",14.6766887721606,0.0225993161457486,0.331683129534816,1000,348,0,0,0,0
19,"Oracle",14.6766887721606,0.0225993161457486,0.331683129534816,1000,349,0,0,0,0
19,"Oracle",14.6766887721606,0.0225993161457486,0.331683129534816,1000,350,0,0,0,0
19,"Oracle",14.6766887721606,0.0225993161457486,0.331683129534816,1000,351,0,0,0,0
19,"Oracle",14.6766887721606,0.0225993161457486,0.331683129534816,1000,352,0,0,0,0
19,"Oracle",14.6766887721606,0.0225993161457486,0.331683129534816,1000,353,0,0,0,0
19,"Oracle",14.6766887721606,0.0225993161457486,0.331683129534816,1000,354,0,0,0,0
19,"Oracle",14.6766887721606,0.0225993161457486,0.331683129534816,1000,355,0,0,0,0
19,"Oracle",14.6766887721606,0.0225993161457486,0.331683129534816,1000,356,0,0,0,0
19,"Oracle",14.6766887721606,0.0225993161457486,0.331683129534816,1000,357,0,0,0,0
19,"Oracle",14.6766887721606,0.0225993161457486,0.331683129534816,1000,358,0,0,0,0
19,"Oracle",14.6766887721606,0.0225993161457486,0.331683129534816,1000,359,0,0,0,0
19,"Oracle",14.6766887721606,0.0225993161457486,0.331683129534816,1000,360,0,0,0,0
19,"Oracle",14.6766887721606,0.0225993161457486,0.331683129534816,1000,361,0,0,0,0
19,"Oracle",14.6766887721606,0.0225993161457486,0.331683129534816,1000,362,0,0,0,0
19,"Oracle",14.6766887721606,0.0225993161457486,0.331683129534816,1000,363,0,0,0,0
19,"Oracle",14.6766887721606,0.0225993161457486,0.331683129534816,1000,364,0,0,0,0
19,"Oracle",14.6766887721606,0.0225993161457486,0.331683129534816,1000,365,0,0,0,0
19,"ABC",3.15139958317023,0.112538182115551,0.354652780209683,300,1,59,39,53,67
19,"ABC",3.15139958317023,0.112538182115551,0.354652780209683,300,2,47,37,49,64.525
19,"ABC",3.15139958317023,0.112538182115551,0.354652780209683,300,3,49,35.475,47,62
19,"ABC",3.15139958317023,0.112538182115551,0.354652780209683,300,4,50,34.475,47,61.525
19,"ABC",3.15139958317023,0.112538182115551,0.354652780209683,300,5,52,33,46,59
19,"ABC",3.15139958317023,0.112538182115551,0.354652780209683,300,6,46,34.475,45,60
19,"ABC",3.15139958317023,0.112538182115551,0.354652780209683,300,7,57,34,46,59
19,"ABC",3.15139958317023,0.112538182115551,0.354652780209683,300,8,48,34,46,60
19,"ABC",3.15139958317023,0.112538182115551,0.354652780209683,300,9,48,34,45,57.525
19,"ABC",3.15139958317023,0.112538182115551,0.354652780209683,300,10,53,35.475,47,60
19,"ABC",3.15139958317023,0.112538182115551,0.354652780209683,300,11,54,33,47,60.525
19,"ABC",3.15139958317023,0.112538182115551,0.354652780209683,300,12,43,36,48,63
19,"ABC",3.15139958317023,0.112538182115551,0.354652780209683,300,13,56,36.475,48,61
19,"ABC",3.15139958317023,0.112538182115551,0.354652780209683,300,14,42,36,49,62
19,"ABC",3.15139958317023,0.112538182115551,0.354652780209683,300,15,57,36,48,60.525
19,"ABC",3.15139958317023,0.112538182115551,0.354652780209683,300,16,39,39,50,67
19,"ABC",3.15139958317023,0.112538182115551,0.354652780209683,300,17,44,38,50,65
19,"ABC",3.15139958317023,0.112538182115551,0.354652780209683,300,18,53,36.475,51,66
19,"ABC",3.15139958317023,0.112538182115551,0.354652780209683,300,19,54,39,51,66
19,"ABC",3.15139958317023,0.112538182115551,0.354652780209683,300,20,50,38.475,52,66
19,"ABC",3.15139958317023,0.112538182115551,0.354652780209683,300,21,47,39,52,69
19,"ABC",3.15139958317023,0.112538182115551,0.354652780209683,300,22,47,39.475,52,67
19,"ABC",3.15139958317023,0.112538182115551,0.354652780209683,300,23,54,40,53,67
19,"ABC",3.15139958317023,0.112538182115551,0.354652780209683,300,24,49,42.475,53,70
19,"ABC",3.15139958317023,0.112538182115551,0.354652780209683,300,25,52,42,54,69.525
19,"ABC",3.15139958317023,0.112538182115551,0.354652780209683,300,26,55,39,53,68.525
19,"ABC",3.15139958317023,0.112538182115551,0.354652780209683,300,27,48,39.475,54,68.525
19,"ABC",3.15139958317023,0.112538182115551,0.354652780209683,300,28,50,40.475,54,70
19,"ABC",3.15139958317023,0.112538182115551,0.354652780209683,300,29,45,40.475,55,70.525
19,"ABC",3.15139958317023,0.112538182115551,0.354652780209683,300,30,43,40,54,70
19,"ABC",3.15139958317023,0.112538182115551,0.354652780209683,300,31,58,41,56,71
19,"ABC",3.15139958317023,0.112538182115551,0.354652780209683,300,32,55,41,54,71.525
19,"ABC",3.15139958317023,0.112538182115551,0.354652780209683,300,33,54,42,55,69.525
19,"ABC",3.15139958317023,0.112538182115551,0.354652780209683,300,34,46,40.475,56,70.525
19,"ABC",3.15139958317023,0.112538182115551,0.354652780209683,300,35,54,40,54,69.525
19,"ABC",3.15139958317023,0.112538182115551,0.354652780209683,300,36,51,41,54,72
19,"ABC",3.15139958317023,0.112538182115551,0.354652780209683,300,37,57,41,55,68
19,"ABC",3.15139958317023,0.112538182115551,0.354652780209683,300,38,48,42,54,68
19,"ABC",3.15139958317023,0.112538182115551,0.354652780209683,300,39,69,38.95,55,70
19,"ABC",3.15139958317023,0.112538182115551,0.354652780209683,300,40,62,38,55,70
19,"ABC",3.15139958317023,0.112538182115551,0.354652780209683,300,41,57,39.475,53.5,67
19,"ABC",3.15139958317023,0.112538182115551,0.354652780209683,300,42,53,38.475,53.5,69
19,"ABC",3.15139958317023,0.112538182115551,0.354652780209683,300,43,36,39,52.5,67
19,"ABC",3.15139958317023,0.112538182115551,0.354652780209683,300,44,46,40,53,68
19,"ABC",3.15139958317023,0.112538182115551,0.354652780209683,300,45,47,39,53,69.525
19,"ABC",3.15139958317023,0.112538182115551,0.354652780209683,300,46,41,38.475,52,65.525
19,"ABC",3.15139958317023,0.112538182115551,0.354652780209683,300,47,38,40,51,66.525
19,"ABC",3.15139958317023,0.112538182115551,0.354652780209683,300,48,55,37,51,67.525
19,"ABC",3.15139958317023,0.112538182115551,0.354652780209683,300,49,54,36,51,66
19,"ABC",3.15139958317023,0.112538182115551,0.354652780209683,300,50,50,37,49,63.525
19,"ABC",3.15139958317023,0.112538182115551,0.354652780209683,300,51,43,35,49,64
19,"ABC",3.15139958317023,0.112538182115551,0.354652780209683,300,52,53,35,48,63
19,"ABC",3.15139958317023,0.112538182115551,0.354652780209683,300,53,56,34.475,47,61
19,"ABC",3.15139958317023,0.112538182115551,0.354652780209683,300,54,46,34,48,62
19,"ABC",3.15139958317023,0.112538182115551,0.354652780209683,300,55,43,34,47,61.525
19,"ABC",3.15139958317023,0.112538182115551,0.354652780209683,300,56,50,35,47,59
19,"ABC",3.15139958317023,0.112538182115551,0.354652780209683,300,57,41,34,46,62.525
19,"ABC",3.15139958317023,0.112538182115551,0.354652780209683,300,58,30,31.475,45,58
19,"ABC",3.15139958317023,0.112538182115551,0.354652780209683,300,59,39,32,46,58
19,"ABC",3.15139958317023,0.112538182115551,0.354652780209683,300,60,38,32,44,58.525
19,"ABC",3.15139958317023,0.112538182115551,0.354652780209683,300,61,43,30,43,54.525
19,"ABC",3.15139958317023,0.112538182115551,0.354652780209683,300,62,50,28,42,57
19,"ABC",3.15139958317023,0.112538182115551,0.354652780209683,300,63,46,29,42,56
19,"ABC",3.15139958317023,0.112538182115551,0.354652780209683,300,64,37,29,42,54.525
19,"ABC",3.15139958317023,0.112538182115551,0.354652780209683,300,65,40,28,40,54.05
19,"ABC",3.15139958317023,0.112538182115551,0.354652780209683,300,66,45,29,40,52
19,"ABC",3.15139958317023,0.112538182115551,0.354652780209683,300,67,30,27,39,51
19,"ABC",3.15139958317023,0.112538182115551,0.354652780209683,300,68,33,28,39,50.525
19,"ABC",3.15139958317023,0.112538182115551,0.354652780209683,300,69,31,25,37,52.525
19,"ABC",3.15139958317023,0.112538182115551,0.354652780209683,300,70,26,26.475,37,50
19,"ABC",3.15139958317023,0.112538182115551,0.354652780209683,300,71,33,25.475,36,47
19,"ABC",3.15139958317023,0.112538182115551,0.354652780209683,300,72,33,26,36,47.525
19,"ABC",3.15139958317023,0.112538182115551,0.354652780209683,300,73,41,24,35,47
19,"ABC",3.15139958317023,0.112538182115551,0.354652780209683,300,74,35,23,34,45
19,"ABC",3.15139958317023,0.112538182115551,0.354652780209683,300,75,32,23,33.5,44.525
19,"ABC",3.15139958317023,0.112538182115551,0.354652780209683,300,76,26,22,33,44
19,"ABC",3.15139958317023,0.112538182115551,0.354652780209683,300,77,31,22,32,45
19,"ABC",3.15139958317023,0.112538182115551,0.354652780209683,300,78,25,21,31,42.525
19,"ABC",3.15139958317023,0.112538182115551,0.354652780209683,300,79,30,21,31,43
19,"ABC",3.15139958317023,0.112538182115551,0.354652780209683,300,80,27,19,30,40.525
19,"ABC",3.15139958317023,0.112538182115551,0.354652780209683,300,81,24,19.475,29,40
19,"ABC",3.15139958317023,0.112538182115551,0.354652780209683,300,82,25,19,29,39
19,"ABC",3.15139958317023,0.112538182115551,0.354652780209683,300,83,17,18,28,37
19,"ABC",3.15139958317023,0.112538182115551,0.354652780209683,300,84,25,18,28,38
19,"ABC",3.15139958317023,0.112538182115551,0.354652780209683,300,85,21,16,27,37
19,"ABC",3.15139958317023,0.112538182115551,0.354652780209683,300,86,8,16,26,37
19,"ABC",3.15139958317023,0.112538182115551,0.354652780209683,300,87,23,17,26,37
19,"ABC",3.15139958317023,0.112538182115551,0.354652780209683,300,88,26,14,25,36
19,"ABC",3.15139958317023,0.112538182115551,0.354652780209683,300,89,18,15,23,34
19,"ABC",3.15139958317023,0.112538182115551,0.354652780209683,300,90,23,14,24,33
19,"ABC",3.15139958317023,0.112538182115551,0.354652780209683,300,91,22,14,23,32
19,"ABC",3.15139958317023,0.112538182115551,0.354652780209683,300,92,18,15,23,33
19,"ABC",3.15139958317023,0.112538182115551,0.354652780209683,300,93,15,14.475,22,32
19,"ABC",3.15139958317023,0.112538182115551,0.354652780209683,300,94,23,13,21,31
19,"ABC",3.15139958317023,0.112538182115551,0.354652780209683,300,95,13,13,21,31
19,"ABC",3.15139958317023,0.112538182115551,0.354652780209683,300,96,19,13,21,30
19,"ABC",3.15139958317023,0.112538182115551,0.354652780209683,300,97,18,12,20,30
19,"ABC",3.15139958317023,0.112538182115551,0.354652780209683,300,98,13,11,20,29
19,"ABC",3.15139958317023,0.112538182115551,0.354652780209683,300,99,12,10.475,19,28
19,"ABC",3.15139958317023,0.112538182115551,0.354652780209683,300,100,16,11,19,29
19,"ABC",3.15139958317023,0.112538182115551,0.354652780209683,300,101,15,10,18,28
19,"ABC",3.15139958317023,0.112538182115551,0.354652780209683,300,102,13,10,17,26
19,"ABC",3.15139958317023,0.112538182115551,0.354652780209683,300,103,14,10,17,26
19,"ABC",3.15139958317023,0.112538182115551,0.354652780209683,300,104,13,9,17,26
19,"ABC",3.15139958317023,0.112538182115551,0.354652780209683,300,105,17,9,16,24
19,"ABC",3.15139958317023,0.112538182115551,0.354652780209683,300,106,10,8,15,24
19,"ABC",3.15139958317023,0.112538182115551,0.354652780209683,300,107,12,8,15,23.525
19,"ABC",3.15139958317023,0.112538182115551,0.354652780209683,300,108,7,8,15,22.525
19,"ABC",3.15139958317023,0.112538182115551,0.354652780209683,300,109,15,7,14,22.525
19,"ABC",3.15139958317023,0.112538182115551,0.354652780209683,300,110,14,7,14,24
19,"ABC",3.15139958317023,0.112538182115551,0.354652780209683,300,111,11,7,14,21.525
19,"ABC",3.15139958317023,0.112538182115551,0.354652780209683,300,112,9,7,13,21
19,"ABC",3.15139958317023,0.112538182115551,0.354652780209683,300,113,7,6,13,21
19,"ABC",3.15139958317023,0.112538182115551,0.354652780209683,300,114,10,6.475,13,20
19,"ABC",3.15139958317023,0.112538182115551,0.354652780209683,300,115,14,6,12,20
19,"ABC",3.15139958317023,0.112538182115551,0.354652780209683,300,116,14,7,12,20
19,"ABC",3.15139958317023,0.112538182115551,0.354652780209683,300,117,5,6,11,19
19,"ABC",3.15139958317023,0.112538182115551,0.354652780209683,300,118,10,5,11,19
19,"ABC",3.15139958317023,0.112538182115551,0.354652780209683,300,119,10,5,11,18
19,"ABC",3.15139958317023,0.112538182115551,0.354652780209683,300,120,8,5,11,17
19,"ABC",3.15139958317023,0.112538182115551,0.354652780209683,300,121,11,5,11,16.525
19,"ABC",3.15139958317023,0.112538182115551,0.354652780209683,300,122,10,4,10.5,17
19,"ABC",3.15139958317023,0.112538182115551,0.354652780209683,300,123,10,4,10,16.525
19,"ABC",3.15139958317023,0.112538182115551,0.354652780209683,300,124,9,4,9,16
19,"ABC",3.15139958317023,0.112538182115551,0.354652780209683,300,125,6,4,9,15
19,"ABC",3.15139958317023,0.112538182115551,0.354652780209683,300,126,7,4,9,16
19,"ABC",3.15139958317023,0.112538182115551,0.354652780209683,300,127,6,3,8,15
19,"ABC",3.15139958317023,0.112538182115551,0.354652780209683,300,128,7,4,9,15
19,"ABC",3.15139958317023,0.112538182115551,0.354652780209683,300,129,9,4,8,14
19,"ABC",3.15139958317023,0.112538182115551,0.354652780209683,300,130,7,3,8,14
19,"ABC",3.15139958317023,0.112538182115551,0.354652780209683,300,131,3,3,8,14
19,"ABC",3.15139958317023,0.112538182115551,0.354652780209683,300,132,3,3,7,14
19,"ABC",3.15139958317023,0.112538182115551,0.354652780209683,300,133,9,2,7,13
19,"ABC",3.15139958317023,0.112538182115551,0.354652780209683,300,134,9,2,7,13
19,"ABC",3.15139958317023,0.112538182115551,0.354652780209683,300,135,12,3,7,12
19,"ABC",3.15139958317023,0.112538182115551,0.354652780209683,300,136,6,2,7,13
19,"ABC",3.15139958317023,0.112538182115551,0.354652780209683,300,137,8,2,6,12
19,"ABC",3.15139958317023,0.112538182115551,0.354652780209683,300,138,3,2,6,11.525
19,"ABC",3.15139958317023,0.112538182115551,0.354652780209683,300,139,3,1,6,11
19,"ABC",3.15139958317023,0.112538182115551,0.354652780209683,300,140,7,2,6,11
19,"ABC",3.15139958317023,0.112538182115551,0.354652780209683,300,141,5,2,6,11
19,"ABC",3.15139958317023,0.112538182115551,0.354652780209683,300,142,5,1,5,10
19,"ABC",3.15139958317023,0.112538182115551,0.354652780209683,300,143,10,1.475,5,10
19,"ABC",3.15139958317023,0.112538182115551,0.354652780209683,300,144,7,1,5,11
19,"ABC",3.15139958317023,0.112538182115551,0.354652780209683,300,145,8,1,5,10
19,"ABC",3.15139958317023,0.112538182115551,0.354652780209683,300,146,5,1,5,9.52499999999998
19,"ABC",3.15139958317023,0.112538182115551,0.354652780209683,300,147,8,1,5,11
19,"ABC",3.15139958317023,0.112538182115551,0.354652780209683,300,148,4,1,4,9
19,"ABC",3.15139958317023,0.112538182115551,0.354652780209683,300,149,1,1,4,9.52499999999998
19,"ABC",3.15139958317023,0.112538182115551,0.354652780209683,300,150,1,1,4,8.52499999999998
19,"ABC",3.15139958317023,0.112538182115551,0.354652780209683,300,151,3,1,4,10
19,"ABC",3.15139958317023,0.112538182115551,0.354652780209683,300,152,3,0,4,9
19,"ABC",3.15139958317023,0.112538182115551,0.354652780209683,300,153,3,1,4,8
19,"ABC",3.15139958317023,0.112538182115551,0.354652780209683,300,154,4,1,4,8
19,"ABC",3.15139958317023,0.112538182115551,0.354652780209683,300,155,1,1,4,7.52499999999998
19,"ABC",3.15139958317023,0.112538182115551,0.354652780209683,300,156,5,1,3,8
19,"ABC",3.15139958317023,0.112538182115551,0.354652780209683,300,157,5,0.475000000000001,3,8
19,"ABC",3.15139958317023,0.112538182115551,0.354652780209683,300,158,4,1,3,7
19,"ABC",3.15139958317023,0.112538182115551,0.354652780209683,300,159,7,0,3,7
19,"ABC",3.15139958317023,0.112538182115551,0.354652780209683,300,160,4,0,3,7.52499999999998
19,"ABC",3.15139958317023,0.112538182115551,0.354652780209683,300,161,2,0,3,7
19,"ABC",3.15139958317023,0.112538182115551,0.354652780209683,300,162,2,0,3,7
19,"ABC",3.15139958317023,0.112538182115551,0.354652780209683,300,163,1,0,3,6
19,"ABC",3.15139958317023,0.112538182115551,0.354652780209683,300,164,4,0,3,7
19,"ABC",3.15139958317023,0.112538182115551,0.354652780209683,300,165,1,0,3,6.52499999999998
19,"ABC",3.15139958317023,0.112538182115551,0.354652780209683,300,166,5,0,2,5.52499999999998
19,"ABC",3.15139958317023,0.112538182115551,0.354652780209683,300,167,2,0,2,6
19,"ABC",3.15139958317023,0.112538182115551,0.354652780209683,300,168,3,0,2,6
19,"ABC",3.15139958317023,0.112538182115551,0.354652780209683,300,169,3,0,2,6
19,"ABC",3.15139958317023,0.112538182115551,0.354652780209683,300,170,2,0,2,6
19,"ABC",3.15139958317023,0.112538182115551,0.354652780209683,300,171,0,0,2,5.52499999999998
19,"ABC",3.15139958317023,0.112538182115551,0.354652780209683,300,172,1,0,2,5.52499999999998
19,"ABC",3.15139958317023,0.112538182115551,0.354652780209683,300,173,3,0,2,6
19,"ABC",3.15139958317023,0.112538182115551,0.354652780209683,300,174,1,0,2,5
19,"ABC",3.15139958317023,0.112538182115551,0.354652780209683,300,175,3,0,2,5
19,"ABC",3.15139958317023,0.112538182115551,0.354652780209683,300,176,2,0,2,5
19,"ABC",3.15139958317023,0.112538182115551,0.354652780209683,300,177,4,0,2,5
19,"ABC",3.15139958317023,0.112538182115551,0.354652780209683,300,178,3,0,2,4.52499999999998
19,"ABC",3.15139958317023,0.112538182115551,0.354652780209683,300,179,3,0,2,5.52499999999998
19,"ABC",3.15139958317023,0.112538182115551,0.354652780209683,300,180,2,0,2,5
19,"ABC",3.15139958317023,0.112538182115551,0.354652780209683,300,181,0,0,1,5
19,"ABC",3.15139958317023,0.112538182115551,0.354652780209683,300,182,0,0,2,5
19,"ABC",3.15139958317023,0.112538182115551,0.354652780209683,300,183,3,0,1,4.52499999999998
19,"ABC",3.15139958317023,0.112538182115551,0.354652780209683,300,184,0,0,1,5
19,"ABC",3.15139958317023,0.112538182115551,0.354652780209683,300,185,0,0,1,4
19,"ABC",3.15139958317023,0.112538182115551,0.354652780209683,300,186,0,0,1,4
19,"ABC",3.15139958317023,0.112538182115551,0.354652780209683,300,187,0,0,1,4.52499999999998
19,"ABC",3.15139958317023,0.112538182115551,0.354652780209683,300,188,0,0,1,4
19,"ABC",3.15139958317023,0.112538182115551,0.354652780209683,300,189,2,0,1,4
19,"ABC",3.15139958317023,0.112538182115551,0.354652780209683,300,190,1,0,1,4
19,"ABC",3.15139958317023,0.112538182115551,0.354652780209683,300,191,1,0,1,4
19,"ABC",3.15139958317023,0.112538182115551,0.354652780209683,300,192,1,0,1,4
19,"ABC",3.15139958317023,0.112538182115551,0.354652780209683,300,193,2,0,1,4
19,"ABC",3.15139958317023,0.112538182115551,0.354652780209683,300,194,3,0,1,4
19,"ABC",3.15139958317023,0.112538182115551,0.354652780209683,300,195,4,0,1,4
19,"ABC",3.15139958317023,0.112538182115551,0.354652780209683,300,196,1,0,1,3.52499999999998
19,"ABC",3.15139958317023,0.112538182115551,0.354652780209683,300,197,3,0,1,4
19,"ABC",3.15139958317023,0.112538182115551,0.354652780209683,300,198,0,0,1,3
19,"ABC",3.15139958317023,0.112538182115551,0.354652780209683,300,199,2,0,1,4
19,"ABC",3.15139958317023,0.112538182115551,0.354652780209683,300,200,1,0,1,3
19,"ABC",3.15139958317023,0.112538182115551,0.354652780209683,300,201,0,0,1,3
19,"ABC",3.15139958317023,0.112538182115551,0.354652780209683,300,202,3,0,1,3
19,"ABC",3.15139958317023,0.112538182115551,0.354652780209683,300,203,1,0,1,3
19,"ABC",3.15139958317023,0.112538182115551,0.354652780209683,300,204,1,0,1,3
19,"ABC",3.15139958317023,0.112538182115551,0.354652780209683,300,205,0,0,1,3
19,"ABC",3.15139958317023,0.112538182115551,0.354652780209683,300,206,1,0,1,3
19,"ABC",3.15139958317023,0.112538182115551,0.354652780209683,300,207,2,0,0.5,3
19,"ABC",3.15139958317023,0.112538182115551,0.354652780209683,300,208,0,0,1,3
19,"ABC",3.15139958317023,0.112538182115551,0.354652780209683,300,209,1,0,1,3
19,"ABC",3.15139958317023,0.112538182115551,0.354652780209683,300,210,1,0,0.5,3
19,"ABC",3.15139958317023,0.112538182115551,0.354652780209683,300,211,0,0,0,3
19,"ABC",3.15139958317023,0.112538182115551,0.354652780209683,300,212,1,0,0,3
19,"ABC",3.15139958317023,0.112538182115551,0.354652780209683,300,213,1,0,0,3
19,"ABC",3.15139958317023,0.112538182115551,0.354652780209683,300,214,2,0,0,3
19,"ABC",3.15139958317023,0.112538182115551,0.354652780209683,300,215,2,0,0.5,3
19,"ABC",3.15139958317023,0.112538182115551,0.354652780209683,300,216,1,0,0,2
19,"ABC",3.15139958317023,0.112538182115551,0.354652780209683,300,217,1,0,0,2
19,"ABC",3.15139958317023,0.112538182115551,0.354652780209683,300,218,0,0,0,2
19,"ABC",3.15139958317023,0.112538182115551,0.354652780209683,300,219,0,0,0,2
19,"ABC",3.15139958317023,0.112538182115551,0.354652780209683,300,220,1,0,0,3
19,"ABC",3.15139958317023,0.112538182115551,0.354652780209683,300,221,0,0,0,3
19,"ABC",3.15139958317023,0.112538182115551,0.354652780209683,300,222,0,0,0,2
19,"ABC",3.15139958317023,0.112538182115551,0.354652780209683,300,223,2,0,0,2
19,"ABC",3.15139958317023,0.112538182115551,0.354652780209683,300,224,0,0,0,2
19,"ABC",3.15139958317023,0.112538182115551,0.354652780209683,300,225,2,0,0,2
19,"ABC",3.15139958317023,0.112538182115551,0.354652780209683,300,226,0,0,0,2
19,"ABC",3.15139958317023,0.112538182115551,0.354652780209683,300,227,0,0,0,2
19,"ABC",3.15139958317023,0.112538182115551,0.354652780209683,300,228,0,0,0,2
19,"ABC",3.15139958317023,0.112538182115551,0.354652780209683,300,229,1,0,0,2
19,"ABC",3.15139958317023,0.112538182115551,0.354652780209683,300,230,0,0,0,2
19,"ABC",3.15139958317023,0.112538182115551,0.354652780209683,300,231,0,0,0,2
19,"ABC",3.15139958317023,0.112538182115551,0.354652780209683,300,232,1,0,0,2
19,"ABC",3.15139958317023,0.112538182115551,0.354652780209683,300,233,0,0,0,2
19,"ABC",3.15139958317023,0.112538182115551,0.354652780209683,300,234,0,0,0,2
19,"ABC",3.15139958317023,0.112538182115551,0.354652780209683,300,235,1,0,0,2
19,"ABC",3.15139958317023,0.112538182115551,0.354652780209683,300,236,0,0,0,2
19,"ABC",3.15139958317023,0.112538182115551,0.354652780209683,300,237,1,0,0,2
19,"ABC",3.15139958317023,0.112538182115551,0.354652780209683,300,238,0,0,0,1
19,"ABC",3.15139958317023,0.112538182115551,0.354652780209683,300,239,0,0,0,2
19,"ABC",3.15139958317023,0.112538182115551,0.354652780209683,300,240,1,0,0,2
19,"ABC",3.15139958317023,0.112538182115551,0.354652780209683,300,241,0,0,0,2
19,"ABC",3.15139958317023,0.112538182115551,0.354652780209683,300,242,0,0,0,2
19,"ABC",3.15139958317023,0.112538182115551,0.354652780209683,300,243,2,0,0,1
19,"ABC",3.15139958317023,0.112538182115551,0.354652780209683,300,244,1,0,0,2
19,"ABC",3.15139958317023,0.112538182115551,0.354652780209683,300,245,0,0,0,1
19,"ABC",3.15139958317023,0.112538182115551,0.354652780209683,300,246,0,0,0,2
19,"ABC",3.15139958317023,0.112538182115551,0.354652780209683,300,247,0,0,0,2
19,"ABC",3.15139958317023,0.112538182115551,0.354652780209683,300,248,0,0,0,1
19,"ABC",3.15139958317023,0.112538182115551,0.354652780209683,300,249,0,0,0,1
19,"ABC",3.15139958317023,0.112538182115551,0.354652780209683,300,250,0,0,0,1
19,"ABC",3.15139958317023,0.112538182115551,0.354652780209683,300,251,0,0,0,1
19,"ABC",3.15139958317023,0.112538182115551,0.354652780209683,300,252,0,0,0,2
19,"ABC",3.15139958317023,0.112538182115551,0.354652780209683,300,253,1,0,0,1
19,"ABC",3.15139958317023,0.112538182115551,0.354652780209683,300,254,0,0,0,1
19,"ABC",3.15139958317023,0.112538182115551,0.354652780209683,300,255,0,0,0,1.52499999999998
19,"ABC",3.15139958317023,0.112538182115551,0.354652780209683,300,256,0,0,0,1
19,"ABC",3.15139958317023,0.112538182115551,0.354652780209683,300,257,0,0,0,1
19,"ABC",3.15139958317023,0.112538182115551,0.354652780209683,300,258,1,0,0,1
19,"ABC",3.15139958317023,0.112538182115551,0.354652780209683,300,259,0,0,0,1
19,"ABC",3.15139958317023,0.112538182115551,0.354652780209683,300,260,0,0,0,1
19,"ABC",3.15139958317023,0.112538182115551,0.354652780209683,300,261,0,0,0,1
19,"ABC",3.15139958317023,0.112538182115551,0.354652780209683,300,262,0,0,0,1
19,"ABC",3.15139958317023,0.112538182115551,0.354652780209683,300,263,0,0,0,1
19,"ABC",3.15139958317023,0.112538182115551,0.354652780209683,300,264,0,0,0,1
19,"ABC",3.15139958317023,0.112538182115551,0.354652780209683,300,265,1,0,0,1
19,"ABC",3.15139958317023,0.112538182115551,0.354652780209683,300,266,0,0,0,1
19,"ABC",3.15139958317023,0.112538182115551,0.354652780209683,300,267,0,0,0,1
19,"ABC",3.15139958317023,0.112538182115551,0.354652780209683,300,268,0,0,0,1
19,"ABC",3.15139958317023,0.112538182115551,0.354652780209683,300,269,0,0,0,1
19,"ABC",3.15139958317023,0.112538182115551,0.354652780209683,300,270,0,0,0,1
19,"ABC",3.15139958317023,0.112538182115551,0.354652780209683,300,271,0,0,0,1
19,"ABC",3.15139958317023,0.112538182115551,0.354652780209683,300,272,0,0,0,1
19,"ABC",3.15139958317023,0.112538182115551,0.354652780209683,300,273,0,0,0,1
19,"ABC",3.15139958317023,0.112538182115551,0.354652780209683,300,274,0,0,0,1
19,"ABC",3.15139958317023,0.112538182115551,0.354652780209683,300,275,0,0,0,1
19,"ABC",3.15139958317023,0.112538182115551,0.354652780209683,300,276,0,0,0,1
19,"ABC",3.15139958317023,0.112538182115551,0.354652780209683,300,277,0,0,0,1
19,"ABC",3.15139958317023,0.112538182115551,0.354652780209683,300,278,0,0,0,1
19,"ABC",3.15139958317023,0.112538182115551,0.354652780209683,300,279,0,0,0,1
19,"ABC",3.15139958317023,0.112538182115551,0.354652780209683,300,280,0,0,0,1
19,"ABC",3.15139958317023,0.112538182115551,0.354652780209683,300,281,0,0,0,1
19,"ABC",3.15139958317023,0.112538182115551,0.354652780209683,300,282,0,0,0,1
19,"ABC",3.15139958317023,0.112538182115551,0.354652780209683,300,283,0,0,0,1
19,"ABC",3.15139958317023,0.112538182115551,0.354652780209683,300,284,0,0,0,1
19,"ABC",3.15139958317023,0.112538182115551,0.354652780209683,300,285,0,0,0,1
19,"ABC",3.15139958317023,0.112538182115551,0.354652780209683,300,286,0,0,0,1
19,"ABC",3.15139958317023,0.112538182115551,0.354652780209683,300,287,0,0,0,1
19,"ABC",3.15139958317023,0.112538182115551,0.354652780209683,300,288,0,0,0,1
19,"ABC",3.15139958317023,0.112538182115551,0.354652780209683,300,289,0,0,0,1
19,"ABC",3.15139958317023,0.112538182115551,0.354652780209683,300,290,0,0,0,1
19,"ABC",3.15139958317023,0.112538182115551,0.354652780209683,300,291,0,0,0,1
19,"ABC",3.15139958317023,0.112538182115551,0.354652780209683,300,292,0,0,0,1
19,"ABC",3.15139958317023,0.112538182115551,0.354652780209683,300,293,0,0,0,1
19,"ABC",3.15139958317023,0.112538182115551,0.354652780209683,300,294,0,0,0,1
19,"ABC",3.15139958317023,0.112538182115551,0.354652780209683,300,295,0,0,0,1
19,"ABC",3.15139958317023,0.112538182115551,0.354652780209683,300,296,0,0,0,1
19,"ABC",3.15139958317023,0.112538182115551,0.354652780209683,300,297,0,0,0,0.524999999999977
19,"ABC",3.15139958317023,0.112538182115551,0.354652780209683,300,298,0,0,0,1
19,"ABC",3.15139958317023,0.112538182115551,0.354652780209683,300,299,0,0,0,1
19,"ABC",3.15139958317023,0.112538182115551,0.354652780209683,300,300,0,0,0,1
19,"ABC",3.15139958317023,0.112538182115551,0.354652780209683,300,301,0,0,0,1
19,"ABC",3.15139958317023,0.112538182115551,0.354652780209683,300,302,0,0,0,0
19,"ABC",3.15139958317023,0.112538182115551,0.354652780209683,300,303,0,0,0,1
19,"ABC",3.15139958317023,0.112538182115551,0.354652780209683,300,304,0,0,0,1
19,"ABC",3.15139958317023,0.112538182115551,0.354652780209683,300,305,0,0,0,0.524999999999977
19,"ABC",3.15139958317023,0.112538182115551,0.354652780209683,300,306,0,0,0,0
19,"ABC",3.15139958317023,0.112538182115551,0.354652780209683,300,307,0,0,0,1
19,"ABC",3.15139958317023,0.112538182115551,0.354652780209683,300,308,0,0,0,1
19,"ABC",3.15139958317023,0.112538182115551,0.354652780209683,300,309,0,0,0,1
19,"ABC",3.15139958317023,0.112538182115551,0.354652780209683,300,310,0,0,0,0
19,"ABC",3.15139958317023,0.112538182115551,0.354652780209683,300,311,0,0,0,1
19,"ABC",3.15139958317023,0.112538182115551,0.354652780209683,300,312,0,0,0,1
19,"ABC",3.15139958317023,0.112538182115551,0.354652780209683,300,313,0,0,0,1
19,"ABC",3.15139958317023,0.112538182115551,0.354652780209683,300,314,0,0,0,1
19,"ABC",3.15139958317023,0.112538182115551,0.354652780209683,300,315,1,0,0,1
19,"ABC",3.15139958317023,0.112538182115551,0.354652780209683,300,316,0,0,0,1
19,"ABC",3.15139958317023,0.112538182115551,0.354652780209683,300,317,0,0,0,0.524999999999977
19,"ABC",3.15139958317023,0.112538182115551,0.354652780209683,300,318,0,0,0,1
19,"ABC",3.15139958317023,0.112538182115551,0.354652780209683,300,319,0,0,0,0
19,"ABC",3.15139958317023,0.112538182115551,0.354652780209683,300,320,0,0,0,0
19,"ABC",3.15139958317023,0.112538182115551,0.354652780209683,300,321,0,0,0,0
19,"ABC",3.15139958317023,0.112538182115551,0.354652780209683,300,322,0,0,0,0
19,"ABC",3.15139958317023,0.112538182115551,0.354652780209683,300,323,0,0,0,0
19,"ABC",3.15139958317023,0.112538182115551,0.354652780209683,300,324,0,0,0,0
19,"ABC",3.15139958317023,0.112538182115551,0.354652780209683,300,325,0,0,0,0
19,"ABC",3.15139958317023,0.112538182115551,0.354652780209683,300,326,0,0,0,0
19,"ABC",3.15139958317023,0.112538182115551,0.354652780209683,300,327,0,0,0,0
19,"ABC",3.15139958317023,0.112538182115551,0.354652780209683,300,328,0,0,0,1
19,"ABC",3.15139958317023,0.112538182115551,0.354652780209683,300,329,0,0,0,0
19,"ABC",3.15139958317023,0.112538182115551,0.354652780209683,300,330,0,0,0,1
19,"ABC",3.15139958317023,0.112538182115551,0.354652780209683,300,331,0,0,0,0
19,"ABC",3.15139958317023,0.112538182115551,0.354652780209683,300,332,0,0,0,0
19,"ABC",3.15139958317023,0.112538182115551,0.354652780209683,300,333,0,0,0,0
19,"ABC",3.15139958317023,0.112538182115551,0.354652780209683,300,334,0,0,0,0
19,"ABC",3.15139958317023,0.112538182115551,0.354652780209683,300,335,0,0,0,0
19,"ABC",3.15139958317023,0.112538182115551,0.354652780209683,300,336,0,0,0,0
19,"ABC",3.15139958317023,0.112538182115551,0.354652780209683,300,337,0,0,0,0
19,"ABC",3.15139958317023,0.112538182115551,0.354652780209683,300,338,0,0,0,0
19,"ABC",3.15139958317023,0.112538182115551,0.354652780209683,300,339,0,0,0,0
19,"ABC",3.15139958317023,0.112538182115551,0.354652780209683,300,340,0,0,0,0
19,"ABC",3.15139958317023,0.112538182115551,0.354652780209683,300,341,0,0,0,0
19,"ABC",3.15139958317023,0.112538182115551,0.354652780209683,300,342,0,0,0,0
19,"ABC",3.15139958317023,0.112538182115551,0.354652780209683,300,343,0,0,0,0
19,"ABC",3.15139958317023,0.112538182115551,0.354652780209683,300,344,0,0,0,0
19,"ABC",3.15139958317023,0.112538182115551,0.354652780209683,300,345,0,0,0,0
19,"ABC",3.15139958317023,0.112538182115551,0.354652780209683,300,346,0,0,0,0
19,"ABC",3.15139958317023,0.112538182115551,0.354652780209683,300,347,0,0,0,0
19,"ABC",3.15139958317023,0.112538182115551,0.354652780209683,300,348,0,0,0,0
19,"ABC",3.15139958317023,0.112538182115551,0.354652780209683,300,349,0,0,0,0
19,"ABC",3.15139958317023,0.112538182115551,0.354652780209683,300,350,0,0,0,0
19,"ABC",3.15139958317023,0.112538182115551,0.354652780209683,300,351,0,0,0,0
19,"ABC",3.15139958317023,0.112538182115551,0.354652780209683,300,352,0,0,0,0
19,"ABC",3.15139958317023,0.112538182115551,0.354652780209683,300,353,0,0,0,0
19,"ABC",3.15139958317023,0.112538182115551,0.354652780209683,300,354,0,0,0,0
19,"ABC",3.15139958317023,0.112538182115551,0.354652780209683,300,355,0,0,0,0
19,"ABC",3.15139958317023,0.112538182115551,0.354652780209683,300,356,0,0,0,0
19,"ABC",3.15139958317023,0.112538182115551,0.354652780209683,300,357,0,0,0,0
19,"ABC",3.15139958317023,0.112538182115551,0.354652780209683,300,358,0,0,0,0
19,"ABC",3.15139958317023,0.112538182115551,0.354652780209683,300,359,0,0,0,0
19,"ABC",3.15139958317023,0.112538182115551,0.354652780209683,300,360,0,0,0,0
19,"ABC",3.15139958317023,0.112538182115551,0.354652780209683,300,361,0,0,0,0
19,"ABC",3.15139958317023,0.112538182115551,0.354652780209683,300,362,0,0,0,0
19,"ABC",3.15139958317023,0.112538182115551,0.354652780209683,300,363,0,0,0,0
19,"ABC",3.15139958317023,0.112538182115551,0.354652780209683,300,364,0,0,0,0
19,"ABC",3.15139958317023,0.112538182115551,0.354652780209683,300,365,0,0,0,0
19,"ABC-SMC",4.8479660178825,0.0670211294238306,0.324916157926836,300,1,59,39,53,67
19,"ABC-SMC",4.8479660178825,0.0670211294238306,0.324916157926836,300,2,47,38.475,49,64.525
19,"ABC-SMC",4.8479660178825,0.0670211294238306,0.324916157926836,300,3,49,35,48,61
19,"ABC-SMC",4.8479660178825,0.0670211294238306,0.324916157926836,300,4,50,36,47,60
19,"ABC-SMC",4.8479660178825,0.0670211294238306,0.324916157926836,300,5,52,33,45,59.525
19,"ABC-SMC",4.8479660178825,0.0670211294238306,0.324916157926836,300,6,46,32,45,59
19,"ABC-SMC",4.8479660178825,0.0670211294238306,0.324916157926836,300,7,57,31.475,45,59
19,"ABC-SMC",4.8479660178825,0.0670211294238306,0.324916157926836,300,8,48,33.475,45,59
19,"ABC-SMC",4.8479660178825,0.0670211294238306,0.324916157926836,300,9,48,34,45,59
19,"ABC-SMC",4.8479660178825,0.0670211294238306,0.324916157926836,300,10,53,34,45,59.525
19,"ABC-SMC",4.8479660178825,0.0670211294238306,0.324916157926836,300,11,54,33.475,46,60.525
19,"ABC-SMC",4.8479660178825,0.0670211294238306,0.324916157926836,300,12,43,34.475,46.5,59
19,"ABC-SMC",4.8479660178825,0.0670211294238306,0.324916157926836,300,13,56,34,46,60
19,"ABC-SMC",4.8479660178825,0.0670211294238306,0.324916157926836,300,14,42,34,47,59.525
19,"ABC-SMC",4.8479660178825,0.0670211294238306,0.324916157926836,300,15,57,34,48,59.525
19,"ABC-SMC",4.8479660178825,0.0670211294238306,0.324916157926836,300,16,39,34.475,47,59.525
19,"ABC-SMC",4.8479660178825,0.0670211294238306,0.324916157926836,300,17,44,34,48.5,62
19,"ABC-SMC",4.8479660178825,0.0670211294238306,0.324916157926836,300,18,53,35.475,48,63
19,"ABC-SMC",4.8479660178825,0.0670211294238306,0.324916157926836,300,19,54,36,49,60
19,"ABC-SMC",4.8479660178825,0.0670211294238306,0.324916157926836,300,20,50,35,48,61
19,"ABC-SMC",4.8479660178825,0.0670211294238306,0.324916157926836,300,21,47,35.475,49,63
19,"ABC-SMC",4.8479660178825,0.0670211294238306,0.324916157926836,300,22,47,37,49,63.525
19,"ABC-SMC",4.8479660178825,0.0670211294238306,0.324916157926836,300,23,54,36,49,66
19,"ABC-SMC",4.8479660178825,0.0670211294238306,0.324916157926836,300,24,49,36,49,65
19,"ABC-SMC",4.8479660178825,0.0670211294238306,0.324916157926836,300,25,52,36,49,62
19,"ABC-SMC",4.8479660178825,0.0670211294238306,0.324916157926836,300,26,55,37.475,50,64
19,"ABC-SMC",4.8479660178825,0.0670211294238306,0.324916157926836,300,27,48,35,49,63.525
19,"ABC-SMC",4.8479660178825,0.0670211294238306,0.324916157926836,300,28,50,36,49,64.525
19,"ABC-SMC",4.8479660178825,0.0670211294238306,0.324916157926836,300,29,45,36,49,63
19,"ABC-SMC",4.8479660178825,0.0670211294238306,0.324916157926836,300,30,43,37,50,62.525
19,"ABC-SMC",4.8479660178825,0.0670211294238306,0.324916157926836,300,31,58,38.475,49,64.525
19,"ABC-SMC",4.8479660178825,0.0670211294238306,0.324916157926836,300,32,55,35,50,64
19,"ABC-SMC",4.8479660178825,0.0670211294238306,0.324916157926836,300,33,54,35,49,63.525
19,"ABC-SMC",4.8479660178825,0.0670211294238306,0.324916157926836,300,34,46,35,49,62
19,"ABC-SMC",4.8479660178825,0.0670211294238306,0.324916157926836,300,35,54,37,49,63.525
19,"ABC-SMC",4.8479660178825,0.0670211294238306,0.324916157926836,300,36,51,35.475,49,64
19,"ABC-SMC",4.8479660178825,0.0670211294238306,0.324916157926836,300,37,57,35,50,64.525
19,"ABC-SMC",4.8479660178825,0.0670211294238306,0.324916157926836,300,38,48,35,48.5,62
19,"ABC-SMC",4.8479660178825,0.0670211294238306,0.324916157926836,300,39,69,35,48,64
19,"ABC-SMC",4.8479660178825,0.0670211294238306,0.324916157926836,300,40,62,35,48,62.525
19,"ABC-SMC",4.8479660178825,0.0670211294238306,0.324916157926836,300,41,57,37,48,62.525
19,"ABC-SMC",4.8479660178825,0.0670211294238306,0.324916157926836,300,42,53,34,47,60.525
19,"ABC-SMC",4.8479660178825,0.0670211294238306,0.324916157926836,300,43,36,35,48,60
19,"ABC-SMC",4.8479660178825,0.0670211294238306,0.324916157926836,300,44,46,35.475,47,60
19,"ABC-SMC",4.8479660178825,0.0670211294238306,0.324916157926836,300,45,47,32,47,60
19,"ABC-SMC",4.8479660178825,0.0670211294238306,0.324916157926836,300,46,41,33,46,60
19,"ABC-SMC",4.8479660178825,0.0670211294238306,0.324916157926836,300,47,38,32,45.5,59.525
19,"ABC-SMC",4.8479660178825,0.0670211294238306,0.324916157926836,300,48,55,33.475,45,59
19,"ABC-SMC",4.8479660178825,0.0670211294238306,0.324916157926836,300,49,54,32,44,57
19,"ABC-SMC",4.8479660178825,0.0670211294238306,0.324916157926836,300,50,50,32,45,58
19,"ABC-SMC",4.8479660178825,0.0670211294238306,0.324916157926836,300,51,43,31,43,54.525
19,"ABC-SMC",4.8479660178825,0.0670211294238306,0.324916157926836,300,52,53,32,44,55.525
19,"ABC-SMC",4.8479660178825,0.0670211294238306,0.324916157926836,300,53,56,30,43,55.525
19,"ABC-SMC",4.8479660178825,0.0670211294238306,0.324916157926836,300,54,46,32,43,55
19,"ABC-SMC",4.8479660178825,0.0670211294238306,0.324916157926836,300,55,43,30.475,42,55
19,"ABC-SMC",4.8479660178825,0.0670211294238306,0.324916157926836,300,56,50,28.475,41,54
19,"ABC-SMC",4.8479660178825,0.0670211294238306,0.324916157926836,300,57,41,28.475,41,53.525
19,"ABC-SMC",4.8479660178825,0.0670211294238306,0.324916157926836,300,58,30,28,40,54
19,"ABC-SMC",4.8479660178825,0.0670211294238306,0.324916157926836,300,59,39,27,40,52
19,"ABC-SMC",4.8479660178825,0.0670211294238306,0.324916157926836,300,60,38,30,40,52
19,"ABC-SMC",4.8479660178825,0.0670211294238306,0.324916157926836,300,61,43,27,39,51
19,"ABC-SMC",4.8479660178825,0.0670211294238306,0.324916157926836,300,62,50,27.475,38,51.525
19,"ABC-SMC",4.8479660178825,0.0670211294238306,0.324916157926836,300,63,46,25.475,38,49
19,"ABC-SMC",4.8479660178825,0.0670211294238306,0.324916157926836,300,64,37,27,37,49
19,"ABC-SMC",4.8479660178825,0.0670211294238306,0.324916157926836,300,65,40,26.475,37,49
19,"ABC-SMC",4.8479660178825,0.0670211294238306,0.324916157926836,300,66,45,25,35,48.525
19,"ABC-SMC",4.8479660178825,0.0670211294238306,0.324916157926836,300,67,30,24.475,35,46
19,"ABC-SMC",4.8479660178825,0.0670211294238306,0.324916157926836,300,68,33,24,34,47
19,"ABC-SMC",4.8479660178825,0.0670211294238306,0.324916157926836,300,69,31,22,34,44.525
19,"ABC-SMC",4.8479660178825,0.0670211294238306,0.324916157926836,300,70,26,24.475,34,47
19,"ABC-SMC",4.8479660178825,0.0670211294238306,0.324916157926836,300,71,33,22,33,46
19,"ABC-SMC",4.8479660178825,0.0670211294238306,0.324916157926836,300,72,33,22.475,33,42
19,"ABC-SMC",4.8479660178825,0.0670211294238306,0.324916157926836,300,73,41,21,32,42.525
19,"ABC-SMC",4.8479660178825,0.0670211294238306,0.324916157926836,300,74,35,21,31,42.525
19,"ABC-SMC",4.8479660178825,0.0670211294238306,0.324916157926836,300,75,32,20.475,31,42
19,"ABC-SMC",4.8479660178825,0.0670211294238306,0.324916157926836,300,76,26,21,31,41
19,"ABC-SMC",4.8479660178825,0.0670211294238306,0.324916157926836,300,77,31,21.475,29,41
19,"ABC-SMC",4.8479660178825,0.0670211294238306,0.324916157926836,300,78,25,19,29,39
19,"ABC-SMC",4.8479660178825,0.0670211294238306,0.324916157926836,300,79,30,18,28,40
19,"ABC-SMC",4.8479660178825,0.0670211294238306,0.324916157926836,300,80,27,18,28,38
19,"ABC-SMC",4.8479660178825,0.0670211294238306,0.324916157926836,300,81,24,18,27,38.525
19,"ABC-SMC",4.8479660178825,0.0670211294238306,0.324916157926836,300,82,25,18,27,37
19,"ABC-SMC",4.8479660178825,0.0670211294238306,0.324916157926836,300,83,17,16,25,35.525
19,"ABC-SMC",4.8479660178825,0.0670211294238306,0.324916157926836,300,84,25,15.475,25.5,35.05
19,"ABC-SMC",4.8479660178825,0.0670211294238306,0.324916157926836,300,85,21,16.475,25,34.525
19,"ABC-SMC",4.8479660178825,0.0670211294238306,0.324916157926836,300,86,8,16,25,34
19,"ABC-SMC",4.8479660178825,0.0670211294238306,0.324916157926836,300,87,23,15,23,34
19,"ABC-SMC",4.8479660178825,0.0670211294238306,0.324916157926836,300,88,26,15.475,23,33
19,"ABC-SMC",4.8479660178825,0.0670211294238306,0.324916157926836,300,89,18,14,22.5,33.525
19,"ABC-SMC",4.8479660178825,0.0670211294238306,0.324916157926836,300,90,23,13.475,23,33
19,"ABC-SMC",4.8479660178825,0.0670211294238306,0.324916157926836,300,91,22,13,22,33
19,"ABC-SMC",4.8479660178825,0.0670211294238306,0.324916157926836,300,92,18,14,22,32
19,"ABC-SMC",4.8479660178825,0.0670211294238306,0.324916157926836,300,93,15,12.475,20,31.525
19,"ABC-SMC",4.8479660178825,0.0670211294238306,0.324916157926836,300,94,23,12,21,29
19,"ABC-SMC",4.8479660178825,0.0670211294238306,0.324916157926836,300,95,13,13,20,29
19,"ABC-SMC",4.8479660178825,0.0670211294238306,0.324916157926836,300,96,19,11,19,29
19,"ABC-SMC",4.8479660178825,0.0670211294238306,0.324916157926836,300,97,18,11,19,28.525
19,"ABC-SMC",4.8479660178825,0.0670211294238306,0.324916157926836,300,98,13,11,19,27.525
19,"ABC-SMC",4.8479660178825,0.0670211294238306,0.324916157926836,300,99,12,10.475,18,29
19,"ABC-SMC",4.8479660178825,0.0670211294238306,0.324916157926836,300,100,16,10,18,27.525
19,"ABC-SMC",4.8479660178825,0.0670211294238306,0.324916157926836,300,101,15,10,17,27
19,"ABC-SMC",4.8479660178825,0.0670211294238306,0.324916157926836,300,102,13,10,17,26
19,"ABC-SMC",4.8479660178825,0.0670211294238306,0.324916157926836,300,103,14,9,16,25
19,"ABC-SMC",4.8479660178825,0.0670211294238306,0.324916157926836,300,104,13,10,17,24
19,"ABC-SMC",4.8479660178825,0.0670211294238306,0.324916157926836,300,105,17,8.475,15,24
19,"ABC-SMC",4.8479660178825,0.0670211294238306,0.324916157926836,300,106,10,8,16,23.525
19,"ABC-SMC",4.8479660178825,0.0670211294238306,0.324916157926836,300,107,12,8,15,24
19,"ABC-SMC",4.8479660178825,0.0670211294238306,0.324916157926836,300,108,7,6.475,15,23
19,"ABC-SMC",4.8479660178825,0.0670211294238306,0.324916157926836,300,109,15,7,14,21
19,"ABC-SMC",4.8479660178825,0.0670211294238306,0.324916157926836,300,110,14,6.475,14,23
19,"ABC-SMC",4.8479660178825,0.0670211294238306,0.324916157926836,300,111,11,7.475,14,22
19,"ABC-SMC",4.8479660178825,0.0670211294238306,0.324916157926836,300,112,9,7,14,21.525
19,"ABC-SMC",4.8479660178825,0.0670211294238306,0.324916157926836,300,113,7,6.475,13,21
19,"ABC-SMC",4.8479660178825,0.0670211294238306,0.324916157926836,300,114,10,7,13,21
19,"ABC-SMC",4.8479660178825,0.0670211294238306,0.324916157926836,300,115,14,6,12,20
19,"ABC-SMC",4.8479660178825,0.0670211294238306,0.324916157926836,300,116,14,6,12,20
19,"ABC-SMC",4.8479660178825,0.0670211294238306,0.324916157926836,300,117,5,6,12,18
19,"ABC-SMC",4.8479660178825,0.0670211294238306,0.324916157926836,300,118,10,6,12,20
19,"ABC-SMC",4.8479660178825,0.0670211294238306,0.324916157926836,300,119,10,5,11,20
19,"ABC-SMC",4.8479660178825,0.0670211294238306,0.324916157926836,300,120,8,5,11,18
19,"ABC-SMC",4.8479660178825,0.0670211294238306,0.324916157926836,300,121,11,5,10,18
19,"ABC-SMC",4.8479660178825,0.0670211294238306,0.324916157926836,300,122,10,5,10,17
19,"ABC-SMC",4.8479660178825,0.0670211294238306,0.324916157926836,300,123,10,4,10,16
19,"ABC-SMC",4.8479660178825,0.0670211294238306,0.324916157926836,300,124,9,4,9,16.525
19,"ABC-SMC",4.8479660178825,0.0670211294238306,0.324916157926836,300,125,6,4,10,18
19,"ABC-SMC",4.8479660178825,0.0670211294238306,0.324916157926836,300,126,7,4,10,16
19,"ABC-SMC",4.8479660178825,0.0670211294238306,0.324916157926836,300,127,6,4,9,16
19,"ABC-SMC",4.8479660178825,0.0670211294238306,0.324916157926836,300,128,7,4,8,15.525
19,"ABC-SMC",4.8479660178825,0.0670211294238306,0.324916157926836,300,129,9,3,8,15
19,"ABC-SMC",4.8479660178825,0.0670211294238306,0.324916157926836,300,130,7,3,8,15
19,"ABC-SMC",4.8479660178825,0.0670211294238306,0.324916157926836,300,131,3,2,8,14
19,"ABC-SMC",4.8479660178825,0.0670211294238306,0.324916157926836,300,132,3,3,7,14
19,"ABC-SMC",4.8479660178825,0.0670211294238306,0.324916157926836,300,133,9,2.475,8,14
19,"ABC-SMC",4.8479660178825,0.0670211294238306,0.324916157926836,300,134,9,3,7,14
19,"ABC-SMC",4.8479660178825,0.0670211294238306,0.324916157926836,300,135,12,3,7,13.525
19,"ABC-SMC",4.8479660178825,0.0670211294238306,0.324916157926836,300,136,6,3,7,13
19,"ABC-SMC",4.8479660178825,0.0670211294238306,0.324916157926836,300,137,8,2,6,12.525
19,"ABC-SMC",4.8479660178825,0.0670211294238306,0.324916157926836,300,138,3,2.475,7,13
19,"ABC-SMC",4.8479660178825,0.0670211294238306,0.324916157926836,300,139,3,2,6,11
19,"ABC-SMC",4.8479660178825,0.0670211294238306,0.324916157926836,300,140,7,2,6,12
19,"ABC-SMC",4.8479660178825,0.0670211294238306,0.324916157926836,300,141,5,1,6,12
19,"ABC-SMC",4.8479660178825,0.0670211294238306,0.324916157926836,300,142,5,2,6,12
19,"ABC-SMC",4.8479660178825,0.0670211294238306,0.324916157926836,300,143,10,2,5,10.525
19,"ABC-SMC",4.8479660178825,0.0670211294238306,0.324916157926836,300,144,7,1.475,6,11
19,"ABC-SMC",4.8479660178825,0.0670211294238306,0.324916157926836,300,145,8,2,6,11
19,"ABC-SMC",4.8479660178825,0.0670211294238306,0.324916157926836,300,146,5,1,5,11
19,"ABC-SMC",4.8479660178825,0.0670211294238306,0.324916157926836,300,147,8,1,5,10
19,"ABC-SMC",4.8479660178825,0.0670211294238306,0.324916157926836,300,148,4,2,5,11
19,"ABC-SMC",4.8479660178825,0.0670211294238306,0.324916157926836,300,149,1,2,5,10
19,"ABC-SMC",4.8479660178825,0.0670211294238306,0.324916157926836,300,150,1,1,5,9
19,"ABC-SMC",4.8479660178825,0.0670211294238306,0.324916157926836,300,151,3,1,5,9
19,"ABC-SMC",4.8479660178825,0.0670211294238306,0.324916157926836,300,152,3,1,4,9
19,"ABC-SMC",4.8479660178825,0.0670211294238306,0.324916157926836,300,153,3,1,4.5,10
19,"ABC-SMC",4.8479660178825,0.0670211294238306,0.324916157926836,300,154,4,1,4,9
19,"ABC-SMC",4.8479660178825,0.0670211294238306,0.324916157926836,300,155,1,0.475000000000001,4,9
19,"ABC-SMC",4.8479660178825,0.0670211294238306,0.324916157926836,300,156,5,1,4,8
19,"ABC-SMC",4.8479660178825,0.0670211294238306,0.324916157926836,300,157,5,1,4,9
19,"ABC-SMC",4.8479660178825,0.0670211294238306,0.324916157926836,300,158,4,1,4,9
19,"ABC-SMC",4.8479660178825,0.0670211294238306,0.324916157926836,300,159,7,0,4,8.52499999999998
19,"ABC-SMC",4.8479660178825,0.0670211294238306,0.324916157926836,300,160,4,1,3,8
19,"ABC-SMC",4.8479660178825,0.0670211294238306,0.324916157926836,300,161,2,1,4,8.52499999999998
19,"ABC-SMC",4.8479660178825,0.0670211294238306,0.324916157926836,300,162,2,0,3,8
19,"ABC-SMC",4.8479660178825,0.0670211294238306,0.324916157926836,300,163,1,0,3,8
19,"ABC-SMC",4.8479660178825,0.0670211294238306,0.324916157926836,300,164,4,1,3,7
19,"ABC-SMC",4.8479660178825,0.0670211294238306,0.324916157926836,300,165,1,0,3,8
19,"ABC-SMC",4.8479660178825,0.0670211294238306,0.324916157926836,300,166,5,0,3,7
19,"ABC-SMC",4.8479660178825,0.0670211294238306,0.324916157926836,300,167,2,0,3,7
19,"ABC-SMC",4.8479660178825,0.0670211294238306,0.324916157926836,300,168,3,0,3,6.52499999999998
19,"ABC-SMC",4.8479660178825,0.0670211294238306,0.324916157926836,300,169,3,0,3,6.52499999999998
19,"ABC-SMC",4.8479660178825,0.0670211294238306,0.324916157926836,300,170,2,0,3,6
19,"ABC-SMC",4.8479660178825,0.0670211294238306,0.324916157926836,300,171,0,0,3,6
19,"ABC-SMC",4.8479660178825,0.0670211294238306,0.324916157926836,300,172,1,0,2,6
19,"ABC-SMC",4.8479660178825,0.0670211294238306,0.324916157926836,300,173,3,0,2,7
19,"ABC-SMC",4.8479660178825,0.0670211294238306,0.324916157926836,300,174,1,0,2,7
19,"ABC-SMC",4.8479660178825,0.0670211294238306,0.324916157926836,300,175,3,0,2,6
19,"ABC-SMC",4.8479660178825,0.0670211294238306,0.324916157926836,300,176,2,0,2,6
19,"ABC-SMC",4.8479660178825,0.0670211294238306,0.324916157926836,300,177,4,0,2,5.52499999999998
19,"ABC-SMC",4.8479660178825,0.0670211294238306,0.324916157926836,300,178,3,0,2,5
19,"ABC-SMC",4.8479660178825,0.0670211294238306,0.324916157926836,300,179,3,0,2,6
19,"ABC-SMC",4.8479660178825,0.0670211294238306,0.324916157926836,300,180,2,0,2,5
19,"ABC-SMC",4.8479660178825,0.0670211294238306,0.324916157926836,300,181,0,0,2,5
19,"ABC-SMC",4.8479660178825,0.0670211294238306,0.324916157926836,300,182,0,0,2,5
19,"ABC-SMC",4.8479660178825,0.0670211294238306,0.324916157926836,300,183,3,0,2,5
19,"ABC-SMC",4.8479660178825,0.0670211294238306,0.324916157926836,300,184,0,0,2,5
19,"ABC-SMC",4.8479660178825,0.0670211294238306,0.324916157926836,300,185,0,0,2,5
19,"ABC-SMC",4.8479660178825,0.0670211294238306,0.324916157926836,300,186,0,0,2,4.52499999999998
19,"ABC-SMC",4.8479660178825,0.0670211294238306,0.324916157926836,300,187,0,0,2,5
19,"ABC-SMC",4.8479660178825,0.0670211294238306,0.324916157926836,300,188,0,0,2,5
19,"ABC-SMC",4.8479660178825,0.0670211294238306,0.324916157926836,300,189,2,0,1,5
19,"ABC-SMC",4.8479660178825,0.0670211294238306,0.324916157926836,300,190,1,0,1,5
19,"ABC-SMC",4.8479660178825,0.0670211294238306,0.324916157926836,300,191,1,0,1,4
19,"ABC-SMC",4.8479660178825,0.0670211294238306,0.324916157926836,300,192,1,0,1,5
19,"ABC-SMC",4.8479660178825,0.0670211294238306,0.324916157926836,300,193,2,0,1,4
19,"ABC-SMC",4.8479660178825,0.0670211294238306,0.324916157926836,300,194,3,0,1,4.52499999999998
19,"ABC-SMC",4.8479660178825,0.0670211294238306,0.324916157926836,300,195,4,0,1,4
19,"ABC-SMC",4.8479660178825,0.0670211294238306,0.324916157926836,300,196,1,0,1,4
19,"ABC-SMC",4.8479660178825,0.0670211294238306,0.324916157926836,300,197,3,0,1,4
19,"ABC-SMC",4.8479660178825,0.0670211294238306,0.324916157926836,300,198,0,0,1,4
19,"ABC-SMC",4.8479660178825,0.0670211294238306,0.324916157926836,300,199,2,0,1,4
19,"ABC-SMC",4.8479660178825,0.0670211294238306,0.324916157926836,300,200,1,0,1,4
19,"ABC-SMC",4.8479660178825,0.0670211294238306,0.324916157926836,300,201,0,0,1,3
19,"ABC-SMC",4.8479660178825,0.0670211294238306,0.324916157926836,300,202,3,0,1,4
19,"ABC-SMC",4.8479660178825,0.0670211294238306,0.324916157926836,300,203,1,0,1,4
19,"ABC-SMC",4.8479660178825,0.0670211294238306,0.324916157926836,300,204,1,0,1,3
19,"ABC-SMC",4.8479660178825,0.0670211294238306,0.324916157926836,300,205,0,0,1,3
19,"ABC-SMC",4.8479660178825,0.0670211294238306,0.324916157926836,300,206,1,0,1,3
19,"ABC-SMC",4.8479660178825,0.0670211294238306,0.324916157926836,300,207,2,0,1,3
19,"ABC-SMC",4.8479660178825,0.0670211294238306,0.324916157926836,300,208,0,0,1,3
19,"ABC-SMC",4.8479660178825,0.0670211294238306,0.324916157926836,300,209,1,0,1,3
19,"ABC-SMC",4.8479660178825,0.0670211294238306,0.324916157926836,300,210,1,0,1,3
19,"ABC-SMC",4.8479660178825,0.0670211294238306,0.324916157926836,300,211,0,0,1,3
19,"ABC-SMC",4.8479660178825,0.0670211294238306,0.324916157926836,300,212,1,0,1,3
19,"ABC-SMC",4.8479660178825,0.0670211294238306,0.324916157926836,300,213,1,0,1,3
19,"ABC-SMC",4.8479660178825,0.0670211294238306,0.324916157926836,300,214,2,0,1,3
19,"ABC-SMC",4.8479660178825,0.0670211294238306,0.324916157926836,300,215,2,0,1,2
19,"ABC-SMC",4.8479660178825,0.0670211294238306,0.324916157926836,300,216,1,0,1,3
19,"ABC-SMC",4.8479660178825,0.0670211294238306,0.324916157926836,300,217,1,0,1,3
19,"ABC-SMC",4.8479660178825,0.0670211294238306,0.324916157926836,300,218,0,0,0.5,3
19,"ABC-SMC",4.8479660178825,0.0670211294238306,0.324916157926836,300,219,0,0,0,3
19,"ABC-SMC",4.8479660178825,0.0670211294238306,0.324916157926836,300,220,1,0,0,2
19,"ABC-SMC",4.8479660178825,0.0670211294238306,0.324916157926836,300,221,0,0,1,3
19,"ABC-SMC",4.8479660178825,0.0670211294238306,0.324916157926836,300,222,0,0,0,2
19,"ABC-SMC",4.8479660178825,0.0670211294238306,0.324916157926836,300,223,2,0,0,2
19,"ABC-SMC",4.8479660178825,0.0670211294238306,0.324916157926836,300,224,0,0,0,2
19,"ABC-SMC",4.8479660178825,0.0670211294238306,0.324916157926836,300,225,2,0,0,2
19,"ABC-SMC",4.8479660178825,0.0670211294238306,0.324916157926836,300,226,0,0,0,2
19,"ABC-SMC",4.8479660178825,0.0670211294238306,0.324916157926836,300,227,0,0,0,2
19,"ABC-SMC",4.8479660178825,0.0670211294238306,0.324916157926836,300,228,0,0,0,2.52499999999998
19,"ABC-SMC",4.8479660178825,0.0670211294238306,0.324916157926836,300,229,1,0,0,2
19,"ABC-SMC",4.8479660178825,0.0670211294238306,0.324916157926836,300,230,0,0,0,2
19,"ABC-SMC",4.8479660178825,0.0670211294238306,0.324916157926836,300,231,0,0,0,2
19,"ABC-SMC",4.8479660178825,0.0670211294238306,0.324916157926836,300,232,1,0,0,2
19,"ABC-SMC",4.8479660178825,0.0670211294238306,0.324916157926836,300,233,0,0,0,2
19,"ABC-SMC",4.8479660178825,0.0670211294238306,0.324916157926836,300,234,0,0,0,2
19,"ABC-SMC",4.8479660178825,0.0670211294238306,0.324916157926836,300,235,1,0,0,2
19,"ABC-SMC",4.8479660178825,0.0670211294238306,0.324916157926836,300,236,0,0,0,2
19,"ABC-SMC",4.8479660178825,0.0670211294238306,0.324916157926836,300,237,1,0,0,2
19,"ABC-SMC",4.8479660178825,0.0670211294238306,0.324916157926836,300,238,0,0,0,2
19,"ABC-SMC",4.8479660178825,0.0670211294238306,0.324916157926836,300,239,0,0,0,2
19,"ABC-SMC",4.8479660178825,0.0670211294238306,0.324916157926836,300,240,1,0,0,2
19,"ABC-SMC",4.8479660178825,0.0670211294238306,0.324916157926836,300,241,0,0,0,2
19,"ABC-SMC",4.8479660178825,0.0670211294238306,0.324916157926836,300,242,0,0,0,1
19,"ABC-SMC",4.8479660178825,0.0670211294238306,0.324916157926836,300,243,2,0,0,2
19,"ABC-SMC",4.8479660178825,0.0670211294238306,0.324916157926836,300,244,1,0,0,2
19,"ABC-SMC",4.8479660178825,0.0670211294238306,0.324916157926836,300,245,0,0,0,2
19,"ABC-SMC",4.8479660178825,0.0670211294238306,0.324916157926836,300,246,0,0,0,2
19,"ABC-SMC",4.8479660178825,0.0670211294238306,0.324916157926836,300,247,0,0,0,2
19,"ABC-SMC",4.8479660178825,0.0670211294238306,0.324916157926836,300,248,0,0,0,2
19,"ABC-SMC",4.8479660178825,0.0670211294238306,0.324916157926836,300,249,0,0,0,2
19,"ABC-SMC",4.8479660178825,0.0670211294238306,0.324916157926836,300,250,0,0,0,1
19,"ABC-SMC",4.8479660178825,0.0670211294238306,0.324916157926836,300,251,0,0,0,1.52499999999998
19,"ABC-SMC",4.8479660178825,0.0670211294238306,0.324916157926836,300,252,0,0,0,2
19,"ABC-SMC",4.8479660178825,0.0670211294238306,0.324916157926836,300,253,1,0,0,2
19,"ABC-SMC",4.8479660178825,0.0670211294238306,0.324916157926836,300,254,0,0,0,1
19,"ABC-SMC",4.8479660178825,0.0670211294238306,0.324916157926836,300,255,0,0,0,2
19,"ABC-SMC",4.8479660178825,0.0670211294238306,0.324916157926836,300,256,0,0,0,1
19,"ABC-SMC",4.8479660178825,0.0670211294238306,0.324916157926836,300,257,0,0,0,2
19,"ABC-SMC",4.8479660178825,0.0670211294238306,0.324916157926836,300,258,1,0,0,1
19,"ABC-SMC",4.8479660178825,0.0670211294238306,0.324916157926836,300,259,0,0,0,2
19,"ABC-SMC",4.8479660178825,0.0670211294238306,0.324916157926836,300,260,0,0,0,1
19,"ABC-SMC",4.8479660178825,0.0670211294238306,0.324916157926836,300,261,0,0,0,1
19,"ABC-SMC",4.8479660178825,0.0670211294238306,0.324916157926836,300,262,0,0,0,1
19,"ABC-SMC",4.8479660178825,0.0670211294238306,0.324916157926836,300,263,0,0,0,1
19,"ABC-SMC",4.8479660178825,0.0670211294238306,0.324916157926836,300,264,0,0,0,1
19,"ABC-SMC",4.8479660178825,0.0670211294238306,0.324916157926836,300,265,1,0,0,1
19,"ABC-SMC",4.8479660178825,0.0670211294238306,0.324916157926836,300,266,0,0,0,1
19,"ABC-SMC",4.8479660178825,0.0670211294238306,0.324916157926836,300,267,0,0,0,1
19,"ABC-SMC",4.8479660178825,0.0670211294238306,0.324916157926836,300,268,0,0,0,1
19,"ABC-SMC",4.8479660178825,0.0670211294238306,0.324916157926836,300,269,0,0,0,1
19,"ABC-SMC",4.8479660178825,0.0670211294238306,0.324916157926836,300,270,0,0,0,2
19,"ABC-SMC",4.8479660178825,0.0670211294238306,0.324916157926836,300,271,0,0,0,1
19,"ABC-SMC",4.8479660178825,0.0670211294238306,0.324916157926836,300,272,0,0,0,1
19,"ABC-SMC",4.8479660178825,0.0670211294238306,0.324916157926836,300,273,0,0,0,1
19,"ABC-SMC",4.8479660178825,0.0670211294238306,0.324916157926836,300,274,0,0,0,1
19,"ABC-SMC",4.8479660178825,0.0670211294238306,0.324916157926836,300,275,0,0,0,1
19,"ABC-SMC",4.8479660178825,0.0670211294238306,0.324916157926836,300,276,0,0,0,1
19,"ABC-SMC",4.8479660178825,0.0670211294238306,0.324916157926836,300,277,0,0,0,1
19,"ABC-SMC",4.8479660178825,0.0670211294238306,0.324916157926836,300,278,0,0,0,1
19,"ABC-SMC",4.8479660178825,0.0670211294238306,0.324916157926836,300,279,0,0,0,1
19,"ABC-SMC",4.8479660178825,0.0670211294238306,0.324916157926836,300,280,0,0,0,1
19,"ABC-SMC",4.8479660178825,0.0670211294238306,0.324916157926836,300,281,0,0,0,1
19,"ABC-SMC",4.8479660178825,0.0670211294238306,0.324916157926836,300,282,0,0,0,1
19,"ABC-SMC",4.8479660178825,0.0670211294238306,0.324916157926836,300,283,0,0,0,1
19,"ABC-SMC",4.8479660178825,0.0670211294238306,0.324916157926836,300,284,0,0,0,1
19,"ABC-SMC",4.8479660178825,0.0670211294238306,0.324916157926836,300,285,0,0,0,1
19,"ABC-SMC",4.8479660178825,0.0670211294238306,0.324916157926836,300,286,0,0,0,1
19,"ABC-SMC",4.8479660178825,0.0670211294238306,0.324916157926836,300,287,0,0,0,1
19,"ABC-SMC",4.8479660178825,0.0670211294238306,0.324916157926836,300,288,0,0,0,1
19,"ABC-SMC",4.8479660178825,0.0670211294238306,0.324916157926836,300,289,0,0,0,1
19,"ABC-SMC",4.8479660178825,0.0670211294238306,0.324916157926836,300,290,0,0,0,1
19,"ABC-SMC",4.8479660178825,0.0670211294238306,0.324916157926836,300,291,0,0,0,1
19,"ABC-SMC",4.8479660178825,0.0670211294238306,0.324916157926836,300,292,0,0,0,1
19,"ABC-SMC",4.8479660178825,0.0670211294238306,0.324916157926836,300,293,0,0,0,1
19,"ABC-SMC",4.8479660178825,0.0670211294238306,0.324916157926836,300,294,0,0,0,1
19,"ABC-SMC",4.8479660178825,0.0670211294238306,0.324916157926836,300,295,0,0,0,1
19,"ABC-SMC",4.8479660178825,0.0670211294238306,0.324916157926836,300,296,0,0,0,1
19,"ABC-SMC",4.8479660178825,0.0670211294238306,0.324916157926836,300,297,0,0,0,1
19,"ABC-SMC",4.8479660178825,0.0670211294238306,0.324916157926836,300,298,0,0,0,1
19,"ABC-SMC",4.8479660178825,0.0670211294238306,0.324916157926836,300,299,0,0,0,1
19,"ABC-SMC",4.8479660178825,0.0670211294238306,0.324916157926836,300,300,0,0,0,1
19,"ABC-SMC",4.8479660178825,0.0670211294238306,0.324916157926836,300,301,0,0,0,1
19,"ABC-SMC",4.8479660178825,0.0670211294238306,0.324916157926836,300,302,0,0,0,1
19,"ABC-SMC",4.8479660178825,0.0670211294238306,0.324916157926836,300,303,0,0,0,1
19,"ABC-SMC",4.8479660178825,0.0670211294238306,0.324916157926836,300,304,0,0,0,1
19,"ABC-SMC",4.8479660178825,0.0670211294238306,0.324916157926836,300,305,0,0,0,1
19,"ABC-SMC",4.8479660178825,0.0670211294238306,0.324916157926836,300,306,0,0,0,1
19,"ABC-SMC",4.8479660178825,0.0670211294238306,0.324916157926836,300,307,0,0,0,1
19,"ABC-SMC",4.8479660178825,0.0670211294238306,0.324916157926836,300,308,0,0,0,1
19,"ABC-SMC",4.8479660178825,0.0670211294238306,0.324916157926836,300,309,0,0,0,1
19,"ABC-SMC",4.8479660178825,0.0670211294238306,0.324916157926836,300,310,0,0,0,1
19,"ABC-SMC",4.8479660178825,0.0670211294238306,0.324916157926836,300,311,0,0,0,1
19,"ABC-SMC",4.8479660178825,0.0670211294238306,0.324916157926836,300,312,0,0,0,1
19,"ABC-SMC",4.8479660178825,0.0670211294238306,0.324916157926836,300,313,0,0,0,1
19,"ABC-SMC",4.8479660178825,0.0670211294238306,0.324916157926836,300,314,0,0,0,1
19,"ABC-SMC",4.8479660178825,0.0670211294238306,0.324916157926836,300,315,1,0,0,1
19,"ABC-SMC",4.8479660178825,0.0670211294238306,0.324916157926836,300,316,0,0,0,1
19,"ABC-SMC",4.8479660178825,0.0670211294238306,0.324916157926836,300,317,0,0,0,1
19,"ABC-SMC",4.8479660178825,0.0670211294238306,0.324916157926836,300,318,0,0,0,1
19,"ABC-SMC",4.8479660178825,0.0670211294238306,0.324916157926836,300,319,0,0,0,1
19,"ABC-SMC",4.8479660178825,0.0670211294238306,0.324916157926836,300,320,0,0,0,1
19,"ABC-SMC",4.8479660178825,0.0670211294238306,0.324916157926836,300,321,0,0,0,1
19,"ABC-SMC",4.8479660178825,0.0670211294238306,0.324916157926836,300,322,0,0,0,1
19,"ABC-SMC",4.8479660178825,0.0670211294238306,0.324916157926836,300,323,0,0,0,1
19,"ABC-SMC",4.8479660178825,0.0670211294238306,0.324916157926836,300,324,0,0,0,1
19,"ABC-SMC",4.8479660178825,0.0670211294238306,0.324916157926836,300,325,0,0,0,1
19,"ABC-SMC",4.8479660178825,0.0670211294238306,0.324916157926836,300,326,0,0,0,1
19,"ABC-SMC",4.8479660178825,0.0670211294238306,0.324916157926836,300,327,0,0,0,0
19,"ABC-SMC",4.8479660178825,0.0670211294238306,0.324916157926836,300,328,0,0,0,1
19,"ABC-SMC",4.8479660178825,0.0670211294238306,0.324916157926836,300,329,0,0,0,0
19,"ABC-SMC",4.8479660178825,0.0670211294238306,0.324916157926836,300,330,0,0,0,1
19,"ABC-SMC",4.8479660178825,0.0670211294238306,0.324916157926836,300,331,0,0,0,0
19,"ABC-SMC",4.8479660178825,0.0670211294238306,0.324916157926836,300,332,0,0,0,1
19,"ABC-SMC",4.8479660178825,0.0670211294238306,0.324916157926836,300,333,0,0,0,0
19,"ABC-SMC",4.8479660178825,0.0670211294238306,0.324916157926836,300,334,0,0,0,1
19,"ABC-SMC",4.8479660178825,0.0670211294238306,0.324916157926836,300,335,0,0,0,0
19,"ABC-SMC",4.8479660178825,0.0670211294238306,0.324916157926836,300,336,0,0,0,1
19,"ABC-SMC",4.8479660178825,0.0670211294238306,0.324916157926836,300,337,0,0,0,0
19,"ABC-SMC",4.8479660178825,0.0670211294238306,0.324916157926836,300,338,0,0,0,0
19,"ABC-SMC",4.8479660178825,0.0670211294238306,0.324916157926836,300,339,0,0,0,0
19,"ABC-SMC",4.8479660178825,0.0670211294238306,0.324916157926836,300,340,0,0,0,0
19,"ABC-SMC",4.8479660178825,0.0670211294238306,0.324916157926836,300,341,0,0,0,0
19,"ABC-SMC",4.8479660178825,0.0670211294238306,0.324916157926836,300,342,0,0,0,0.524999999999977
19,"ABC-SMC",4.8479660178825,0.0670211294238306,0.324916157926836,300,343,0,0,0,0.524999999999977
19,"ABC-SMC",4.8479660178825,0.0670211294238306,0.324916157926836,300,344,0,0,0,0
19,"ABC-SMC",4.8479660178825,0.0670211294238306,0.324916157926836,300,345,0,0,0,0
19,"ABC-SMC",4.8479660178825,0.0670211294238306,0.324916157926836,300,346,0,0,0,0
19,"ABC-SMC",4.8479660178825,0.0670211294238306,0.324916157926836,300,347,0,0,0,1
19,"ABC-SMC",4.8479660178825,0.0670211294238306,0.324916157926836,300,348,0,0,0,0
19,"ABC-SMC",4.8479660178825,0.0670211294238306,0.324916157926836,300,349,0,0,0,0
19,"ABC-SMC",4.8479660178825,0.0670211294238306,0.324916157926836,300,350,0,0,0,0
19,"ABC-SMC",4.8479660178825,0.0670211294238306,0.324916157926836,300,351,0,0,0,0
19,"ABC-SMC",4.8479660178825,0.0670211294238306,0.324916157926836,300,352,0,0,0,0
19,"ABC-SMC",4.8479660178825,0.0670211294238306,0.324916157926836,300,353,0,0,0,0
19,"ABC-SMC",4.8479660178825,0.0670211294238306,0.324916157926836,300,354,0,0,0,0
19,"ABC-SMC",4.8479660178825,0.0670211294238306,0.324916157926836,300,355,0,0,0,0
19,"ABC-SMC",4.8479660178825,0.0670211294238306,0.324916157926836,300,356,0,0,0,0
19,"ABC-SMC",4.8479660178825,0.0670211294238306,0.324916157926836,300,357,0,0,0,0
19,"ABC-SMC",4.8479660178825,0.0670211294238306,0.324916157926836,300,358,0,0,0,0
19,"ABC-SMC",4.8479660178825,0.0670211294238306,0.324916157926836,300,359,0,0,0,0
19,"ABC-SMC",4.8479660178825,0.0670211294238306,0.324916157926836,300,360,0,0,0,0
19,"ABC-SMC",4.8479660178825,0.0670211294238306,0.324916157926836,300,361,0,0,0,0
19,"ABC-SMC",4.8479660178825,0.0670211294238306,0.324916157926836,300,362,0,0,0,0
19,"ABC-SMC",4.8479660178825,0.0670211294238306,0.324916157926836,300,363,0,0,0,0
19,"ABC-SMC",4.8479660178825,0.0670211294238306,0.324916157926836,300,364,0,0,0,0
19,"ABC-SMC",4.8479660178825,0.0670211294238306,0.324916157926836,300,365,0,0,0,0
19,"NelderMead",10.5,0.5005,5.25525,300,1,59,39,53,67
19,"NelderMead",10.5,0.5005,5.25525,300,2,47,37.475,49.5,63
19,"NelderMead",10.5,0.5005,5.25525,300,3,49,46.475,59,75.525
19,"NelderMead",10.5,0.5005,5.25525,300,4,50,62,78,98
19,"NelderMead",10.5,0.5005,5.25525,300,5,52,79.95,102,123
19,"NelderMead",10.5,0.5005,5.25525,300,6,46,108,131,156.525
19,"NelderMead",10.5,0.5005,5.25525,300,7,57,138,162,194.525
19,"NelderMead",10.5,0.5005,5.25525,300,8,48,167,192.5,221.05
19,"NelderMead",10.5,0.5005,5.25525,300,9,48,192,223,251
19,"NelderMead",10.5,0.5005,5.25525,300,10,53,214.95,244,271
19,"NelderMead",10.5,0.5005,5.25525,300,11,54,223.475,252,283
19,"NelderMead",10.5,0.5005,5.25525,300,12,43,231,258,293.05
19,"NelderMead",10.5,0.5005,5.25525,300,13,56,222.475,256,288.525
19,"NelderMead",10.5,0.5005,5.25525,300,14,42,216.475,244,276
19,"NelderMead",10.5,0.5005,5.25525,300,15,57,208,236,264
19,"NelderMead",10.5,0.5005,5.25525,300,16,39,196.475,221,247
19,"NelderMead",10.5,0.5005,5.25525,300,17,44,182.475,212,240
19,"NelderMead",10.5,0.5005,5.25525,300,18,53,174,201,223
19,"NelderMead",10.5,0.5005,5.25525,300,19,54,160,190,211.525
19,"NelderMead",10.5,0.5005,5.25525,300,20,50,152,178,202.525
19,"NelderMead",10.5,0.5005,5.25525,300,21,47,144,167,189
19,"NelderMead",10.5,0.5005,5.25525,300,22,47,134,157,182
19,"NelderMead",10.5,0.5005,5.25525,300,23,54,125.475,148,171.575
19,"NelderMead",10.5,0.5005,5.25525,300,24,49,116.475,138,160.525
19,"NelderMead",10.5,0.5005,5.25525,300,25,52,110,131,153
19,"NelderMead",10.5,0.5005,5.25525,300,26,55,101.475,124,143
19,"NelderMead",10.5,0.5005,5.25525,300,27,48,96,117,138
19,"NelderMead",10.5,0.5005,5.25525,300,28,50,89.475,110,130
19,"NelderMead",10.5,0.5005,5.25525,300,29,45,83.475,103,126.525
19,"NelderMead",10.5,0.5005,5.25525,300,30,43,77,97,116
19,"NelderMead",10.5,0.5005,5.25525,300,31,58,73.475,92,110.525
19,"NelderMead",10.5,0.5005,5.25525,300,32,55,68.475,87,104.525
19,"NelderMead",10.5,0.5005,5.25525,300,33,54,61.95,81,99.525
19,"NelderMead",10.5,0.5005,5.25525,300,34,46,60.475,76,92
19,"NelderMead",10.5,0.5005,5.25525,300,35,54,57,70,88
19,"NelderMead",10.5,0.5005,5.25525,300,36,51,53,68,86.525
19,"NelderMead",10.5,0.5005,5.25525,300,37,57,49.475,63,81
19,"NelderMead",10.5,0.5005,5.25525,300,38,48,48,59,74
19,"NelderMead",10.5,0.5005,5.25525,300,39,69,43.475,56,72.05
19,"NelderMead",10.5,0.5005,5.25525,300,40,62,38,54,68
19,"NelderMead",10.5,0.5005,5.25525,300,41,57,38,50,64
19,"NelderMead",10.5,0.5005,5.25525,300,42,53,34,48,60
19,"NelderMead",10.5,0.5005,5.25525,300,43,36,31,44,58
19,"NelderMead",10.5,0.5005,5.25525,300,44,46,31,42,55.525
19,"NelderMead",10.5,0.5005,5.25525,300,45,47,29,40,52
19,"NelderMead",10.5,0.5005,5.25525,300,46,41,25,37,49.525
19,"NelderMead",10.5,0.5005,5.25525,300,47,38,24,34,46
19,"NelderMead",10.5,0.5005,5.25525,300,48,55,24,33,45
19,"NelderMead",10.5,0.5005,5.25525,300,49,54,21,31,43
19,"NelderMead",10.5,0.5005,5.25525,300,50,50,19,29,40
19,"NelderMead",10.5,0.5005,5.25525,300,51,43,17,27,38
19,"NelderMead",10.5,0.5005,5.25525,300,52,53,15.475,26,36.525
19,"NelderMead",10.5,0.5005,5.25525,300,53,56,16,24,33.525
19,"NelderMead",10.5,0.5005,5.25525,300,54,46,14,23,34
19,"NelderMead",10.5,0.5005,5.25525,300,55,43,14.475,21,31
19,"NelderMead",10.5,0.5005,5.25525,300,56,50,12.475,20,29
19,"NelderMead",10.5,0.5005,5.25525,300,57,41,12,19,27
19,"NelderMead",10.5,0.5005,5.25525,300,58,30,11,18,26
19,"NelderMead",10.5,0.5005,5.25525,300,59,39,10,17,25.525
19,"NelderMead",10.5,0.5005,5.25525,300,60,38,9,16,25.525
19,"NelderMead",10.5,0.5005,5.25525,300,61,43,8,15,23.525
19,"NelderMead",10.5,0.5005,5.25525,300,62,50,7,14,22
19,"NelderMead",10.5,0.5005,5.25525,300,63,46,6,13,20.525
19,"NelderMead",10.5,0.5005,5.25525,300,64,37,6,12,20
19,"NelderMead",10.5,0.5005,5.25525,300,65,40,5,12,20
19,"NelderMead",10.5,0.5005,5.25525,300,66,45,6,11,19
19,"NelderMead",10.5,0.5005,5.25525,300,67,30,5,10,18
19,"NelderMead",10.5,0.5005,5.25525,300,68,33,5,10,17
19,"NelderMead",10.5,0.5005,5.25525,300,69,31,4,9,15
19,"NelderMead",10.5,0.5005,5.25525,300,70,26,3.475,9,15
19,"NelderMead",10.5,0.5005,5.25525,300,71,33,3,8,15
19,"NelderMead",10.5,0.5005,5.25525,300,72,33,3,8,14
19,"NelderMead",10.5,0.5005,5.25525,300,73,41,2,7,13
19,"NelderMead",10.5,0.5005,5.25525,300,74,35,2,7,12.525
19,"NelderMead",10.5,0.5005,5.25525,300,75,32,2,6,12
19,"NelderMead",10.5,0.5005,5.25525,300,76,26,2,6,12
19,"NelderMead",10.5,0.5005,5.25525,300,77,31,2,6,11
19,"NelderMead",10.5,0.5005,5.25525,300,78,25,2,6,10
19,"NelderMead",10.5,0.5005,5.25525,300,79,30,2,5,10
19,"NelderMead",10.5,0.5005,5.25525,300,80,27,1,5,9
19,"NelderMead",10.5,0.5005,5.25525,300,81,24,1,5,10
19,"NelderMead",10.5,0.5005,5.25525,300,82,25,1,4,9
19,"NelderMead",10.5,0.5005,5.25525,300,83,17,1,4,9
19,"NelderMead",10.5,0.5005,5.25525,300,84,25,1,4,8
19,"NelderMead",10.5,0.5005,5.25525,300,85,21,0,3,7
19,"NelderMead",10.5,0.5005,5.25525,300,86,8,1,3,7
19,"NelderMead",10.5,0.5005,5.25525,300,87,23,0,3,7.52499999999998
19,"NelderMead",10.5,0.5005,5.25525,300,88,26,0,3,7
19,"NelderMead",10.5,0.5005,5.25525,300,89,18,0,3,7
19,"NelderMead",10.5,0.5005,5.25525,300,90,23,0,3,6.52499999999998
19,"NelderMead",10.5,0.5005,5.25525,300,91,22,0,2,6
19,"NelderMead",10.5,0.5005,5.25525,300,92,18,0,2,5
19,"NelderMead",10.5,0.5005,5.25525,300,93,15,0,2,5
19,"NelderMead",10.5,0.5005,5.25525,300,94,23,0,2,5
19,"NelderMead",10.5,0.5005,5.25525,300,95,13,0,2,5
19,"NelderMead",10.5,0.5005,5.25525,300,96,19,0,2,5
19,"NelderMead",10.5,0.5005,5.25525,300,97,18,0,2,5
19,"NelderMead",10.5,0.5005,5.25525,300,98,13,0,2,4
19,"NelderMead",10.5,0.5005,5.25525,300,99,12,0,1,4
19,"NelderMead",10.5,0.5005,5.25525,300,100,16,0,2,4
19,"NelderMead",10.5,0.5005,5.25525,300,101,15,0,1,4
19,"NelderMead",10.5,0.5005,5.25525,300,102,13,0,1,4
19,"NelderMead",10.5,0.5005,5.25525,300,103,14,0,1,4
19,"NelderMead",10.5,0.5005,5.25525,300,104,13,0,1,3.52499999999998
19,"NelderMead",10.5,0.5005,5.25525,300,105,17,0,1,3
19,"NelderMead",10.5,0.5005,5.25525,300,106,10,0,1,3
19,"NelderMead",10.5,0.5005,5.25525,300,107,12,0,1,3.52499999999998
19,"NelderMead",10.5,0.5005,5.25525,300,108,7,0,1,3
19,"NelderMead",10.5,0.5005,5.25525,300,109,15,0,1,3
19,"NelderMead",10.5,0.5005,5.25525,300,110,14,0,1,3
19,"NelderMead",10.5,0.5005,5.25525,300,111,11,0,1,3
19,"NelderMead",10.5,0.5005,5.25525,300,112,9,0,1,3
19,"NelderMead",10.5,0.5005,5.25525,300,113,7,0,1,3
19,"NelderMead",10.5,0.5005,5.25525,300,114,10,0,0,2
19,"NelderMead",10.5,0.5005,5.25525,300,115,14,0,0,2
19,"NelderMead",10.5,0.5005,5.25525,300,116,14,0,0,2
19,"NelderMead",10.5,0.5005,5.25525,300,117,5,0,0,2
19,"NelderMead",10.5,0.5005,5.25525,300,118,10,0,0,2
19,"NelderMead",10.5,0.5005,5.25525,300,119,10,0,0,2
19,"NelderMead",10.5,0.5005,5.25525,300,120,8,0,0,2
19,"NelderMead",10.5,0.5005,5.25525,300,121,11,0,0,2
19,"NelderMead",10.5,0.5005,5.25525,300,122,10,0,0,2
19,"NelderMead",10.5,0.5005,5.25525,300,123,10,0,0,2
19,"NelderMead",10.5,0.5005,5.25525,300,124,9,0,0,2
19,"NelderMead",10.5,0.5005,5.25525,300,125,6,0,0,2
19,"NelderMead",10.5,0.5005,5.25525,300,126,7,0,0,2
19,"NelderMead",10.5,0.5005,5.25525,300,127,6,0,0,1.52499999999998
19,"NelderMead",10.5,0.5005,5.25525,300,128,7,0,0,1
19,"NelderMead",10.5,0.5005,5.25525,300,129,9,0,0,2
19,"NelderMead",10.5,0.5005,5.25525,300,130,7,0,0,2
19,"NelderMead",10.5,0.5005,5.25525,300,131,3,0,0,1
19,"NelderMead",10.5,0.5005,5.25525,300,132,3,0,0,1
19,"NelderMead",10.5,0.5005,5.25525,300,133,9,0,0,1
19,"NelderMead",10.5,0.5005,5.25525,300,134,9,0,0,1
19,"NelderMead",10.5,0.5005,5.25525,300,135,12,0,0,1.52499999999998
19,"NelderMead",10.5,0.5005,5.25525,300,136,6,0,0,1
19,"NelderMead",10.5,0.5005,5.25525,300,137,8,0,0,1
19,"NelderMead",10.5,0.5005,5.25525,300,138,3,0,0,1
19,"NelderMead",10.5,0.5005,5.25525,300,139,3,0,0,1
19,"NelderMead",10.5,0.5005,5.25525,300,140,7,0,0,1
19,"NelderMead",10.5,0.5005,5.25525,300,141,5,0,0,1
19,"NelderMead",10.5,0.5005,5.25525,300,142,5,0,0,1
19,"NelderMead",10.5,0.5005,5.25525,300,143,10,0,0,1
19,"NelderMead",10.5,0.5005,5.25525,300,144,7,0,0,1
19,"NelderMead",10.5,0.5005,5.25525,300,145,8,0,0,1
19,"NelderMead",10.5,0.5005,5.25525,300,146,5,0,0,1
19,"NelderMead",10.5,0.5005,5.25525,300,147,8,0,0,1
19,"NelderMead",10.5,0.5005,5.25525,300,148,4,0,0,1
19,"NelderMead",10.5,0.5005,5.25525,300,149,1,0,0,1
19,"NelderMead",10.5,0.5005,5.25525,300,150,1,0,0,1
19,"NelderMead",10.5,0.5005,5.25525,300,151,3,0,0,1
19,"NelderMead",10.5,0.5005,5.25525,300,152,3,0,0,1
19,"NelderMead",10.5,0.5005,5.25525,300,153,3,0,0,1
19,"NelderMead",10.5,0.5005,5.25525,300,154,4,0,0,1
19,"NelderMead",10.5,0.5005,5.25525,300,155,1,0,0,1
19,"NelderMead",10.5,0.5005,5.25525,300,156,5,0,0,1
19,"NelderMead",10.5,0.5005,5.25525,300,157,5,0,0,1
19,"NelderMead",10.5,0.5005,5.25525,300,158,4,0,0,1
19,"NelderMead",10.5,0.5005,5.25525,300,159,7,0,0,1
19,"NelderMead",10.5,0.5005,5.25525,300,160,4,0,0,1
19,"NelderMead",10.5,0.5005,5.25525,300,161,2,0,0,1
19,"NelderMead",10.5,0.5005,5.25525,300,162,2,0,0,1
19,"NelderMead",10.5,0.5005,5.25525,300,163,1,0,0,1
19,"NelderMead",10.5,0.5005,5.25525,300,164,4,0,0,1
19,"NelderMead",10.5,0.5005,5.25525,300,165,1,0,0,0
19,"NelderMead",10.5,0.5005,5.25525,300,166,5,0,0,0
19,"NelderMead",10.5,0.5005,5.25525,300,167,2,0,0,0
19,"NelderMead",10.5,0.5005,5.25525,300,168,3,0,0,0
19,"NelderMead",10.5,0.5005,5.25525,300,169,3,0,0,0
19,"NelderMead",10.5,0.5005,5.25525,300,170,2,0,0,0
19,"NelderMead",10.5,0.5005,5.25525,300,171,0,0,0,0
19,"NelderMead",10.5,0.5005,5.25525,300,172,1,0,0,1
19,"NelderMead",10.5,0.5005,5.25525,300,173,3,0,0,0
19,"NelderMead",10.5,0.5005,5.25525,300,174,1,0,0,0
19,"NelderMead",10.5,0.5005,5.25525,300,175,3,0,0,0
19,"NelderMead",10.5,0.5005,5.25525,300,176,2,0,0,0
19,"NelderMead",10.5,0.5005,5.25525,300,177,4,0,0,0
19,"NelderMead",10.5,0.5005,5.25525,300,178,3,0,0,0
19,"NelderMead",10.5,0.5005,5.25525,300,179,3,0,0,0
19,"NelderMead",10.5,0.5005,5.25525,300,180,2,0,0,0
19,"NelderMead",10.5,0.5005,5.25525,300,181,0,0,0,0
19,"NelderMead",10.5,0.5005,5.25525,300,182,0,0,0,0
19,"NelderMead",10.5,0.5005,5.25525,300,183,3,0,0,0
19,"NelderMead",10.5,0.5005,5.25525,300,184,0,0,0,0
19,"NelderMead",10.5,0.5005,5.25525,300,185,0,0,0,0
19,"NelderMead",10.5,0.5005,5.25525,300,186,0,0,0,0
19,"NelderMead",10.5,0.5005,5.25525,300,187,0,0,0,0
19,"NelderMead",10.5,0.5005,5.25525,300,188,0,0,0,0
19,"NelderMead",10.5,0.5005,5.25525,300,189,2,0,0,0
19,"NelderMead",10.5,0.5005,5.25525,300,190,1,0,0,0
19,"NelderMead",10.5,0.5005,5.25525,300,191,1,0,0,0
19,"NelderMead",10.5,0.5005,5.25525,300,192,1,0,0,0
19,"NelderMead",10.5,0.5005,5.25525,300,193,2,0,0,0
19,"NelderMead",10.5,0.5005,5.25525,300,194,3,0,0,0
19,"NelderMead",10.5,0.5005,5.25525,300,195,4,0,0,0
19,"NelderMead",10.5,0.5005,5.25525,300,196,1,0,0,0
19,"NelderMead",10.5,0.5005,5.25525,300,197,3,0,0,0
19,"NelderMead",10.5,0.5005,5.25525,300,198,0,0,0,0
19,"NelderMead",10.5,0.5005,5.25525,300,199,2,0,0,0
19,"NelderMead",10.5,0.5005,5.25525,300,200,1,0,0,0
19,"NelderMead",10.5,0.5005,5.25525,300,201,0,0,0,0
19,"NelderMead",10.5,0.5005,5.25525,300,202,3,0,0,0
19,"NelderMead",10.5,0.5005,5.25525,300,203,1,0,0,0
19,"NelderMead",10.5,0.5005,5.25525,300,204,1,0,0,0
19,"NelderMead",10.5,0.5005,5.25525,300,205,0,0,0,0
19,"NelderMead",10.5,0.5005,5.25525,300,206,1,0,0,0
19,"NelderMead",10.5,0.5005,5.25525,300,207,2,0,0,0
19,"NelderMead",10.5,0.5005,5.25525,300,208,0,0,0,0
19,"NelderMead",10.5,0.5005,5.25525,300,209,1,0,0,0
19,"NelderMead",10.5,0.5005,5.25525,300,210,1,0,0,0
19,"NelderMead",10.5,0.5005,5.25525,300,211,0,0,0,0
19,"NelderMead",10.5,0.5005,5.25525,300,212,1,0,0,0
19,"NelderMead",10.5,0.5005,5.25525,300,213,1,0,0,0
19,"NelderMead",10.5,0.5005,5.25525,300,214,2,0,0,0
19,"NelderMead",10.5,0.5005,5.25525,300,215,2,0,0,0
19,"NelderMead",10.5,0.5005,5.25525,300,216,1,0,0,0
19,"NelderMead",10.5,0.5005,5.25525,300,217,1,0,0,0
19,"NelderMead",10.5,0.5005,5.25525,300,218,0,0,0,0
19,"NelderMead",10.5,0.5005,5.25525,300,219,0,0,0,0
19,"NelderMead",10.5,0.5005,5.25525,300,220,1,0,0,0
19,"NelderMead",10.5,0.5005,5.25525,300,221,0,0,0,0
19,"NelderMead",10.5,0.5005,5.25525,300,222,0,0,0,0
19,"NelderMead",10.5,0.5005,5.25525,300,223,2,0,0,0
19,"NelderMead",10.5,0.5005,5.25525,300,224,0,0,0,0
19,"NelderMead",10.5,0.5005,5.25525,300,225,2,0,0,0
19,"NelderMead",10.5,0.5005,5.25525,300,226,0,0,0,0
19,"NelderMead",10.5,0.5005,5.25525,300,227,0,0,0,0
19,"NelderMead",10.5,0.5005,5.25525,300,228,0,0,0,0
19,"NelderMead",10.5,0.5005,5.25525,300,229,1,0,0,0
19,"NelderMead",10.5,0.5005,5.25525,300,230,0,0,0,0
19,"NelderMead",10.5,0.5005,5.25525,300,231,0,0,0,0
19,"NelderMead",10.5,0.5005,5.25525,300,232,1,0,0,0
19,"NelderMead",10.5,0.5005,5.25525,300,233,0,0,0,0
19,"NelderMead",10.5,0.5005,5.25525,300,234,0,0,0,0
19,"NelderMead",10.5,0.5005,5.25525,300,235,1,0,0,0
19,"NelderMead",10.5,0.5005,5.25525,300,236,0,0,0,0
19,"NelderMead",10.5,0.5005,5.25525,300,237,1,0,0,0
19,"NelderMead",10.5,0.5005,5.25525,300,238,0,0,0,0
19,"NelderMead",10.5,0.5005,5.25525,300,239,0,0,0,0
19,"NelderMead",10.5,0.5005,5.25525,300,240,1,0,0,0
19,"NelderMead",10.5,0.5005,5.25525,300,241,0,0,0,0
19,"NelderMead",10.5,0.5005,5.25525,300,242,0,0,0,0
19,"NelderMead",10.5,0.5005,5.25525,300,243,2,0,0,0
19,"NelderMead",10.5,0.5005,5.25525,300,244,1,0,0,0
19,"NelderMead",10.5,0.5005,5.25525,300,245,0,0,0,0
19,"NelderMead",10.5,0.5005,5.25525,300,246,0,0,0,0
19,"NelderMead",10.5,0.5005,5.25525,300,247,0,0,0,0
19,"NelderMead",10.5,0.5005,5.25525,300,248,0,0,0,0
19,"NelderMead",10.5,0.5005,5.25525,300,249,0,0,0,0
19,"NelderMead",10.5,0.5005,5.25525,300,250,0,0,0,0
19,"NelderMead",10.5,0.5005,5.25525,300,251,0,0,0,0
19,"NelderMead",10.5,0.5005,5.25525,300,252,0,0,0,0
19,"NelderMead",10.5,0.5005,5.25525,300,253,1,0,0,0
19,"NelderMead",10.5,0.5005,5.25525,300,254,0,0,0,0
19,"NelderMead",10.5,0.5005,5.25525,300,255,0,0,0,0
19,"NelderMead",10.5,0.5005,5.25525,300,256,0,0,0,0
19,"NelderMead",10.5,0.5005,5.25525,300,257,0,0,0,0
19,"NelderMead",10.5,0.5005,5.25525,300,258,1,0,0,0
19,"NelderMead",10.5,0.5005,5.25525,300,259,0,0,0,0
19,"NelderMead",10.5,0.5005,5.25525,300,260,0,0,0,0
19,"NelderMead",10.5,0.5005,5.25525,300,261,0,0,0,0
19,"NelderMead",10.5,0.5005,5.25525,300,262,0,0,0,0
19,"NelderMead",10.5,0.5005,5.25525,300,263,0,0,0,0
19,"NelderMead",10.5,0.5005,5.25525,300,264,0,0,0,0
19,"NelderMead",10.5,0.5005,5.25525,300,265,1,0,0,0
19,"NelderMead",10.5,0.5005,5.25525,300,266,0,0,0,0
19,"NelderMead",10.5,0.5005,5.25525,300,267,0,0,0,0
19,"NelderMead",10.5,0.5005,5.25525,300,268,0,0,0,0
19,"NelderMead",10.5,0.5005,5.25525,300,269,0,0,0,0
19,"NelderMead",10.5,0.5005,5.25525,300,270,0,0,0,0
19,"NelderMead",10.5,0.5005,5.25525,300,271,0,0,0,0
19,"NelderMead",10.5,0.5005,5.25525,300,272,0,0,0,0
19,"NelderMead",10.5,0.5005,5.25525,300,273,0,0,0,0
19,"NelderMead",10.5,0.5005,5.25525,300,274,0,0,0,0
19,"NelderMead",10.5,0.5005,5.25525,300,275,0,0,0,0
19,"NelderMead",10.5,0.5005,5.25525,300,276,0,0,0,0
19,"NelderMead",10.5,0.5005,5.25525,300,277,0,0,0,0
19,"NelderMead",10.5,0.5005,5.25525,300,278,0,0,0,0
19,"NelderMead",10.5,0.5005,5.25525,300,279,0,0,0,0
19,"NelderMead",10.5,0.5005,5.25525,300,280,0,0,0,0
19,"NelderMead",10.5,0.5005,5.25525,300,281,0,0,0,0
19,"NelderMead",10.5,0.5005,5.25525,300,282,0,0,0,0
19,"NelderMead",10.5,0.5005,5.25525,300,283,0,0,0,0
19,"NelderMead",10.5,0.5005,5.25525,300,284,0,0,0,0
19,"NelderMead",10.5,0.5005,5.25525,300,285,0,0,0,0
19,"NelderMead",10.5,0.5005,5.25525,300,286,0,0,0,0
19,"NelderMead",10.5,0.5005,5.25525,300,287,0,0,0,0
19,"NelderMead",10.5,0.5005,5.25525,300,288,0,0,0,0
19,"NelderMead",10.5,0.5005,5.25525,300,289,0,0,0,0
19,"NelderMead",10.5,0.5005,5.25525,300,290,0,0,0,0
19,"NelderMead",10.5,0.5005,5.25525,300,291,0,0,0,0
19,"NelderMead",10.5,0.5005,5.25525,300,292,0,0,0,0
19,"NelderMead",10.5,0.5005,5.25525,300,293,0,0,0,0
19,"NelderMead",10.5,0.5005,5.25525,300,294,0,0,0,0
19,"NelderMead",10.5,0.5005,5.25525,300,295,0,0,0,0
19,"NelderMead",10.5,0.5005,5.25525,300,296,0,0,0,0
19,"NelderMead",10.5,0.5005,5.25525,300,297,0,0,0,0
19,"NelderMead",10.5,0.5005,5.25525,300,298,0,0,0,0
19,"NelderMead",10.5,0.5005,5.25525,300,299,0,0,0,0
19,"NelderMead",10.5,0.5005,5.25525,300,300,0,0,0,0
19,"NelderMead",10.5,0.5005,5.25525,300,301,0,0,0,0
19,"NelderMead",10.5,0.5005,5.25525,300,302,0,0,0,0
19,"NelderMead",10.5,0.5005,5.25525,300,303,0,0,0,0
19,"NelderMead",10.5,0.5005,5.25525,300,304,0,0,0,0
19,"NelderMead",10.5,0.5005,5.25525,300,305,0,0,0,0
19,"NelderMead",10.5,0.5005,5.25525,300,306,0,0,0,0
19,"NelderMead",10.5,0.5005,5.25525,300,307,0,0,0,0
19,"NelderMead",10.5,0.5005,5.25525,300,308,0,0,0,0
19,"NelderMead",10.5,0.5005,5.25525,300,309,0,0,0,0
19,"NelderMead",10.5,0.5005,5.25525,300,310,0,0,0,0
19,"NelderMead",10.5,0.5005,5.25525,300,311,0,0,0,0
19,"NelderMead",10.5,0.5005,5.25525,300,312,0,0,0,0
19,"NelderMead",10.5,0.5005,5.25525,300,313,0,0,0,0
19,"NelderMead",10.5,0.5005,5.25525,300,314,0,0,0,0
19,"NelderMead",10.5,0.5005,5.25525,300,315,1,0,0,0
19,"NelderMead",10.5,0.5005,5.25525,300,316,0,0,0,0
19,"NelderMead",10.5,0.5005,5.25525,300,317,0,0,0,0
19,"NelderMead",10.5,0.5005,5.25525,300,318,0,0,0,0
19,"NelderMead",10.5,0.5005,5.25525,300,319,0,0,0,0
19,"NelderMead",10.5,0.5005,5.25525,300,320,0,0,0,0
19,"NelderMead",10.5,0.5005,5.25525,300,321,0,0,0,0
19,"NelderMead",10.5,0.5005,5.25525,300,322,0,0,0,0
19,"NelderMead",10.5,0.5005,5.25525,300,323,0,0,0,0
19,"NelderMead",10.5,0.5005,5.25525,300,324,0,0,0,0
19,"NelderMead",10.5,0.5005,5.25525,300,325,0,0,0,0
19,"NelderMead",10.5,0.5005,5.25525,300,326,0,0,0,0
19,"NelderMead",10.5,0.5005,5.25525,300,327,0,0,0,0
19,"NelderMead",10.5,0.5005,5.25525,300,328,0,0,0,0
19,"NelderMead",10.5,0.5005,5.25525,300,329,0,0,0,0
19,"NelderMead",10.5,0.5005,5.25525,300,330,0,0,0,0
19,"NelderMead",10.5,0.5005,5.25525,300,331,0,0,0,0
19,"NelderMead",10.5,0.5005,5.25525,300,332,0,0,0,0
19,"NelderMead",10.5,0.5005,5.25525,300,333,0,0,0,0
19,"NelderMead",10.5,0.5005,5.25525,300,334,0,0,0,0
19,"NelderMead",10.5,0.5005,5.25525,300,335,0,0,0,0
19,"NelderMead",10.5,0.5005,5.25525,300,336,0,0,0,0
19,"NelderMead",10.5,0.5005,5.25525,300,337,0,0,0,0
19,"NelderMead",10.5,0.5005,5.25525,300,338,0,0,0,0
19,"NelderMead",10.5,0.5005,5.25525,300,339,0,0,0,0
19,"NelderMead",10.5,0.5005,5.25525,300,340,0,0,0,0
19,"NelderMead",10.5,0.5005,5.25525,300,341,0,0,0,0
19,"NelderMead",10.5,0.5005,5.25525,300,342,0,0,0,0
19,"NelderMead",10.5,0.5005,5.25525,300,343,0,0,0,0
19,"NelderMead",10.5,0.5005,5.25525,300,344,0,0,0,0
19,"NelderMead",10.5,0.5005,5.25525,300,345,0,0,0,0
19,"NelderMead",10.5,0.5005,5.25525,300,346,0,0,0,0
19,"NelderMead",10.5,0.5005,5.25525,300,347,0,0,0,0
19,"NelderMead",10.5,0.5005,5.25525,300,348,0,0,0,0
19,"NelderMead",10.5,0.5005,5.25525,300,349,0,0,0,0
19,"NelderMead",10.5,0.5005,5.25525,300,350,0,0,0,0
19,"NelderMead",10.5,0.5005,5.25525,300,351,0,0,0,0
19,"NelderMead",10.5,0.5005,5.25525,300,352,0,0,0,0
19,"NelderMead",10.5,0.5005,5.25525,300,353,0,0,0,0
19,"NelderMead",10.5,0.5005,5.25525,300,354,0,0,0,0
19,"NelderMead",10.5,0.5005,5.25525,300,355,0,0,0,0
19,"NelderMead",10.5,0.5005,5.25525,300,356,0,0,0,0
19,"NelderMead",10.5,0.5005,5.25525,300,357,0,0,0,0
19,"NelderMead",10.5,0.5005,5.25525,300,358,0,0,0,0
19,"NelderMead",10.5,0.5005,5.25525,300,359,0,0,0,0
19,"NelderMead",10.5,0.5005,5.25525,300,360,0,0,0,0
19,"NelderMead",10.5,0.5005,5.25525,300,361,0,0,0,0
19,"NelderMead",10.5,0.5005,5.25525,300,362,0,0,0,0
19,"NelderMead",10.5,0.5005,5.25525,300,363,0,0,0,0
19,"NelderMead",10.5,0.5005,5.25525,300,364,0,0,0,0
19,"NelderMead",10.5,0.5005,5.25525,300,365,0,0,0,0
19,"DE",12.8441640462439,0.0263888822039277,0.338943132024254,300,1,59,39,53,67
19,"DE",12.8441640462439,0.0263888822039277,0.338943132024254,300,2,47,36.95,49,63.525
19,"DE",12.8441640462439,0.0263888822039277,0.338943132024254,300,3,49,36,48,59
19,"DE",12.8441640462439,0.0263888822039277,0.338943132024254,300,4,50,34,47,60
19,"DE",12.8441640462439,0.0263888822039277,0.338943132024254,300,5,52,32.475,45,59
19,"DE",12.8441640462439,0.0263888822039277,0.338943132024254,300,6,46,32.475,46,58.525
19,"DE",12.8441640462439,0.0263888822039277,0.338943132024254,300,7,57,36,46,59.05
19,"DE",12.8441640462439,0.0263888822039277,0.338943132024254,300,8,48,32,46,59
19,"DE",12.8441640462439,0.0263888822039277,0.338943132024254,300,9,48,34,47,59
19,"DE",12.8441640462439,0.0263888822039277,0.338943132024254,300,10,53,34.475,46,61.525
19,"DE",12.8441640462439,0.0263888822039277,0.338943132024254,300,11,54,34,46,60
19,"DE",12.8441640462439,0.0263888822039277,0.338943132024254,300,12,43,33.475,46,58
19,"DE",12.8441640462439,0.0263888822039277,0.338943132024254,300,13,56,35,48,61
19,"DE",12.8441640462439,0.0263888822039277,0.338943132024254,300,14,42,35,48,63.525
19,"DE",12.8441640462439,0.0263888822039277,0.338943132024254,300,15,57,35,49,62.525
19,"DE",12.8441640462439,0.0263888822039277,0.338943132024254,300,16,39,36,49,62
19,"DE",12.8441640462439,0.0263888822039277,0.338943132024254,300,17,44,37,48,63
19,"DE",12.8441640462439,0.0263888822039277,0.338943132024254,300,18,53,35.475,49,65
19,"DE",12.8441640462439,0.0263888822039277,0.338943132024254,300,19,54,36,51,67
19,"DE",12.8441640462439,0.0263888822039277,0.338943132024254,300,20,50,39,50,65
19,"DE",12.8441640462439,0.0263888822039277,0.338943132024254,300,21,47,39,50.5,66
19,"DE",12.8441640462439,0.0263888822039277,0.338943132024254,300,22,47,39,50,63
19,"DE",12.8441640462439,0.0263888822039277,0.338943132024254,300,23,54,37.475,51,67
19,"DE",12.8441640462439,0.0263888822039277,0.338943132024254,300,24,49,39,50,66
19,"DE",12.8441640462439,0.0263888822039277,0.338943132024254,300,25,52,38,52,64
19,"DE",12.8441640462439,0.0263888822039277,0.338943132024254,300,26,55,38.475,52,66
19,"DE",12.8441640462439,0.0263888822039277,0.338943132024254,300,27,48,37.475,52,68
19,"DE",12.8441640462439,0.0263888822039277,0.338943132024254,300,28,50,37.475,51,68
19,"DE",12.8441640462439,0.0263888822039277,0.338943132024254,300,29,45,38,52,66
19,"DE",12.8441640462439,0.0263888822039277,0.338943132024254,300,30,43,38,52,66
19,"DE",12.8441640462439,0.0263888822039277,0.338943132024254,300,31,58,38.475,51,66.525
19,"DE",12.8441640462439,0.0263888822039277,0.338943132024254,300,32,55,39,51,67.525
19,"DE",12.8441640462439,0.0263888822039277,0.338943132024254,300,33,54,40,52,66.525
19,"DE",12.8441640462439,0.0263888822039277,0.338943132024254,300,34,46,39,52,65
19,"DE",12.8441640462439,0.0263888822039277,0.338943132024254,300,35,54,38,52,66
19,"DE",12.8441640462439,0.0263888822039277,0.338943132024254,300,36,51,38.475,51,65
19,"DE",12.8441640462439,0.0263888822039277,0.338943132024254,300,37,57,38,51,66.525
19,"DE",12.8441640462439,0.0263888822039277,0.338943132024254,300,38,48,35.95,51,65
19,"DE",12.8441640462439,0.0263888822039277,0.338943132024254,300,39,69,36,51,64
19,"DE",12.8441640462439,0.0263888822039277,0.338943132024254,300,40,62,36.95,50,65.525
19,"DE",12.8441640462439,0.0263888822039277,0.338943132024254,300,41,57,38,51,65
19,"DE",12.8441640462439,0.0263888822039277,0.338943132024254,300,42,53,38,51,65.525
19,"DE",12.8441640462439,0.0263888822039277,0.338943132024254,300,43,36,34.95,50,62.525
19,"DE",12.8441640462439,0.0263888822039277,0.338943132024254,300,44,46,35,50,63
19,"DE",12.8441640462439,0.0263888822039277,0.338943132024254,300,45,47,35,49,63
19,"DE",12.8441640462439,0.0263888822039277,0.338943132024254,300,46,41,37,48,63.525
19,"DE",12.8441640462439,0.0263888822039277,0.338943132024254,300,47,38,36,48,62
19,"DE",12.8441640462439,0.0263888822039277,0.338943132024254,300,48,55,35,47,62
19,"DE",12.8441640462439,0.0263888822039277,0.338943132024254,300,49,54,34.475,47,61
19,"DE",12.8441640462439,0.0263888822039277,0.338943132024254,300,50,50,33.475,47,62
19,"DE",12.8441640462439,0.0263888822039277,0.338943132024254,300,51,43,33.475,46.5,58
19,"DE",12.8441640462439,0.0263888822039277,0.338943132024254,300,52,53,33,46,60
19,"DE",12.8441640462439,0.0263888822039277,0.338943132024254,300,53,56,34,45,58.525
19,"DE",12.8441640462439,0.0263888822039277,0.338943132024254,300,54,46,34,45,57.525
19,"DE",12.8441640462439,0.0263888822039277,0.338943132024254,300,55,43,32.475,44,58
19,"DE",12.8441640462439,0.0263888822039277,0.338943132024254,300,56,50,33,44,57
19,"DE",12.8441640462439,0.0263888822039277,0.338943132024254,300,57,41,31.475,43,56.525
19,"DE",12.8441640462439,0.0263888822039277,0.338943132024254,300,58,30,32,43,58.525
19,"DE",12.8441640462439,0.0263888822039277,0.338943132024254,300,59,39,30,42,54
19,"DE",12.8441640462439,0.0263888822039277,0.338943132024254,300,60,38,28.475,41,55
19,"DE",12.8441640462439,0.0263888822039277,0.338943132024254,300,61,43,30.475,41,52
19,"DE",12.8441640462439,0.0263888822039277,0.338943132024254,300,62,50,28,40,53.525
19,"DE",12.8441640462439,0.0263888822039277,0.338943132024254,300,63,46,28,39,53
19,"DE",12.8441640462439,0.0263888822039277,0.338943132024254,300,64,37,27.475,38.5,52
19,"DE",12.8441640462439,0.0263888822039277,0.338943132024254,300,65,40,27,38.5,50.525
19,"DE",12.8441640462439,0.0263888822039277,0.338943132024254,300,66,45,27,38,49
19,"DE",12.8441640462439,0.0263888822039277,0.338943132024254,300,67,30,27,37,50
19,"DE",12.8441640462439,0.0263888822039277,0.338943132024254,300,68,33,26,36,49
19,"DE",12.8441640462439,0.0263888822039277,0.338943132024254,300,69,31,25,36,49
19,"DE",12.8441640462439,0.0263888822039277,0.338943132024254,300,70,26,24,36,48
19,"DE",12.8441640462439,0.0263888822039277,0.338943132024254,300,71,33,23.475,34,46.525
19,"DE",12.8441640462439,0.0263888822039277,0.338943132024254,300,72,33,23.475,34,45
19,"DE",12.8441640462439,0.0263888822039277,0.338943132024254,300,73,41,22.475,33,44.525
19,"DE",12.8441640462439,0.0263888822039277,0.338943132024254,300,74,35,22,33,46
19,"DE",12.8441640462439,0.0263888822039277,0.338943132024254,300,75,32,22,32,45.05
19,"DE",12.8441640462439,0.0263888822039277,0.338943132024254,300,76,26,21,31,42
19,"DE",12.8441640462439,0.0263888822039277,0.338943132024254,300,77,31,21,31,42
19,"DE",12.8441640462439,0.0263888822039277,0.338943132024254,300,78,25,20,30,41.525
19,"DE",12.8441640462439,0.0263888822039277,0.338943132024254,300,79,30,20.475,30,41
19,"DE",12.8441640462439,0.0263888822039277,0.338943132024254,300,80,27,18.475,29,40.525
19,"DE",12.8441640462439,0.0263888822039277,0.338943132024254,300,81,24,18,28,38
19,"DE",12.8441640462439,0.0263888822039277,0.338943132024254,300,82,25,18,28,38.525
19,"DE",12.8441640462439,0.0263888822039277,0.338943132024254,300,83,17,18.475,27.5,38
19,"DE",12.8441640462439,0.0263888822039277,0.338943132024254,300,84,25,16.475,26,38
19,"DE",12.8441640462439,0.0263888822039277,0.338943132024254,300,85,21,17.475,26,36
19,"DE",12.8441640462439,0.0263888822039277,0.338943132024254,300,86,8,16,25,35
19,"DE",12.8441640462439,0.0263888822039277,0.338943132024254,300,87,23,17,25,35
19,"DE",12.8441640462439,0.0263888822039277,0.338943132024254,300,88,26,14,23.5,33
19,"DE",12.8441640462439,0.0263888822039277,0.338943132024254,300,89,18,15.475,24,33
19,"DE",12.8441640462439,0.0263888822039277,0.338943132024254,300,90,23,15,23,33
19,"DE",12.8441640462439,0.0263888822039277,0.338943132024254,300,91,22,14,23,32.525
19,"DE",12.8441640462439,0.0263888822039277,0.338943132024254,300,92,18,15,22,32
19,"DE",12.8441640462439,0.0263888822039277,0.338943132024254,300,93,15,13,21.5,30.525
19,"DE",12.8441640462439,0.0263888822039277,0.338943132024254,300,94,23,13,21,30
19,"DE",12.8441640462439,0.0263888822039277,0.338943132024254,300,95,13,12,20.5,29
19,"DE",12.8441640462439,0.0263888822039277,0.338943132024254,300,96,19,13,20,29
19,"DE",12.8441640462439,0.0263888822039277,0.338943132024254,300,97,18,11,20,30
19,"DE",12.8441640462439,0.0263888822039277,0.338943132024254,300,98,13,11.475,19,28.525
19,"DE",12.8441640462439,0.0263888822039277,0.338943132024254,300,99,12,10,19,27
19,"DE",12.8441640462439,0.0263888822039277,0.338943132024254,300,100,16,11,19,27.525
19,"DE",12.8441640462439,0.0263888822039277,0.338943132024254,300,101,15,10,18,26
19,"DE",12.8441640462439,0.0263888822039277,0.338943132024254,300,102,13,10,17,26
19,"DE",12.8441640462439,0.0263888822039277,0.338943132024254,300,103,14,10,17,26
19,"DE",12.8441640462439,0.0263888822039277,0.338943132024254,300,104,13,10,17,25
19,"DE",12.8441640462439,0.0263888822039277,0.338943132024254,300,105,17,9,16,23.525
19,"DE",12.8441640462439,0.0263888822039277,0.338943132024254,300,106,10,9,16,25.525
19,"DE",12.8441640462439,0.0263888822039277,0.338943132024254,300,107,12,9,15,23
19,"DE",12.8441640462439,0.0263888822039277,0.338943132024254,300,108,7,8,14,22
19,"DE",12.8441640462439,0.0263888822039277,0.338943132024254,300,109,15,7.475,15,23
19,"DE",12.8441640462439,0.0263888822039277,0.338943132024254,300,110,14,7,14,23
19,"DE",12.8441640462439,0.0263888822039277,0.338943132024254,300,111,11,7,14,22.525
19,"DE",12.8441640462439,0.0263888822039277,0.338943132024254,300,112,9,7,13,21
19,"DE",12.8441640462439,0.0263888822039277,0.338943132024254,300,113,7,7,13,21
19,"DE",12.8441640462439,0.0263888822039277,0.338943132024254,300,114,10,6.475,13,19.525
19,"DE",12.8441640462439,0.0263888822039277,0.338943132024254,300,115,14,6,12,21
19,"DE",12.8441640462439,0.0263888822039277,0.338943132024254,300,116,14,5,12,19
19,"DE",12.8441640462439,0.0263888822039277,0.338943132024254,300,117,5,6,12,19
19,"DE",12.8441640462439,0.0263888822039277,0.338943132024254,300,118,10,5,11,17
19,"DE",12.8441640462439,0.0263888822039277,0.338943132024254,300,119,10,5.475,12,20
19,"DE",12.8441640462439,0.0263888822039277,0.338943132024254,300,120,8,6,11,18
19,"DE",12.8441640462439,0.0263888822039277,0.338943132024254,300,121,11,5,10,17
19,"DE",12.8441640462439,0.0263888822039277,0.338943132024254,300,122,10,5,10,16
19,"DE",12.8441640462439,0.0263888822039277,0.338943132024254,300,123,10,5,10,16
19,"DE",12.8441640462439,0.0263888822039277,0.338943132024254,300,124,9,4,9,16
19,"DE",12.8441640462439,0.0263888822039277,0.338943132024254,300,125,6,4,9,16.525
19,"DE",12.8441640462439,0.0263888822039277,0.338943132024254,300,126,7,3.475,9,15.525
19,"DE",12.8441640462439,0.0263888822039277,0.338943132024254,300,127,6,4,9,15
19,"DE",12.8441640462439,0.0263888822039277,0.338943132024254,300,128,7,4,9,15
19,"DE",12.8441640462439,0.0263888822039277,0.338943132024254,300,129,9,3,8,15
19,"DE",12.8441640462439,0.0263888822039277,0.338943132024254,300,130,7,3,8,14
19,"DE",12.8441640462439,0.0263888822039277,0.338943132024254,300,131,3,3,8,14
19,"DE",12.8441640462439,0.0263888822039277,0.338943132024254,300,132,3,3,8,13.525
19,"DE",12.8441640462439,0.0263888822039277,0.338943132024254,300,133,9,2,8,13
19,"DE",12.8441640462439,0.0263888822039277,0.338943132024254,300,134,9,3,7,12.525
19,"DE",12.8441640462439,0.0263888822039277,0.338943132024254,300,135,12,2,7,13
19,"DE",12.8441640462439,0.0263888822039277,0.338943132024254,300,136,6,2,7,12
19,"DE",12.8441640462439,0.0263888822039277,0.338943132024254,300,137,8,2,7,13.525
19,"DE",12.8441640462439,0.0263888822039277,0.338943132024254,300,138,3,2,6,12
19,"DE",12.8441640462439,0.0263888822039277,0.338943132024254,300,139,3,2,6,11
19,"DE",12.8441640462439,0.0263888822039277,0.338943132024254,300,140,7,2,6,11
19,"DE",12.8441640462439,0.0263888822039277,0.338943132024254,300,141,5,1,6,11
19,"DE",12.8441640462439,0.0263888822039277,0.338943132024254,300,142,5,2,5.5,12
19,"DE",12.8441640462439,0.0263888822039277,0.338943132024254,300,143,10,2,6,10
19,"DE",12.8441640462439,0.0263888822039277,0.338943132024254,300,144,7,2,6,10.525
19,"DE",12.8441640462439,0.0263888822039277,0.338943132024254,300,145,8,2,5,10.525
19,"DE",12.8441640462439,0.0263888822039277,0.338943132024254,300,146,5,1,5,10
19,"DE",12.8441640462439,0.0263888822039277,0.338943132024254,300,147,8,1,5,10
19,"DE",12.8441640462439,0.0263888822039277,0.338943132024254,300,148,4,1.475,5,11
19,"DE",12.8441640462439,0.0263888822039277,0.338943132024254,300,149,1,1,5,10
19,"DE",12.8441640462439,0.0263888822039277,0.338943132024254,300,150,1,1,4,10
19,"DE",12.8441640462439,0.0263888822039277,0.338943132024254,300,151,3,1,4,9
19,"DE",12.8441640462439,0.0263888822039277,0.338943132024254,300,152,3,1,4,8
19,"DE",12.8441640462439,0.0263888822039277,0.338943132024254,300,153,3,1,4,9
19,"DE",12.8441640462439,0.0263888822039277,0.338943132024254,300,154,4,1,4,9
19,"DE",12.8441640462439,0.0263888822039277,0.338943132024254,300,155,1,1,4,9
19,"DE",12.8441640462439,0.0263888822039277,0.338943132024254,300,156,5,1,4,8
19,"DE",12.8441640462439,0.0263888822039277,0.338943132024254,300,157,5,0,4,8
19,"DE",12.8441640462439,0.0263888822039277,0.338943132024254,300,158,4,1,4,8
19,"DE",12.8441640462439,0.0263888822039277,0.338943132024254,300,159,7,1,4,9
19,"DE",12.8441640462439,0.0263888822039277,0.338943132024254,300,160,4,0,3,7
19,"DE",12.8441640462439,0.0263888822039277,0.338943132024254,300,161,2,0,3,8
19,"DE",12.8441640462439,0.0263888822039277,0.338943132024254,300,162,2,0,3,8
19,"DE",12.8441640462439,0.0263888822039277,0.338943132024254,300,163,1,0,3,8
19,"DE",12.8441640462439,0.0263888822039277,0.338943132024254,300,164,4,0,3,7
19,"DE",12.8441640462439,0.0263888822039277,0.338943132024254,300,165,1,0,3,7
19,"DE",12.8441640462439,0.0263888822039277,0.338943132024254,300,166,5,0,3,7
19,"DE",12.8441640462439,0.0263888822039277,0.338943132024254,300,167,2,0,3,6.52499999999998
19,"DE",12.8441640462439,0.0263888822039277,0.338943132024254,300,168,3,0,3,6.52499999999998
19,"DE",12.8441640462439,0.0263888822039277,0.338943132024254,300,169,3,0,3,6
19,"DE",12.8441640462439,0.0263888822039277,0.338943132024254,300,170,2,0,2,7
19,"DE",12.8441640462439,0.0263888822039277,0.338943132024254,300,171,0,0,2,6
19,"DE",12.8441640462439,0.0263888822039277,0.338943132024254,300,172,1,0,3,6.52499999999998
19,"DE",12.8441640462439,0.0263888822039277,0.338943132024254,300,173,3,0,2,6
19,"DE",12.8441640462439,0.0263888822039277,0.338943132024254,300,174,1,0,2,6
19,"DE",12.8441640462439,0.0263888822039277,0.338943132024254,300,175,3,0,2,5
19,"DE",12.8441640462439,0.0263888822039277,0.338943132024254,300,176,2,0,2,5.52499999999998
19,"DE",12.8441640462439,0.0263888822039277,0.338943132024254,300,177,4,0,2,5
19,"DE",12.8441640462439,0.0263888822039277,0.338943132024254,300,178,3,0,2,5
19,"DE",12.8441640462439,0.0263888822039277,0.338943132024254,300,179,3,0,2,5
19,"DE",12.8441640462439,0.0263888822039277,0.338943132024254,300,180,2,0,2,5
19,"DE",12.8441640462439,0.0263888822039277,0.338943132024254,300,181,0,0,2,5
19,"DE",12.8441640462439,0.0263888822039277,0.338943132024254,300,182,0,0,2,4.52499999999998
19,"DE",12.8441640462439,0.0263888822039277,0.338943132024254,300,183,3,0,2,4
19,"DE",12.8441640462439,0.0263888822039277,0.338943132024254,300,184,0,0,2,5
19,"DE",12.8441640462439,0.0263888822039277,0.338943132024254,300,185,0,0,2,4
19,"DE",12.8441640462439,0.0263888822039277,0.338943132024254,300,186,0,0,2,5
19,"DE",12.8441640462439,0.0263888822039277,0.338943132024254,300,187,0,0,1,4.52499999999998
19,"DE",12.8441640462439,0.0263888822039277,0.338943132024254,300,188,0,0,1,5
19,"DE",12.8441640462439,0.0263888822039277,0.338943132024254,300,189,2,0,1,5
19,"DE",12.8441640462439,0.0263888822039277,0.338943132024254,300,190,1,0,1,4
19,"DE",12.8441640462439,0.0263888822039277,0.338943132024254,300,191,1,0,1,5
19,"DE",12.8441640462439,0.0263888822039277,0.338943132024254,300,192,1,0,1,4
19,"DE",12.8441640462439,0.0263888822039277,0.338943132024254,300,193,2,0,1,4
19,"DE",12.8441640462439,0.0263888822039277,0.338943132024254,300,194,3,0,1,4
19,"DE",12.8441640462439,0.0263888822039277,0.338943132024254,300,195,4,0,1,4
19,"DE",12.8441640462439,0.0263888822039277,0.338943132024254,300,196,1,0,1,4
19,"DE",12.8441640462439,0.0263888822039277,0.338943132024254,300,197,3,0,1,4
19,"DE",12.8441640462439,0.0263888822039277,0.338943132024254,300,198,0,0,1,4
19,"DE",12.8441640462439,0.0263888822039277,0.338943132024254,300,199,2,0,1,3
19,"DE",12.8441640462439,0.0263888822039277,0.338943132024254,300,200,1,0,1,3
19,"DE",12.8441640462439,0.0263888822039277,0.338943132024254,300,201,0,0,1,3.52499999999998
19,"DE",12.8441640462439,0.0263888822039277,0.338943132024254,300,202,3,0,1,4
19,"DE",12.8441640462439,0.0263888822039277,0.338943132024254,300,203,1,0,1,3
19,"DE",12.8441640462439,0.0263888822039277,0.338943132024254,300,204,1,0,1,3
19,"DE",12.8441640462439,0.0263888822039277,0.338943132024254,300,205,0,0,1,3
19,"DE",12.8441640462439,0.0263888822039277,0.338943132024254,300,206,1,0,1,3
19,"DE",12.8441640462439,0.0263888822039277,0.338943132024254,300,207,2,0,1,3
19,"DE",12.8441640462439,0.0263888822039277,0.338943132024254,300,208,0,0,1,3
19,"DE",12.8441640462439,0.0263888822039277,0.338943132024254,300,209,1,0,1,3
19,"DE",12.8441640462439,0.0263888822039277,0.338943132024254,300,210,1,0,1,3
19,"DE",12.8441640462439,0.0263888822039277,0.338943132024254,300,211,0,0,1,2.52499999999998
19,"DE",12.8441640462439,0.0263888822039277,0.338943132024254,300,212,1,0,1,3
19,"DE",12.8441640462439,0.0263888822039277,0.338943132024254,300,213,1,0,1,3
19,"DE",12.8441640462439,0.0263888822039277,0.338943132024254,300,214,2,0,1,3
19,"DE",12.8441640462439,0.0263888822039277,0.338943132024254,300,215,2,0,0,3
19,"DE",12.8441640462439,0.0263888822039277,0.338943132024254,300,216,1,0,0,3
19,"DE",12.8441640462439,0.0263888822039277,0.338943132024254,300,217,1,0,0,3
19,"DE",12.8441640462439,0.0263888822039277,0.338943132024254,300,218,0,0,0,2.52499999999998
19,"DE",12.8441640462439,0.0263888822039277,0.338943132024254,300,219,0,0,0,2
19,"DE",12.8441640462439,0.0263888822039277,0.338943132024254,300,220,1,0,0,3
19,"DE",12.8441640462439,0.0263888822039277,0.338943132024254,300,221,0,0,0,2
19,"DE",12.8441640462439,0.0263888822039277,0.338943132024254,300,222,0,0,0,2
19,"DE",12.8441640462439,0.0263888822039277,0.338943132024254,300,223,2,0,0,2
19,"DE",12.8441640462439,0.0263888822039277,0.338943132024254,300,224,0,0,0,3
19,"DE",12.8441640462439,0.0263888822039277,0.338943132024254,300,225,2,0,0,2
19,"DE",12.8441640462439,0.0263888822039277,0.338943132024254,300,226,0,0,0,2
19,"DE",12.8441640462439,0.0263888822039277,0.338943132024254,300,227,0,0,0,2
19,"DE",12.8441640462439,0.0263888822039277,0.338943132024254,300,228,0,0,0,2
19,"DE",12.8441640462439,0.0263888822039277,0.338943132024254,300,229,1,0,0,2
19,"DE",12.8441640462439,0.0263888822039277,0.338943132024254,300,230,0,0,0,2
19,"DE",12.8441640462439,0.0263888822039277,0.338943132024254,300,231,0,0,0,2
19,"DE",12.8441640462439,0.0263888822039277,0.338943132024254,300,232,1,0,0,2
19,"DE",12.8441640462439,0.0263888822039277,0.338943132024254,300,233,0,0,0,2
19,"DE",12.8441640462439,0.0263888822039277,0.338943132024254,300,234,0,0,0,2
19,"DE",12.8441640462439,0.0263888822039277,0.338943132024254,300,235,1,0,0,2
19,"DE",12.8441640462439,0.0263888822039277,0.338943132024254,300,236,0,0,0,2
19,"DE",12.8441640462439,0.0263888822039277,0.338943132024254,300,237,1,0,0,2
19,"DE",12.8441640462439,0.0263888822039277,0.338943132024254,300,238,0,0,0,2
19,"DE",12.8441640462439,0.0263888822039277,0.338943132024254,300,239,0,0,0,2
19,"DE",12.8441640462439,0.0263888822039277,0.338943132024254,300,240,1,0,0,2
19,"DE",12.8441640462439,0.0263888822039277,0.338943132024254,300,241,0,0,0,2
19,"DE",12.8441640462439,0.0263888822039277,0.338943132024254,300,242,0,0,0,2
19,"DE",12.8441640462439,0.0263888822039277,0.338943132024254,300,243,2,0,0,1
19,"DE",12.8441640462439,0.0263888822039277,0.338943132024254,300,244,1,0,0,2
19,"DE",12.8441640462439,0.0263888822039277,0.338943132024254,300,245,0,0,0,2
19,"DE",12.8441640462439,0.0263888822039277,0.338943132024254,300,246,0,0,0,2
19,"DE",12.8441640462439,0.0263888822039277,0.338943132024254,300,247,0,0,0,1.52499999999998
19,"DE",12.8441640462439,0.0263888822039277,0.338943132024254,300,248,0,0,0,1
19,"DE",12.8441640462439,0.0263888822039277,0.338943132024254,300,249,0,0,0,1
19,"DE",12.8441640462439,0.0263888822039277,0.338943132024254,300,250,0,0,0,2
19,"DE",12.8441640462439,0.0263888822039277,0.338943132024254,300,251,0,0,0,1
19,"DE",12.8441640462439,0.0263888822039277,0.338943132024254,300,252,0,0,0,2
19,"DE",12.8441640462439,0.0263888822039277,0.338943132024254,300,253,1,0,0,2
19,"DE",12.8441640462439,0.0263888822039277,0.338943132024254,300,254,0,0,0,1
19,"DE",12.8441640462439,0.0263888822039277,0.338943132024254,300,255,0,0,0,1
19,"DE",12.8441640462439,0.0263888822039277,0.338943132024254,300,256,0,0,0,2
19,"DE",12.8441640462439,0.0263888822039277,0.338943132024254,300,257,0,0,0,1
19,"DE",12.8441640462439,0.0263888822039277,0.338943132024254,300,258,1,0,0,1
19,"DE",12.8441640462439,0.0263888822039277,0.338943132024254,300,259,0,0,0,2
19,"DE",12.8441640462439,0.0263888822039277,0.338943132024254,300,260,0,0,0,1
19,"DE",12.8441640462439,0.0263888822039277,0.338943132024254,300,261,0,0,0,1
19,"DE",12.8441640462439,0.0263888822039277,0.338943132024254,300,262,0,0,0,1.52499999999998
19,"DE",12.8441640462439,0.0263888822039277,0.338943132024254,300,263,0,0,0,1
19,"DE",12.8441640462439,0.0263888822039277,0.338943132024254,300,264,0,0,0,1
19,"DE",12.8441640462439,0.0263888822039277,0.338943132024254,300,265,1,0,0,1
19,"DE",12.8441640462439,0.0263888822039277,0.338943132024254,300,266,0,0,0,1
19,"DE",12.8441640462439,0.0263888822039277,0.338943132024254,300,267,0,0,0,1
19,"DE",12.8441640462439,0.0263888822039277,0.338943132024254,300,268,0,0,0,1
19,"DE",12.8441640462439,0.0263888822039277,0.338943132024254,300,269,0,0,0,1
19,"DE",12.8441640462439,0.0263888822039277,0.338943132024254,300,270,0,0,0,1
19,"DE",12.8441640462439,0.0263888822039277,0.338943132024254,300,271,0,0,0,1
19,"DE",12.8441640462439,0.0263888822039277,0.338943132024254,300,272,0,0,0,1
19,"DE",12.8441640462439,0.0263888822039277,0.338943132024254,300,273,0,0,0,1
19,"DE",12.8441640462439,0.0263888822039277,0.338943132024254,300,274,0,0,0,1.52499999999998
19,"DE",12.8441640462439,0.0263888822039277,0.338943132024254,300,275,0,0,0,1
19,"DE",12.8441640462439,0.0263888822039277,0.338943132024254,300,276,0,0,0,1
19,"DE",12.8441640462439,0.0263888822039277,0.338943132024254,300,277,0,0,0,1
19,"DE",12.8441640462439,0.0263888822039277,0.338943132024254,300,278,0,0,0,1
19,"DE",12.8441640462439,0.0263888822039277,0.338943132024254,300,279,0,0,0,1
19,"DE",12.8441640462439,0.0263888822039277,0.338943132024254,300,280,0,0,0,1
19,"DE",12.8441640462439,0.0263888822039277,0.338943132024254,300,281,0,0,0,1
19,"DE",12.8441640462439,0.0263888822039277,0.338943132024254,300,282,0,0,0,1
19,"DE",12.8441640462439,0.0263888822039277,0.338943132024254,300,283,0,0,0,1
19,"DE",12.8441640462439,0.0263888822039277,0.338943132024254,300,284,0,0,0,1
19,"DE",12.8441640462439,0.0263888822039277,0.338943132024254,300,285,0,0,0,1
19,"DE",12.8441640462439,0.0263888822039277,0.338943132024254,300,286,0,0,0,1
19,"DE",12.8441640462439,0.0263888822039277,0.338943132024254,300,287,0,0,0,1
19,"DE",12.8441640462439,0.0263888822039277,0.338943132024254,300,288,0,0,0,1
19,"DE",12.8441640462439,0.0263888822039277,0.338943132024254,300,289,0,0,0,1
19,"DE",12.8441640462439,0.0263888822039277,0.338943132024254,300,290,0,0,0,1
19,"DE",12.8441640462439,0.0263888822039277,0.338943132024254,300,291,0,0,0,1
19,"DE",12.8441640462439,0.0263888822039277,0.338943132024254,300,292,0,0,0,1
19,"DE",12.8441640462439,0.0263888822039277,0.338943132024254,300,293,0,0,0,1
19,"DE",12.8441640462439,0.0263888822039277,0.338943132024254,300,294,0,0,0,1
19,"DE",12.8441640462439,0.0263888822039277,0.338943132024254,300,295,0,0,0,1
19,"DE",12.8441640462439,0.0263888822039277,0.338943132024254,300,296,0,0,0,1
19,"DE",12.8441640462439,0.0263888822039277,0.338943132024254,300,297,0,0,0,1
19,"DE",12.8441640462439,0.0263888822039277,0.338943132024254,300,298,0,0,0,1
19,"DE",12.8441640462439,0.0263888822039277,0.338943132024254,300,299,0,0,0,1
19,"DE",12.8441640462439,0.0263888822039277,0.338943132024254,300,300,0,0,0,1
19,"DE",12.8441640462439,0.0263888822039277,0.338943132024254,300,301,0,0,0,1
19,"DE",12.8441640462439,0.0263888822039277,0.338943132024254,300,302,0,0,0,1
19,"DE",12.8441640462439,0.0263888822039277,0.338943132024254,300,303,0,0,0,1
19,"DE",12.8441640462439,0.0263888822039277,0.338943132024254,300,304,0,0,0,1
19,"DE",12.8441640462439,0.0263888822039277,0.338943132024254,300,305,0,0,0,0
19,"DE",12.8441640462439,0.0263888822039277,0.338943132024254,300,306,0,0,0,1
19,"DE",12.8441640462439,0.0263888822039277,0.338943132024254,300,307,0,0,0,1
19,"DE",12.8441640462439,0.0263888822039277,0.338943132024254,300,308,0,0,0,1
19,"DE",12.8441640462439,0.0263888822039277,0.338943132024254,300,309,0,0,0,1
19,"DE",12.8441640462439,0.0263888822039277,0.338943132024254,300,310,0,0,0,1
19,"DE",12.8441640462439,0.0263888822039277,0.338943132024254,300,311,0,0,0,1
19,"DE",12.8441640462439,0.0263888822039277,0.338943132024254,300,312,0,0,0,1
19,"DE",12.8441640462439,0.0263888822039277,0.338943132024254,300,313,0,0,0,1
19,"DE",12.8441640462439,0.0263888822039277,0.338943132024254,300,314,0,0,0,1
19,"DE",12.8441640462439,0.0263888822039277,0.338943132024254,300,315,1,0,0,0
19,"DE",12.8441640462439,0.0263888822039277,0.338943132024254,300,316,0,0,0,0
19,"DE",12.8441640462439,0.0263888822039277,0.338943132024254,300,317,0,0,0,1
19,"DE",12.8441640462439,0.0263888822039277,0.338943132024254,300,318,0,0,0,0.524999999999977
19,"DE",12.8441640462439,0.0263888822039277,0.338943132024254,300,319,0,0,0,1
19,"DE",12.8441640462439,0.0263888822039277,0.338943132024254,300,320,0,0,0,1
19,"DE",12.8441640462439,0.0263888822039277,0.338943132024254,300,321,0,0,0,0.524999999999977
19,"DE",12.8441640462439,0.0263888822039277,0.338943132024254,300,322,0,0,0,1
19,"DE",12.8441640462439,0.0263888822039277,0.338943132024254,300,323,0,0,0,1
19,"DE",12.8441640462439,0.0263888822039277,0.338943132024254,300,324,0,0,0,0
19,"DE",12.8441640462439,0.0263888822039277,0.338943132024254,300,325,0,0,0,1
19,"DE",12.8441640462439,0.0263888822039277,0.338943132024254,300,326,0,0,0,0
19,"DE",12.8441640462439,0.0263888822039277,0.338943132024254,300,327,0,0,0,0.524999999999977
19,"DE",12.8441640462439,0.0263888822039277,0.338943132024254,300,328,0,0,0,0
19,"DE",12.8441640462439,0.0263888822039277,0.338943132024254,300,329,0,0,0,1
19,"DE",12.8441640462439,0.0263888822039277,0.338943132024254,300,330,0,0,0,0
19,"DE",12.8441640462439,0.0263888822039277,0.338943132024254,300,331,0,0,0,0
19,"DE",12.8441640462439,0.0263888822039277,0.338943132024254,300,332,0,0,0,1
19,"DE",12.8441640462439,0.0263888822039277,0.338943132024254,300,333,0,0,0,0
19,"DE",12.8441640462439,0.0263888822039277,0.338943132024254,300,334,0,0,0,0
19,"DE",12.8441640462439,0.0263888822039277,0.338943132024254,300,335,0,0,0,0
19,"DE",12.8441640462439,0.0263888822039277,0.338943132024254,300,336,0,0,0,1
19,"DE",12.8441640462439,0.0263888822039277,0.338943132024254,300,337,0,0,0,0
19,"DE",12.8441640462439,0.0263888822039277,0.338943132024254,300,338,0,0,0,0
19,"DE",12.8441640462439,0.0263888822039277,0.338943132024254,300,339,0,0,0,0
19,"DE",12.8441640462439,0.0263888822039277,0.338943132024254,300,340,0,0,0,0
19,"DE",12.8441640462439,0.0263888822039277,0.338943132024254,300,341,0,0,0,0
19,"DE",12.8441640462439,0.0263888822039277,0.338943132024254,300,342,0,0,0,0
19,"DE",12.8441640462439,0.0263888822039277,0.338943132024254,300,343,0,0,0,0
19,"DE",12.8441640462439,0.0263888822039277,0.338943132024254,300,344,0,0,0,0
19,"DE",12.8441640462439,0.0263888822039277,0.338943132024254,300,345,0,0,0,1
19,"DE",12.8441640462439,0.0263888822039277,0.338943132024254,300,346,0,0,0,0
19,"DE",12.8441640462439,0.0263888822039277,0.338943132024254,300,347,0,0,0,0
19,"DE",12.8441640462439,0.0263888822039277,0.338943132024254,300,348,0,0,0,0.524999999999977
19,"DE",12.8441640462439,0.0263888822039277,0.338943132024254,300,349,0,0,0,0
19,"DE",12.8441640462439,0.0263888822039277,0.338943132024254,300,350,0,0,0,0
19,"DE",12.8441640462439,0.0263888822039277,0.338943132024254,300,351,0,0,0,0
19,"DE",12.8441640462439,0.0263888822039277,0.338943132024254,300,352,0,0,0,0
19,"DE",12.8441640462439,0.0263888822039277,0.338943132024254,300,353,0,0,0,0
19,"DE",12.8441640462439,0.0263888822039277,0.338943132024254,300,354,0,0,0,0
19,"DE",12.8441640462439,0.0263888822039277,0.338943132024254,300,355,0,0,0,0
19,"DE",12.8441640462439,0.0263888822039277,0.338943132024254,300,356,0,0,0,0
19,"DE",12.8441640462439,0.0263888822039277,0.338943132024254,300,357,0,0,0,0
19,"DE",12.8441640462439,0.0263888822039277,0.338943132024254,300,358,0,0,0,0
19,"DE",12.8441640462439,0.0263888822039277,0.338943132024254,300,359,0,0,0,0
19,"DE",12.8441640462439,0.0263888822039277,0.338943132024254,300,360,0,0,0,0
19,"DE",12.8441640462439,0.0263888822039277,0.338943132024254,300,361,0,0,0,0
19,"DE",12.8441640462439,0.0263888822039277,0.338943132024254,300,362,0,0,0,0
19,"DE",12.8441640462439,0.0263888822039277,0.338943132024254,300,363,0,0,0,0
19,"DE",12.8441640462439,0.0263888822039277,0.338943132024254,300,364,0,0,0,0
19,"DE",12.8441640462439,0.0263888822039277,0.338943132024254,300,365,0,0,0,0
19,"BiLSTM",9.87201980431564,0.0333964118481347,0.329690039157867,300,1,59,39,53,67
19,"BiLSTM",9.87201980431564,0.0333964118481347,0.329690039157867,300,2,47,38,49,64
19,"BiLSTM",9.87201980431564,0.0333964118481347,0.329690039157867,300,3,49,34.475,48,61
19,"BiLSTM",9.87201980431564,0.0333964118481347,0.329690039157867,300,4,50,34.475,46,59.525
19,"BiLSTM",9.87201980431564,0.0333964118481347,0.329690039157867,300,5,52,35,46,56.525
19,"BiLSTM",9.87201980431564,0.0333964118481347,0.329690039157867,300,6,46,33.475,44,59.525
19,"BiLSTM",9.87201980431564,0.0333964118481347,0.329690039157867,300,7,57,34,45,60
19,"BiLSTM",9.87201980431564,0.0333964118481347,0.329690039157867,300,8,48,32.475,46,57.525
19,"BiLSTM",9.87201980431564,0.0333964118481347,0.329690039157867,300,9,48,33,46,58.525
19,"BiLSTM",9.87201980431564,0.0333964118481347,0.329690039157867,300,10,53,33,46,61
19,"BiLSTM",9.87201980431564,0.0333964118481347,0.329690039157867,300,11,54,33,46,59
19,"BiLSTM",9.87201980431564,0.0333964118481347,0.329690039157867,300,12,43,32.475,47,60
19,"BiLSTM",9.87201980431564,0.0333964118481347,0.329690039157867,300,13,56,34.475,47,62
19,"BiLSTM",9.87201980431564,0.0333964118481347,0.329690039157867,300,14,42,35.475,47,61.525
19,"BiLSTM",9.87201980431564,0.0333964118481347,0.329690039157867,300,15,57,32.475,48,61.525
19,"BiLSTM",9.87201980431564,0.0333964118481347,0.329690039157867,300,16,39,35.475,47,61
19,"BiLSTM",9.87201980431564,0.0333964118481347,0.329690039157867,300,17,44,36,48,62
19,"BiLSTM",9.87201980431564,0.0333964118481347,0.329690039157867,300,18,53,36.475,49,61.525
19,"BiLSTM",9.87201980431564,0.0333964118481347,0.329690039157867,300,19,54,37,49,61.525
19,"BiLSTM",9.87201980431564,0.0333964118481347,0.329690039157867,300,20,50,36,49.5,64.525
19,"BiLSTM",9.87201980431564,0.0333964118481347,0.329690039157867,300,21,47,35,49,64.525
19,"BiLSTM",9.87201980431564,0.0333964118481347,0.329690039157867,300,22,47,38,50,65
19,"BiLSTM",9.87201980431564,0.0333964118481347,0.329690039157867,300,23,54,38,49,65
19,"BiLSTM",9.87201980431564,0.0333964118481347,0.329690039157867,300,24,49,37,50,63
19,"BiLSTM",9.87201980431564,0.0333964118481347,0.329690039157867,300,25,52,37.475,48,66
19,"BiLSTM",9.87201980431564,0.0333964118481347,0.329690039157867,300,26,55,36.475,49,64
19,"BiLSTM",9.87201980431564,0.0333964118481347,0.329690039157867,300,27,48,35,50,63
19,"BiLSTM",9.87201980431564,0.0333964118481347,0.329690039157867,300,28,50,37,50,65
19,"BiLSTM",9.87201980431564,0.0333964118481347,0.329690039157867,300,29,45,38.475,50,65.525
19,"BiLSTM",9.87201980431564,0.0333964118481347,0.329690039157867,300,30,43,38,52,65
19,"BiLSTM",9.87201980431564,0.0333964118481347,0.329690039157867,300,31,58,38,51,66
19,"BiLSTM",9.87201980431564,0.0333964118481347,0.329690039157867,300,32,55,37,51,65.05
19,"BiLSTM",9.87201980431564,0.0333964118481347,0.329690039157867,300,33,54,35,50,63
19,"BiLSTM",9.87201980431564,0.0333964118481347,0.329690039157867,300,34,46,38,50,65
19,"BiLSTM",9.87201980431564,0.0333964118481347,0.329690039157867,300,35,54,37,51,64.525
19,"BiLSTM",9.87201980431564,0.0333964118481347,0.329690039157867,300,36,51,36.475,50,65
19,"BiLSTM",9.87201980431564,0.0333964118481347,0.329690039157867,300,37,57,35.475,50,64
19,"BiLSTM",9.87201980431564,0.0333964118481347,0.329690039157867,300,38,48,36.475,51,66
19,"BiLSTM",9.87201980431564,0.0333964118481347,0.329690039157867,300,39,69,36,49,62
19,"BiLSTM",9.87201980431564,0.0333964118481347,0.329690039157867,300,40,62,35.475,49,65
19,"BiLSTM",9.87201980431564,0.0333964118481347,0.329690039157867,300,41,57,35,49,63
19,"BiLSTM",9.87201980431564,0.0333964118481347,0.329690039157867,300,42,53,35,48,62
19,"BiLSTM",9.87201980431564,0.0333964118481347,0.329690039157867,300,43,36,35.475,48,64
19,"BiLSTM",9.87201980431564,0.0333964118481347,0.329690039157867,300,44,46,34.475,47,61
19,"BiLSTM",9.87201980431564,0.0333964118481347,0.329690039157867,300,45,47,34.475,47,62.525
19,"BiLSTM",9.87201980431564,0.0333964118481347,0.329690039157867,300,46,41,33.475,47,61.525
19,"BiLSTM",9.87201980431564,0.0333964118481347,0.329690039157867,300,47,38,35,47,61
19,"BiLSTM",9.87201980431564,0.0333964118481347,0.329690039157867,300,48,55,33,46,58
19,"BiLSTM",9.87201980431564,0.0333964118481347,0.329690039157867,300,49,54,32,46.5,60
19,"BiLSTM",9.87201980431564,0.0333964118481347,0.329690039157867,300,50,50,31.475,45,60
19,"BiLSTM",9.87201980431564,0.0333964118481347,0.329690039157867,300,51,43,33,45,57
19,"BiLSTM",9.87201980431564,0.0333964118481347,0.329690039157867,300,52,53,32,45,58.05
19,"BiLSTM",9.87201980431564,0.0333964118481347,0.329690039157867,300,53,56,33,45,58
19,"BiLSTM",9.87201980431564,0.0333964118481347,0.329690039157867,300,54,46,32.95,43,58
19,"BiLSTM",9.87201980431564,0.0333964118481347,0.329690039157867,300,55,43,31,43,57.525
19,"BiLSTM",9.87201980431564,0.0333964118481347,0.329690039157867,300,56,50,30,42,55
19,"BiLSTM",9.87201980431564,0.0333964118481347,0.329690039157867,300,57,41,31,42,55
19,"BiLSTM",9.87201980431564,0.0333964118481347,0.329690039157867,300,58,30,28,41,54.525
19,"BiLSTM",9.87201980431564,0.0333964118481347,0.329690039157867,300,59,39,27,41,53
19,"BiLSTM",9.87201980431564,0.0333964118481347,0.329690039157867,300,60,38,27.95,40,52.05
19,"BiLSTM",9.87201980431564,0.0333964118481347,0.329690039157867,300,61,43,27,40,53.525
19,"BiLSTM",9.87201980431564,0.0333964118481347,0.329690039157867,300,62,50,27.475,39,50.525
19,"BiLSTM",9.87201980431564,0.0333964118481347,0.329690039157867,300,63,46,28,38,51.525
19,"BiLSTM",9.87201980431564,0.0333964118481347,0.329690039157867,300,64,37,27,38,50
19,"BiLSTM",9.87201980431564,0.0333964118481347,0.329690039157867,300,65,40,25.475,36,49.525
19,"BiLSTM",9.87201980431564,0.0333964118481347,0.329690039157867,300,66,45,26,36,48
19,"BiLSTM",9.87201980431564,0.0333964118481347,0.329690039157867,300,67,30,25.475,35,48
19,"BiLSTM",9.87201980431564,0.0333964118481347,0.329690039157867,300,68,33,24,35,45.525
19,"BiLSTM",9.87201980431564,0.0333964118481347,0.329690039157867,300,69,31,23,34,47
19,"BiLSTM",9.87201980431564,0.0333964118481347,0.329690039157867,300,70,26,22.475,34,45.525
19,"BiLSTM",9.87201980431564,0.0333964118481347,0.329690039157867,300,71,33,22.475,34,45
19,"BiLSTM",9.87201980431564,0.0333964118481347,0.329690039157867,300,72,33,22,33,45
19,"BiLSTM",9.87201980431564,0.0333964118481347,0.329690039157867,300,73,41,21.475,33,44
19,"BiLSTM",9.87201980431564,0.0333964118481347,0.329690039157867,300,74,35,21,32,43
19,"BiLSTM",9.87201980431564,0.0333964118481347,0.329690039157867,300,75,32,20.475,30,42
19,"BiLSTM",9.87201980431564,0.0333964118481347,0.329690039157867,300,76,26,20,30,42.525
19,"BiLSTM",9.87201980431564,0.0333964118481347,0.329690039157867,300,77,31,19.475,29,40.525
19,"BiLSTM",9.87201980431564,0.0333964118481347,0.329690039157867,300,78,25,20,29,42
19,"BiLSTM",9.87201980431564,0.0333964118481347,0.329690039157867,300,79,30,19.475,28.5,38
19,"BiLSTM",9.87201980431564,0.0333964118481347,0.329690039157867,300,80,27,19,28,39
19,"BiLSTM",9.87201980431564,0.0333964118481347,0.329690039157867,300,81,24,17,28,39
19,"BiLSTM",9.87201980431564,0.0333964118481347,0.329690039157867,300,82,25,16.475,26,37.525
19,"BiLSTM",9.87201980431564,0.0333964118481347,0.329690039157867,300,83,17,16,27,39
19,"BiLSTM",9.87201980431564,0.0333964118481347,0.329690039157867,300,84,25,17,26,38
19,"BiLSTM",9.87201980431564,0.0333964118481347,0.329690039157867,300,85,21,16.475,25,38
19,"BiLSTM",9.87201980431564,0.0333964118481347,0.329690039157867,300,86,8,16,25,33.525
19,"BiLSTM",9.87201980431564,0.0333964118481347,0.329690039157867,300,87,23,15.475,24,33.525
19,"BiLSTM",9.87201980431564,0.0333964118481347,0.329690039157867,300,88,26,14,24,33.525
19,"BiLSTM",9.87201980431564,0.0333964118481347,0.329690039157867,300,89,18,13,23,33
19,"BiLSTM",9.87201980431564,0.0333964118481347,0.329690039157867,300,90,23,14,22,32
19,"BiLSTM",9.87201980431564,0.0333964118481347,0.329690039157867,300,91,22,14,23,31
19,"BiLSTM",9.87201980431564,0.0333964118481347,0.329690039157867,300,92,18,13.475,21,31.525
19,"BiLSTM",9.87201980431564,0.0333964118481347,0.329690039157867,300,93,15,13.475,21,30.525
19,"BiLSTM",9.87201980431564,0.0333964118481347,0.329690039157867,300,94,23,13.475,21,30
19,"BiLSTM",9.87201980431564,0.0333964118481347,0.329690039157867,300,95,13,12.475,20,29
19,"BiLSTM",9.87201980431564,0.0333964118481347,0.329690039157867,300,96,19,12,20,28
19,"BiLSTM",9.87201980431564,0.0333964118481347,0.329690039157867,300,97,18,11.475,19,27.525
19,"BiLSTM",9.87201980431564,0.0333964118481347,0.329690039157867,300,98,13,11,18,28
19,"BiLSTM",9.87201980431564,0.0333964118481347,0.329690039157867,300,99,12,10.475,18,27
19,"BiLSTM",9.87201980431564,0.0333964118481347,0.329690039157867,300,100,16,10,18,26
19,"BiLSTM",9.87201980431564,0.0333964118481347,0.329690039157867,300,101,15,9,17,27
19,"BiLSTM",9.87201980431564,0.0333964118481347,0.329690039157867,300,102,13,9,16.5,27.525
19,"BiLSTM",9.87201980431564,0.0333964118481347,0.329690039157867,300,103,14,9,16,25
19,"BiLSTM",9.87201980431564,0.0333964118481347,0.329690039157867,300,104,13,8.475,16,26
19,"BiLSTM",9.87201980431564,0.0333964118481347,0.329690039157867,300,105,17,8.475,15,24.525
19,"BiLSTM",9.87201980431564,0.0333964118481347,0.329690039157867,300,106,10,8,15,23
19,"BiLSTM",9.87201980431564,0.0333964118481347,0.329690039157867,300,107,12,8,15,22.525
19,"BiLSTM",9.87201980431564,0.0333964118481347,0.329690039157867,300,108,7,8,15,22.525
19,"BiLSTM",9.87201980431564,0.0333964118481347,0.329690039157867,300,109,15,6.475,14,24
19,"BiLSTM",9.87201980431564,0.0333964118481347,0.329690039157867,300,110,14,7,13,21
19,"BiLSTM",9.87201980431564,0.0333964118481347,0.329690039157867,300,111,11,8,14,22
19,"BiLSTM",9.87201980431564,0.0333964118481347,0.329690039157867,300,112,9,6.475,13,20
19,"BiLSTM",9.87201980431564,0.0333964118481347,0.329690039157867,300,113,7,7,12,20
19,"BiLSTM",9.87201980431564,0.0333964118481347,0.329690039157867,300,114,10,6,12,19
19,"BiLSTM",9.87201980431564,0.0333964118481347,0.329690039157867,300,115,14,7,12,20
19,"BiLSTM",9.87201980431564,0.0333964118481347,0.329690039157867,300,116,14,6,12.5,19.525
19,"BiLSTM",9.87201980431564,0.0333964118481347,0.329690039157867,300,117,5,5.475,11,19
19,"BiLSTM",9.87201980431564,0.0333964118481347,0.329690039157867,300,118,10,5.475,11,17.525
19,"BiLSTM",9.87201980431564,0.0333964118481347,0.329690039157867,300,119,10,5.475,11,17
19,"BiLSTM",9.87201980431564,0.0333964118481347,0.329690039157867,300,120,8,5,10.5,18
19,"BiLSTM",9.87201980431564,0.0333964118481347,0.329690039157867,300,121,11,4,10,17.525
19,"BiLSTM",9.87201980431564,0.0333964118481347,0.329690039157867,300,122,10,5,10,16
19,"BiLSTM",9.87201980431564,0.0333964118481347,0.329690039157867,300,123,10,4,10,16
19,"BiLSTM",9.87201980431564,0.0333964118481347,0.329690039157867,300,124,9,4,10,16
19,"BiLSTM",9.87201980431564,0.0333964118481347,0.329690039157867,300,125,6,4,10,15
19,"BiLSTM",9.87201980431564,0.0333964118481347,0.329690039157867,300,126,7,3,9,15
19,"BiLSTM",9.87201980431564,0.0333964118481347,0.329690039157867,300,127,6,3,9,15
19,"BiLSTM",9.87201980431564,0.0333964118481347,0.329690039157867,300,128,7,4,9,15
19,"BiLSTM",9.87201980431564,0.0333964118481347,0.329690039157867,300,129,9,4,9,15
19,"BiLSTM",9.87201980431564,0.0333964118481347,0.329690039157867,300,130,7,3.475,8,15
19,"BiLSTM",9.87201980431564,0.0333964118481347,0.329690039157867,300,131,3,3,8,16
19,"BiLSTM",9.87201980431564,0.0333964118481347,0.329690039157867,300,132,3,3,8,14.525
19,"BiLSTM",9.87201980431564,0.0333964118481347,0.329690039157867,300,133,9,3,7.5,13
19,"BiLSTM",9.87201980431564,0.0333964118481347,0.329690039157867,300,134,9,3,7,13
19,"BiLSTM",9.87201980431564,0.0333964118481347,0.329690039157867,300,135,12,2,7,13
19,"BiLSTM",9.87201980431564,0.0333964118481347,0.329690039157867,300,136,6,3,7,13
19,"BiLSTM",9.87201980431564,0.0333964118481347,0.329690039157867,300,137,8,2,7,13
19,"BiLSTM",9.87201980431564,0.0333964118481347,0.329690039157867,300,138,3,2,6,13
19,"BiLSTM",9.87201980431564,0.0333964118481347,0.329690039157867,300,139,3,2,6,11
19,"BiLSTM",9.87201980431564,0.0333964118481347,0.329690039157867,300,140,7,1,6,12
19,"BiLSTM",9.87201980431564,0.0333964118481347,0.329690039157867,300,141,5,2,6,12
19,"BiLSTM",9.87201980431564,0.0333964118481347,0.329690039157867,300,142,5,2,6,11
19,"BiLSTM",9.87201980431564,0.0333964118481347,0.329690039157867,300,143,10,2,6,10
19,"BiLSTM",9.87201980431564,0.0333964118481347,0.329690039157867,300,144,7,1.475,6,11
19,"BiLSTM",9.87201980431564,0.0333964118481347,0.329690039157867,300,145,8,2,6,11.525
19,"BiLSTM",9.87201980431564,0.0333964118481347,0.329690039157867,300,146,5,1.475,5,10.525
19,"BiLSTM",9.87201980431564,0.0333964118481347,0.329690039157867,300,147,8,1,5,10
19,"BiLSTM",9.87201980431564,0.0333964118481347,0.329690039157867,300,148,4,2,5,10
19,"BiLSTM",9.87201980431564,0.0333964118481347,0.329690039157867,300,149,1,1,5,10
19,"BiLSTM",9.87201980431564,0.0333964118481347,0.329690039157867,300,150,1,1,4,9
19,"BiLSTM",9.87201980431564,0.0333964118481347,0.329690039157867,300,151,3,1,4,9
19,"BiLSTM",9.87201980431564,0.0333964118481347,0.329690039157867,300,152,3,1,4,9
19,"BiLSTM",9.87201980431564,0.0333964118481347,0.329690039157867,300,153,3,1,4,9
19,"BiLSTM",9.87201980431564,0.0333964118481347,0.329690039157867,300,154,4,1,4,9
19,"BiLSTM",9.87201980431564,0.0333964118481347,0.329690039157867,300,155,1,1,4,8
19,"BiLSTM",9.87201980431564,0.0333964118481347,0.329690039157867,300,156,5,1,4,9
19,"BiLSTM",9.87201980431564,0.0333964118481347,0.329690039157867,300,157,5,1,4,9
19,"BiLSTM",9.87201980431564,0.0333964118481347,0.329690039157867,300,158,4,1,4,8
19,"BiLSTM",9.87201980431564,0.0333964118481347,0.329690039157867,300,159,7,1,4,9
19,"BiLSTM",9.87201980431564,0.0333964118481347,0.329690039157867,300,160,4,0,4,7
19,"BiLSTM",9.87201980431564,0.0333964118481347,0.329690039157867,300,161,2,0,3,8
19,"BiLSTM",9.87201980431564,0.0333964118481347,0.329690039157867,300,162,2,0,3,7
19,"BiLSTM",9.87201980431564,0.0333964118481347,0.329690039157867,300,163,1,0.475000000000001,3.5,7.52499999999998
19,"BiLSTM",9.87201980431564,0.0333964118481347,0.329690039157867,300,164,4,0,3,7
19,"BiLSTM",9.87201980431564,0.0333964118481347,0.329690039157867,300,165,1,0,3,8
19,"BiLSTM",9.87201980431564,0.0333964118481347,0.329690039157867,300,166,5,0,3,7
19,"BiLSTM",9.87201980431564,0.0333964118481347,0.329690039157867,300,167,2,0,3,7
19,"BiLSTM",9.87201980431564,0.0333964118481347,0.329690039157867,300,168,3,0,3,7
19,"BiLSTM",9.87201980431564,0.0333964118481347,0.329690039157867,300,169,3,0,2,7
19,"BiLSTM",9.87201980431564,0.0333964118481347,0.329690039157867,300,170,2,0,3,7
19,"BiLSTM",9.87201980431564,0.0333964118481347,0.329690039157867,300,171,0,0,2,6
19,"BiLSTM",9.87201980431564,0.0333964118481347,0.329690039157867,300,172,1,0,2,6
19,"BiLSTM",9.87201980431564,0.0333964118481347,0.329690039157867,300,173,3,0,2,6
19,"BiLSTM",9.87201980431564,0.0333964118481347,0.329690039157867,300,174,1,0,2,6
19,"BiLSTM",9.87201980431564,0.0333964118481347,0.329690039157867,300,175,3,0,2,5.52499999999998
19,"BiLSTM",9.87201980431564,0.0333964118481347,0.329690039157867,300,176,2,0,2,5
19,"BiLSTM",9.87201980431564,0.0333964118481347,0.329690039157867,300,177,4,0,2,5
19,"BiLSTM",9.87201980431564,0.0333964118481347,0.329690039157867,300,178,3,0,2,5
19,"BiLSTM",9.87201980431564,0.0333964118481347,0.329690039157867,300,179,3,0,2,5
19,"BiLSTM",9.87201980431564,0.0333964118481347,0.329690039157867,300,180,2,0,2,6
19,"BiLSTM",9.87201980431564,0.0333964118481347,0.329690039157867,300,181,0,0,2,5.52499999999998
19,"BiLSTM",9.87201980431564,0.0333964118481347,0.329690039157867,300,182,0,0,2,5
19,"BiLSTM",9.87201980431564,0.0333964118481347,0.329690039157867,300,183,3,0,2,4.52499999999998
19,"BiLSTM",9.87201980431564,0.0333964118481347,0.329690039157867,300,184,0,0,2,5
19,"BiLSTM",9.87201980431564,0.0333964118481347,0.329690039157867,300,185,0,0,2,5
19,"BiLSTM",9.87201980431564,0.0333964118481347,0.329690039157867,300,186,0,0,1,4
19,"BiLSTM",9.87201980431564,0.0333964118481347,0.329690039157867,300,187,0,0,1,5
19,"BiLSTM",9.87201980431564,0.0333964118481347,0.329690039157867,300,188,0,0,1,4
19,"BiLSTM",9.87201980431564,0.0333964118481347,0.329690039157867,300,189,2,0,1,4
19,"BiLSTM",9.87201980431564,0.0333964118481347,0.329690039157867,300,190,1,0,1,5
19,"BiLSTM",9.87201980431564,0.0333964118481347,0.329690039157867,300,191,1,0,1,4
19,"BiLSTM",9.87201980431564,0.0333964118481347,0.329690039157867,300,192,1,0,1,4.52499999999998
19,"BiLSTM",9.87201980431564,0.0333964118481347,0.329690039157867,300,193,2,0,1,4
19,"BiLSTM",9.87201980431564,0.0333964118481347,0.329690039157867,300,194,3,0,1,4
19,"BiLSTM",9.87201980431564,0.0333964118481347,0.329690039157867,300,195,4,0,1,4
19,"BiLSTM",9.87201980431564,0.0333964118481347,0.329690039157867,300,196,1,0,1,4
19,"BiLSTM",9.87201980431564,0.0333964118481347,0.329690039157867,300,197,3,0,1,4
19,"BiLSTM",9.87201980431564,0.0333964118481347,0.329690039157867,300,198,0,0,1,4
19,"BiLSTM",9.87201980431564,0.0333964118481347,0.329690039157867,300,199,2,0,1,4
19,"BiLSTM",9.87201980431564,0.0333964118481347,0.329690039157867,300,200,1,0,1,4
19,"BiLSTM",9.87201980431564,0.0333964118481347,0.329690039157867,300,201,0,0,1,4
19,"BiLSTM",9.87201980431564,0.0333964118481347,0.329690039157867,300,202,3,0,1,4
19,"BiLSTM",9.87201980431564,0.0333964118481347,0.329690039157867,300,203,1,0,1,3
19,"BiLSTM",9.87201980431564,0.0333964118481347,0.329690039157867,300,204,1,0,1,4
19,"BiLSTM",9.87201980431564,0.0333964118481347,0.329690039157867,300,205,0,0,1,4
19,"BiLSTM",9.87201980431564,0.0333964118481347,0.329690039157867,300,206,1,0,1,3
19,"BiLSTM",9.87201980431564,0.0333964118481347,0.329690039157867,300,207,2,0,1,3
19,"BiLSTM",9.87201980431564,0.0333964118481347,0.329690039157867,300,208,0,0,1,3
19,"BiLSTM",9.87201980431564,0.0333964118481347,0.329690039157867,300,209,1,0,1,3
19,"BiLSTM",9.87201980431564,0.0333964118481347,0.329690039157867,300,210,1,0,1,3
19,"BiLSTM",9.87201980431564,0.0333964118481347,0.329690039157867,300,211,0,0,1,3
19,"BiLSTM",9.87201980431564,0.0333964118481347,0.329690039157867,300,212,1,0,1,3
19,"BiLSTM",9.87201980431564,0.0333964118481347,0.329690039157867,300,213,1,0,1,3
19,"BiLSTM",9.87201980431564,0.0333964118481347,0.329690039157867,300,214,2,0,1,2
19,"BiLSTM",9.87201980431564,0.0333964118481347,0.329690039157867,300,215,2,0,1,2.52499999999998
19,"BiLSTM",9.87201980431564,0.0333964118481347,0.329690039157867,300,216,1,0,1,3
19,"BiLSTM",9.87201980431564,0.0333964118481347,0.329690039157867,300,217,1,0,1,3
19,"BiLSTM",9.87201980431564,0.0333964118481347,0.329690039157867,300,218,0,0,1,3
19,"BiLSTM",9.87201980431564,0.0333964118481347,0.329690039157867,300,219,0,0,0,2
19,"BiLSTM",9.87201980431564,0.0333964118481347,0.329690039157867,300,220,1,0,1,2.52499999999998
19,"BiLSTM",9.87201980431564,0.0333964118481347,0.329690039157867,300,221,0,0,0,3
19,"BiLSTM",9.87201980431564,0.0333964118481347,0.329690039157867,300,222,0,0,0,3
19,"BiLSTM",9.87201980431564,0.0333964118481347,0.329690039157867,300,223,2,0,0,3
19,"BiLSTM",9.87201980431564,0.0333964118481347,0.329690039157867,300,224,0,0,0,3
19,"BiLSTM",9.87201980431564,0.0333964118481347,0.329690039157867,300,225,2,0,0,2
19,"BiLSTM",9.87201980431564,0.0333964118481347,0.329690039157867,300,226,0,0,0,2
19,"BiLSTM",9.87201980431564,0.0333964118481347,0.329690039157867,300,227,0,0,0,2
19,"BiLSTM",9.87201980431564,0.0333964118481347,0.329690039157867,300,228,0,0,0,2
19,"BiLSTM",9.87201980431564,0.0333964118481347,0.329690039157867,300,229,1,0,0,2
19,"BiLSTM",9.87201980431564,0.0333964118481347,0.329690039157867,300,230,0,0,0,2
19,"BiLSTM",9.87201980431564,0.0333964118481347,0.329690039157867,300,231,0,0,0,2
19,"BiLSTM",9.87201980431564,0.0333964118481347,0.329690039157867,300,232,1,0,0,2
19,"BiLSTM",9.87201980431564,0.0333964118481347,0.329690039157867,300,233,0,0,0,2
19,"BiLSTM",9.87201980431564,0.0333964118481347,0.329690039157867,300,234,0,0,0,2
19,"BiLSTM",9.87201980431564,0.0333964118481347,0.329690039157867,300,235,1,0,0,2
19,"BiLSTM",9.87201980431564,0.0333964118481347,0.329690039157867,300,236,0,0,0,2
19,"BiLSTM",9.87201980431564,0.0333964118481347,0.329690039157867,300,237,1,0,0,2
19,"BiLSTM",9.87201980431564,0.0333964118481347,0.329690039157867,300,238,0,0,0,2
19,"BiLSTM",9.87201980431564,0.0333964118481347,0.329690039157867,300,239,0,0,0,2
19,"BiLSTM",9.87201980431564,0.0333964118481347,0.329690039157867,300,240,1,0,0,2
19,"BiLSTM",9.87201980431564,0.0333964118481347,0.329690039157867,300,241,0,0,0,2
19,"BiLSTM",9.87201980431564,0.0333964118481347,0.329690039157867,300,242,0,0,0,2
19,"BiLSTM",9.87201980431564,0.0333964118481347,0.329690039157867,300,243,2,0,0,2
19,"BiLSTM",9.87201980431564,0.0333964118481347,0.329690039157867,300,244,1,0,0,1
19,"BiLSTM",9.87201980431564,0.0333964118481347,0.329690039157867,300,245,0,0,0,2
19,"BiLSTM",9.87201980431564,0.0333964118481347,0.329690039157867,300,246,0,0,0,2
19,"BiLSTM",9.87201980431564,0.0333964118481347,0.329690039157867,300,247,0,0,0,1
19,"BiLSTM",9.87201980431564,0.0333964118481347,0.329690039157867,300,248,0,0,0,2
19,"BiLSTM",9.87201980431564,0.0333964118481347,0.329690039157867,300,249,0,0,0,2
19,"BiLSTM",9.87201980431564,0.0333964118481347,0.329690039157867,300,250,0,0,0,1
19,"BiLSTM",9.87201980431564,0.0333964118481347,0.329690039157867,300,251,0,0,0,1
19,"BiLSTM",9.87201980431564,0.0333964118481347,0.329690039157867,300,252,0,0,0,1.52499999999998
19,"BiLSTM",9.87201980431564,0.0333964118481347,0.329690039157867,300,253,1,0,0,1.52499999999998
19,"BiLSTM",9.87201980431564,0.0333964118481347,0.329690039157867,300,254,0,0,0,2
19,"BiLSTM",9.87201980431564,0.0333964118481347,0.329690039157867,300,255,0,0,0,1
19,"BiLSTM",9.87201980431564,0.0333964118481347,0.329690039157867,300,256,0,0,0,1
19,"BiLSTM",9.87201980431564,0.0333964118481347,0.329690039157867,300,257,0,0,0,2
19,"BiLSTM",9.87201980431564,0.0333964118481347,0.329690039157867,300,258,1,0,0,1.52499999999998
19,"BiLSTM",9.87201980431564,0.0333964118481347,0.329690039157867,300,259,0,0,0,1
19,"BiLSTM",9.87201980431564,0.0333964118481347,0.329690039157867,300,260,0,0,0,2
19,"BiLSTM",9.87201980431564,0.0333964118481347,0.329690039157867,300,261,0,0,0,1
19,"BiLSTM",9.87201980431564,0.0333964118481347,0.329690039157867,300,262,0,0,0,1
19,"BiLSTM",9.87201980431564,0.0333964118481347,0.329690039157867,300,263,0,0,0,2
19,"BiLSTM",9.87201980431564,0.0333964118481347,0.329690039157867,300,264,0,0,0,2
19,"BiLSTM",9.87201980431564,0.0333964118481347,0.329690039157867,300,265,1,0,0,2
19,"BiLSTM",9.87201980431564,0.0333964118481347,0.329690039157867,300,266,0,0,0,1
19,"BiLSTM",9.87201980431564,0.0333964118481347,0.329690039157867,300,267,0,0,0,1
19,"BiLSTM",9.87201980431564,0.0333964118481347,0.329690039157867,300,268,0,0,0,1
19,"BiLSTM",9.87201980431564,0.0333964118481347,0.329690039157867,300,269,0,0,0,2
19,"BiLSTM",9.87201980431564,0.0333964118481347,0.329690039157867,300,270,0,0,0,1
19,"BiLSTM",9.87201980431564,0.0333964118481347,0.329690039157867,300,271,0,0,0,1
19,"BiLSTM",9.87201980431564,0.0333964118481347,0.329690039157867,300,272,0,0,0,1
19,"BiLSTM",9.87201980431564,0.0333964118481347,0.329690039157867,300,273,0,0,0,1
19,"BiLSTM",9.87201980431564,0.0333964118481347,0.329690039157867,300,274,0,0,0,1
19,"BiLSTM",9.87201980431564,0.0333964118481347,0.329690039157867,300,275,0,0,0,1
19,"BiLSTM",9.87201980431564,0.0333964118481347,0.329690039157867,300,276,0,0,0,1
19,"BiLSTM",9.87201980431564,0.0333964118481347,0.329690039157867,300,277,0,0,0,1
19,"BiLSTM",9.87201980431564,0.0333964118481347,0.329690039157867,300,278,0,0,0,1
19,"BiLSTM",9.87201980431564,0.0333964118481347,0.329690039157867,300,279,0,0,0,1
19,"BiLSTM",9.87201980431564,0.0333964118481347,0.329690039157867,300,280,0,0,0,1
19,"BiLSTM",9.87201980431564,0.0333964118481347,0.329690039157867,300,281,0,0,0,1
19,"BiLSTM",9.87201980431564,0.0333964118481347,0.329690039157867,300,282,0,0,0,1
19,"BiLSTM",9.87201980431564,0.0333964118481347,0.329690039157867,300,283,0,0,0,1
19,"BiLSTM",9.87201980431564,0.0333964118481347,0.329690039157867,300,284,0,0,0,1
19,"BiLSTM",9.87201980431564,0.0333964118481347,0.329690039157867,300,285,0,0,0,1
19,"BiLSTM",9.87201980431564,0.0333964118481347,0.329690039157867,300,286,0,0,0,1
19,"BiLSTM",9.87201980431564,0.0333964118481347,0.329690039157867,300,287,0,0,0,1
19,"BiLSTM",9.87201980431564,0.0333964118481347,0.329690039157867,300,288,0,0,0,1
19,"BiLSTM",9.87201980431564,0.0333964118481347,0.329690039157867,300,289,0,0,0,1
19,"BiLSTM",9.87201980431564,0.0333964118481347,0.329690039157867,300,290,0,0,0,1
19,"BiLSTM",9.87201980431564,0.0333964118481347,0.329690039157867,300,291,0,0,0,1
19,"BiLSTM",9.87201980431564,0.0333964118481347,0.329690039157867,300,292,0,0,0,1
19,"BiLSTM",9.87201980431564,0.0333964118481347,0.329690039157867,300,293,0,0,0,1
19,"BiLSTM",9.87201980431564,0.0333964118481347,0.329690039157867,300,294,0,0,0,1
19,"BiLSTM",9.87201980431564,0.0333964118481347,0.329690039157867,300,295,0,0,0,1
19,"BiLSTM",9.87201980431564,0.0333964118481347,0.329690039157867,300,296,0,0,0,1
19,"BiLSTM",9.87201980431564,0.0333964118481347,0.329690039157867,300,297,0,0,0,1
19,"BiLSTM",9.87201980431564,0.0333964118481347,0.329690039157867,300,298,0,0,0,1
19,"BiLSTM",9.87201980431564,0.0333964118481347,0.329690039157867,300,299,0,0,0,1
19,"BiLSTM",9.87201980431564,0.0333964118481347,0.329690039157867,300,300,0,0,0,1
19,"BiLSTM",9.87201980431564,0.0333964118481347,0.329690039157867,300,301,0,0,0,1
19,"BiLSTM",9.87201980431564,0.0333964118481347,0.329690039157867,300,302,0,0,0,1
19,"BiLSTM",9.87201980431564,0.0333964118481347,0.329690039157867,300,303,0,0,0,1
19,"BiLSTM",9.87201980431564,0.0333964118481347,0.329690039157867,300,304,0,0,0,1
19,"BiLSTM",9.87201980431564,0.0333964118481347,0.329690039157867,300,305,0,0,0,1
19,"BiLSTM",9.87201980431564,0.0333964118481347,0.329690039157867,300,306,0,0,0,1
19,"BiLSTM",9.87201980431564,0.0333964118481347,0.329690039157867,300,307,0,0,0,1
19,"BiLSTM",9.87201980431564,0.0333964118481347,0.329690039157867,300,308,0,0,0,1
19,"BiLSTM",9.87201980431564,0.0333964118481347,0.329690039157867,300,309,0,0,0,1
19,"BiLSTM",9.87201980431564,0.0333964118481347,0.329690039157867,300,310,0,0,0,1
19,"BiLSTM",9.87201980431564,0.0333964118481347,0.329690039157867,300,311,0,0,0,1
19,"BiLSTM",9.87201980431564,0.0333964118481347,0.329690039157867,300,312,0,0,0,1
19,"BiLSTM",9.87201980431564,0.0333964118481347,0.329690039157867,300,313,0,0,0,1
19,"BiLSTM",9.87201980431564,0.0333964118481347,0.329690039157867,300,314,0,0,0,1
19,"BiLSTM",9.87201980431564,0.0333964118481347,0.329690039157867,300,315,1,0,0,1
19,"BiLSTM",9.87201980431564,0.0333964118481347,0.329690039157867,300,316,0,0,0,1
19,"BiLSTM",9.87201980431564,0.0333964118481347,0.329690039157867,300,317,0,0,0,1
19,"BiLSTM",9.87201980431564,0.0333964118481347,0.329690039157867,300,318,0,0,0,1
19,"BiLSTM",9.87201980431564,0.0333964118481347,0.329690039157867,300,319,0,0,0,1
19,"BiLSTM",9.87201980431564,0.0333964118481347,0.329690039157867,300,320,0,0,0,0
19,"BiLSTM",9.87201980431564,0.0333964118481347,0.329690039157867,300,321,0,0,0,1
19,"BiLSTM",9.87201980431564,0.0333964118481347,0.329690039157867,300,322,0,0,0,0
19,"BiLSTM",9.87201980431564,0.0333964118481347,0.329690039157867,300,323,0,0,0,0
19,"BiLSTM",9.87201980431564,0.0333964118481347,0.329690039157867,300,324,0,0,0,0
19,"BiLSTM",9.87201980431564,0.0333964118481347,0.329690039157867,300,325,0,0,0,1
19,"BiLSTM",9.87201980431564,0.0333964118481347,0.329690039157867,300,326,0,0,0,1
19,"BiLSTM",9.87201980431564,0.0333964118481347,0.329690039157867,300,327,0,0,0,0
19,"BiLSTM",9.87201980431564,0.0333964118481347,0.329690039157867,300,328,0,0,0,0
19,"BiLSTM",9.87201980431564,0.0333964118481347,0.329690039157867,300,329,0,0,0,0
19,"BiLSTM",9.87201980431564,0.0333964118481347,0.329690039157867,300,330,0,0,0,0.524999999999977
19,"BiLSTM",9.87201980431564,0.0333964118481347,0.329690039157867,300,331,0,0,0,0
19,"BiLSTM",9.87201980431564,0.0333964118481347,0.329690039157867,300,332,0,0,0,1
19,"BiLSTM",9.87201980431564,0.0333964118481347,0.329690039157867,300,333,0,0,0,0
19,"BiLSTM",9.87201980431564,0.0333964118481347,0.329690039157867,300,334,0,0,0,0
19,"BiLSTM",9.87201980431564,0.0333964118481347,0.329690039157867,300,335,0,0,0,0
19,"BiLSTM",9.87201980431564,0.0333964118481347,0.329690039157867,300,336,0,0,0,0
19,"BiLSTM",9.87201980431564,0.0333964118481347,0.329690039157867,300,337,0,0,0,0
19,"BiLSTM",9.87201980431564,0.0333964118481347,0.329690039157867,300,338,0,0,0,0
19,"BiLSTM",9.87201980431564,0.0333964118481347,0.329690039157867,300,339,0,0,0,0.524999999999977
19,"BiLSTM",9.87201980431564,0.0333964118481347,0.329690039157867,300,340,0,0,0,0
19,"BiLSTM",9.87201980431564,0.0333964118481347,0.329690039157867,300,341,0,0,0,0
19,"BiLSTM",9.87201980431564,0.0333964118481347,0.329690039157867,300,342,0,0,0,0
19,"BiLSTM",9.87201980431564,0.0333964118481347,0.329690039157867,300,343,0,0,0,0
19,"BiLSTM",9.87201980431564,0.0333964118481347,0.329690039157867,300,344,0,0,0,0
19,"BiLSTM",9.87201980431564,0.0333964118481347,0.329690039157867,300,345,0,0,0,0
19,"BiLSTM",9.87201980431564,0.0333964118481347,0.329690039157867,300,346,0,0,0,0
19,"BiLSTM",9.87201980431564,0.0333964118481347,0.329690039157867,300,347,0,0,0,0
19,"BiLSTM",9.87201980431564,0.0333964118481347,0.329690039157867,300,348,0,0,0,0
19,"BiLSTM",9.87201980431564,0.0333964118481347,0.329690039157867,300,349,0,0,0,0
19,"BiLSTM",9.87201980431564,0.0333964118481347,0.329690039157867,300,350,0,0,0,0
19,"BiLSTM",9.87201980431564,0.0333964118481347,0.329690039157867,300,351,0,0,0,0
19,"BiLSTM",9.87201980431564,0.0333964118481347,0.329690039157867,300,352,0,0,0,0
19,"BiLSTM",9.87201980431564,0.0333964118481347,0.329690039157867,300,353,0,0,0,0
19,"BiLSTM",9.87201980431564,0.0333964118481347,0.329690039157867,300,354,0,0,0,0
19,"BiLSTM",9.87201980431564,0.0333964118481347,0.329690039157867,300,355,0,0,0,0
19,"BiLSTM",9.87201980431564,0.0333964118481347,0.329690039157867,300,356,0,0,0,0
19,"BiLSTM",9.87201980431564,0.0333964118481347,0.329690039157867,300,357,0,0,0,0
19,"BiLSTM",9.87201980431564,0.0333964118481347,0.329690039157867,300,358,0,0,0,0
19,"BiLSTM",9.87201980431564,0.0333964118481347,0.329690039157867,300,359,0,0,0,0
19,"BiLSTM",9.87201980431564,0.0333964118481347,0.329690039157867,300,360,0,0,0,0
19,"BiLSTM",9.87201980431564,0.0333964118481347,0.329690039157867,300,361,0,0,0,0
19,"BiLSTM",9.87201980431564,0.0333964118481347,0.329690039157867,300,362,0,0,0,0
19,"BiLSTM",9.87201980431564,0.0333964118481347,0.329690039157867,300,363,0,0,0,0
19,"BiLSTM",9.87201980431564,0.0333964118481347,0.329690039157867,300,364,0,0,0,0
19,"BiLSTM",9.87201980431564,0.0333964118481347,0.329690039157867,300,365,0,0,0,0
41,"Oracle",10.6757046910934,0.0574681250000452,0.613512731651324,1000,1,82,71,88,107
41,"Oracle",10.6757046910934,0.0574681250000452,0.613512731651324,1000,2,91,66.975,83,101.025
41,"Oracle",10.6757046910934,0.0574681250000452,0.613512731651324,1000,3,81,64,82,100
41,"Oracle",10.6757046910934,0.0574681250000452,0.613512731651324,1000,4,86,64,81,99
41,"Oracle",10.6757046910934,0.0574681250000452,0.613512731651324,1000,5,88,65,82,102
41,"Oracle",10.6757046910934,0.0574681250000452,0.613512731651324,1000,6,78,68,83.5,102
41,"Oracle",10.6757046910934,0.0574681250000452,0.613512731651324,1000,7,101,69,86.5,105
41,"Oracle",10.6757046910934,0.0574681250000452,0.613512731651324,1000,8,93,72,89,110
41,"Oracle",10.6757046910934,0.0574681250000452,0.613512731651324,1000,9,86,74,93,112.025
41,"Oracle",10.6757046910934,0.0574681250000452,0.613512731651324,1000,10,113,79,97,117
41,"Oracle",10.6757046910934,0.0574681250000452,0.613512731651324,1000,11,103,82,101,122
41,"Oracle",10.6757046910934,0.0574681250000452,0.613512731651324,1000,12,104,86,105,124.025
41,"Oracle",10.6757046910934,0.0574681250000452,0.613512731651324,1000,13,104,88,109,131
41,"Oracle",10.6757046910934,0.0574681250000452,0.613512731651324,1000,14,103,93,114,133
41,"Oracle",10.6757046910934,0.0574681250000452,0.613512731651324,1000,15,117,97,117,139
41,"Oracle",10.6757046910934,0.0574681250000452,0.613512731651324,1000,16,117,99.975,121,143
41,"Oracle",10.6757046910934,0.0574681250000452,0.613512731651324,1000,17,127,104,124,148
41,"Oracle",10.6757046910934,0.0574681250000452,0.613512731651324,1000,18,115,106,127,151
41,"Oracle",10.6757046910934,0.0574681250000452,0.613512731651324,1000,19,121,111,131,154
41,"Oracle",10.6757046910934,0.0574681250000452,0.613512731651324,1000,20,117,110,133,154
41,"Oracle",10.6757046910934,0.0574681250000452,0.613512731651324,1000,21,135,114,135,159
41,"Oracle",10.6757046910934,0.0574681250000452,0.613512731651324,1000,22,152,115,138,159
41,"Oracle",10.6757046910934,0.0574681250000452,0.613512731651324,1000,23,135,118,139,163
41,"Oracle",10.6757046910934,0.0574681250000452,0.613512731651324,1000,24,134,118,140,164.025
41,"Oracle",10.6757046910934,0.0574681250000452,0.613512731651324,1000,25,156,119,142,167
41,"Oracle",10.6757046910934,0.0574681250000452,0.613512731651324,1000,26,130,121,142,166
41,"Oracle",10.6757046910934,0.0574681250000452,0.613512731651324,1000,27,150,118.975,142,167.025
41,"Oracle",10.6757046910934,0.0574681250000452,0.613512731651324,1000,28,139,119,141,164.025
41,"Oracle",10.6757046910934,0.0574681250000452,0.613512731651324,1000,29,143,117,140,165
41,"Oracle",10.6757046910934,0.0574681250000452,0.613512731651324,1000,30,133,118,140,164
41,"Oracle",10.6757046910934,0.0574681250000452,0.613512731651324,1000,31,139,115,138,159.025
41,"Oracle",10.6757046910934,0.0574681250000452,0.613512731651324,1000,32,146,115,137,161
41,"Oracle",10.6757046910934,0.0574681250000452,0.613512731651324,1000,33,130,114,135,159
41,"Oracle",10.6757046910934,0.0574681250000452,0.613512731651324,1000,34,125,112,133,155
41,"Oracle",10.6757046910934,0.0574681250000452,0.613512731651324,1000,35,117,109.975,131,153
41,"Oracle",10.6757046910934,0.0574681250000452,0.613512731651324,1000,36,129,107,127,150
41,"Oracle",10.6757046910934,0.0574681250000452,0.613512731651324,1000,37,117,103.975,125,147
41,"Oracle",10.6757046910934,0.0574681250000452,0.613512731651324,1000,38,121,102.975,122,144.025
41,"Oracle",10.6757046910934,0.0574681250000452,0.613512731651324,1000,39,134,99,119,142
41,"Oracle",10.6757046910934,0.0574681250000452,0.613512731651324,1000,40,112,95,117,138.025
41,"Oracle",10.6757046910934,0.0574681250000452,0.613512731651324,1000,41,97,94,114,135
41,"Oracle",10.6757046910934,0.0574681250000452,0.613512731651324,1000,42,103,90,109,129
41,"Oracle",10.6757046910934,0.0574681250000452,0.613512731651324,1000,43,105,85,107,130
41,"Oracle",10.6757046910934,0.0574681250000452,0.613512731651324,1000,44,102,83,103,124
41,"Oracle",10.6757046910934,0.0574681250000452,0.613512731651324,1000,45,106,82,100,120
41,"Oracle",10.6757046910934,0.0574681250000452,0.613512731651324,1000,46,95,79,97,116
41,"Oracle",10.6757046910934,0.0574681250000452,0.613512731651324,1000,47,112,76,94,113
41,"Oracle",10.6757046910934,0.0574681250000452,0.613512731651324,1000,48,93,73,91,109.025
41,"Oracle",10.6757046910934,0.0574681250000452,0.613512731651324,1000,49,102,70,87,106
41,"Oracle",10.6757046910934,0.0574681250000452,0.613512731651324,1000,50,83,67,84,103
41,"Oracle",10.6757046910934,0.0574681250000452,0.613512731651324,1000,51,62,65.975,81,98.025
41,"Oracle",10.6757046910934,0.0574681250000452,0.613512731651324,1000,52,78,62,78,95
41,"Oracle",10.6757046910934,0.0574681250000452,0.613512731651324,1000,53,86,60,75,94
41,"Oracle",10.6757046910934,0.0574681250000452,0.613512731651324,1000,54,58,56.975,72,89.025
41,"Oracle",10.6757046910934,0.0574681250000452,0.613512731651324,1000,55,69,53.975,69,85
41,"Oracle",10.6757046910934,0.0574681250000452,0.613512731651324,1000,56,72,51.975,67,83
41,"Oracle",10.6757046910934,0.0574681250000452,0.613512731651324,1000,57,63,49,64,81
41,"Oracle",10.6757046910934,0.0574681250000452,0.613512731651324,1000,58,60,46,61,77
41,"Oracle",10.6757046910934,0.0574681250000452,0.613512731651324,1000,59,56,44,59,74
41,"Oracle",10.6757046910934,0.0574681250000452,0.613512731651324,1000,60,63,42,56,71
41,"Oracle",10.6757046910934,0.0574681250000452,0.613512731651324,1000,61,63,41,54,69
41,"Oracle",10.6757046910934,0.0574681250000452,0.613512731651324,1000,62,54,38,52,66
41,"Oracle",10.6757046910934,0.0574681250000452,0.613512731651324,1000,63,48,37,50,65
41,"Oracle",10.6757046910934,0.0574681250000452,0.613512731651324,1000,64,62,34,48,62
41,"Oracle",10.6757046910934,0.0574681250000452,0.613512731651324,1000,65,42,32,46,60
41,"Oracle",10.6757046910934,0.0574681250000452,0.613512731651324,1000,66,52,31,43,56
41,"Oracle",10.6757046910934,0.0574681250000452,0.613512731651324,1000,67,38,30,42,55
41,"Oracle",10.6757046910934,0.0574681250000452,0.613512731651324,1000,68,42,29,40,52
41,"Oracle",10.6757046910934,0.0574681250000452,0.613512731651324,1000,69,39,26.975,38,51
41,"Oracle",10.6757046910934,0.0574681250000452,0.613512731651324,1000,70,35,25,36,49
41,"Oracle",10.6757046910934,0.0574681250000452,0.613512731651324,1000,71,40,24,35,47
41,"Oracle",10.6757046910934,0.0574681250000452,0.613512731651324,1000,72,37,22,34,45
41,"Oracle",10.6757046910934,0.0574681250000452,0.613512731651324,1000,73,39,21,32,44
41,"Oracle",10.6757046910934,0.0574681250000452,0.613512731651324,1000,74,34,19,31,41
41,"Oracle",10.6757046910934,0.0574681250000452,0.613512731651324,1000,75,34,20,29,40.025
41,"Oracle",10.6757046910934,0.0574681250000452,0.613512731651324,1000,76,35,19,28,39
41,"Oracle",10.6757046910934,0.0574681250000452,0.613512731651324,1000,77,29,16,27,37
41,"Oracle",10.6757046910934,0.0574681250000452,0.613512731651324,1000,78,30,16,25,36
41,"Oracle",10.6757046910934,0.0574681250000452,0.613512731651324,1000,79,22,16,25,35
41,"Oracle",10.6757046910934,0.0574681250000452,0.613512731651324,1000,80,25,15,23,34
41,"Oracle",10.6757046910934,0.0574681250000452,0.613512731651324,1000,81,25,14,22,32
41,"Oracle",10.6757046910934,0.0574681250000452,0.613512731651324,1000,82,28,13,21,31
41,"Oracle",10.6757046910934,0.0574681250000452,0.613512731651324,1000,83,21,12,20,29
41,"Oracle",10.6757046910934,0.0574681250000452,0.613512731651324,1000,84,18,11,19,28
41,"Oracle",10.6757046910934,0.0574681250000452,0.613512731651324,1000,85,26,11,18,27
41,"Oracle",10.6757046910934,0.0574681250000452,0.613512731651324,1000,86,15,10,17,26.025
41,"Oracle",10.6757046910934,0.0574681250000452,0.613512731651324,1000,87,14,9,17,25
41,"Oracle",10.6757046910934,0.0574681250000452,0.613512731651324,1000,88,13,9,16,24
41,"Oracle",10.6757046910934,0.0574681250000452,0.613512731651324,1000,89,14,8,15,24
41,"Oracle",10.6757046910934,0.0574681250000452,0.613512731651324,1000,90,18,8,15,23
41,"Oracle",10.6757046910934,0.0574681250000452,0.613512731651324,1000,91,7,7,14,21
41,"Oracle",10.6757046910934,0.0574681250000452,0.613512731651324,1000,92,10,7.975,13,21
41,"Oracle",10.6757046910934,0.0574681250000452,0.613512731651324,1000,93,16,6,13,21
41,"Oracle",10.6757046910934,0.0574681250000452,0.613512731651324,1000,94,12,6,12,20
41,"Oracle",10.6757046910934,0.0574681250000452,0.613512731651324,1000,95,14,6,11,19
41,"Oracle",10.6757046910934,0.0574681250000452,0.613512731651324,1000,96,17,5,11,18.025
41,"Oracle",10.6757046910934,0.0574681250000452,0.613512731651324,1000,97,8,5,10,17
41,"Oracle",10.6757046910934,0.0574681250000452,0.613512731651324,1000,98,14,5,10,17
41,"Oracle",10.6757046910934,0.0574681250000452,0.613512731651324,1000,99,10,4,10,16.025
41,"Oracle",10.6757046910934,0.0574681250000452,0.613512731651324,1000,100,9,4,9,15
41,"Oracle",10.6757046910934,0.0574681250000452,0.613512731651324,1000,101,9,4,9,15
41,"Oracle",10.6757046910934,0.0574681250000452,0.613512731651324,1000,102,7,3,8,14
41,"Oracle",10.6757046910934,0.0574681250000452,0.613512731651324,1000,103,11,3,8,14
41,"Oracle",10.6757046910934,0.0574681250000452,0.613512731651324,1000,104,10,3,7,13
41,"Oracle",10.6757046910934,0.0574681250000452,0.613512731651324,1000,105,9,3,7,13
41,"Oracle",10.6757046910934,0.0574681250000452,0.613512731651324,1000,106,6,2,7,12
41,"Oracle",10.6757046910934,0.0574681250000452,0.613512731651324,1000,107,7,2,6,13
41,"Oracle",10.6757046910934,0.0574681250000452,0.613512731651324,1000,108,6,2,6,11
41,"Oracle",10.6757046910934,0.0574681250000452,0.613512731651324,1000,109,6,2,6,11
41,"Oracle",10.6757046910934,0.0574681250000452,0.613512731651324,1000,110,5,2,5,11
41,"Oracle",10.6757046910934,0.0574681250000452,0.613512731651324,1000,111,9,1,5,10
41,"Oracle",10.6757046910934,0.0574681250000452,0.613512731651324,1000,112,7,1,5,10
41,"Oracle",10.6757046910934,0.0574681250000452,0.613512731651324,1000,113,5,1,5,10
41,"Oracle",10.6757046910934,0.0574681250000452,0.613512731651324,1000,114,8,1,5,9
41,"Oracle",10.6757046910934,0.0574681250000452,0.613512731651324,1000,115,0,1,4,9
41,"Oracle",10.6757046910934,0.0574681250000452,0.613512731651324,1000,116,6,1,4,9
41,"Oracle",10.6757046910934,0.0574681250000452,0.613512731651324,1000,117,5,1,4,9
41,"Oracle",10.6757046910934,0.0574681250000452,0.613512731651324,1000,118,4,1,4,8
41,"Oracle",10.6757046910934,0.0574681250000452,0.613512731651324,1000,119,1,0.975000000000001,4,8
41,"Oracle",10.6757046910934,0.0574681250000452,0.613512731651324,1000,120,3,0,4,7
41,"Oracle",10.6757046910934,0.0574681250000452,0.613512731651324,1000,121,1,0,3,7
41,"Oracle",10.6757046910934,0.0574681250000452,0.613512731651324,1000,122,2,0,3,7
41,"Oracle",10.6757046910934,0.0574681250000452,0.613512731651324,1000,123,1,0,3,7
41,"Oracle",10.6757046910934,0.0574681250000452,0.613512731651324,1000,124,1,0,3,7
41,"Oracle",10.6757046910934,0.0574681250000452,0.613512731651324,1000,125,1,0,3,7
41,"Oracle",10.6757046910934,0.0574681250000452,0.613512731651324,1000,126,3,0,3,6
41,"Oracle",10.6757046910934,0.0574681250000452,0.613512731651324,1000,127,4,0,2,6
41,"Oracle",10.6757046910934,0.0574681250000452,0.613512731651324,1000,128,1,0,2,6
41,"Oracle",10.6757046910934,0.0574681250000452,0.613512731651324,1000,129,1,0,2,6
41,"Oracle",10.6757046910934,0.0574681250000452,0.613512731651324,1000,130,5,0,2,6
41,"Oracle",10.6757046910934,0.0574681250000452,0.613512731651324,1000,131,3,0,2,5.02499999999998
41,"Oracle",10.6757046910934,0.0574681250000452,0.613512731651324,1000,132,1,0,2,5
41,"Oracle",10.6757046910934,0.0574681250000452,0.613512731651324,1000,133,1,0,2,5
41,"Oracle",10.6757046910934,0.0574681250000452,0.613512731651324,1000,134,3,0,2,5
41,"Oracle",10.6757046910934,0.0574681250000452,0.613512731651324,1000,135,2,0,1.5,5
41,"Oracle",10.6757046910934,0.0574681250000452,0.613512731651324,1000,136,0,0,1,5
41,"Oracle",10.6757046910934,0.0574681250000452,0.613512731651324,1000,137,0,0,1,5
41,"Oracle",10.6757046910934,0.0574681250000452,0.613512731651324,1000,138,3,0,1,4
41,"Oracle",10.6757046910934,0.0574681250000452,0.613512731651324,1000,139,0,0,1,4
41,"Oracle",10.6757046910934,0.0574681250000452,0.613512731651324,1000,140,1,0,1,4
41,"Oracle",10.6757046910934,0.0574681250000452,0.613512731651324,1000,141,1,0,1,4
41,"Oracle",10.6757046910934,0.0574681250000452,0.613512731651324,1000,142,1,0,1,4
41,"Oracle",10.6757046910934,0.0574681250000452,0.613512731651324,1000,143,0,0,1,4
41,"Oracle",10.6757046910934,0.0574681250000452,0.613512731651324,1000,144,2,0,1,4
41,"Oracle",10.6757046910934,0.0574681250000452,0.613512731651324,1000,145,1,0,1,3
41,"Oracle",10.6757046910934,0.0574681250000452,0.613512731651324,1000,146,1,0,1,3
41,"Oracle",10.6757046910934,0.0574681250000452,0.613512731651324,1000,147,1,0,1,3
41,"Oracle",10.6757046910934,0.0574681250000452,0.613512731651324,1000,148,1,0,1,3
41,"Oracle",10.6757046910934,0.0574681250000452,0.613512731651324,1000,149,2,0,1,3
41,"Oracle",10.6757046910934,0.0574681250000452,0.613512731651324,1000,150,2,0,1,3
41,"Oracle",10.6757046910934,0.0574681250000452,0.613512731651324,1000,151,0,0,1,3
41,"Oracle",10.6757046910934,0.0574681250000452,0.613512731651324,1000,152,0,0,1,3
41,"Oracle",10.6757046910934,0.0574681250000452,0.613512731651324,1000,153,0,0,1,3
41,"Oracle",10.6757046910934,0.0574681250000452,0.613512731651324,1000,154,1,0,1,3
41,"Oracle",10.6757046910934,0.0574681250000452,0.613512731651324,1000,155,0,0,0,3
41,"Oracle",10.6757046910934,0.0574681250000452,0.613512731651324,1000,156,0,0,0,3
41,"Oracle",10.6757046910934,0.0574681250000452,0.613512731651324,1000,157,0,0,0,3
41,"Oracle",10.6757046910934,0.0574681250000452,0.613512731651324,1000,158,0,0,0,2
41,"Oracle",10.6757046910934,0.0574681250000452,0.613512731651324,1000,159,0,0,0,2
41,"Oracle",10.6757046910934,0.0574681250000452,0.613512731651324,1000,160,0,0,0,2
41,"Oracle",10.6757046910934,0.0574681250000452,0.613512731651324,1000,161,1,0,0,2
41,"Oracle",10.6757046910934,0.0574681250000452,0.613512731651324,1000,162,2,0,0,2
41,"Oracle",10.6757046910934,0.0574681250000452,0.613512731651324,1000,163,1,0,0,2
41,"Oracle",10.6757046910934,0.0574681250000452,0.613512731651324,1000,164,0,0,0,2
41,"Oracle",10.6757046910934,0.0574681250000452,0.613512731651324,1000,165,1,0,0,2
41,"Oracle",10.6757046910934,0.0574681250000452,0.613512731651324,1000,166,1,0,0,2
41,"Oracle",10.6757046910934,0.0574681250000452,0.613512731651324,1000,167,1,0,0,2
41,"Oracle",10.6757046910934,0.0574681250000452,0.613512731651324,1000,168,1,0,0,2
41,"Oracle",10.6757046910934,0.0574681250000452,0.613512731651324,1000,169,0,0,0,2
41,"Oracle",10.6757046910934,0.0574681250000452,0.613512731651324,1000,170,0,0,0,2
41,"Oracle",10.6757046910934,0.0574681250000452,0.613512731651324,1000,171,0,0,0,2
41,"Oracle",10.6757046910934,0.0574681250000452,0.613512731651324,1000,172,1,0,0,2
41,"Oracle",10.6757046910934,0.0574681250000452,0.613512731651324,1000,173,0,0,0,2
41,"Oracle",10.6757046910934,0.0574681250000452,0.613512731651324,1000,174,1,0,0,2
41,"Oracle",10.6757046910934,0.0574681250000452,0.613512731651324,1000,175,0,0,0,2
41,"Oracle",10.6757046910934,0.0574681250000452,0.613512731651324,1000,176,0,0,0,1
41,"Oracle",10.6757046910934,0.0574681250000452,0.613512731651324,1000,177,0,0,0,1
41,"Oracle",10.6757046910934,0.0574681250000452,0.613512731651324,1000,178,0,0,0,1
41,"Oracle",10.6757046910934,0.0574681250000452,0.613512731651324,1000,179,0,0,0,2
41,"Oracle",10.6757046910934,0.0574681250000452,0.613512731651324,1000,180,1,0,0,1
41,"Oracle",10.6757046910934,0.0574681250000452,0.613512731651324,1000,181,0,0,0,1
41,"Oracle",10.6757046910934,0.0574681250000452,0.613512731651324,1000,182,0,0,0,2
41,"Oracle",10.6757046910934,0.0574681250000452,0.613512731651324,1000,183,0,0,0,1
41,"Oracle",10.6757046910934,0.0574681250000452,0.613512731651324,1000,184,0,0,0,1
41,"Oracle",10.6757046910934,0.0574681250000452,0.613512731651324,1000,185,0,0,0,1
41,"Oracle",10.6757046910934,0.0574681250000452,0.613512731651324,1000,186,0,0,0,1
41,"Oracle",10.6757046910934,0.0574681250000452,0.613512731651324,1000,187,0,0,0,1
41,"Oracle",10.6757046910934,0.0574681250000452,0.613512731651324,1000,188,0,0,0,1
41,"Oracle",10.6757046910934,0.0574681250000452,0.613512731651324,1000,189,1,0,0,1
41,"Oracle",10.6757046910934,0.0574681250000452,0.613512731651324,1000,190,0,0,0,1
41,"Oracle",10.6757046910934,0.0574681250000452,0.613512731651324,1000,191,0,0,0,1
41,"Oracle",10.6757046910934,0.0574681250000452,0.613512731651324,1000,192,0,0,0,1
41,"Oracle",10.6757046910934,0.0574681250000452,0.613512731651324,1000,193,0,0,0,1
41,"Oracle",10.6757046910934,0.0574681250000452,0.613512731651324,1000,194,0,0,0,1
41,"Oracle",10.6757046910934,0.0574681250000452,0.613512731651324,1000,195,1,0,0,1
41,"Oracle",10.6757046910934,0.0574681250000452,0.613512731651324,1000,196,0,0,0,1
41,"Oracle",10.6757046910934,0.0574681250000452,0.613512731651324,1000,197,0,0,0,1
41,"Oracle",10.6757046910934,0.0574681250000452,0.613512731651324,1000,198,0,0,0,1
41,"Oracle",10.6757046910934,0.0574681250000452,0.613512731651324,1000,199,0,0,0,1
41,"Oracle",10.6757046910934,0.0574681250000452,0.613512731651324,1000,200,0,0,0,1
41,"Oracle",10.6757046910934,0.0574681250000452,0.613512731651324,1000,201,0,0,0,1
41,"Oracle",10.6757046910934,0.0574681250000452,0.613512731651324,1000,202,0,0,0,1
41,"Oracle",10.6757046910934,0.0574681250000452,0.613512731651324,1000,203,0,0,0,1
41,"Oracle",10.6757046910934,0.0574681250000452,0.613512731651324,1000,204,0,0,0,1
41,"Oracle",10.6757046910934,0.0574681250000452,0.613512731651324,1000,205,0,0,0,1
41,"Oracle",10.6757046910934,0.0574681250000452,0.613512731651324,1000,206,0,0,0,1
41,"Oracle",10.6757046910934,0.0574681250000452,0.613512731651324,1000,207,0,0,0,1
41,"Oracle",10.6757046910934,0.0574681250000452,0.613512731651324,1000,208,0,0,0,1
41,"Oracle",10.6757046910934,0.0574681250000452,0.613512731651324,1000,209,0,0,0,1
41,"Oracle",10.6757046910934,0.0574681250000452,0.613512731651324,1000,210,0,0,0,1
41,"Oracle",10.6757046910934,0.0574681250000452,0.613512731651324,1000,211,1,0,0,1
41,"Oracle",10.6757046910934,0.0574681250000452,0.613512731651324,1000,212,0,0,0,1
41,"Oracle",10.6757046910934,0.0574681250000452,0.613512731651324,1000,213,0,0,0,1
41,"Oracle",10.6757046910934,0.0574681250000452,0.613512731651324,1000,214,0,0,0,1
41,"Oracle",10.6757046910934,0.0574681250000452,0.613512731651324,1000,215,0,0,0,1
41,"Oracle",10.6757046910934,0.0574681250000452,0.613512731651324,1000,216,0,0,0,1
41,"Oracle",10.6757046910934,0.0574681250000452,0.613512731651324,1000,217,0,0,0,1
41,"Oracle",10.6757046910934,0.0574681250000452,0.613512731651324,1000,218,0,0,0,1
41,"Oracle",10.6757046910934,0.0574681250000452,0.613512731651324,1000,219,0,0,0,1
41,"Oracle",10.6757046910934,0.0574681250000452,0.613512731651324,1000,220,0,0,0,1
41,"Oracle",10.6757046910934,0.0574681250000452,0.613512731651324,1000,221,0,0,0,1
41,"Oracle",10.6757046910934,0.0574681250000452,0.613512731651324,1000,222,0,0,0,1
41,"Oracle",10.6757046910934,0.0574681250000452,0.613512731651324,1000,223,0,0,0,0
41,"Oracle",10.6757046910934,0.0574681250000452,0.613512731651324,1000,224,0,0,0,0
41,"Oracle",10.6757046910934,0.0574681250000452,0.613512731651324,1000,225,0,0,0,1
41,"Oracle",10.6757046910934,0.0574681250000452,0.613512731651324,1000,226,0,0,0,0
41,"Oracle",10.6757046910934,0.0574681250000452,0.613512731651324,1000,227,0,0,0,0
41,"Oracle",10.6757046910934,0.0574681250000452,0.613512731651324,1000,228,0,0,0,0.0249999999999773
41,"Oracle",10.6757046910934,0.0574681250000452,0.613512731651324,1000,229,0,0,0,0
41,"Oracle",10.6757046910934,0.0574681250000452,0.613512731651324,1000,230,0,0,0,0
41,"Oracle",10.6757046910934,0.0574681250000452,0.613512731651324,1000,231,0,0,0,0
41,"Oracle",10.6757046910934,0.0574681250000452,0.613512731651324,1000,232,0,0,0,0
41,"Oracle",10.6757046910934,0.0574681250000452,0.613512731651324,1000,233,0,0,0,0
41,"Oracle",10.6757046910934,0.0574681250000452,0.613512731651324,1000,234,0,0,0,0
41,"Oracle",10.6757046910934,0.0574681250000452,0.613512731651324,1000,235,0,0,0,0
41,"Oracle",10.6757046910934,0.0574681250000452,0.613512731651324,1000,236,0,0,0,0
41,"Oracle",10.6757046910934,0.0574681250000452,0.613512731651324,1000,237,0,0,0,0
41,"Oracle",10.6757046910934,0.0574681250000452,0.613512731651324,1000,238,0,0,0,0
41,"Oracle",10.6757046910934,0.0574681250000452,0.613512731651324,1000,239,0,0,0,0
41,"Oracle",10.6757046910934,0.0574681250000452,0.613512731651324,1000,240,0,0,0,0
41,"Oracle",10.6757046910934,0.0574681250000452,0.613512731651324,1000,241,0,0,0,0
41,"Oracle",10.6757046910934,0.0574681250000452,0.613512731651324,1000,242,0,0,0,0
41,"Oracle",10.6757046910934,0.0574681250000452,0.613512731651324,1000,243,0,0,0,0
41,"Oracle",10.6757046910934,0.0574681250000452,0.613512731651324,1000,244,0,0,0,0
41,"Oracle",10.6757046910934,0.0574681250000452,0.613512731651324,1000,245,0,0,0,0
41,"Oracle",10.6757046910934,0.0574681250000452,0.613512731651324,1000,246,0,0,0,0
41,"Oracle",10.6757046910934,0.0574681250000452,0.613512731651324,1000,247,0,0,0,0
41,"Oracle",10.6757046910934,0.0574681250000452,0.613512731651324,1000,248,0,0,0,0
41,"Oracle",10.6757046910934,0.0574681250000452,0.613512731651324,1000,249,0,0,0,0
41,"Oracle",10.6757046910934,0.0574681250000452,0.613512731651324,1000,250,0,0,0,0
41,"Oracle",10.6757046910934,0.0574681250000452,0.613512731651324,1000,251,0,0,0,0
41,"Oracle",10.6757046910934,0.0574681250000452,0.613512731651324,1000,252,0,0,0,0
41,"Oracle",10.6757046910934,0.0574681250000452,0.613512731651324,1000,253,0,0,0,0
41,"Oracle",10.6757046910934,0.0574681250000452,0.613512731651324,1000,254,0,0,0,0
41,"Oracle",10.6757046910934,0.0574681250000452,0.613512731651324,1000,255,0,0,0,0
41,"Oracle",10.6757046910934,0.0574681250000452,0.613512731651324,1000,256,0,0,0,0
41,"Oracle",10.6757046910934,0.0574681250000452,0.613512731651324,1000,257,0,0,0,0
41,"Oracle",10.6757046910934,0.0574681250000452,0.613512731651324,1000,258,0,0,0,0
41,"Oracle",10.6757046910934,0.0574681250000452,0.613512731651324,1000,259,0,0,0,0
41,"Oracle",10.6757046910934,0.0574681250000452,0.613512731651324,1000,260,0,0,0,0
41,"Oracle",10.6757046910934,0.0574681250000452,0.613512731651324,1000,261,0,0,0,0
41,"Oracle",10.6757046910934,0.0574681250000452,0.613512731651324,1000,262,0,0,0,0
41,"Oracle",10.6757046910934,0.0574681250000452,0.613512731651324,1000,263,0,0,0,0
41,"Oracle",10.6757046910934,0.0574681250000452,0.613512731651324,1000,264,0,0,0,0
41,"Oracle",10.6757046910934,0.0574681250000452,0.613512731651324,1000,265,0,0,0,0
41,"Oracle",10.6757046910934,0.0574681250000452,0.613512731651324,1000,266,0,0,0,0
41,"Oracle",10.6757046910934,0.0574681250000452,0.613512731651324,1000,267,0,0,0,0
41,"Oracle",10.6757046910934,0.0574681250000452,0.613512731651324,1000,268,0,0,0,0
41,"Oracle",10.6757046910934,0.0574681250000452,0.613512731651324,1000,269,0,0,0,0
41,"Oracle",10.6757046910934,0.0574681250000452,0.613512731651324,1000,270,0,0,0,0
41,"Oracle",10.6757046910934,0.0574681250000452,0.613512731651324,1000,271,0,0,0,0
41,"Oracle",10.6757046910934,0.0574681250000452,0.613512731651324,1000,272,0,0,0,0
41,"Oracle",10.6757046910934,0.0574681250000452,0.613512731651324,1000,273,0,0,0,0
41,"Oracle",10.6757046910934,0.0574681250000452,0.613512731651324,1000,274,0,0,0,0
41,"Oracle",10.6757046910934,0.0574681250000452,0.613512731651324,1000,275,0,0,0,0
41,"Oracle",10.6757046910934,0.0574681250000452,0.613512731651324,1000,276,0,0,0,0
41,"Oracle",10.6757046910934,0.0574681250000452,0.613512731651324,1000,277,0,0,0,0
41,"Oracle",10.6757046910934,0.0574681250000452,0.613512731651324,1000,278,0,0,0,0
41,"Oracle",10.6757046910934,0.0574681250000452,0.613512731651324,1000,279,0,0,0,0
41,"Oracle",10.6757046910934,0.0574681250000452,0.613512731651324,1000,280,0,0,0,0
41,"Oracle",10.6757046910934,0.0574681250000452,0.613512731651324,1000,281,0,0,0,0
41,"Oracle",10.6757046910934,0.0574681250000452,0.613512731651324,1000,282,0,0,0,0
41,"Oracle",10.6757046910934,0.0574681250000452,0.613512731651324,1000,283,0,0,0,0
41,"Oracle",10.6757046910934,0.0574681250000452,0.613512731651324,1000,284,0,0,0,0
41,"Oracle",10.6757046910934,0.0574681250000452,0.613512731651324,1000,285,0,0,0,0
41,"Oracle",10.6757046910934,0.0574681250000452,0.613512731651324,1000,286,0,0,0,0
41,"Oracle",10.6757046910934,0.0574681250000452,0.613512731651324,1000,287,0,0,0,0
41,"Oracle",10.6757046910934,0.0574681250000452,0.613512731651324,1000,288,0,0,0,0
41,"Oracle",10.6757046910934,0.0574681250000452,0.613512731651324,1000,289,0,0,0,0
41,"Oracle",10.6757046910934,0.0574681250000452,0.613512731651324,1000,290,0,0,0,0
41,"Oracle",10.6757046910934,0.0574681250000452,0.613512731651324,1000,291,0,0,0,0
41,"Oracle",10.6757046910934,0.0574681250000452,0.613512731651324,1000,292,0,0,0,0
41,"Oracle",10.6757046910934,0.0574681250000452,0.613512731651324,1000,293,0,0,0,0
41,"Oracle",10.6757046910934,0.0574681250000452,0.613512731651324,1000,294,0,0,0,0
41,"Oracle",10.6757046910934,0.0574681250000452,0.613512731651324,1000,295,0,0,0,0
41,"Oracle",10.6757046910934,0.0574681250000452,0.613512731651324,1000,296,0,0,0,0
41,"Oracle",10.6757046910934,0.0574681250000452,0.613512731651324,1000,297,0,0,0,0
41,"Oracle",10.6757046910934,0.0574681250000452,0.613512731651324,1000,298,0,0,0,0
41,"Oracle",10.6757046910934,0.0574681250000452,0.613512731651324,1000,299,0,0,0,0
41,"Oracle",10.6757046910934,0.0574681250000452,0.613512731651324,1000,300,0,0,0,0
41,"Oracle",10.6757046910934,0.0574681250000452,0.613512731651324,1000,301,0,0,0,0
41,"Oracle",10.6757046910934,0.0574681250000452,0.613512731651324,1000,302,0,0,0,0
41,"Oracle",10.6757046910934,0.0574681250000452,0.613512731651324,1000,303,0,0,0,0
41,"Oracle",10.6757046910934,0.0574681250000452,0.613512731651324,1000,304,0,0,0,0
41,"Oracle",10.6757046910934,0.0574681250000452,0.613512731651324,1000,305,0,0,0,0
41,"Oracle",10.6757046910934,0.0574681250000452,0.613512731651324,1000,306,0,0,0,0
41,"Oracle",10.6757046910934,0.0574681250000452,0.613512731651324,1000,307,0,0,0,0
41,"Oracle",10.6757046910934,0.0574681250000452,0.613512731651324,1000,308,0,0,0,0
41,"Oracle",10.6757046910934,0.0574681250000452,0.613512731651324,1000,309,0,0,0,0
41,"Oracle",10.6757046910934,0.0574681250000452,0.613512731651324,1000,310,0,0,0,0
41,"Oracle",10.6757046910934,0.0574681250000452,0.613512731651324,1000,311,0,0,0,0
41,"Oracle",10.6757046910934,0.0574681250000452,0.613512731651324,1000,312,0,0,0,0
41,"Oracle",10.6757046910934,0.0574681250000452,0.613512731651324,1000,313,0,0,0,0
41,"Oracle",10.6757046910934,0.0574681250000452,0.613512731651324,1000,314,0,0,0,0
41,"Oracle",10.6757046910934,0.0574681250000452,0.613512731651324,1000,315,0,0,0,0
41,"Oracle",10.6757046910934,0.0574681250000452,0.613512731651324,1000,316,0,0,0,0
41,"Oracle",10.6757046910934,0.0574681250000452,0.613512731651324,1000,317,0,0,0,0
41,"Oracle",10.6757046910934,0.0574681250000452,0.613512731651324,1000,318,0,0,0,0
41,"Oracle",10.6757046910934,0.0574681250000452,0.613512731651324,1000,319,0,0,0,0
41,"Oracle",10.6757046910934,0.0574681250000452,0.613512731651324,1000,320,0,0,0,0
41,"Oracle",10.6757046910934,0.0574681250000452,0.613512731651324,1000,321,0,0,0,0
41,"Oracle",10.6757046910934,0.0574681250000452,0.613512731651324,1000,322,0,0,0,0
41,"Oracle",10.6757046910934,0.0574681250000452,0.613512731651324,1000,323,0,0,0,0
41,"Oracle",10.6757046910934,0.0574681250000452,0.613512731651324,1000,324,0,0,0,0
41,"Oracle",10.6757046910934,0.0574681250000452,0.613512731651324,1000,325,0,0,0,0
41,"Oracle",10.6757046910934,0.0574681250000452,0.613512731651324,1000,326,0,0,0,0
41,"Oracle",10.6757046910934,0.0574681250000452,0.613512731651324,1000,327,0,0,0,0
41,"Oracle",10.6757046910934,0.0574681250000452,0.613512731651324,1000,328,0,0,0,0
41,"Oracle",10.6757046910934,0.0574681250000452,0.613512731651324,1000,329,0,0,0,0
41,"Oracle",10.6757046910934,0.0574681250000452,0.613512731651324,1000,330,0,0,0,0
41,"Oracle",10.6757046910934,0.0574681250000452,0.613512731651324,1000,331,0,0,0,0
41,"Oracle",10.6757046910934,0.0574681250000452,0.613512731651324,1000,332,0,0,0,0
41,"Oracle",10.6757046910934,0.0574681250000452,0.613512731651324,1000,333,0,0,0,0
41,"Oracle",10.6757046910934,0.0574681250000452,0.613512731651324,1000,334,0,0,0,0
41,"Oracle",10.6757046910934,0.0574681250000452,0.613512731651324,1000,335,0,0,0,0
41,"Oracle",10.6757046910934,0.0574681250000452,0.613512731651324,1000,336,0,0,0,0
41,"Oracle",10.6757046910934,0.0574681250000452,0.613512731651324,1000,337,0,0,0,0
41,"Oracle",10.6757046910934,0.0574681250000452,0.613512731651324,1000,338,0,0,0,0
41,"Oracle",10.6757046910934,0.0574681250000452,0.613512731651324,1000,339,0,0,0,0
41,"Oracle",10.6757046910934,0.0574681250000452,0.613512731651324,1000,340,0,0,0,0
41,"Oracle",10.6757046910934,0.0574681250000452,0.613512731651324,1000,341,0,0,0,0
41,"Oracle",10.6757046910934,0.0574681250000452,0.613512731651324,1000,342,0,0,0,0
41,"Oracle",10.6757046910934,0.0574681250000452,0.613512731651324,1000,343,0,0,0,0
41,"Oracle",10.6757046910934,0.0574681250000452,0.613512731651324,1000,344,0,0,0,0
41,"Oracle",10.6757046910934,0.0574681250000452,0.613512731651324,1000,345,0,0,0,0
41,"Oracle",10.6757046910934,0.0574681250000452,0.613512731651324,1000,346,0,0,0,0
41,"Oracle",10.6757046910934,0.0574681250000452,0.613512731651324,1000,347,0,0,0,0
41,"Oracle",10.6757046910934,0.0574681250000452,0.613512731651324,1000,348,0,0,0,0
41,"Oracle",10.6757046910934,0.0574681250000452,0.613512731651324,1000,349,0,0,0,0
41,"Oracle",10.6757046910934,0.0574681250000452,0.613512731651324,1000,350,0,0,0,0
41,"Oracle",10.6757046910934,0.0574681250000452,0.613512731651324,1000,351,0,0,0,0
41,"Oracle",10.6757046910934,0.0574681250000452,0.613512731651324,1000,352,0,0,0,0
41,"Oracle",10.6757046910934,0.0574681250000452,0.613512731651324,1000,353,0,0,0,0
41,"Oracle",10.6757046910934,0.0574681250000452,0.613512731651324,1000,354,0,0,0,0
41,"Oracle",10.6757046910934,0.0574681250000452,0.613512731651324,1000,355,0,0,0,0
41,"Oracle",10.6757046910934,0.0574681250000452,0.613512731651324,1000,356,0,0,0,0
41,"Oracle",10.6757046910934,0.0574681250000452,0.613512731651324,1000,357,0,0,0,0
41,"Oracle",10.6757046910934,0.0574681250000452,0.613512731651324,1000,358,0,0,0,0
41,"Oracle",10.6757046910934,0.0574681250000452,0.613512731651324,1000,359,0,0,0,0
41,"Oracle",10.6757046910934,0.0574681250000452,0.613512731651324,1000,360,0,0,0,0
41,"Oracle",10.6757046910934,0.0574681250000452,0.613512731651324,1000,361,0,0,0,0
41,"Oracle",10.6757046910934,0.0574681250000452,0.613512731651324,1000,362,0,0,0,0
41,"Oracle",10.6757046910934,0.0574681250000452,0.613512731651324,1000,363,0,0,0,0
41,"Oracle",10.6757046910934,0.0574681250000452,0.613512731651324,1000,364,0,0,0,0
41,"Oracle",10.6757046910934,0.0574681250000452,0.613512731651324,1000,365,0,0,0,0
41,"ABC",4.97598750653056,0.257625558699471,1.28194156145152,300,1,82,72,89,109.525
41,"ABC",4.97598750653056,0.257625558699471,1.28194156145152,300,2,91,67.475,84,102.05
41,"ABC",4.97598750653056,0.257625558699471,1.28194156145152,300,3,81,68,85,101
41,"ABC",4.97598750653056,0.257625558699471,1.28194156145152,300,4,86,70,87,105.525
41,"ABC",4.97598750653056,0.257625558699471,1.28194156145152,300,5,88,76,93.5,110
41,"ABC",4.97598750653056,0.257625558699471,1.28194156145152,300,6,78,82.475,100,117.525
41,"ABC",4.97598750653056,0.257625558699471,1.28194156145152,300,7,101,91,110,128.525
41,"ABC",4.97598750653056,0.257625558699471,1.28194156145152,300,8,93,100,119.5,139.525
41,"ABC",4.97598750653056,0.257625558699471,1.28194156145152,300,9,86,110,130.5,153
41,"ABC",4.97598750653056,0.257625558699471,1.28194156145152,300,10,113,119,140,163
41,"ABC",4.97598750653056,0.257625558699471,1.28194156145152,300,11,103,128.475,151,175
41,"ABC",4.97598750653056,0.257625558699471,1.28194156145152,300,12,104,135.475,160,183.525
41,"ABC",4.97598750653056,0.257625558699471,1.28194156145152,300,13,104,148.475,170,194
41,"ABC",4.97598750653056,0.257625558699471,1.28194156145152,300,14,103,153.475,179,204
41,"ABC",4.97598750653056,0.257625558699471,1.28194156145152,300,15,117,160.95,186.5,211
41,"ABC",4.97598750653056,0.257625558699471,1.28194156145152,300,16,117,163.475,191,219
41,"ABC",4.97598750653056,0.257625558699471,1.28194156145152,300,17,127,169,195,225.525
41,"ABC",4.97598750653056,0.257625558699471,1.28194156145152,300,18,115,172.475,200,224.05
41,"ABC",4.97598750653056,0.257625558699471,1.28194156145152,300,19,121,171.95,201,229
41,"ABC",4.97598750653056,0.257625558699471,1.28194156145152,300,20,117,176,201,226
41,"ABC",4.97598750653056,0.257625558699471,1.28194156145152,300,21,135,171.95,198,226.525
41,"ABC",4.97598750653056,0.257625558699471,1.28194156145152,300,22,152,170,196.5,222.05
41,"ABC",4.97598750653056,0.257625558699471,1.28194156145152,300,23,135,170.475,194,220
41,"ABC",4.97598750653056,0.257625558699471,1.28194156145152,300,24,134,160.475,188,211
41,"ABC",4.97598750653056,0.257625558699471,1.28194156145152,300,25,156,160,184,208
41,"ABC",4.97598750653056,0.257625558699471,1.28194156145152,300,26,130,155.425,181,205.05
41,"ABC",4.97598750653056,0.257625558699471,1.28194156145152,300,27,150,150,173,196.525
41,"ABC",4.97598750653056,0.257625558699471,1.28194156145152,300,28,139,140.475,165,190
41,"ABC",4.97598750653056,0.257625558699471,1.28194156145152,300,29,143,140,161,182.525
41,"ABC",4.97598750653056,0.257625558699471,1.28194156145152,300,30,133,129,154,177
41,"ABC",4.97598750653056,0.257625558699471,1.28194156145152,300,31,139,126,146,170.525
41,"ABC",4.97598750653056,0.257625558699471,1.28194156145152,300,32,146,121,141,163
41,"ABC",4.97598750653056,0.257625558699471,1.28194156145152,300,33,130,115,134,158
41,"ABC",4.97598750653056,0.257625558699471,1.28194156145152,300,34,125,106.475,128,150.525
41,"ABC",4.97598750653056,0.257625558699471,1.28194156145152,300,35,117,101.475,123,144.525
41,"ABC",4.97598750653056,0.257625558699471,1.28194156145152,300,36,129,97,117,137.525
41,"ABC",4.97598750653056,0.257625558699471,1.28194156145152,300,37,117,92.475,112,131
41,"ABC",4.97598750653056,0.257625558699471,1.28194156145152,300,38,121,88,106.5,127
41,"ABC",4.97598750653056,0.257625558699471,1.28194156145152,300,39,134,83.475,101,122
41,"ABC",4.97598750653056,0.257625558699471,1.28194156145152,300,40,112,79.475,97,118
41,"ABC",4.97598750653056,0.257625558699471,1.28194156145152,300,41,97,71.475,90,111
41,"ABC",4.97598750653056,0.257625558699471,1.28194156145152,300,42,103,67.425,86,105.525
41,"ABC",4.97598750653056,0.257625558699471,1.28194156145152,300,43,105,64.95,83,100.525
41,"ABC",4.97598750653056,0.257625558699471,1.28194156145152,300,44,102,61.475,78,98
41,"ABC",4.97598750653056,0.257625558699471,1.28194156145152,300,45,106,60,75,91.525
41,"ABC",4.97598750653056,0.257625558699471,1.28194156145152,300,46,95,53,71,89
41,"ABC",4.97598750653056,0.257625558699471,1.28194156145152,300,47,112,55,68,81.525
41,"ABC",4.97598750653056,0.257625558699471,1.28194156145152,300,48,93,50,66,80.525
41,"ABC",4.97598750653056,0.257625558699471,1.28194156145152,300,49,102,46.475,61,75.525
41,"ABC",4.97598750653056,0.257625558699471,1.28194156145152,300,50,83,44,58,72.525
41,"ABC",4.97598750653056,0.257625558699471,1.28194156145152,300,51,62,42,55,70.525
41,"ABC",4.97598750653056,0.257625558699471,1.28194156145152,300,52,78,41,53,67.525
41,"ABC",4.97598750653056,0.257625558699471,1.28194156145152,300,53,86,35.475,50,64
41,"ABC",4.97598750653056,0.257625558699471,1.28194156145152,300,54,58,35,48,63
41,"ABC",4.97598750653056,0.257625558699471,1.28194156145152,300,55,69,33,45,59
41,"ABC",4.97598750653056,0.257625558699471,1.28194156145152,300,56,72,31,43,54.525
41,"ABC",4.97598750653056,0.257625558699471,1.28194156145152,300,57,63,29,41,54
41,"ABC",4.97598750653056,0.257625558699471,1.28194156145152,300,58,60,26.475,39,52
41,"ABC",4.97598750653056,0.257625558699471,1.28194156145152,300,59,56,24.475,36,48
41,"ABC",4.97598750653056,0.257625558699471,1.28194156145152,300,60,63,24,35,46.525
41,"ABC",4.97598750653056,0.257625558699471,1.28194156145152,300,61,63,24,34,47
41,"ABC",4.97598750653056,0.257625558699471,1.28194156145152,300,62,54,21,32,42.525
41,"ABC",4.97598750653056,0.257625558699471,1.28194156145152,300,63,48,20,30,42
41,"ABC",4.97598750653056,0.257625558699471,1.28194156145152,300,64,62,18.475,28,39
41,"ABC",4.97598750653056,0.257625558699471,1.28194156145152,300,65,42,18,27,39
41,"ABC",4.97598750653056,0.257625558699471,1.28194156145152,300,66,52,17,25,36
41,"ABC",4.97598750653056,0.257625558699471,1.28194156145152,300,67,38,15.475,24,34
41,"ABC",4.97598750653056,0.257625558699471,1.28194156145152,300,68,42,14.475,23,33
41,"ABC",4.97598750653056,0.257625558699471,1.28194156145152,300,69,39,13,22,30
41,"ABC",4.97598750653056,0.257625558699471,1.28194156145152,300,70,35,12,21,32
41,"ABC",4.97598750653056,0.257625558699471,1.28194156145152,300,71,40,12,20,29
41,"ABC",4.97598750653056,0.257625558699471,1.28194156145152,300,72,37,11,19,28.525
41,"ABC",4.97598750653056,0.257625558699471,1.28194156145152,300,73,39,9,18,27.525
41,"ABC",4.97598750653056,0.257625558699471,1.28194156145152,300,74,34,10,17,25
41,"ABC",4.97598750653056,0.257625558699471,1.28194156145152,300,75,34,9.475,16,24
41,"ABC",4.97598750653056,0.257625558699471,1.28194156145152,300,76,35,8,15,25
41,"ABC",4.97598750653056,0.257625558699471,1.28194156145152,300,77,29,7,14,22
41,"ABC",4.97598750653056,0.257625558699471,1.28194156145152,300,78,30,6.475,14,20
41,"ABC",4.97598750653056,0.257625558699471,1.28194156145152,300,79,22,6.475,13,20
41,"ABC",4.97598750653056,0.257625558699471,1.28194156145152,300,80,25,7,12,19
41,"ABC",4.97598750653056,0.257625558699471,1.28194156145152,300,81,25,6,12,20
41,"ABC",4.97598750653056,0.257625558699471,1.28194156145152,300,82,28,6,12,18.525
41,"ABC",4.97598750653056,0.257625558699471,1.28194156145152,300,83,21,6,11,17
41,"ABC",4.97598750653056,0.257625558699471,1.28194156145152,300,84,18,4,10,17
41,"ABC",4.97598750653056,0.257625558699471,1.28194156145152,300,85,26,4,10,15.525
41,"ABC",4.97598750653056,0.257625558699471,1.28194156145152,300,86,15,4,9,16.525
41,"ABC",4.97598750653056,0.257625558699471,1.28194156145152,300,87,14,4,9,15
41,"ABC",4.97598750653056,0.257625558699471,1.28194156145152,300,88,13,3,8,14
41,"ABC",4.97598750653056,0.257625558699471,1.28194156145152,300,89,14,3,8,14
41,"ABC",4.97598750653056,0.257625558699471,1.28194156145152,300,90,18,2.475,7,14
41,"ABC",4.97598750653056,0.257625558699471,1.28194156145152,300,91,7,3,7,12
41,"ABC",4.97598750653056,0.257625558699471,1.28194156145152,300,92,10,2,7,12.525
41,"ABC",4.97598750653056,0.257625558699471,1.28194156145152,300,93,16,2,6,12
41,"ABC",4.97598750653056,0.257625558699471,1.28194156145152,300,94,12,2,6,11
41,"ABC",4.97598750653056,0.257625558699471,1.28194156145152,300,95,14,2,6,10
41,"ABC",4.97598750653056,0.257625558699471,1.28194156145152,300,96,17,2,5,10
41,"ABC",4.97598750653056,0.257625558699471,1.28194156145152,300,97,8,2,5,11
41,"ABC",4.97598750653056,0.257625558699471,1.28194156145152,300,98,14,1,5,10
41,"ABC",4.97598750653056,0.257625558699471,1.28194156145152,300,99,10,1,4,10
41,"ABC",4.97598750653056,0.257625558699471,1.28194156145152,300,100,9,1,4,9
41,"ABC",4.97598750653056,0.257625558699471,1.28194156145152,300,101,9,1,4,9
41,"ABC",4.97598750653056,0.257625558699471,1.28194156145152,300,102,7,1,4,9
41,"ABC",4.97598750653056,0.257625558699471,1.28194156145152,300,103,11,1,3,7.52499999999998
41,"ABC",4.97598750653056,0.257625558699471,1.28194156145152,300,104,10,0,4,8
41,"ABC",4.97598750653056,0.257625558699471,1.28194156145152,300,105,9,1,3,8
41,"ABC",4.97598750653056,0.257625558699471,1.28194156145152,300,106,6,0,3,7
41,"ABC",4.97598750653056,0.257625558699471,1.28194156145152,300,107,7,0,3,7
41,"ABC",4.97598750653056,0.257625558699471,1.28194156145152,300,108,6,0,3,7
41,"ABC",4.97598750653056,0.257625558699471,1.28194156145152,300,109,6,0,3,6
41,"ABC",4.97598750653056,0.257625558699471,1.28194156145152,300,110,5,0,3,6
41,"ABC",4.97598750653056,0.257625558699471,1.28194156145152,300,111,9,0,2,6
41,"ABC",4.97598750653056,0.257625558699471,1.28194156145152,300,112,7,0,2,5.52499999999998
41,"ABC",4.97598750653056,0.257625558699471,1.28194156145152,300,113,5,0,2,5
41,"ABC",4.97598750653056,0.257625558699471,1.28194156145152,300,114,8,0,2,5
41,"ABC",4.97598750653056,0.257625558699471,1.28194156145152,300,115,0,0,2,4.52499999999998
41,"ABC",4.97598750653056,0.257625558699471,1.28194156145152,300,116,6,0,2,5
41,"ABC",4.97598750653056,0.257625558699471,1.28194156145152,300,117,5,0,2,5
41,"ABC",4.97598750653056,0.257625558699471,1.28194156145152,300,118,4,0,2,5
41,"ABC",4.97598750653056,0.257625558699471,1.28194156145152,300,119,1,0,1,4
41,"ABC",4.97598750653056,0.257625558699471,1.28194156145152,300,120,3,0,1,4
41,"ABC",4.97598750653056,0.257625558699471,1.28194156145152,300,121,1,0,1,4.52499999999998
41,"ABC",4.97598750653056,0.257625558699471,1.28194156145152,300,122,2,0,1,4
41,"ABC",4.97598750653056,0.257625558699471,1.28194156145152,300,123,1,0,1,5
41,"ABC",4.97598750653056,0.257625558699471,1.28194156145152,300,124,1,0,1,4
41,"ABC",4.97598750653056,0.257625558699471,1.28194156145152,300,125,1,0,1,4
41,"ABC",4.97598750653056,0.257625558699471,1.28194156145152,300,126,3,0,1,4
41,"ABC",4.97598750653056,0.257625558699471,1.28194156145152,300,127,4,0,1,4
41,"ABC",4.97598750653056,0.257625558699471,1.28194156145152,300,128,1,0,1,3
41,"ABC",4.97598750653056,0.257625558699471,1.28194156145152,300,129,1,0,1,3
41,"ABC",4.97598750653056,0.257625558699471,1.28194156145152,300,130,5,0,1,3
41,"ABC",4.97598750653056,0.257625558699471,1.28194156145152,300,131,3,0,1,3
41,"ABC",4.97598750653056,0.257625558699471,1.28194156145152,300,132,1,0,1,3
41,"ABC",4.97598750653056,0.257625558699471,1.28194156145152,300,133,1,0,1,3
41,"ABC",4.97598750653056,0.257625558699471,1.28194156145152,300,134,3,0,1,3
41,"ABC",4.97598750653056,0.257625558699471,1.28194156145152,300,135,2,0,0,3
41,"ABC",4.97598750653056,0.257625558699471,1.28194156145152,300,136,0,0,0.5,2
41,"ABC",4.97598750653056,0.257625558699471,1.28194156145152,300,137,0,0,1,2.52499999999998
41,"ABC",4.97598750653056,0.257625558699471,1.28194156145152,300,138,3,0,0,2
41,"ABC",4.97598750653056,0.257625558699471,1.28194156145152,300,139,0,0,0,2
41,"ABC",4.97598750653056,0.257625558699471,1.28194156145152,300,140,1,0,0,3
41,"ABC",4.97598750653056,0.257625558699471,1.28194156145152,300,141,1,0,0,3
41,"ABC",4.97598750653056,0.257625558699471,1.28194156145152,300,142,1,0,0,2
41,"ABC",4.97598750653056,0.257625558699471,1.28194156145152,300,143,0,0,0,2
41,"ABC",4.97598750653056,0.257625558699471,1.28194156145152,300,144,2,0,0,2
41,"ABC",4.97598750653056,0.257625558699471,1.28194156145152,300,145,1,0,0,2
41,"ABC",4.97598750653056,0.257625558699471,1.28194156145152,300,146,1,0,0,2
41,"ABC",4.97598750653056,0.257625558699471,1.28194156145152,300,147,1,0,0,2
41,"ABC",4.97598750653056,0.257625558699471,1.28194156145152,300,148,1,0,0,2
41,"ABC",4.97598750653056,0.257625558699471,1.28194156145152,300,149,2,0,0,2
41,"ABC",4.97598750653056,0.257625558699471,1.28194156145152,300,150,2,0,0,2
41,"ABC",4.97598750653056,0.257625558699471,1.28194156145152,300,151,0,0,0,2
41,"ABC",4.97598750653056,0.257625558699471,1.28194156145152,300,152,0,0,0,1
41,"ABC",4.97598750653056,0.257625558699471,1.28194156145152,300,153,0,0,0,2
41,"ABC",4.97598750653056,0.257625558699471,1.28194156145152,300,154,1,0,0,1.52499999999998
41,"ABC",4.97598750653056,0.257625558699471,1.28194156145152,300,155,0,0,0,2
41,"ABC",4.97598750653056,0.257625558699471,1.28194156145152,300,156,0,0,0,1
41,"ABC",4.97598750653056,0.257625558699471,1.28194156145152,300,157,0,0,0,1
41,"ABC",4.97598750653056,0.257625558699471,1.28194156145152,300,158,0,0,0,2
41,"ABC",4.97598750653056,0.257625558699471,1.28194156145152,300,159,0,0,0,1.52499999999998
41,"ABC",4.97598750653056,0.257625558699471,1.28194156145152,300,160,0,0,0,1
41,"ABC",4.97598750653056,0.257625558699471,1.28194156145152,300,161,1,0,0,1
41,"ABC",4.97598750653056,0.257625558699471,1.28194156145152,300,162,2,0,0,1
41,"ABC",4.97598750653056,0.257625558699471,1.28194156145152,300,163,1,0,0,1
41,"ABC",4.97598750653056,0.257625558699471,1.28194156145152,300,164,0,0,0,2
41,"ABC",4.97598750653056,0.257625558699471,1.28194156145152,300,165,1,0,0,1
41,"ABC",4.97598750653056,0.257625558699471,1.28194156145152,300,166,1,0,0,1
41,"ABC",4.97598750653056,0.257625558699471,1.28194156145152,300,167,1,0,0,1
41,"ABC",4.97598750653056,0.257625558699471,1.28194156145152,300,168,1,0,0,1
41,"ABC",4.97598750653056,0.257625558699471,1.28194156145152,300,169,0,0,0,1
41,"ABC",4.97598750653056,0.257625558699471,1.28194156145152,300,170,0,0,0,1
41,"ABC",4.97598750653056,0.257625558699471,1.28194156145152,300,171,0,0,0,1
41,"ABC",4.97598750653056,0.257625558699471,1.28194156145152,300,172,1,0,0,1
41,"ABC",4.97598750653056,0.257625558699471,1.28194156145152,300,173,0,0,0,1
41,"ABC",4.97598750653056,0.257625558699471,1.28194156145152,300,174,1,0,0,1
41,"ABC",4.97598750653056,0.257625558699471,1.28194156145152,300,175,0,0,0,1
41,"ABC",4.97598750653056,0.257625558699471,1.28194156145152,300,176,0,0,0,1
41,"ABC",4.97598750653056,0.257625558699471,1.28194156145152,300,177,0,0,0,1
41,"ABC",4.97598750653056,0.257625558699471,1.28194156145152,300,178,0,0,0,1
41,"ABC",4.97598750653056,0.257625558699471,1.28194156145152,300,179,0,0,0,1
41,"ABC",4.97598750653056,0.257625558699471,1.28194156145152,300,180,1,0,0,1
41,"ABC",4.97598750653056,0.257625558699471,1.28194156145152,300,181,0,0,0,1
41,"ABC",4.97598750653056,0.257625558699471,1.28194156145152,300,182,0,0,0,1
41,"ABC",4.97598750653056,0.257625558699471,1.28194156145152,300,183,0,0,0,1
41,"ABC",4.97598750653056,0.257625558699471,1.28194156145152,300,184,0,0,0,1
41,"ABC",4.97598750653056,0.257625558699471,1.28194156145152,300,185,0,0,0,1
41,"ABC",4.97598750653056,0.257625558699471,1.28194156145152,300,186,0,0,0,1
41,"ABC",4.97598750653056,0.257625558699471,1.28194156145152,300,187,0,0,0,0.524999999999977
41,"ABC",4.97598750653056,0.257625558699471,1.28194156145152,300,188,0,0,0,1
41,"ABC",4.97598750653056,0.257625558699471,1.28194156145152,300,189,1,0,0,1
41,"ABC",4.97598750653056,0.257625558699471,1.28194156145152,300,190,0,0,0,0
41,"ABC",4.97598750653056,0.257625558699471,1.28194156145152,300,191,0,0,0,1
41,"ABC",4.97598750653056,0.257625558699471,1.28194156145152,300,192,0,0,0,1
41,"ABC",4.97598750653056,0.257625558699471,1.28194156145152,300,193,0,0,0,0
41,"ABC",4.97598750653056,0.257625558699471,1.28194156145152,300,194,0,0,0,0
41,"ABC",4.97598750653056,0.257625558699471,1.28194156145152,300,195,1,0,0,0.524999999999977
41,"ABC",4.97598750653056,0.257625558699471,1.28194156145152,300,196,0,0,0,1
41,"ABC",4.97598750653056,0.257625558699471,1.28194156145152,300,197,0,0,0,1
41,"ABC",4.97598750653056,0.257625558699471,1.28194156145152,300,198,0,0,0,0.524999999999977
41,"ABC",4.97598750653056,0.257625558699471,1.28194156145152,300,199,0,0,0,1
41,"ABC",4.97598750653056,0.257625558699471,1.28194156145152,300,200,0,0,0,0
41,"ABC",4.97598750653056,0.257625558699471,1.28194156145152,300,201,0,0,0,1
41,"ABC",4.97598750653056,0.257625558699471,1.28194156145152,300,202,0,0,0,0
41,"ABC",4.97598750653056,0.257625558699471,1.28194156145152,300,203,0,0,0,0
41,"ABC",4.97598750653056,0.257625558699471,1.28194156145152,300,204,0,0,0,1
41,"ABC",4.97598750653056,0.257625558699471,1.28194156145152,300,205,0,0,0,0
41,"ABC",4.97598750653056,0.257625558699471,1.28194156145152,300,206,0,0,0,1
41,"ABC",4.97598750653056,0.257625558699471,1.28194156145152,300,207,0,0,0,0
41,"ABC",4.97598750653056,0.257625558699471,1.28194156145152,300,208,0,0,0,0
41,"ABC",4.97598750653056,0.257625558699471,1.28194156145152,300,209,0,0,0,0
41,"ABC",4.97598750653056,0.257625558699471,1.28194156145152,300,210,0,0,0,0
41,"ABC",4.97598750653056,0.257625558699471,1.28194156145152,300,211,1,0,0,0
41,"ABC",4.97598750653056,0.257625558699471,1.28194156145152,300,212,0,0,0,1
41,"ABC",4.97598750653056,0.257625558699471,1.28194156145152,300,213,0,0,0,0
41,"ABC",4.97598750653056,0.257625558699471,1.28194156145152,300,214,0,0,0,0
41,"ABC",4.97598750653056,0.257625558699471,1.28194156145152,300,215,0,0,0,0
41,"ABC",4.97598750653056,0.257625558699471,1.28194156145152,300,216,0,0,0,0
41,"ABC",4.97598750653056,0.257625558699471,1.28194156145152,300,217,0,0,0,0
41,"ABC",4.97598750653056,0.257625558699471,1.28194156145152,300,218,0,0,0,0
41,"ABC",4.97598750653056,0.257625558699471,1.28194156145152,300,219,0,0,0,0
41,"ABC",4.97598750653056,0.257625558699471,1.28194156145152,300,220,0,0,0,0
41,"ABC",4.97598750653056,0.257625558699471,1.28194156145152,300,221,0,0,0,0
41,"ABC",4.97598750653056,0.257625558699471,1.28194156145152,300,222,0,0,0,0
41,"ABC",4.97598750653056,0.257625558699471,1.28194156145152,300,223,0,0,0,0
41,"ABC",4.97598750653056,0.257625558699471,1.28194156145152,300,224,0,0,0,0
41,"ABC",4.97598750653056,0.257625558699471,1.28194156145152,300,225,0,0,0,0
41,"ABC",4.97598750653056,0.257625558699471,1.28194156145152,300,226,0,0,0,0
41,"ABC",4.97598750653056,0.257625558699471,1.28194156145152,300,227,0,0,0,0
41,"ABC",4.97598750653056,0.257625558699471,1.28194156145152,300,228,0,0,0,0
41,"ABC",4.97598750653056,0.257625558699471,1.28194156145152,300,229,0,0,0,0
41,"ABC",4.97598750653056,0.257625558699471,1.28194156145152,300,230,0,0,0,0
41,"ABC",4.97598750653056,0.257625558699471,1.28194156145152,300,231,0,0,0,0
41,"ABC",4.97598750653056,0.257625558699471,1.28194156145152,300,232,0,0,0,0
41,"ABC",4.97598750653056,0.257625558699471,1.28194156145152,300,233,0,0,0,0
41,"ABC",4.97598750653056,0.257625558699471,1.28194156145152,300,234,0,0,0,0
41,"ABC",4.97598750653056,0.257625558699471,1.28194156145152,300,235,0,0,0,0
41,"ABC",4.97598750653056,0.257625558699471,1.28194156145152,300,236,0,0,0,0
41,"ABC",4.97598750653056,0.257625558699471,1.28194156145152,300,237,0,0,0,0
41,"ABC",4.97598750653056,0.257625558699471,1.28194156145152,300,238,0,0,0,0
41,"ABC",4.97598750653056,0.257625558699471,1.28194156145152,300,239,0,0,0,0
41,"ABC",4.97598750653056,0.257625558699471,1.28194156145152,300,240,0,0,0,0
41,"ABC",4.97598750653056,0.257625558699471,1.28194156145152,300,241,0,0,0,0
41,"ABC",4.97598750653056,0.257625558699471,1.28194156145152,300,242,0,0,0,0
41,"ABC",4.97598750653056,0.257625558699471,1.28194156145152,300,243,0,0,0,0
41,"ABC",4.97598750653056,0.257625558699471,1.28194156145152,300,244,0,0,0,0
41,"ABC",4.97598750653056,0.257625558699471,1.28194156145152,300,245,0,0,0,0
41,"ABC",4.97598750653056,0.257625558699471,1.28194156145152,300,246,0,0,0,0
41,"ABC",4.97598750653056,0.257625558699471,1.28194156145152,300,247,0,0,0,0
41,"ABC",4.97598750653056,0.257625558699471,1.28194156145152,300,248,0,0,0,0
41,"ABC",4.97598750653056,0.257625558699471,1.28194156145152,300,249,0,0,0,0
41,"ABC",4.97598750653056,0.257625558699471,1.28194156145152,300,250,0,0,0,0
41,"ABC",4.97598750653056,0.257625558699471,1.28194156145152,300,251,0,0,0,0
41,"ABC",4.97598750653056,0.257625558699471,1.28194156145152,300,252,0,0,0,0
41,"ABC",4.97598750653056,0.257625558699471,1.28194156145152,300,253,0,0,0,0
41,"ABC",4.97598750653056,0.257625558699471,1.28194156145152,300,254,0,0,0,0
41,"ABC",4.97598750653056,0.257625558699471,1.28194156145152,300,255,0,0,0,0
41,"ABC",4.97598750653056,0.257625558699471,1.28194156145152,300,256,0,0,0,0
41,"ABC",4.97598750653056,0.257625558699471,1.28194156145152,300,257,0,0,0,0
41,"ABC",4.97598750653056,0.257625558699471,1.28194156145152,300,258,0,0,0,0
41,"ABC",4.97598750653056,0.257625558699471,1.28194156145152,300,259,0,0,0,0
41,"ABC",4.97598750653056,0.257625558699471,1.28194156145152,300,260,0,0,0,0
41,"ABC",4.97598750653056,0.257625558699471,1.28194156145152,300,261,0,0,0,0
41,"ABC",4.97598750653056,0.257625558699471,1.28194156145152,300,262,0,0,0,0
41,"ABC",4.97598750653056,0.257625558699471,1.28194156145152,300,263,0,0,0,0
41,"ABC",4.97598750653056,0.257625558699471,1.28194156145152,300,264,0,0,0,0
41,"ABC",4.97598750653056,0.257625558699471,1.28194156145152,300,265,0,0,0,0
41,"ABC",4.97598750653056,0.257625558699471,1.28194156145152,300,266,0,0,0,0
41,"ABC",4.97598750653056,0.257625558699471,1.28194156145152,300,267,0,0,0,0
41,"ABC",4.97598750653056,0.257625558699471,1.28194156145152,300,268,0,0,0,0
41,"ABC",4.97598750653056,0.257625558699471,1.28194156145152,300,269,0,0,0,0
41,"ABC",4.97598750653056,0.257625558699471,1.28194156145152,300,270,0,0,0,0
41,"ABC",4.97598750653056,0.257625558699471,1.28194156145152,300,271,0,0,0,0
41,"ABC",4.97598750653056,0.257625558699471,1.28194156145152,300,272,0,0,0,0
41,"ABC",4.97598750653056,0.257625558699471,1.28194156145152,300,273,0,0,0,0
41,"ABC",4.97598750653056,0.257625558699471,1.28194156145152,300,274,0,0,0,0
41,"ABC",4.97598750653056,0.257625558699471,1.28194156145152,300,275,0,0,0,0
41,"ABC",4.97598750653056,0.257625558699471,1.28194156145152,300,276,0,0,0,0
41,"ABC",4.97598750653056,0.257625558699471,1.28194156145152,300,277,0,0,0,0
41,"ABC",4.97598750653056,0.257625558699471,1.28194156145152,300,278,0,0,0,0
41,"ABC",4.97598750653056,0.257625558699471,1.28194156145152,300,279,0,0,0,0
41,"ABC",4.97598750653056,0.257625558699471,1.28194156145152,300,280,0,0,0,0
41,"ABC",4.97598750653056,0.257625558699471,1.28194156145152,300,281,0,0,0,0
41,"ABC",4.97598750653056,0.257625558699471,1.28194156145152,300,282,0,0,0,0
41,"ABC",4.97598750653056,0.257625558699471,1.28194156145152,300,283,0,0,0,0
41,"ABC",4.97598750653056,0.257625558699471,1.28194156145152,300,284,0,0,0,0
41,"ABC",4.97598750653056,0.257625558699471,1.28194156145152,300,285,0,0,0,0
41,"ABC",4.97598750653056,0.257625558699471,1.28194156145152,300,286,0,0,0,0
41,"ABC",4.97598750653056,0.257625558699471,1.28194156145152,300,287,0,0,0,0
41,"ABC",4.97598750653056,0.257625558699471,1.28194156145152,300,288,0,0,0,0
41,"ABC",4.97598750653056,0.257625558699471,1.28194156145152,300,289,0,0,0,0
41,"ABC",4.97598750653056,0.257625558699471,1.28194156145152,300,290,0,0,0,0
41,"ABC",4.97598750653056,0.257625558699471,1.28194156145152,300,291,0,0,0,0
41,"ABC",4.97598750653056,0.257625558699471,1.28194156145152,300,292,0,0,0,0
41,"ABC",4.97598750653056,0.257625558699471,1.28194156145152,300,293,0,0,0,0
41,"ABC",4.97598750653056,0.257625558699471,1.28194156145152,300,294,0,0,0,0
41,"ABC",4.97598750653056,0.257625558699471,1.28194156145152,300,295,0,0,0,0
41,"ABC",4.97598750653056,0.257625558699471,1.28194156145152,300,296,0,0,0,0
41,"ABC",4.97598750653056,0.257625558699471,1.28194156145152,300,297,0,0,0,0
41,"ABC",4.97598750653056,0.257625558699471,1.28194156145152,300,298,0,0,0,0
41,"ABC",4.97598750653056,0.257625558699471,1.28194156145152,300,299,0,0,0,0
41,"ABC",4.97598750653056,0.257625558699471,1.28194156145152,300,300,0,0,0,0
41,"ABC",4.97598750653056,0.257625558699471,1.28194156145152,300,301,0,0,0,0
41,"ABC",4.97598750653056,0.257625558699471,1.28194156145152,300,302,0,0,0,0
41,"ABC",4.97598750653056,0.257625558699471,1.28194156145152,300,303,0,0,0,0
41,"ABC",4.97598750653056,0.257625558699471,1.28194156145152,300,304,0,0,0,0
41,"ABC",4.97598750653056,0.257625558699471,1.28194156145152,300,305,0,0,0,0
41,"ABC",4.97598750653056,0.257625558699471,1.28194156145152,300,306,0,0,0,0
41,"ABC",4.97598750653056,0.257625558699471,1.28194156145152,300,307,0,0,0,0
41,"ABC",4.97598750653056,0.257625558699471,1.28194156145152,300,308,0,0,0,0
41,"ABC",4.97598750653056,0.257625558699471,1.28194156145152,300,309,0,0,0,0
41,"ABC",4.97598750653056,0.257625558699471,1.28194156145152,300,310,0,0,0,0
41,"ABC",4.97598750653056,0.257625558699471,1.28194156145152,300,311,0,0,0,0
41,"ABC",4.97598750653056,0.257625558699471,1.28194156145152,300,312,0,0,0,0
41,"ABC",4.97598750653056,0.257625558699471,1.28194156145152,300,313,0,0,0,0
41,"ABC",4.97598750653056,0.257625558699471,1.28194156145152,300,314,0,0,0,0
41,"ABC",4.97598750653056,0.257625558699471,1.28194156145152,300,315,0,0,0,0
41,"ABC",4.97598750653056,0.257625558699471,1.28194156145152,300,316,0,0,0,0
41,"ABC",4.97598750653056,0.257625558699471,1.28194156145152,300,317,0,0,0,0
41,"ABC",4.97598750653056,0.257625558699471,1.28194156145152,300,318,0,0,0,0
41,"ABC",4.97598750653056,0.257625558699471,1.28194156145152,300,319,0,0,0,0
41,"ABC",4.97598750653056,0.257625558699471,1.28194156145152,300,320,0,0,0,0
41,"ABC",4.97598750653056,0.257625558699471,1.28194156145152,300,321,0,0,0,0
41,"ABC",4.97598750653056,0.257625558699471,1.28194156145152,300,322,0,0,0,0
41,"ABC",4.97598750653056,0.257625558699471,1.28194156145152,300,323,0,0,0,0
41,"ABC",4.97598750653056,0.257625558699471,1.28194156145152,300,324,0,0,0,0
41,"ABC",4.97598750653056,0.257625558699471,1.28194156145152,300,325,0,0,0,0
41,"ABC",4.97598750653056,0.257625558699471,1.28194156145152,300,326,0,0,0,0
41,"ABC",4.97598750653056,0.257625558699471,1.28194156145152,300,327,0,0,0,0
41,"ABC",4.97598750653056,0.257625558699471,1.28194156145152,300,328,0,0,0,0
41,"ABC",4.97598750653056,0.257625558699471,1.28194156145152,300,329,0,0,0,0
41,"ABC",4.97598750653056,0.257625558699471,1.28194156145152,300,330,0,0,0,0
41,"ABC",4.97598750653056,0.257625558699471,1.28194156145152,300,331,0,0,0,0
41,"ABC",4.97598750653056,0.257625558699471,1.28194156145152,300,332,0,0,0,0
41,"ABC",4.97598750653056,0.257625558699471,1.28194156145152,300,333,0,0,0,0
41,"ABC",4.97598750653056,0.257625558699471,1.28194156145152,300,334,0,0,0,0
41,"ABC",4.97598750653056,0.257625558699471,1.28194156145152,300,335,0,0,0,0
41,"ABC",4.97598750653056,0.257625558699471,1.28194156145152,300,336,0,0,0,0
41,"ABC",4.97598750653056,0.257625558699471,1.28194156145152,300,337,0,0,0,0
41,"ABC",4.97598750653056,0.257625558699471,1.28194156145152,300,338,0,0,0,0
41,"ABC",4.97598750653056,0.257625558699471,1.28194156145152,300,339,0,0,0,0
41,"ABC",4.97598750653056,0.257625558699471,1.28194156145152,300,340,0,0,0,0
41,"ABC",4.97598750653056,0.257625558699471,1.28194156145152,300,341,0,0,0,0
41,"ABC",4.97598750653056,0.257625558699471,1.28194156145152,300,342,0,0,0,0
41,"ABC",4.97598750653056,0.257625558699471,1.28194156145152,300,343,0,0,0,0
41,"ABC",4.97598750653056,0.257625558699471,1.28194156145152,300,344,0,0,0,0
41,"ABC",4.97598750653056,0.257625558699471,1.28194156145152,300,345,0,0,0,0
41,"ABC",4.97598750653056,0.257625558699471,1.28194156145152,300,346,0,0,0,0
41,"ABC",4.97598750653056,0.257625558699471,1.28194156145152,300,347,0,0,0,0
41,"ABC",4.97598750653056,0.257625558699471,1.28194156145152,300,348,0,0,0,0
41,"ABC",4.97598750653056,0.257625558699471,1.28194156145152,300,349,0,0,0,0
41,"ABC",4.97598750653056,0.257625558699471,1.28194156145152,300,350,0,0,0,0
41,"ABC",4.97598750653056,0.257625558699471,1.28194156145152,300,351,0,0,0,0
41,"ABC",4.97598750653056,0.257625558699471,1.28194156145152,300,352,0,0,0,0
41,"ABC",4.97598750653056,0.257625558699471,1.28194156145152,300,353,0,0,0,0
41,"ABC",4.97598750653056,0.257625558699471,1.28194156145152,300,354,0,0,0,0
41,"ABC",4.97598750653056,0.257625558699471,1.28194156145152,300,355,0,0,0,0
41,"ABC",4.97598750653056,0.257625558699471,1.28194156145152,300,356,0,0,0,0
41,"ABC",4.97598750653056,0.257625558699471,1.28194156145152,300,357,0,0,0,0
41,"ABC",4.97598750653056,0.257625558699471,1.28194156145152,300,358,0,0,0,0
41,"ABC",4.97598750653056,0.257625558699471,1.28194156145152,300,359,0,0,0,0
41,"ABC",4.97598750653056,0.257625558699471,1.28194156145152,300,360,0,0,0,0
41,"ABC",4.97598750653056,0.257625558699471,1.28194156145152,300,361,0,0,0,0
41,"ABC",4.97598750653056,0.257625558699471,1.28194156145152,300,362,0,0,0,0
41,"ABC",4.97598750653056,0.257625558699471,1.28194156145152,300,363,0,0,0,0
41,"ABC",4.97598750653056,0.257625558699471,1.28194156145152,300,364,0,0,0,0
41,"ABC",4.97598750653056,0.257625558699471,1.28194156145152,300,365,0,0,0,0
41,"ABC-SMC",5.43640632844831,0.116007748499699,0.630665258092804,300,1,82,72,89,109.525
41,"ABC-SMC",5.43640632844831,0.116007748499699,0.630665258092804,300,2,91,66,83,102.525
41,"ABC-SMC",5.43640632844831,0.116007748499699,0.630665258092804,300,3,81,66.475,81,99
41,"ABC-SMC",5.43640632844831,0.116007748499699,0.630665258092804,300,4,86,63.475,81,97.525
41,"ABC-SMC",5.43640632844831,0.116007748499699,0.630665258092804,300,5,88,67,81,98
41,"ABC-SMC",5.43640632844831,0.116007748499699,0.630665258092804,300,6,78,69,84,104.525
41,"ABC-SMC",5.43640632844831,0.116007748499699,0.630665258092804,300,7,101,70.475,87,105
41,"ABC-SMC",5.43640632844831,0.116007748499699,0.630665258092804,300,8,93,73,90,108.525
41,"ABC-SMC",5.43640632844831,0.116007748499699,0.630665258092804,300,9,86,76.475,93,112.525
41,"ABC-SMC",5.43640632844831,0.116007748499699,0.630665258092804,300,10,113,81,100,117.525
41,"ABC-SMC",5.43640632844831,0.116007748499699,0.630665258092804,300,11,103,80.475,103,121
41,"ABC-SMC",5.43640632844831,0.116007748499699,0.630665258092804,300,12,104,86,106,128
41,"ABC-SMC",5.43640632844831,0.116007748499699,0.630665258092804,300,13,104,89.475,111,132.525
41,"ABC-SMC",5.43640632844831,0.116007748499699,0.630665258092804,300,14,103,95.475,117,138.525
41,"ABC-SMC",5.43640632844831,0.116007748499699,0.630665258092804,300,15,117,97.475,118,138
41,"ABC-SMC",5.43640632844831,0.116007748499699,0.630665258092804,300,16,117,102,124,146.05
41,"ABC-SMC",5.43640632844831,0.116007748499699,0.630665258092804,300,17,127,104.475,126,148
41,"ABC-SMC",5.43640632844831,0.116007748499699,0.630665258092804,300,18,115,108.475,132,153.525
41,"ABC-SMC",5.43640632844831,0.116007748499699,0.630665258092804,300,19,121,109,134,157
41,"ABC-SMC",5.43640632844831,0.116007748499699,0.630665258092804,300,20,117,112.475,137,160.525
41,"ABC-SMC",5.43640632844831,0.116007748499699,0.630665258092804,300,21,135,117.475,138,159.525
41,"ABC-SMC",5.43640632844831,0.116007748499699,0.630665258092804,300,22,152,116.475,141,165
41,"ABC-SMC",5.43640632844831,0.116007748499699,0.630665258092804,300,23,135,122,143,165
41,"ABC-SMC",5.43640632844831,0.116007748499699,0.630665258092804,300,24,134,121,143,168
41,"ABC-SMC",5.43640632844831,0.116007748499699,0.630665258092804,300,25,156,121,144,164.525
41,"ABC-SMC",5.43640632844831,0.116007748499699,0.630665258092804,300,26,130,123.475,143,166.525
41,"ABC-SMC",5.43640632844831,0.116007748499699,0.630665258092804,300,27,150,122.475,145,166.525
41,"ABC-SMC",5.43640632844831,0.116007748499699,0.630665258092804,300,28,139,118.475,144,167
41,"ABC-SMC",5.43640632844831,0.116007748499699,0.630665258092804,300,29,143,121,143,166
41,"ABC-SMC",5.43640632844831,0.116007748499699,0.630665258092804,300,30,133,118.475,141,163.05
41,"ABC-SMC",5.43640632844831,0.116007748499699,0.630665258092804,300,31,139,119.475,140,163
41,"ABC-SMC",5.43640632844831,0.116007748499699,0.630665258092804,300,32,146,114.475,138,162.525
41,"ABC-SMC",5.43640632844831,0.116007748499699,0.630665258092804,300,33,130,116,138,161
41,"ABC-SMC",5.43640632844831,0.116007748499699,0.630665258092804,300,34,125,110,135,160
41,"ABC-SMC",5.43640632844831,0.116007748499699,0.630665258092804,300,35,117,112.475,132,152
41,"ABC-SMC",5.43640632844831,0.116007748499699,0.630665258092804,300,36,129,110.475,130,152.525
41,"ABC-SMC",5.43640632844831,0.116007748499699,0.630665258092804,300,37,117,103,125.5,146.05
41,"ABC-SMC",5.43640632844831,0.116007748499699,0.630665258092804,300,38,121,101.475,124,146.525
41,"ABC-SMC",5.43640632844831,0.116007748499699,0.630665258092804,300,39,134,99,120,141.525
41,"ABC-SMC",5.43640632844831,0.116007748499699,0.630665258092804,300,40,112,96.475,116,137
41,"ABC-SMC",5.43640632844831,0.116007748499699,0.630665258092804,300,41,97,95.475,114,138
41,"ABC-SMC",5.43640632844831,0.116007748499699,0.630665258092804,300,42,103,89.475,109.5,130.525
41,"ABC-SMC",5.43640632844831,0.116007748499699,0.630665258092804,300,43,105,88.475,106,130
41,"ABC-SMC",5.43640632844831,0.116007748499699,0.630665258092804,300,44,102,85.475,103,124
41,"ABC-SMC",5.43640632844831,0.116007748499699,0.630665258092804,300,45,106,79,99.5,120
41,"ABC-SMC",5.43640632844831,0.116007748499699,0.630665258092804,300,46,95,76.475,96,117
41,"ABC-SMC",5.43640632844831,0.116007748499699,0.630665258092804,300,47,112,74,93,111.05
41,"ABC-SMC",5.43640632844831,0.116007748499699,0.630665258092804,300,48,93,71,90,108.525
41,"ABC-SMC",5.43640632844831,0.116007748499699,0.630665258092804,300,49,102,67.475,87,104.525
41,"ABC-SMC",5.43640632844831,0.116007748499699,0.630665258092804,300,50,83,66,84,101
41,"ABC-SMC",5.43640632844831,0.116007748499699,0.630665258092804,300,51,62,64,81,98.05
41,"ABC-SMC",5.43640632844831,0.116007748499699,0.630665258092804,300,52,78,62.475,77,95.525
41,"ABC-SMC",5.43640632844831,0.116007748499699,0.630665258092804,300,53,86,58.475,75,93
41,"ABC-SMC",5.43640632844831,0.116007748499699,0.630665258092804,300,54,58,56,70,88
41,"ABC-SMC",5.43640632844831,0.116007748499699,0.630665258092804,300,55,69,53,68,85
41,"ABC-SMC",5.43640632844831,0.116007748499699,0.630665258092804,300,56,72,51.475,66,82.525
41,"ABC-SMC",5.43640632844831,0.116007748499699,0.630665258092804,300,57,63,48,63,79
41,"ABC-SMC",5.43640632844831,0.116007748499699,0.630665258092804,300,58,60,46,59,77.05
41,"ABC-SMC",5.43640632844831,0.116007748499699,0.630665258092804,300,59,56,43.475,59,76.05
41,"ABC-SMC",5.43640632844831,0.116007748499699,0.630665258092804,300,60,63,41.475,55,69
41,"ABC-SMC",5.43640632844831,0.116007748499699,0.630665258092804,300,61,63,39,52,68.525
41,"ABC-SMC",5.43640632844831,0.116007748499699,0.630665258092804,300,62,54,36,50,66
41,"ABC-SMC",5.43640632844831,0.116007748499699,0.630665258092804,300,63,48,37,49,64
41,"ABC-SMC",5.43640632844831,0.116007748499699,0.630665258092804,300,64,62,33,46,60
41,"ABC-SMC",5.43640632844831,0.116007748499699,0.630665258092804,300,65,42,31.475,45,57
41,"ABC-SMC",5.43640632844831,0.116007748499699,0.630665258092804,300,66,52,29,43,55.525
41,"ABC-SMC",5.43640632844831,0.116007748499699,0.630665258092804,300,67,38,29,41.5,53
41,"ABC-SMC",5.43640632844831,0.116007748499699,0.630665258092804,300,68,42,26.475,39,49
41,"ABC-SMC",5.43640632844831,0.116007748499699,0.630665258092804,300,69,39,25,38,50.525
41,"ABC-SMC",5.43640632844831,0.116007748499699,0.630665258092804,300,70,35,25.475,36,49.525
41,"ABC-SMC",5.43640632844831,0.116007748499699,0.630665258092804,300,71,40,23.475,34,45.525
41,"ABC-SMC",5.43640632844831,0.116007748499699,0.630665258092804,300,72,37,21,32,43
41,"ABC-SMC",5.43640632844831,0.116007748499699,0.630665258092804,300,73,39,21,31,44
41,"ABC-SMC",5.43640632844831,0.116007748499699,0.630665258092804,300,74,34,20,29,41
41,"ABC-SMC",5.43640632844831,0.116007748499699,0.630665258092804,300,75,34,20,28.5,39
41,"ABC-SMC",5.43640632844831,0.116007748499699,0.630665258092804,300,76,35,18,27,38.525
41,"ABC-SMC",5.43640632844831,0.116007748499699,0.630665258092804,300,77,29,16,26,36
41,"ABC-SMC",5.43640632844831,0.116007748499699,0.630665258092804,300,78,30,14.475,25,35
41,"ABC-SMC",5.43640632844831,0.116007748499699,0.630665258092804,300,79,22,15,24,33.525
41,"ABC-SMC",5.43640632844831,0.116007748499699,0.630665258092804,300,80,25,14,23,32
41,"ABC-SMC",5.43640632844831,0.116007748499699,0.630665258092804,300,81,25,13,21,32
41,"ABC-SMC",5.43640632844831,0.116007748499699,0.630665258092804,300,82,28,13,21,30
41,"ABC-SMC",5.43640632844831,0.116007748499699,0.630665258092804,300,83,21,11.475,20,29
41,"ABC-SMC",5.43640632844831,0.116007748499699,0.630665258092804,300,84,18,11,18,28
41,"ABC-SMC",5.43640632844831,0.116007748499699,0.630665258092804,300,85,26,10,18,27.525
41,"ABC-SMC",5.43640632844831,0.116007748499699,0.630665258092804,300,86,15,9,17,26
41,"ABC-SMC",5.43640632844831,0.116007748499699,0.630665258092804,300,87,14,9,16,24
41,"ABC-SMC",5.43640632844831,0.116007748499699,0.630665258092804,300,88,13,8,15,25
41,"ABC-SMC",5.43640632844831,0.116007748499699,0.630665258092804,300,89,14,8,15,23
41,"ABC-SMC",5.43640632844831,0.116007748499699,0.630665258092804,300,90,18,6,14,21.525
41,"ABC-SMC",5.43640632844831,0.116007748499699,0.630665258092804,300,91,7,7,13,21
41,"ABC-SMC",5.43640632844831,0.116007748499699,0.630665258092804,300,92,10,6,13,21
41,"ABC-SMC",5.43640632844831,0.116007748499699,0.630665258092804,300,93,16,6,12,20
41,"ABC-SMC",5.43640632844831,0.116007748499699,0.630665258092804,300,94,12,5,12,18.525
41,"ABC-SMC",5.43640632844831,0.116007748499699,0.630665258092804,300,95,14,6,11,18
41,"ABC-SMC",5.43640632844831,0.116007748499699,0.630665258092804,300,96,17,5,11,17
41,"ABC-SMC",5.43640632844831,0.116007748499699,0.630665258092804,300,97,8,4,10,17
41,"ABC-SMC",5.43640632844831,0.116007748499699,0.630665258092804,300,98,14,4.475,10,16.525
41,"ABC-SMC",5.43640632844831,0.116007748499699,0.630665258092804,300,99,10,4,9,16
41,"ABC-SMC",5.43640632844831,0.116007748499699,0.630665258092804,300,100,9,3.475,9,16
41,"ABC-SMC",5.43640632844831,0.116007748499699,0.630665258092804,300,101,9,2.475,8,14
41,"ABC-SMC",5.43640632844831,0.116007748499699,0.630665258092804,300,102,7,3,8,14
41,"ABC-SMC",5.43640632844831,0.116007748499699,0.630665258092804,300,103,11,3,8,13
41,"ABC-SMC",5.43640632844831,0.116007748499699,0.630665258092804,300,104,10,3,7,13
41,"ABC-SMC",5.43640632844831,0.116007748499699,0.630665258092804,300,105,9,3,7,12.525
41,"ABC-SMC",5.43640632844831,0.116007748499699,0.630665258092804,300,106,6,2,7,11
41,"ABC-SMC",5.43640632844831,0.116007748499699,0.630665258092804,300,107,7,2,6,11.525
41,"ABC-SMC",5.43640632844831,0.116007748499699,0.630665258092804,300,108,6,2,6,10
41,"ABC-SMC",5.43640632844831,0.116007748499699,0.630665258092804,300,109,6,2,6,11
41,"ABC-SMC",5.43640632844831,0.116007748499699,0.630665258092804,300,110,5,1.475,5,10
41,"ABC-SMC",5.43640632844831,0.116007748499699,0.630665258092804,300,111,9,1,5,10
41,"ABC-SMC",5.43640632844831,0.116007748499699,0.630665258092804,300,112,7,1.475,5,10
41,"ABC-SMC",5.43640632844831,0.116007748499699,0.630665258092804,300,113,5,1,4.5,9
41,"ABC-SMC",5.43640632844831,0.116007748499699,0.630665258092804,300,114,8,1,4,9
41,"ABC-SMC",5.43640632844831,0.116007748499699,0.630665258092804,300,115,0,1,4,8
41,"ABC-SMC",5.43640632844831,0.116007748499699,0.630665258092804,300,116,6,1,4,8
41,"ABC-SMC",5.43640632844831,0.116007748499699,0.630665258092804,300,117,5,1,4,8
41,"ABC-SMC",5.43640632844831,0.116007748499699,0.630665258092804,300,118,4,1,4,8
41,"ABC-SMC",5.43640632844831,0.116007748499699,0.630665258092804,300,119,1,0,3,8
41,"ABC-SMC",5.43640632844831,0.116007748499699,0.630665258092804,300,120,3,1,3,7
41,"ABC-SMC",5.43640632844831,0.116007748499699,0.630665258092804,300,121,1,0.475000000000001,3,7
41,"ABC-SMC",5.43640632844831,0.116007748499699,0.630665258092804,300,122,2,1,3,7
41,"ABC-SMC",5.43640632844831,0.116007748499699,0.630665258092804,300,123,1,0,3,6
41,"ABC-SMC",5.43640632844831,0.116007748499699,0.630665258092804,300,124,1,0,2,7
41,"ABC-SMC",5.43640632844831,0.116007748499699,0.630665258092804,300,125,1,0,2,7
41,"ABC-SMC",5.43640632844831,0.116007748499699,0.630665258092804,300,126,3,0,2,6
41,"ABC-SMC",5.43640632844831,0.116007748499699,0.630665258092804,300,127,4,0,2,6
41,"ABC-SMC",5.43640632844831,0.116007748499699,0.630665258092804,300,128,1,0,2,6
41,"ABC-SMC",5.43640632844831,0.116007748499699,0.630665258092804,300,129,1,0,2,6
41,"ABC-SMC",5.43640632844831,0.116007748499699,0.630665258092804,300,130,5,0,2,5
41,"ABC-SMC",5.43640632844831,0.116007748499699,0.630665258092804,300,131,3,0,2,5
41,"ABC-SMC",5.43640632844831,0.116007748499699,0.630665258092804,300,132,1,0,2,4.52499999999998
41,"ABC-SMC",5.43640632844831,0.116007748499699,0.630665258092804,300,133,1,0,2,5
41,"ABC-SMC",5.43640632844831,0.116007748499699,0.630665258092804,300,134,3,0,2,5
41,"ABC-SMC",5.43640632844831,0.116007748499699,0.630665258092804,300,135,2,0,2,4
41,"ABC-SMC",5.43640632844831,0.116007748499699,0.630665258092804,300,136,0,0,1,4
41,"ABC-SMC",5.43640632844831,0.116007748499699,0.630665258092804,300,137,0,0,1,4
41,"ABC-SMC",5.43640632844831,0.116007748499699,0.630665258092804,300,138,3,0,1,4
41,"ABC-SMC",5.43640632844831,0.116007748499699,0.630665258092804,300,139,0,0,1,4
41,"ABC-SMC",5.43640632844831,0.116007748499699,0.630665258092804,300,140,1,0,1,4
41,"ABC-SMC",5.43640632844831,0.116007748499699,0.630665258092804,300,141,1,0,1,4
41,"ABC-SMC",5.43640632844831,0.116007748499699,0.630665258092804,300,142,1,0,1,4
41,"ABC-SMC",5.43640632844831,0.116007748499699,0.630665258092804,300,143,0,0,1,4
41,"ABC-SMC",5.43640632844831,0.116007748499699,0.630665258092804,300,144,2,0,1,4
41,"ABC-SMC",5.43640632844831,0.116007748499699,0.630665258092804,300,145,1,0,1,3
41,"ABC-SMC",5.43640632844831,0.116007748499699,0.630665258092804,300,146,1,0,1,3
41,"ABC-SMC",5.43640632844831,0.116007748499699,0.630665258092804,300,147,1,0,1,3
41,"ABC-SMC",5.43640632844831,0.116007748499699,0.630665258092804,300,148,1,0,1,3
41,"ABC-SMC",5.43640632844831,0.116007748499699,0.630665258092804,300,149,2,0,1,3
41,"ABC-SMC",5.43640632844831,0.116007748499699,0.630665258092804,300,150,2,0,1,3
41,"ABC-SMC",5.43640632844831,0.116007748499699,0.630665258092804,300,151,0,0,0.5,3
41,"ABC-SMC",5.43640632844831,0.116007748499699,0.630665258092804,300,152,0,0,0,3
41,"ABC-SMC",5.43640632844831,0.116007748499699,0.630665258092804,300,153,0,0,1,3
41,"ABC-SMC",5.43640632844831,0.116007748499699,0.630665258092804,300,154,1,0,1,3
41,"ABC-SMC",5.43640632844831,0.116007748499699,0.630665258092804,300,155,0,0,0,2
41,"ABC-SMC",5.43640632844831,0.116007748499699,0.630665258092804,300,156,0,0,0,2
41,"ABC-SMC",5.43640632844831,0.116007748499699,0.630665258092804,300,157,0,0,0,2
41,"ABC-SMC",5.43640632844831,0.116007748499699,0.630665258092804,300,158,0,0,0,2.52499999999998
41,"ABC-SMC",5.43640632844831,0.116007748499699,0.630665258092804,300,159,0,0,0,3
41,"ABC-SMC",5.43640632844831,0.116007748499699,0.630665258092804,300,160,0,0,0,2
41,"ABC-SMC",5.43640632844831,0.116007748499699,0.630665258092804,300,161,1,0,0,2
41,"ABC-SMC",5.43640632844831,0.116007748499699,0.630665258092804,300,162,2,0,0,2
41,"ABC-SMC",5.43640632844831,0.116007748499699,0.630665258092804,300,163,1,0,0,2
41,"ABC-SMC",5.43640632844831,0.116007748499699,0.630665258092804,300,164,0,0,0,2
41,"ABC-SMC",5.43640632844831,0.116007748499699,0.630665258092804,300,165,1,0,0,2
41,"ABC-SMC",5.43640632844831,0.116007748499699,0.630665258092804,300,166,1,0,0,2
41,"ABC-SMC",5.43640632844831,0.116007748499699,0.630665258092804,300,167,1,0,0,2
41,"ABC-SMC",5.43640632844831,0.116007748499699,0.630665258092804,300,168,1,0,0,2
41,"ABC-SMC",5.43640632844831,0.116007748499699,0.630665258092804,300,169,0,0,0,2
41,"ABC-SMC",5.43640632844831,0.116007748499699,0.630665258092804,300,170,0,0,0,2
41,"ABC-SMC",5.43640632844831,0.116007748499699,0.630665258092804,300,171,0,0,0,2
41,"ABC-SMC",5.43640632844831,0.116007748499699,0.630665258092804,300,172,1,0,0,2
41,"ABC-SMC",5.43640632844831,0.116007748499699,0.630665258092804,300,173,0,0,0,1
41,"ABC-SMC",5.43640632844831,0.116007748499699,0.630665258092804,300,174,1,0,0,1
41,"ABC-SMC",5.43640632844831,0.116007748499699,0.630665258092804,300,175,0,0,0,1
41,"ABC-SMC",5.43640632844831,0.116007748499699,0.630665258092804,300,176,0,0,0,1
41,"ABC-SMC",5.43640632844831,0.116007748499699,0.630665258092804,300,177,0,0,0,1
41,"ABC-SMC",5.43640632844831,0.116007748499699,0.630665258092804,300,178,0,0,0,1
41,"ABC-SMC",5.43640632844831,0.116007748499699,0.630665258092804,300,179,0,0,0,1.52499999999998
41,"ABC-SMC",5.43640632844831,0.116007748499699,0.630665258092804,300,180,1,0,0,1
41,"ABC-SMC",5.43640632844831,0.116007748499699,0.630665258092804,300,181,0,0,0,1
41,"ABC-SMC",5.43640632844831,0.116007748499699,0.630665258092804,300,182,0,0,0,1
41,"ABC-SMC",5.43640632844831,0.116007748499699,0.630665258092804,300,183,0,0,0,1
41,"ABC-SMC",5.43640632844831,0.116007748499699,0.630665258092804,300,184,0,0,0,1
41,"ABC-SMC",5.43640632844831,0.116007748499699,0.630665258092804,300,185,0,0,0,1
41,"ABC-SMC",5.43640632844831,0.116007748499699,0.630665258092804,300,186,0,0,0,1
41,"ABC-SMC",5.43640632844831,0.116007748499699,0.630665258092804,300,187,0,0,0,1
41,"ABC-SMC",5.43640632844831,0.116007748499699,0.630665258092804,300,188,0,0,0,1
41,"ABC-SMC",5.43640632844831,0.116007748499699,0.630665258092804,300,189,1,0,0,1
41,"ABC-SMC",5.43640632844831,0.116007748499699,0.630665258092804,300,190,0,0,0,1
41,"ABC-SMC",5.43640632844831,0.116007748499699,0.630665258092804,300,191,0,0,0,1
41,"ABC-SMC",5.43640632844831,0.116007748499699,0.630665258092804,300,192,0,0,0,1
41,"ABC-SMC",5.43640632844831,0.116007748499699,0.630665258092804,300,193,0,0,0,1
41,"ABC-SMC",5.43640632844831,0.116007748499699,0.630665258092804,300,194,0,0,0,1
41,"ABC-SMC",5.43640632844831,0.116007748499699,0.630665258092804,300,195,1,0,0,1
41,"ABC-SMC",5.43640632844831,0.116007748499699,0.630665258092804,300,196,0,0,0,1
41,"ABC-SMC",5.43640632844831,0.116007748499699,0.630665258092804,300,197,0,0,0,1
41,"ABC-SMC",5.43640632844831,0.116007748499699,0.630665258092804,300,198,0,0,0,1
41,"ABC-SMC",5.43640632844831,0.116007748499699,0.630665258092804,300,199,0,0,0,1
41,"ABC-SMC",5.43640632844831,0.116007748499699,0.630665258092804,300,200,0,0,0,1
41,"ABC-SMC",5.43640632844831,0.116007748499699,0.630665258092804,300,201,0,0,0,1
41,"ABC-SMC",5.43640632844831,0.116007748499699,0.630665258092804,300,202,0,0,0,1
41,"ABC-SMC",5.43640632844831,0.116007748499699,0.630665258092804,300,203,0,0,0,1
41,"ABC-SMC",5.43640632844831,0.116007748499699,0.630665258092804,300,204,0,0,0,1
41,"ABC-SMC",5.43640632844831,0.116007748499699,0.630665258092804,300,205,0,0,0,1
41,"ABC-SMC",5.43640632844831,0.116007748499699,0.630665258092804,300,206,0,0,0,1
41,"ABC-SMC",5.43640632844831,0.116007748499699,0.630665258092804,300,207,0,0,0,1
41,"ABC-SMC",5.43640632844831,0.116007748499699,0.630665258092804,300,208,0,0,0,1
41,"ABC-SMC",5.43640632844831,0.116007748499699,0.630665258092804,300,209,0,0,0,1
41,"ABC-SMC",5.43640632844831,0.116007748499699,0.630665258092804,300,210,0,0,0,1
41,"ABC-SMC",5.43640632844831,0.116007748499699,0.630665258092804,300,211,1,0,0,1
41,"ABC-SMC",5.43640632844831,0.116007748499699,0.630665258092804,300,212,0,0,0,1
41,"ABC-SMC",5.43640632844831,0.116007748499699,0.630665258092804,300,213,0,0,0,0
41,"ABC-SMC",5.43640632844831,0.116007748499699,0.630665258092804,300,214,0,0,0,1
41,"ABC-SMC",5.43640632844831,0.116007748499699,0.630665258092804,300,215,0,0,0,1
41,"ABC-SMC",5.43640632844831,0.116007748499699,0.630665258092804,300,216,0,0,0,1
41,"ABC-SMC",5.43640632844831,0.116007748499699,0.630665258092804,300,217,0,0,0,0.524999999999977
41,"ABC-SMC",5.43640632844831,0.116007748499699,0.630665258092804,300,218,0,0,0,1
41,"ABC-SMC",5.43640632844831,0.116007748499699,0.630665258092804,300,219,0,0,0,1
41,"ABC-SMC",5.43640632844831,0.116007748499699,0.630665258092804,300,220,0,0,0,1
41,"ABC-SMC",5.43640632844831,0.116007748499699,0.630665258092804,300,221,0,0,0,0
41,"ABC-SMC",5.43640632844831,0.116007748499699,0.630665258092804,300,222,0,0,0,1
41,"ABC-SMC",5.43640632844831,0.116007748499699,0.630665258092804,300,223,0,0,0,1
41,"ABC-SMC",5.43640632844831,0.116007748499699,0.630665258092804,300,224,0,0,0,0
41,"ABC-SMC",5.43640632844831,0.116007748499699,0.630665258092804,300,225,0,0,0,0
41,"ABC-SMC",5.43640632844831,0.116007748499699,0.630665258092804,300,226,0,0,0,1
41,"ABC-SMC",5.43640632844831,0.116007748499699,0.630665258092804,300,227,0,0,0,0
41,"ABC-SMC",5.43640632844831,0.116007748499699,0.630665258092804,300,228,0,0,0,0
41,"ABC-SMC",5.43640632844831,0.116007748499699,0.630665258092804,300,229,0,0,0,0
41,"ABC-SMC",5.43640632844831,0.116007748499699,0.630665258092804,300,230,0,0,0,1
41,"ABC-SMC",5.43640632844831,0.116007748499699,0.630665258092804,300,231,0,0,0,0
41,"ABC-SMC",5.43640632844831,0.116007748499699,0.630665258092804,300,232,0,0,0,0
41,"ABC-SMC",5.43640632844831,0.116007748499699,0.630665258092804,300,233,0,0,0,0
41,"ABC-SMC",5.43640632844831,0.116007748499699,0.630665258092804,300,234,0,0,0,0
41,"ABC-SMC",5.43640632844831,0.116007748499699,0.630665258092804,300,235,0,0,0,1
41,"ABC-SMC",5.43640632844831,0.116007748499699,0.630665258092804,300,236,0,0,0,0
41,"ABC-SMC",5.43640632844831,0.116007748499699,0.630665258092804,300,237,0,0,0,0
41,"ABC-SMC",5.43640632844831,0.116007748499699,0.630665258092804,300,238,0,0,0,0
41,"ABC-SMC",5.43640632844831,0.116007748499699,0.630665258092804,300,239,0,0,0,0
41,"ABC-SMC",5.43640632844831,0.116007748499699,0.630665258092804,300,240,0,0,0,0
41,"ABC-SMC",5.43640632844831,0.116007748499699,0.630665258092804,300,241,0,0,0,0
41,"ABC-SMC",5.43640632844831,0.116007748499699,0.630665258092804,300,242,0,0,0,0
41,"ABC-SMC",5.43640632844831,0.116007748499699,0.630665258092804,300,243,0,0,0,0
41,"ABC-SMC",5.43640632844831,0.116007748499699,0.630665258092804,300,244,0,0,0,0
41,"ABC-SMC",5.43640632844831,0.116007748499699,0.630665258092804,300,245,0,0,0,0
41,"ABC-SMC",5.43640632844831,0.116007748499699,0.630665258092804,300,246,0,0,0,0
41,"ABC-SMC",5.43640632844831,0.116007748499699,0.630665258092804,300,247,0,0,0,0
41,"ABC-SMC",5.43640632844831,0.116007748499699,0.630665258092804,300,248,0,0,0,0
41,"ABC-SMC",5.43640632844831,0.116007748499699,0.630665258092804,300,249,0,0,0,0
41,"ABC-SMC",5.43640632844831,0.116007748499699,0.630665258092804,300,250,0,0,0,0
41,"ABC-SMC",5.43640632844831,0.116007748499699,0.630665258092804,300,251,0,0,0,0
41,"ABC-SMC",5.43640632844831,0.116007748499699,0.630665258092804,300,252,0,0,0,0
41,"ABC-SMC",5.43640632844831,0.116007748499699,0.630665258092804,300,253,0,0,0,0
41,"ABC-SMC",5.43640632844831,0.116007748499699,0.630665258092804,300,254,0,0,0,0
41,"ABC-SMC",5.43640632844831,0.116007748499699,0.630665258092804,300,255,0,0,0,0
41,"ABC-SMC",5.43640632844831,0.116007748499699,0.630665258092804,300,256,0,0,0,0
41,"ABC-SMC",5.43640632844831,0.116007748499699,0.630665258092804,300,257,0,0,0,0
41,"ABC-SMC",5.43640632844831,0.116007748499699,0.630665258092804,300,258,0,0,0,0
41,"ABC-SMC",5.43640632844831,0.116007748499699,0.630665258092804,300,259,0,0,0,0
41,"ABC-SMC",5.43640632844831,0.116007748499699,0.630665258092804,300,260,0,0,0,0
41,"ABC-SMC",5.43640632844831,0.116007748499699,0.630665258092804,300,261,0,0,0,0
41,"ABC-SMC",5.43640632844831,0.116007748499699,0.630665258092804,300,262,0,0,0,0
41,"ABC-SMC",5.43640632844831,0.116007748499699,0.630665258092804,300,263,0,0,0,0
41,"ABC-SMC",5.43640632844831,0.116007748499699,0.630665258092804,300,264,0,0,0,0
41,"ABC-SMC",5.43640632844831,0.116007748499699,0.630665258092804,300,265,0,0,0,0
41,"ABC-SMC",5.43640632844831,0.116007748499699,0.630665258092804,300,266,0,0,0,0
41,"ABC-SMC",5.43640632844831,0.116007748499699,0.630665258092804,300,267,0,0,0,0
41,"ABC-SMC",5.43640632844831,0.116007748499699,0.630665258092804,300,268,0,0,0,0
41,"ABC-SMC",5.43640632844831,0.116007748499699,0.630665258092804,300,269,0,0,0,0
41,"ABC-SMC",5.43640632844831,0.116007748499699,0.630665258092804,300,270,0,0,0,0
41,"ABC-SMC",5.43640632844831,0.116007748499699,0.630665258092804,300,271,0,0,0,0
41,"ABC-SMC",5.43640632844831,0.116007748499699,0.630665258092804,300,272,0,0,0,0
41,"ABC-SMC",5.43640632844831,0.116007748499699,0.630665258092804,300,273,0,0,0,0
41,"ABC-SMC",5.43640632844831,0.116007748499699,0.630665258092804,300,274,0,0,0,0
41,"ABC-SMC",5.43640632844831,0.116007748499699,0.630665258092804,300,275,0,0,0,0
41,"ABC-SMC",5.43640632844831,0.116007748499699,0.630665258092804,300,276,0,0,0,0
41,"ABC-SMC",5.43640632844831,0.116007748499699,0.630665258092804,300,277,0,0,0,0
41,"ABC-SMC",5.43640632844831,0.116007748499699,0.630665258092804,300,278,0,0,0,0
41,"ABC-SMC",5.43640632844831,0.116007748499699,0.630665258092804,300,279,0,0,0,0
41,"ABC-SMC",5.43640632844831,0.116007748499699,0.630665258092804,300,280,0,0,0,0
41,"ABC-SMC",5.43640632844831,0.116007748499699,0.630665258092804,300,281,0,0,0,0
41,"ABC-SMC",5.43640632844831,0.116007748499699,0.630665258092804,300,282,0,0,0,0
41,"ABC-SMC",5.43640632844831,0.116007748499699,0.630665258092804,300,283,0,0,0,0
41,"ABC-SMC",5.43640632844831,0.116007748499699,0.630665258092804,300,284,0,0,0,0
41,"ABC-SMC",5.43640632844831,0.116007748499699,0.630665258092804,300,285,0,0,0,0
41,"ABC-SMC",5.43640632844831,0.116007748499699,0.630665258092804,300,286,0,0,0,0
41,"ABC-SMC",5.43640632844831,0.116007748499699,0.630665258092804,300,287,0,0,0,0
41,"ABC-SMC",5.43640632844831,0.116007748499699,0.630665258092804,300,288,0,0,0,0
41,"ABC-SMC",5.43640632844831,0.116007748499699,0.630665258092804,300,289,0,0,0,0
41,"ABC-SMC",5.43640632844831,0.116007748499699,0.630665258092804,300,290,0,0,0,0
41,"ABC-SMC",5.43640632844831,0.116007748499699,0.630665258092804,300,291,0,0,0,0
41,"ABC-SMC",5.43640632844831,0.116007748499699,0.630665258092804,300,292,0,0,0,0
41,"ABC-SMC",5.43640632844831,0.116007748499699,0.630665258092804,300,293,0,0,0,0
41,"ABC-SMC",5.43640632844831,0.116007748499699,0.630665258092804,300,294,0,0,0,0
41,"ABC-SMC",5.43640632844831,0.116007748499699,0.630665258092804,300,295,0,0,0,0
41,"ABC-SMC",5.43640632844831,0.116007748499699,0.630665258092804,300,296,0,0,0,0
41,"ABC-SMC",5.43640632844831,0.116007748499699,0.630665258092804,300,297,0,0,0,0
41,"ABC-SMC",5.43640632844831,0.116007748499699,0.630665258092804,300,298,0,0,0,0
41,"ABC-SMC",5.43640632844831,0.116007748499699,0.630665258092804,300,299,0,0,0,0
41,"ABC-SMC",5.43640632844831,0.116007748499699,0.630665258092804,300,300,0,0,0,0
41,"ABC-SMC",5.43640632844831,0.116007748499699,0.630665258092804,300,301,0,0,0,0
41,"ABC-SMC",5.43640632844831,0.116007748499699,0.630665258092804,300,302,0,0,0,0
41,"ABC-SMC",5.43640632844831,0.116007748499699,0.630665258092804,300,303,0,0,0,0
41,"ABC-SMC",5.43640632844831,0.116007748499699,0.630665258092804,300,304,0,0,0,0
41,"ABC-SMC",5.43640632844831,0.116007748499699,0.630665258092804,300,305,0,0,0,0
41,"ABC-SMC",5.43640632844831,0.116007748499699,0.630665258092804,300,306,0,0,0,0
41,"ABC-SMC",5.43640632844831,0.116007748499699,0.630665258092804,300,307,0,0,0,0
41,"ABC-SMC",5.43640632844831,0.116007748499699,0.630665258092804,300,308,0,0,0,0
41,"ABC-SMC",5.43640632844831,0.116007748499699,0.630665258092804,300,309,0,0,0,0
41,"ABC-SMC",5.43640632844831,0.116007748499699,0.630665258092804,300,310,0,0,0,0
41,"ABC-SMC",5.43640632844831,0.116007748499699,0.630665258092804,300,311,0,0,0,0
41,"ABC-SMC",5.43640632844831,0.116007748499699,0.630665258092804,300,312,0,0,0,0
41,"ABC-SMC",5.43640632844831,0.116007748499699,0.630665258092804,300,313,0,0,0,0
41,"ABC-SMC",5.43640632844831,0.116007748499699,0.630665258092804,300,314,0,0,0,0
41,"ABC-SMC",5.43640632844831,0.116007748499699,0.630665258092804,300,315,0,0,0,0
41,"ABC-SMC",5.43640632844831,0.116007748499699,0.630665258092804,300,316,0,0,0,0
41,"ABC-SMC",5.43640632844831,0.116007748499699,0.630665258092804,300,317,0,0,0,0
41,"ABC-SMC",5.43640632844831,0.116007748499699,0.630665258092804,300,318,0,0,0,0
41,"ABC-SMC",5.43640632844831,0.116007748499699,0.630665258092804,300,319,0,0,0,0
41,"ABC-SMC",5.43640632844831,0.116007748499699,0.630665258092804,300,320,0,0,0,0
41,"ABC-SMC",5.43640632844831,0.116007748499699,0.630665258092804,300,321,0,0,0,0
41,"ABC-SMC",5.43640632844831,0.116007748499699,0.630665258092804,300,322,0,0,0,0
41,"ABC-SMC",5.43640632844831,0.116007748499699,0.630665258092804,300,323,0,0,0,0
41,"ABC-SMC",5.43640632844831,0.116007748499699,0.630665258092804,300,324,0,0,0,0
41,"ABC-SMC",5.43640632844831,0.116007748499699,0.630665258092804,300,325,0,0,0,0
41,"ABC-SMC",5.43640632844831,0.116007748499699,0.630665258092804,300,326,0,0,0,0
41,"ABC-SMC",5.43640632844831,0.116007748499699,0.630665258092804,300,327,0,0,0,0
41,"ABC-SMC",5.43640632844831,0.116007748499699,0.630665258092804,300,328,0,0,0,0
41,"ABC-SMC",5.43640632844831,0.116007748499699,0.630665258092804,300,329,0,0,0,0
41,"ABC-SMC",5.43640632844831,0.116007748499699,0.630665258092804,300,330,0,0,0,0
41,"ABC-SMC",5.43640632844831,0.116007748499699,0.630665258092804,300,331,0,0,0,0
41,"ABC-SMC",5.43640632844831,0.116007748499699,0.630665258092804,300,332,0,0,0,0
41,"ABC-SMC",5.43640632844831,0.116007748499699,0.630665258092804,300,333,0,0,0,0
41,"ABC-SMC",5.43640632844831,0.116007748499699,0.630665258092804,300,334,0,0,0,0
41,"ABC-SMC",5.43640632844831,0.116007748499699,0.630665258092804,300,335,0,0,0,0
41,"ABC-SMC",5.43640632844831,0.116007748499699,0.630665258092804,300,336,0,0,0,0
41,"ABC-SMC",5.43640632844831,0.116007748499699,0.630665258092804,300,337,0,0,0,0
41,"ABC-SMC",5.43640632844831,0.116007748499699,0.630665258092804,300,338,0,0,0,0
41,"ABC-SMC",5.43640632844831,0.116007748499699,0.630665258092804,300,339,0,0,0,0
41,"ABC-SMC",5.43640632844831,0.116007748499699,0.630665258092804,300,340,0,0,0,0
41,"ABC-SMC",5.43640632844831,0.116007748499699,0.630665258092804,300,341,0,0,0,0
41,"ABC-SMC",5.43640632844831,0.116007748499699,0.630665258092804,300,342,0,0,0,0
41,"ABC-SMC",5.43640632844831,0.116007748499699,0.630665258092804,300,343,0,0,0,0
41,"ABC-SMC",5.43640632844831,0.116007748499699,0.630665258092804,300,344,0,0,0,0
41,"ABC-SMC",5.43640632844831,0.116007748499699,0.630665258092804,300,345,0,0,0,0
41,"ABC-SMC",5.43640632844831,0.116007748499699,0.630665258092804,300,346,0,0,0,0
41,"ABC-SMC",5.43640632844831,0.116007748499699,0.630665258092804,300,347,0,0,0,0
41,"ABC-SMC",5.43640632844831,0.116007748499699,0.630665258092804,300,348,0,0,0,0
41,"ABC-SMC",5.43640632844831,0.116007748499699,0.630665258092804,300,349,0,0,0,0
41,"ABC-SMC",5.43640632844831,0.116007748499699,0.630665258092804,300,350,0,0,0,0
41,"ABC-SMC",5.43640632844831,0.116007748499699,0.630665258092804,300,351,0,0,0,0
41,"ABC-SMC",5.43640632844831,0.116007748499699,0.630665258092804,300,352,0,0,0,0
41,"ABC-SMC",5.43640632844831,0.116007748499699,0.630665258092804,300,353,0,0,0,0
41,"ABC-SMC",5.43640632844831,0.116007748499699,0.630665258092804,300,354,0,0,0,0
41,"ABC-SMC",5.43640632844831,0.116007748499699,0.630665258092804,300,355,0,0,0,0
41,"ABC-SMC",5.43640632844831,0.116007748499699,0.630665258092804,300,356,0,0,0,0
41,"ABC-SMC",5.43640632844831,0.116007748499699,0.630665258092804,300,357,0,0,0,0
41,"ABC-SMC",5.43640632844831,0.116007748499699,0.630665258092804,300,358,0,0,0,0
41,"ABC-SMC",5.43640632844831,0.116007748499699,0.630665258092804,300,359,0,0,0,0
41,"ABC-SMC",5.43640632844831,0.116007748499699,0.630665258092804,300,360,0,0,0,0
41,"ABC-SMC",5.43640632844831,0.116007748499699,0.630665258092804,300,361,0,0,0,0
41,"ABC-SMC",5.43640632844831,0.116007748499699,0.630665258092804,300,362,0,0,0,0
41,"ABC-SMC",5.43640632844831,0.116007748499699,0.630665258092804,300,363,0,0,0,0
41,"ABC-SMC",5.43640632844831,0.116007748499699,0.630665258092804,300,364,0,0,0,0
41,"ABC-SMC",5.43640632844831,0.116007748499699,0.630665258092804,300,365,0,0,0,0
41,"NelderMead",10.5,0.5005,5.25525,300,1,82,72,89,109.525
41,"NelderMead",10.5,0.5005,5.25525,300,2,91,67.475,83,102
41,"NelderMead",10.5,0.5005,5.25525,300,3,81,79,97,114
41,"NelderMead",10.5,0.5005,5.25525,300,4,86,102,121,142.525
41,"NelderMead",10.5,0.5005,5.25525,300,5,88,128.475,150,171.525
41,"NelderMead",10.5,0.5005,5.25525,300,6,78,158,183,213
41,"NelderMead",10.5,0.5005,5.25525,300,7,101,189,217,245
41,"NelderMead",10.5,0.5005,5.25525,300,8,93,218,248,277
41,"NelderMead",10.5,0.5005,5.25525,300,9,86,234.95,267,306
41,"NelderMead",10.5,0.5005,5.25525,300,10,113,246.95,279,315.525
41,"NelderMead",10.5,0.5005,5.25525,300,11,103,247.475,281.5,311
41,"NelderMead",10.5,0.5005,5.25525,300,12,104,244.475,276,309.525
41,"NelderMead",10.5,0.5005,5.25525,300,13,104,236.95,270,301.525
41,"NelderMead",10.5,0.5005,5.25525,300,14,103,227,257,288.525
41,"NelderMead",10.5,0.5005,5.25525,300,15,117,221,245,274.525
41,"NelderMead",10.5,0.5005,5.25525,300,16,117,204.475,235.5,263.525
41,"NelderMead",10.5,0.5005,5.25525,300,17,127,193,220,250.525
41,"NelderMead",10.5,0.5005,5.25525,300,18,115,183,211,240
41,"NelderMead",10.5,0.5005,5.25525,300,19,121,174.475,200,229
41,"NelderMead",10.5,0.5005,5.25525,300,20,117,161,191.5,219.525
41,"NelderMead",10.5,0.5005,5.25525,300,21,135,154.475,180,204.525
41,"NelderMead",10.5,0.5005,5.25525,300,22,152,146.475,171,198.05
41,"NelderMead",10.5,0.5005,5.25525,300,23,135,140,163,191.525
41,"NelderMead",10.5,0.5005,5.25525,300,24,134,133.475,154,179
41,"NelderMead",10.5,0.5005,5.25525,300,25,156,125,149.5,168
41,"NelderMead",10.5,0.5005,5.25525,300,26,130,121.95,140,165
41,"NelderMead",10.5,0.5005,5.25525,300,27,150,110,133,154
41,"NelderMead",10.5,0.5005,5.25525,300,28,139,103.475,124,145.525
41,"NelderMead",10.5,0.5005,5.25525,300,29,143,100.475,120,138
41,"NelderMead",10.5,0.5005,5.25525,300,30,133,96,113.5,134.525
41,"NelderMead",10.5,0.5005,5.25525,300,31,139,89.475,109,130
41,"NelderMead",10.5,0.5005,5.25525,300,32,146,82.95,103,125.525
41,"NelderMead",10.5,0.5005,5.25525,300,33,130,78,97,116.525
41,"NelderMead",10.5,0.5005,5.25525,300,34,125,76,92,110.525
41,"NelderMead",10.5,0.5005,5.25525,300,35,117,69,86,106
41,"NelderMead",10.5,0.5005,5.25525,300,36,129,63.475,83,99
41,"NelderMead",10.5,0.5005,5.25525,300,37,117,66,80,96.525
41,"NelderMead",10.5,0.5005,5.25525,300,38,121,60,76,92.525
41,"NelderMead",10.5,0.5005,5.25525,300,39,134,55,71,89.525
41,"NelderMead",10.5,0.5005,5.25525,300,40,112,54,69,86
41,"NelderMead",10.5,0.5005,5.25525,300,41,97,50,64,80
41,"NelderMead",10.5,0.5005,5.25525,300,42,103,47,61,76
41,"NelderMead",10.5,0.5005,5.25525,300,43,105,45,58,74
41,"NelderMead",10.5,0.5005,5.25525,300,44,102,41.475,55,68
41,"NelderMead",10.5,0.5005,5.25525,300,45,106,40.475,52,66
41,"NelderMead",10.5,0.5005,5.25525,300,46,95,38,50,65
41,"NelderMead",10.5,0.5005,5.25525,300,47,112,35,47,60
41,"NelderMead",10.5,0.5005,5.25525,300,48,93,31.475,44,57.525
41,"NelderMead",10.5,0.5005,5.25525,300,49,102,31,43,55.525
41,"NelderMead",10.5,0.5005,5.25525,300,50,83,28,40,55.525
41,"NelderMead",10.5,0.5005,5.25525,300,51,62,26.475,38.5,53
41,"NelderMead",10.5,0.5005,5.25525,300,52,78,26,37,49
41,"NelderMead",10.5,0.5005,5.25525,300,53,86,24,35,46
41,"NelderMead",10.5,0.5005,5.25525,300,54,58,22,33,44
41,"NelderMead",10.5,0.5005,5.25525,300,55,69,20.475,31,42.525
41,"NelderMead",10.5,0.5005,5.25525,300,56,72,19,29.5,40
41,"NelderMead",10.5,0.5005,5.25525,300,57,63,18,28.5,39.525
41,"NelderMead",10.5,0.5005,5.25525,300,58,60,17,26,38
41,"NelderMead",10.5,0.5005,5.25525,300,59,56,16.475,26,36.525
41,"NelderMead",10.5,0.5005,5.25525,300,60,63,15,24,33.525
41,"NelderMead",10.5,0.5005,5.25525,300,61,63,14,23,32
41,"NelderMead",10.5,0.5005,5.25525,300,62,54,14,22,31
41,"NelderMead",10.5,0.5005,5.25525,300,63,48,12,20,29.525
41,"NelderMead",10.5,0.5005,5.25525,300,64,62,11.475,19,27.525
41,"NelderMead",10.5,0.5005,5.25525,300,65,42,11,18.5,27.525
41,"NelderMead",10.5,0.5005,5.25525,300,66,52,9,18,28.525
41,"NelderMead",10.5,0.5005,5.25525,300,67,38,9.475,17,25.525
41,"NelderMead",10.5,0.5005,5.25525,300,68,42,8.475,16,24
41,"NelderMead",10.5,0.5005,5.25525,300,69,39,8,15,22
41,"NelderMead",10.5,0.5005,5.25525,300,70,35,8,15,21
41,"NelderMead",10.5,0.5005,5.25525,300,71,40,7,14,21
41,"NelderMead",10.5,0.5005,5.25525,300,72,37,7,13,21
41,"NelderMead",10.5,0.5005,5.25525,300,73,39,6,12,19.525
41,"NelderMead",10.5,0.5005,5.25525,300,74,34,5,12,18
41,"NelderMead",10.5,0.5005,5.25525,300,75,34,6,11,17
41,"NelderMead",10.5,0.5005,5.25525,300,76,35,5,10,18
41,"NelderMead",10.5,0.5005,5.25525,300,77,29,5,10,16
41,"NelderMead",10.5,0.5005,5.25525,300,78,30,4,9,16
41,"NelderMead",10.5,0.5005,5.25525,300,79,22,3.475,9,15
41,"NelderMead",10.5,0.5005,5.25525,300,80,25,3,8,14
41,"NelderMead",10.5,0.5005,5.25525,300,81,25,3,8,14
41,"NelderMead",10.5,0.5005,5.25525,300,82,28,3,8,13
41,"NelderMead",10.5,0.5005,5.25525,300,83,21,3,7,12.525
41,"NelderMead",10.5,0.5005,5.25525,300,84,18,3,7,12
41,"NelderMead",10.5,0.5005,5.25525,300,85,26,2,6.5,12
41,"NelderMead",10.5,0.5005,5.25525,300,86,15,2,6,11.525
41,"NelderMead",10.5,0.5005,5.25525,300,87,14,2,6,11.525
41,"NelderMead",10.5,0.5005,5.25525,300,88,13,2,6,10
41,"NelderMead",10.5,0.5005,5.25525,300,89,14,1,5,9.52499999999998
41,"NelderMead",10.5,0.5005,5.25525,300,90,18,1,5,10
41,"NelderMead",10.5,0.5005,5.25525,300,91,7,1,5,10
41,"NelderMead",10.5,0.5005,5.25525,300,92,10,1,5,9
41,"NelderMead",10.5,0.5005,5.25525,300,93,16,1,4,8.52499999999998
41,"NelderMead",10.5,0.5005,5.25525,300,94,12,1,4,9
41,"NelderMead",10.5,0.5005,5.25525,300,95,14,1,4,8
41,"NelderMead",10.5,0.5005,5.25525,300,96,17,1,4,8
41,"NelderMead",10.5,0.5005,5.25525,300,97,8,0.475000000000001,3,7
41,"NelderMead",10.5,0.5005,5.25525,300,98,14,0,3,8
41,"NelderMead",10.5,0.5005,5.25525,300,99,10,0,3,7
41,"NelderMead",10.5,0.5005,5.25525,300,100,9,0,3,7
41,"NelderMead",10.5,0.5005,5.25525,300,101,9,0,3,7
41,"NelderMead",10.5,0.5005,5.25525,300,102,7,0,3,7
41,"NelderMead",10.5,0.5005,5.25525,300,103,11,0,2,6
41,"NelderMead",10.5,0.5005,5.25525,300,104,10,0,2,6
41,"NelderMead",10.5,0.5005,5.25525,300,105,9,0,2,6
41,"NelderMead",10.5,0.5005,5.25525,300,106,6,0,2,6
41,"NelderMead",10.5,0.5005,5.25525,300,107,7,0,2,5
41,"NelderMead",10.5,0.5005,5.25525,300,108,6,0,2,5
41,"NelderMead",10.5,0.5005,5.25525,300,109,6,0,2,5
41,"NelderMead",10.5,0.5005,5.25525,300,110,5,0,2,5
41,"NelderMead",10.5,0.5005,5.25525,300,111,9,0,2,4
41,"NelderMead",10.5,0.5005,5.25525,300,112,7,0,1,5
41,"NelderMead",10.5,0.5005,5.25525,300,113,5,0,1,4
41,"NelderMead",10.5,0.5005,5.25525,300,114,8,0,1,4
41,"NelderMead",10.5,0.5005,5.25525,300,115,0,0,1,4
41,"NelderMead",10.5,0.5005,5.25525,300,116,6,0,1,4
41,"NelderMead",10.5,0.5005,5.25525,300,117,5,0,1,4
41,"NelderMead",10.5,0.5005,5.25525,300,118,4,0,1,4
41,"NelderMead",10.5,0.5005,5.25525,300,119,1,0,1,3
41,"NelderMead",10.5,0.5005,5.25525,300,120,3,0,1,3
41,"NelderMead",10.5,0.5005,5.25525,300,121,1,0,1,4
41,"NelderMead",10.5,0.5005,5.25525,300,122,2,0,1,3
41,"NelderMead",10.5,0.5005,5.25525,300,123,1,0,1,3
41,"NelderMead",10.5,0.5005,5.25525,300,124,1,0,1,3
41,"NelderMead",10.5,0.5005,5.25525,300,125,1,0,1,3
41,"NelderMead",10.5,0.5005,5.25525,300,126,3,0,1,3
41,"NelderMead",10.5,0.5005,5.25525,300,127,4,0,1,3
41,"NelderMead",10.5,0.5005,5.25525,300,128,1,0,1,3
41,"NelderMead",10.5,0.5005,5.25525,300,129,1,0,1,3
41,"NelderMead",10.5,0.5005,5.25525,300,130,5,0,1,3
41,"NelderMead",10.5,0.5005,5.25525,300,131,3,0,0,2
41,"NelderMead",10.5,0.5005,5.25525,300,132,1,0,0,3
41,"NelderMead",10.5,0.5005,5.25525,300,133,1,0,0,2
41,"NelderMead",10.5,0.5005,5.25525,300,134,3,0,0,2
41,"NelderMead",10.5,0.5005,5.25525,300,135,2,0,0,2
41,"NelderMead",10.5,0.5005,5.25525,300,136,0,0,0,2
41,"NelderMead",10.5,0.5005,5.25525,300,137,0,0,0,2
41,"NelderMead",10.5,0.5005,5.25525,300,138,3,0,0,2
41,"NelderMead",10.5,0.5005,5.25525,300,139,0,0,0,2
41,"NelderMead",10.5,0.5005,5.25525,300,140,1,0,0,2
41,"NelderMead",10.5,0.5005,5.25525,300,141,1,0,0,2
41,"NelderMead",10.5,0.5005,5.25525,300,142,1,0,0,2
41,"NelderMead",10.5,0.5005,5.25525,300,143,0,0,0,2
41,"NelderMead",10.5,0.5005,5.25525,300,144,2,0,0,2
41,"NelderMead",10.5,0.5005,5.25525,300,145,1,0,0,2
41,"NelderMead",10.5,0.5005,5.25525,300,146,1,0,0,2
41,"NelderMead",10.5,0.5005,5.25525,300,147,1,0,0,2
41,"NelderMead",10.5,0.5005,5.25525,300,148,1,0,0,2
41,"NelderMead",10.5,0.5005,5.25525,300,149,2,0,0,1
41,"NelderMead",10.5,0.5005,5.25525,300,150,2,0,0,1.52499999999998
41,"NelderMead",10.5,0.5005,5.25525,300,151,0,0,0,2
41,"NelderMead",10.5,0.5005,5.25525,300,152,0,0,0,1
41,"NelderMead",10.5,0.5005,5.25525,300,153,0,0,0,1
41,"NelderMead",10.5,0.5005,5.25525,300,154,1,0,0,1.52499999999998
41,"NelderMead",10.5,0.5005,5.25525,300,155,0,0,0,1
41,"NelderMead",10.5,0.5005,5.25525,300,156,0,0,0,1
41,"NelderMead",10.5,0.5005,5.25525,300,157,0,0,0,1
41,"NelderMead",10.5,0.5005,5.25525,300,158,0,0,0,1.52499999999998
41,"NelderMead",10.5,0.5005,5.25525,300,159,0,0,0,1
41,"NelderMead",10.5,0.5005,5.25525,300,160,0,0,0,1
41,"NelderMead",10.5,0.5005,5.25525,300,161,1,0,0,1
41,"NelderMead",10.5,0.5005,5.25525,300,162,2,0,0,1
41,"NelderMead",10.5,0.5005,5.25525,300,163,1,0,0,1
41,"NelderMead",10.5,0.5005,5.25525,300,164,0,0,0,1
41,"NelderMead",10.5,0.5005,5.25525,300,165,1,0,0,1
41,"NelderMead",10.5,0.5005,5.25525,300,166,1,0,0,1
41,"NelderMead",10.5,0.5005,5.25525,300,167,1,0,0,1
41,"NelderMead",10.5,0.5005,5.25525,300,168,1,0,0,1
41,"NelderMead",10.5,0.5005,5.25525,300,169,0,0,0,1
41,"NelderMead",10.5,0.5005,5.25525,300,170,0,0,0,1
41,"NelderMead",10.5,0.5005,5.25525,300,171,0,0,0,1
41,"NelderMead",10.5,0.5005,5.25525,300,172,1,0,0,1
41,"NelderMead",10.5,0.5005,5.25525,300,173,0,0,0,1
41,"NelderMead",10.5,0.5005,5.25525,300,174,1,0,0,1
41,"NelderMead",10.5,0.5005,5.25525,300,175,0,0,0,1
41,"NelderMead",10.5,0.5005,5.25525,300,176,0,0,0,1
41,"NelderMead",10.5,0.5005,5.25525,300,177,0,0,0,1
41,"NelderMead",10.5,0.5005,5.25525,300,178,0,0,0,0
41,"NelderMead",10.5,0.5005,5.25525,300,179,0,0,0,1
41,"NelderMead",10.5,0.5005,5.25525,300,180,1,0,0,1
41,"NelderMead",10.5,0.5005,5.25525,300,181,0,0,0,1
41,"NelderMead",10.5,0.5005,5.25525,300,182,0,0,0,1
41,"NelderMead",10.5,0.5005,5.25525,300,183,0,0,0,1
41,"NelderMead",10.5,0.5005,5.25525,300,184,0,0,0,1
41,"NelderMead",10.5,0.5005,5.25525,300,185,0,0,0,1
41,"NelderMead",10.5,0.5005,5.25525,300,186,0,0,0,1
41,"NelderMead",10.5,0.5005,5.25525,300,187,0,0,0,1
41,"NelderMead",10.5,0.5005,5.25525,300,188,0,0,0,1
41,"NelderMead",10.5,0.5005,5.25525,300,189,1,0,0,1
41,"NelderMead",10.5,0.5005,5.25525,300,190,0,0,0,1
41,"NelderMead",10.5,0.5005,5.25525,300,191,0,0,0,1
41,"NelderMead",10.5,0.5005,5.25525,300,192,0,0,0,0
41,"NelderMead",10.5,0.5005,5.25525,300,193,0,0,0,1
41,"NelderMead",10.5,0.5005,5.25525,300,194,0,0,0,0
41,"NelderMead",10.5,0.5005,5.25525,300,195,1,0,0,1
41,"NelderMead",10.5,0.5005,5.25525,300,196,0,0,0,0
41,"NelderMead",10.5,0.5005,5.25525,300,197,0,0,0,1
41,"NelderMead",10.5,0.5005,5.25525,300,198,0,0,0,0
41,"NelderMead",10.5,0.5005,5.25525,300,199,0,0,0,0
41,"NelderMead",10.5,0.5005,5.25525,300,200,0,0,0,0
41,"NelderMead",10.5,0.5005,5.25525,300,201,0,0,0,0
41,"NelderMead",10.5,0.5005,5.25525,300,202,0,0,0,0
41,"NelderMead",10.5,0.5005,5.25525,300,203,0,0,0,0
41,"NelderMead",10.5,0.5005,5.25525,300,204,0,0,0,0
41,"NelderMead",10.5,0.5005,5.25525,300,205,0,0,0,0
41,"NelderMead",10.5,0.5005,5.25525,300,206,0,0,0,0
41,"NelderMead",10.5,0.5005,5.25525,300,207,0,0,0,0
41,"NelderMead",10.5,0.5005,5.25525,300,208,0,0,0,0
41,"NelderMead",10.5,0.5005,5.25525,300,209,0,0,0,0
41,"NelderMead",10.5,0.5005,5.25525,300,210,0,0,0,0
41,"NelderMead",10.5,0.5005,5.25525,300,211,1,0,0,0
41,"NelderMead",10.5,0.5005,5.25525,300,212,0,0,0,0
41,"NelderMead",10.5,0.5005,5.25525,300,213,0,0,0,0
41,"NelderMead",10.5,0.5005,5.25525,300,214,0,0,0,0
41,"NelderMead",10.5,0.5005,5.25525,300,215,0,0,0,0
41,"NelderMead",10.5,0.5005,5.25525,300,216,0,0,0,0
41,"NelderMead",10.5,0.5005,5.25525,300,217,0,0,0,0
41,"NelderMead",10.5,0.5005,5.25525,300,218,0,0,0,0
41,"NelderMead",10.5,0.5005,5.25525,300,219,0,0,0,0
41,"NelderMead",10.5,0.5005,5.25525,300,220,0,0,0,0
41,"NelderMead",10.5,0.5005,5.25525,300,221,0,0,0,0
41,"NelderMead",10.5,0.5005,5.25525,300,222,0,0,0,0
41,"NelderMead",10.5,0.5005,5.25525,300,223,0,0,0,0
41,"NelderMead",10.5,0.5005,5.25525,300,224,0,0,0,0
41,"NelderMead",10.5,0.5005,5.25525,300,225,0,0,0,0
41,"NelderMead",10.5,0.5005,5.25525,300,226,0,0,0,0
41,"NelderMead",10.5,0.5005,5.25525,300,227,0,0,0,0
41,"NelderMead",10.5,0.5005,5.25525,300,228,0,0,0,0
41,"NelderMead",10.5,0.5005,5.25525,300,229,0,0,0,0
41,"NelderMead",10.5,0.5005,5.25525,300,230,0,0,0,0
41,"NelderMead",10.5,0.5005,5.25525,300,231,0,0,0,0
41,"NelderMead",10.5,0.5005,5.25525,300,232,0,0,0,0
41,"NelderMead",10.5,0.5005,5.25525,300,233,0,0,0,0
41,"NelderMead",10.5,0.5005,5.25525,300,234,0,0,0,0
41,"NelderMead",10.5,0.5005,5.25525,300,235,0,0,0,0
41,"NelderMead",10.5,0.5005,5.25525,300,236,0,0,0,0
41,"NelderMead",10.5,0.5005,5.25525,300,237,0,0,0,0
41,"NelderMead",10.5,0.5005,5.25525,300,238,0,0,0,0
41,"NelderMead",10.5,0.5005,5.25525,300,239,0,0,0,0
41,"NelderMead",10.5,0.5005,5.25525,300,240,0,0,0,0
41,"NelderMead",10.5,0.5005,5.25525,300,241,0,0,0,0
41,"NelderMead",10.5,0.5005,5.25525,300,242,0,0,0,0
41,"NelderMead",10.5,0.5005,5.25525,300,243,0,0,0,0
41,"NelderMead",10.5,0.5005,5.25525,300,244,0,0,0,0
41,"NelderMead",10.5,0.5005,5.25525,300,245,0,0,0,0
41,"NelderMead",10.5,0.5005,5.25525,300,246,0,0,0,0
41,"NelderMead",10.5,0.5005,5.25525,300,247,0,0,0,0
41,"NelderMead",10.5,0.5005,5.25525,300,248,0,0,0,0
41,"NelderMead",10.5,0.5005,5.25525,300,249,0,0,0,0
41,"NelderMead",10.5,0.5005,5.25525,300,250,0,0,0,0
41,"NelderMead",10.5,0.5005,5.25525,300,251,0,0,0,0
41,"NelderMead",10.5,0.5005,5.25525,300,252,0,0,0,0
41,"NelderMead",10.5,0.5005,5.25525,300,253,0,0,0,0
41,"NelderMead",10.5,0.5005,5.25525,300,254,0,0,0,0
41,"NelderMead",10.5,0.5005,5.25525,300,255,0,0,0,0
41,"NelderMead",10.5,0.5005,5.25525,300,256,0,0,0,0
41,"NelderMead",10.5,0.5005,5.25525,300,257,0,0,0,0
41,"NelderMead",10.5,0.5005,5.25525,300,258,0,0,0,0
41,"NelderMead",10.5,0.5005,5.25525,300,259,0,0,0,0
41,"NelderMead",10.5,0.5005,5.25525,300,260,0,0,0,0
41,"NelderMead",10.5,0.5005,5.25525,300,261,0,0,0,0
41,"NelderMead",10.5,0.5005,5.25525,300,262,0,0,0,0
41,"NelderMead",10.5,0.5005,5.25525,300,263,0,0,0,0
41,"NelderMead",10.5,0.5005,5.25525,300,264,0,0,0,0
41,"NelderMead",10.5,0.5005,5.25525,300,265,0,0,0,0
41,"NelderMead",10.5,0.5005,5.25525,300,266,0,0,0,0
41,"NelderMead",10.5,0.5005,5.25525,300,267,0,0,0,0
41,"NelderMead",10.5,0.5005,5.25525,300,268,0,0,0,0
41,"NelderMead",10.5,0.5005,5.25525,300,269,0,0,0,0
41,"NelderMead",10.5,0.5005,5.25525,300,270,0,0,0,0
41,"NelderMead",10.5,0.5005,5.25525,300,271,0,0,0,0
41,"NelderMead",10.5,0.5005,5.25525,300,272,0,0,0,0
41,"NelderMead",10.5,0.5005,5.25525,300,273,0,0,0,0
41,"NelderMead",10.5,0.5005,5.25525,300,274,0,0,0,0
41,"NelderMead",10.5,0.5005,5.25525,300,275,0,0,0,0
41,"NelderMead",10.5,0.5005,5.25525,300,276,0,0,0,0
41,"NelderMead",10.5,0.5005,5.25525,300,277,0,0,0,0
41,"NelderMead",10.5,0.5005,5.25525,300,278,0,0,0,0
41,"NelderMead",10.5,0.5005,5.25525,300,279,0,0,0,0
41,"NelderMead",10.5,0.5005,5.25525,300,280,0,0,0,0
41,"NelderMead",10.5,0.5005,5.25525,300,281,0,0,0,0
41,"NelderMead",10.5,0.5005,5.25525,300,282,0,0,0,0
41,"NelderMead",10.5,0.5005,5.25525,300,283,0,0,0,0
41,"NelderMead",10.5,0.5005,5.25525,300,284,0,0,0,0
41,"NelderMead",10.5,0.5005,5.25525,300,285,0,0,0,0
41,"NelderMead",10.5,0.5005,5.25525,300,286,0,0,0,0
41,"NelderMead",10.5,0.5005,5.25525,300,287,0,0,0,0
41,"NelderMead",10.5,0.5005,5.25525,300,288,0,0,0,0
41,"NelderMead",10.5,0.5005,5.25525,300,289,0,0,0,0
41,"NelderMead",10.5,0.5005,5.25525,300,290,0,0,0,0
41,"NelderMead",10.5,0.5005,5.25525,300,291,0,0,0,0
41,"NelderMead",10.5,0.5005,5.25525,300,292,0,0,0,0
41,"NelderMead",10.5,0.5005,5.25525,300,293,0,0,0,0
41,"NelderMead",10.5,0.5005,5.25525,300,294,0,0,0,0
41,"NelderMead",10.5,0.5005,5.25525,300,295,0,0,0,0
41,"NelderMead",10.5,0.5005,5.25525,300,296,0,0,0,0
41,"NelderMead",10.5,0.5005,5.25525,300,297,0,0,0,0
41,"NelderMead",10.5,0.5005,5.25525,300,298,0,0,0,0
41,"NelderMead",10.5,0.5005,5.25525,300,299,0,0,0,0
41,"NelderMead",10.5,0.5005,5.25525,300,300,0,0,0,0
41,"NelderMead",10.5,0.5005,5.25525,300,301,0,0,0,0
41,"NelderMead",10.5,0.5005,5.25525,300,302,0,0,0,0
41,"NelderMead",10.5,0.5005,5.25525,300,303,0,0,0,0
41,"NelderMead",10.5,0.5005,5.25525,300,304,0,0,0,0
41,"NelderMead",10.5,0.5005,5.25525,300,305,0,0,0,0
41,"NelderMead",10.5,0.5005,5.25525,300,306,0,0,0,0
41,"NelderMead",10.5,0.5005,5.25525,300,307,0,0,0,0
41,"NelderMead",10.5,0.5005,5.25525,300,308,0,0,0,0
41,"NelderMead",10.5,0.5005,5.25525,300,309,0,0,0,0
41,"NelderMead",10.5,0.5005,5.25525,300,310,0,0,0,0
41,"NelderMead",10.5,0.5005,5.25525,300,311,0,0,0,0
41,"NelderMead",10.5,0.5005,5.25525,300,312,0,0,0,0
41,"NelderMead",10.5,0.5005,5.25525,300,313,0,0,0,0
41,"NelderMead",10.5,0.5005,5.25525,300,314,0,0,0,0
41,"NelderMead",10.5,0.5005,5.25525,300,315,0,0,0,0
41,"NelderMead",10.5,0.5005,5.25525,300,316,0,0,0,0
41,"NelderMead",10.5,0.5005,5.25525,300,317,0,0,0,0
41,"NelderMead",10.5,0.5005,5.25525,300,318,0,0,0,0
41,"NelderMead",10.5,0.5005,5.25525,300,319,0,0,0,0
41,"NelderMead",10.5,0.5005,5.25525,300,320,0,0,0,0
41,"NelderMead",10.5,0.5005,5.25525,300,321,0,0,0,0
41,"NelderMead",10.5,0.5005,5.25525,300,322,0,0,0,0
41,"NelderMead",10.5,0.5005,5.25525,300,323,0,0,0,0
41,"NelderMead",10.5,0.5005,5.25525,300,324,0,0,0,0
41,"NelderMead",10.5,0.5005,5.25525,300,325,0,0,0,0
41,"NelderMead",10.5,0.5005,5.25525,300,326,0,0,0,0
41,"NelderMead",10.5,0.5005,5.25525,300,327,0,0,0,0
41,"NelderMead",10.5,0.5005,5.25525,300,328,0,0,0,0
41,"NelderMead",10.5,0.5005,5.25525,300,329,0,0,0,0
41,"NelderMead",10.5,0.5005,5.25525,300,330,0,0,0,0
41,"NelderMead",10.5,0.5005,5.25525,300,331,0,0,0,0
41,"NelderMead",10.5,0.5005,5.25525,300,332,0,0,0,0
41,"NelderMead",10.5,0.5005,5.25525,300,333,0,0,0,0
41,"NelderMead",10.5,0.5005,5.25525,300,334,0,0,0,0
41,"NelderMead",10.5,0.5005,5.25525,300,335,0,0,0,0
41,"NelderMead",10.5,0.5005,5.25525,300,336,0,0,0,0
41,"NelderMead",10.5,0.5005,5.25525,300,337,0,0,0,0
41,"NelderMead",10.5,0.5005,5.25525,300,338,0,0,0,0
41,"NelderMead",10.5,0.5005,5.25525,300,339,0,0,0,0
41,"NelderMead",10.5,0.5005,5.25525,300,340,0,0,0,0
41,"NelderMead",10.5,0.5005,5.25525,300,341,0,0,0,0
41,"NelderMead",10.5,0.5005,5.25525,300,342,0,0,0,0
41,"NelderMead",10.5,0.5005,5.25525,300,343,0,0,0,0
41,"NelderMead",10.5,0.5005,5.25525,300,344,0,0,0,0
41,"NelderMead",10.5,0.5005,5.25525,300,345,0,0,0,0
41,"NelderMead",10.5,0.5005,5.25525,300,346,0,0,0,0
41,"NelderMead",10.5,0.5005,5.25525,300,347,0,0,0,0
41,"NelderMead",10.5,0.5005,5.25525,300,348,0,0,0,0
41,"NelderMead",10.5,0.5005,5.25525,300,349,0,0,0,0
41,"NelderMead",10.5,0.5005,5.25525,300,350,0,0,0,0
41,"NelderMead",10.5,0.5005,5.25525,300,351,0,0,0,0
41,"NelderMead",10.5,0.5005,5.25525,300,352,0,0,0,0
41,"NelderMead",10.5,0.5005,5.25525,300,353,0,0,0,0
41,"NelderMead",10.5,0.5005,5.25525,300,354,0,0,0,0
41,"NelderMead",10.5,0.5005,5.25525,300,355,0,0,0,0
41,"NelderMead",10.5,0.5005,5.25525,300,356,0,0,0,0
41,"NelderMead",10.5,0.5005,5.25525,300,357,0,0,0,0
41,"NelderMead",10.5,0.5005,5.25525,300,358,0,0,0,0
41,"NelderMead",10.5,0.5005,5.25525,300,359,0,0,0,0
41,"NelderMead",10.5,0.5005,5.25525,300,360,0,0,0,0
41,"NelderMead",10.5,0.5005,5.25525,300,361,0,0,0,0
41,"NelderMead",10.5,0.5005,5.25525,300,362,0,0,0,0
41,"NelderMead",10.5,0.5005,5.25525,300,363,0,0,0,0
41,"NelderMead",10.5,0.5005,5.25525,300,364,0,0,0,0
41,"NelderMead",10.5,0.5005,5.25525,300,365,0,0,0,0
41,"DE",4.39506727352775,0.13398763686701,0.588884677851516,300,1,82,72,89,109.525
41,"DE",4.39506727352775,0.13398763686701,0.588884677851516,300,2,91,66,83,101
41,"DE",4.39506727352775,0.13398763686701,0.588884677851516,300,3,81,65.475,82,100
41,"DE",4.39506727352775,0.13398763686701,0.588884677851516,300,4,86,64.475,81.5,96.525
41,"DE",4.39506727352775,0.13398763686701,0.588884677851516,300,5,88,65,80,98.525
41,"DE",4.39506727352775,0.13398763686701,0.588884677851516,300,6,78,66.475,83,101.575
41,"DE",4.39506727352775,0.13398763686701,0.588884677851516,300,7,101,68,86,103.525
41,"DE",4.39506727352775,0.13398763686701,0.588884677851516,300,8,93,72,87,107.525
41,"DE",4.39506727352775,0.13398763686701,0.588884677851516,300,9,86,74,92,108
41,"DE",4.39506727352775,0.13398763686701,0.588884677851516,300,10,113,81,96,114
41,"DE",4.39506727352775,0.13398763686701,0.588884677851516,300,11,103,82.475,101,120.05
41,"DE",4.39506727352775,0.13398763686701,0.588884677851516,300,12,104,83,103,123
41,"DE",4.39506727352775,0.13398763686701,0.588884677851516,300,13,104,87,107.5,127
41,"DE",4.39506727352775,0.13398763686701,0.588884677851516,300,14,103,88.475,111,138
41,"DE",4.39506727352775,0.13398763686701,0.588884677851516,300,15,117,95.475,115,136
41,"DE",4.39506727352775,0.13398763686701,0.588884677851516,300,16,117,96,118,143.525
41,"DE",4.39506727352775,0.13398763686701,0.588884677851516,300,17,127,99.475,122,145
41,"DE",4.39506727352775,0.13398763686701,0.588884677851516,300,18,115,105.475,123.5,147
41,"DE",4.39506727352775,0.13398763686701,0.588884677851516,300,19,121,106,127,150.525
41,"DE",4.39506727352775,0.13398763686701,0.588884677851516,300,20,117,111,131,151.525
41,"DE",4.39506727352775,0.13398763686701,0.588884677851516,300,21,135,110,131,158
41,"DE",4.39506727352775,0.13398763686701,0.588884677851516,300,22,152,115.475,136,158
41,"DE",4.39506727352775,0.13398763686701,0.588884677851516,300,23,135,114,136,157
41,"DE",4.39506727352775,0.13398763686701,0.588884677851516,300,24,134,115.475,136,160.525
41,"DE",4.39506727352775,0.13398763686701,0.588884677851516,300,25,156,117,138,162
41,"DE",4.39506727352775,0.13398763686701,0.588884677851516,300,26,130,114,137.5,162.525
41,"DE",4.39506727352775,0.13398763686701,0.588884677851516,300,27,150,115.475,140,163
41,"DE",4.39506727352775,0.13398763686701,0.588884677851516,300,28,139,116.475,138.5,165
41,"DE",4.39506727352775,0.13398763686701,0.588884677851516,300,29,143,117.475,138,162
41,"DE",4.39506727352775,0.13398763686701,0.588884677851516,300,30,133,113.475,136,158.525
41,"DE",4.39506727352775,0.13398763686701,0.588884677851516,300,31,139,114,137,159.525
41,"DE",4.39506727352775,0.13398763686701,0.588884677851516,300,32,146,114.475,134,157
41,"DE",4.39506727352775,0.13398763686701,0.588884677851516,300,33,130,113,133,155.525
41,"DE",4.39506727352775,0.13398763686701,0.588884677851516,300,34,125,110.475,131,154
41,"DE",4.39506727352775,0.13398763686701,0.588884677851516,300,35,117,106,130,149.525
41,"DE",4.39506727352775,0.13398763686701,0.588884677851516,300,36,129,107.475,127,147
41,"DE",4.39506727352775,0.13398763686701,0.588884677851516,300,37,117,105,124,146.525
41,"DE",4.39506727352775,0.13398763686701,0.588884677851516,300,38,121,100,121,145
41,"DE",4.39506727352775,0.13398763686701,0.588884677851516,300,39,134,100,120,144.525
41,"DE",4.39506727352775,0.13398763686701,0.588884677851516,300,40,112,95.475,115,135
41,"DE",4.39506727352775,0.13398763686701,0.588884677851516,300,41,97,91.475,112,135.525
41,"DE",4.39506727352775,0.13398763686701,0.588884677851516,300,42,103,90,111,129.525
41,"DE",4.39506727352775,0.13398763686701,0.588884677851516,300,43,105,89,106.5,126.525
41,"DE",4.39506727352775,0.13398763686701,0.588884677851516,300,44,102,84,104,122
41,"DE",4.39506727352775,0.13398763686701,0.588884677851516,300,45,106,80,101,123.525
41,"DE",4.39506727352775,0.13398763686701,0.588884677851516,300,46,95,78.475,97,118
41,"DE",4.39506727352775,0.13398763686701,0.588884677851516,300,47,112,77,94,112
41,"DE",4.39506727352775,0.13398763686701,0.588884677851516,300,48,93,73,91,110.525
41,"DE",4.39506727352775,0.13398763686701,0.588884677851516,300,49,102,72,88,108.05
41,"DE",4.39506727352775,0.13398763686701,0.588884677851516,300,50,83,66.475,85,104
41,"DE",4.39506727352775,0.13398763686701,0.588884677851516,300,51,62,64,82,97.525
41,"DE",4.39506727352775,0.13398763686701,0.588884677851516,300,52,78,63,78,97
41,"DE",4.39506727352775,0.13398763686701,0.588884677851516,300,53,86,60,76,94
41,"DE",4.39506727352775,0.13398763686701,0.588884677851516,300,54,58,56,72,89.525
41,"DE",4.39506727352775,0.13398763686701,0.588884677851516,300,55,69,54.475,69,85
41,"DE",4.39506727352775,0.13398763686701,0.588884677851516,300,56,72,53,69,83
41,"DE",4.39506727352775,0.13398763686701,0.588884677851516,300,57,63,51.475,64,82
41,"DE",4.39506727352775,0.13398763686701,0.588884677851516,300,58,60,46,62,79.05
41,"DE",4.39506727352775,0.13398763686701,0.588884677851516,300,59,56,45.475,60,75
41,"DE",4.39506727352775,0.13398763686701,0.588884677851516,300,60,63,43,57,72
41,"DE",4.39506727352775,0.13398763686701,0.588884677851516,300,61,63,42,55,70.525
41,"DE",4.39506727352775,0.13398763686701,0.588884677851516,300,62,54,39,54,68
41,"DE",4.39506727352775,0.13398763686701,0.588884677851516,300,63,48,39,52,65
41,"DE",4.39506727352775,0.13398763686701,0.588884677851516,300,64,62,36,49,63.525
41,"DE",4.39506727352775,0.13398763686701,0.588884677851516,300,65,42,35,47,61
41,"DE",4.39506727352775,0.13398763686701,0.588884677851516,300,66,52,32.475,45,59
41,"DE",4.39506727352775,0.13398763686701,0.588884677851516,300,67,38,32,44,57
41,"DE",4.39506727352775,0.13398763686701,0.588884677851516,300,68,42,30,41,54
41,"DE",4.39506727352775,0.13398763686701,0.588884677851516,300,69,39,26.475,39,54.525
41,"DE",4.39506727352775,0.13398763686701,0.588884677851516,300,70,35,27,37,50
41,"DE",4.39506727352775,0.13398763686701,0.588884677851516,300,71,40,24,36,48.525
41,"DE",4.39506727352775,0.13398763686701,0.588884677851516,300,72,37,23.475,34,45.525
41,"DE",4.39506727352775,0.13398763686701,0.588884677851516,300,73,39,23,34,45.525
41,"DE",4.39506727352775,0.13398763686701,0.588884677851516,300,74,34,22,32,44
41,"DE",4.39506727352775,0.13398763686701,0.588884677851516,300,75,34,19.475,30,43
41,"DE",4.39506727352775,0.13398763686701,0.588884677851516,300,76,35,19,29,39
41,"DE",4.39506727352775,0.13398763686701,0.588884677851516,300,77,29,17,28,38
41,"DE",4.39506727352775,0.13398763686701,0.588884677851516,300,78,30,17,26,37.525
41,"DE",4.39506727352775,0.13398763686701,0.588884677851516,300,79,22,16,26,34
41,"DE",4.39506727352775,0.13398763686701,0.588884677851516,300,80,25,16,24,34
41,"DE",4.39506727352775,0.13398763686701,0.588884677851516,300,81,25,13,23,33
41,"DE",4.39506727352775,0.13398763686701,0.588884677851516,300,82,28,14,22,31
41,"DE",4.39506727352775,0.13398763686701,0.588884677851516,300,83,21,12,21.5,30
41,"DE",4.39506727352775,0.13398763686701,0.588884677851516,300,84,18,12,20,29
41,"DE",4.39506727352775,0.13398763686701,0.588884677851516,300,85,26,11,19,29
41,"DE",4.39506727352775,0.13398763686701,0.588884677851516,300,86,15,12,18,27
41,"DE",4.39506727352775,0.13398763686701,0.588884677851516,300,87,14,10,18,25
41,"DE",4.39506727352775,0.13398763686701,0.588884677851516,300,88,13,9,16,25
41,"DE",4.39506727352775,0.13398763686701,0.588884677851516,300,89,14,9,16,23
41,"DE",4.39506727352775,0.13398763686701,0.588884677851516,300,90,18,8,15,22
41,"DE",4.39506727352775,0.13398763686701,0.588884677851516,300,91,7,7,14,22
41,"DE",4.39506727352775,0.13398763686701,0.588884677851516,300,92,10,7,14,21
41,"DE",4.39506727352775,0.13398763686701,0.588884677851516,300,93,16,7,14,21
41,"DE",4.39506727352775,0.13398763686701,0.588884677851516,300,94,12,6,12,20
41,"DE",4.39506727352775,0.13398763686701,0.588884677851516,300,95,14,6,12,19
41,"DE",4.39506727352775,0.13398763686701,0.588884677851516,300,96,17,6,12,18
41,"DE",4.39506727352775,0.13398763686701,0.588884677851516,300,97,8,5,11,18
41,"DE",4.39506727352775,0.13398763686701,0.588884677851516,300,98,14,5,10,17
41,"DE",4.39506727352775,0.13398763686701,0.588884677851516,300,99,10,5,10,18
41,"DE",4.39506727352775,0.13398763686701,0.588884677851516,300,100,9,4,10,16.525
41,"DE",4.39506727352775,0.13398763686701,0.588884677851516,300,101,9,4,9,15
41,"DE",4.39506727352775,0.13398763686701,0.588884677851516,300,102,7,3,9,16
41,"DE",4.39506727352775,0.13398763686701,0.588884677851516,300,103,11,3,8,14
41,"DE",4.39506727352775,0.13398763686701,0.588884677851516,300,104,10,3,7,13.525
41,"DE",4.39506727352775,0.13398763686701,0.588884677851516,300,105,9,3,7,12.525
41,"DE",4.39506727352775,0.13398763686701,0.588884677851516,300,106,6,3,7,13
41,"DE",4.39506727352775,0.13398763686701,0.588884677851516,300,107,7,2,7,13
41,"DE",4.39506727352775,0.13398763686701,0.588884677851516,300,108,6,2,6,12
41,"DE",4.39506727352775,0.13398763686701,0.588884677851516,300,109,6,2,7,12
41,"DE",4.39506727352775,0.13398763686701,0.588884677851516,300,110,5,2,6,11.525
41,"DE",4.39506727352775,0.13398763686701,0.588884677851516,300,111,9,1,6,10
41,"DE",4.39506727352775,0.13398763686701,0.588884677851516,300,112,7,1.475,5,11
41,"DE",4.39506727352775,0.13398763686701,0.588884677851516,300,113,5,2,5,10.525
41,"DE",4.39506727352775,0.13398763686701,0.588884677851516,300,114,8,1,5,10
41,"DE",4.39506727352775,0.13398763686701,0.588884677851516,300,115,0,1,5,10
41,"DE",4.39506727352775,0.13398763686701,0.588884677851516,300,116,6,1,4,9
41,"DE",4.39506727352775,0.13398763686701,0.588884677851516,300,117,5,1,4,9
41,"DE",4.39506727352775,0.13398763686701,0.588884677851516,300,118,4,1,4,9
41,"DE",4.39506727352775,0.13398763686701,0.588884677851516,300,119,1,1,4,7
41,"DE",4.39506727352775,0.13398763686701,0.588884677851516,300,120,3,0.475000000000001,4,8.52499999999998
41,"DE",4.39506727352775,0.13398763686701,0.588884677851516,300,121,1,1,4,8.52499999999998
41,"DE",4.39506727352775,0.13398763686701,0.588884677851516,300,122,2,0,3,7
41,"DE",4.39506727352775,0.13398763686701,0.588884677851516,300,123,1,0,3,7
41,"DE",4.39506727352775,0.13398763686701,0.588884677851516,300,124,1,0,3,7
41,"DE",4.39506727352775,0.13398763686701,0.588884677851516,300,125,1,0,2,6.52499999999998
41,"DE",4.39506727352775,0.13398763686701,0.588884677851516,300,126,3,0,3,7
41,"DE",4.39506727352775,0.13398763686701,0.588884677851516,300,127,4,0,3,6
41,"DE",4.39506727352775,0.13398763686701,0.588884677851516,300,128,1,0,2,6
41,"DE",4.39506727352775,0.13398763686701,0.588884677851516,300,129,1,0,2,6
41,"DE",4.39506727352775,0.13398763686701,0.588884677851516,300,130,5,0,2,6
41,"DE",4.39506727352775,0.13398763686701,0.588884677851516,300,131,3,0,2,5
41,"DE",4.39506727352775,0.13398763686701,0.588884677851516,300,132,1,0,2,6
41,"DE",4.39506727352775,0.13398763686701,0.588884677851516,300,133,1,0,2,5
41,"DE",4.39506727352775,0.13398763686701,0.588884677851516,300,134,3,0,2,5
41,"DE",4.39506727352775,0.13398763686701,0.588884677851516,300,135,2,0,1,5
41,"DE",4.39506727352775,0.13398763686701,0.588884677851516,300,136,0,0,2,5
41,"DE",4.39506727352775,0.13398763686701,0.588884677851516,300,137,0,0,2,4
41,"DE",4.39506727352775,0.13398763686701,0.588884677851516,300,138,3,0,2,4
41,"DE",4.39506727352775,0.13398763686701,0.588884677851516,300,139,0,0,1,5
41,"DE",4.39506727352775,0.13398763686701,0.588884677851516,300,140,1,0,1,4.52499999999998
41,"DE",4.39506727352775,0.13398763686701,0.588884677851516,300,141,1,0,1,4
41,"DE",4.39506727352775,0.13398763686701,0.588884677851516,300,142,1,0,1,5
41,"DE",4.39506727352775,0.13398763686701,0.588884677851516,300,143,0,0,1,4
41,"DE",4.39506727352775,0.13398763686701,0.588884677851516,300,144,2,0,1,4
41,"DE",4.39506727352775,0.13398763686701,0.588884677851516,300,145,1,0,1,3
41,"DE",4.39506727352775,0.13398763686701,0.588884677851516,300,146,1,0,1,4
41,"DE",4.39506727352775,0.13398763686701,0.588884677851516,300,147,1,0,1,3
41,"DE",4.39506727352775,0.13398763686701,0.588884677851516,300,148,1,0,1,3.52499999999998
41,"DE",4.39506727352775,0.13398763686701,0.588884677851516,300,149,2,0,1,3
41,"DE",4.39506727352775,0.13398763686701,0.588884677851516,300,150,2,0,1,3
41,"DE",4.39506727352775,0.13398763686701,0.588884677851516,300,151,0,0,1,3
41,"DE",4.39506727352775,0.13398763686701,0.588884677851516,300,152,0,0,1,3
41,"DE",4.39506727352775,0.13398763686701,0.588884677851516,300,153,0,0,1,3
41,"DE",4.39506727352775,0.13398763686701,0.588884677851516,300,154,1,0,1,3
41,"DE",4.39506727352775,0.13398763686701,0.588884677851516,300,155,0,0,1,3
41,"DE",4.39506727352775,0.13398763686701,0.588884677851516,300,156,0,0,1,2.52499999999998
41,"DE",4.39506727352775,0.13398763686701,0.588884677851516,300,157,0,0,1,3
41,"DE",4.39506727352775,0.13398763686701,0.588884677851516,300,158,0,0,0,2
41,"DE",4.39506727352775,0.13398763686701,0.588884677851516,300,159,0,0,0,2
41,"DE",4.39506727352775,0.13398763686701,0.588884677851516,300,160,0,0,0,2
41,"DE",4.39506727352775,0.13398763686701,0.588884677851516,300,161,1,0,0,2
41,"DE",4.39506727352775,0.13398763686701,0.588884677851516,300,162,2,0,0,2.52499999999998
41,"DE",4.39506727352775,0.13398763686701,0.588884677851516,300,163,1,0,0,2
41,"DE",4.39506727352775,0.13398763686701,0.588884677851516,300,164,0,0,0,2
41,"DE",4.39506727352775,0.13398763686701,0.588884677851516,300,165,1,0,0,2
41,"DE",4.39506727352775,0.13398763686701,0.588884677851516,300,166,1,0,0,2
41,"DE",4.39506727352775,0.13398763686701,0.588884677851516,300,167,1,0,0,2
41,"DE",4.39506727352775,0.13398763686701,0.588884677851516,300,168,1,0,0,2
41,"DE",4.39506727352775,0.13398763686701,0.588884677851516,300,169,0,0,0,2
41,"DE",4.39506727352775,0.13398763686701,0.588884677851516,300,170,0,0,0,2
41,"DE",4.39506727352775,0.13398763686701,0.588884677851516,300,171,0,0,0,2
41,"DE",4.39506727352775,0.13398763686701,0.588884677851516,300,172,1,0,0,2
41,"DE",4.39506727352775,0.13398763686701,0.588884677851516,300,173,0,0,0,2
41,"DE",4.39506727352775,0.13398763686701,0.588884677851516,300,174,1,0,0,2
41,"DE",4.39506727352775,0.13398763686701,0.588884677851516,300,175,0,0,0,2
41,"DE",4.39506727352775,0.13398763686701,0.588884677851516,300,176,0,0,0,1
41,"DE",4.39506727352775,0.13398763686701,0.588884677851516,300,177,0,0,0,1
41,"DE",4.39506727352775,0.13398763686701,0.588884677851516,300,178,0,0,0,1.52499999999998
41,"DE",4.39506727352775,0.13398763686701,0.588884677851516,300,179,0,0,0,1.52499999999998
41,"DE",4.39506727352775,0.13398763686701,0.588884677851516,300,180,1,0,0,2
41,"DE",4.39506727352775,0.13398763686701,0.588884677851516,300,181,0,0,0,1
41,"DE",4.39506727352775,0.13398763686701,0.588884677851516,300,182,0,0,0,1
41,"DE",4.39506727352775,0.13398763686701,0.588884677851516,300,183,0,0,0,1
41,"DE",4.39506727352775,0.13398763686701,0.588884677851516,300,184,0,0,0,1
41,"DE",4.39506727352775,0.13398763686701,0.588884677851516,300,185,0,0,0,1
41,"DE",4.39506727352775,0.13398763686701,0.588884677851516,300,186,0,0,0,1
41,"DE",4.39506727352775,0.13398763686701,0.588884677851516,300,187,0,0,0,1
41,"DE",4.39506727352775,0.13398763686701,0.588884677851516,300,188,0,0,0,1
41,"DE",4.39506727352775,0.13398763686701,0.588884677851516,300,189,1,0,0,1
41,"DE",4.39506727352775,0.13398763686701,0.588884677851516,300,190,0,0,0,1
41,"DE",4.39506727352775,0.13398763686701,0.588884677851516,300,191,0,0,0,1
41,"DE",4.39506727352775,0.13398763686701,0.588884677851516,300,192,0,0,0,1
41,"DE",4.39506727352775,0.13398763686701,0.588884677851516,300,193,0,0,0,1
41,"DE",4.39506727352775,0.13398763686701,0.588884677851516,300,194,0,0,0,1
41,"DE",4.39506727352775,0.13398763686701,0.588884677851516,300,195,1,0,0,1
41,"DE",4.39506727352775,0.13398763686701,0.588884677851516,300,196,0,0,0,1
41,"DE",4.39506727352775,0.13398763686701,0.588884677851516,300,197,0,0,0,1
41,"DE",4.39506727352775,0.13398763686701,0.588884677851516,300,198,0,0,0,1
41,"DE",4.39506727352775,0.13398763686701,0.588884677851516,300,199,0,0,0,1
41,"DE",4.39506727352775,0.13398763686701,0.588884677851516,300,200,0,0,0,1
41,"DE",4.39506727352775,0.13398763686701,0.588884677851516,300,201,0,0,0,1
41,"DE",4.39506727352775,0.13398763686701,0.588884677851516,300,202,0,0,0,1
41,"DE",4.39506727352775,0.13398763686701,0.588884677851516,300,203,0,0,0,1
41,"DE",4.39506727352775,0.13398763686701,0.588884677851516,300,204,0,0,0,1
41,"DE",4.39506727352775,0.13398763686701,0.588884677851516,300,205,0,0,0,1
41,"DE",4.39506727352775,0.13398763686701,0.588884677851516,300,206,0,0,0,1
41,"DE",4.39506727352775,0.13398763686701,0.588884677851516,300,207,0,0,0,1
41,"DE",4.39506727352775,0.13398763686701,0.588884677851516,300,208,0,0,0,1
41,"DE",4.39506727352775,0.13398763686701,0.588884677851516,300,209,0,0,0,1
41,"DE",4.39506727352775,0.13398763686701,0.588884677851516,300,210,0,0,0,1
41,"DE",4.39506727352775,0.13398763686701,0.588884677851516,300,211,1,0,0,1
41,"DE",4.39506727352775,0.13398763686701,0.588884677851516,300,212,0,0,0,1
41,"DE",4.39506727352775,0.13398763686701,0.588884677851516,300,213,0,0,0,1
41,"DE",4.39506727352775,0.13398763686701,0.588884677851516,300,214,0,0,0,1
41,"DE",4.39506727352775,0.13398763686701,0.588884677851516,300,215,0,0,0,1
41,"DE",4.39506727352775,0.13398763686701,0.588884677851516,300,216,0,0,0,1
41,"DE",4.39506727352775,0.13398763686701,0.588884677851516,300,217,0,0,0,0
41,"DE",4.39506727352775,0.13398763686701,0.588884677851516,300,218,0,0,0,1
41,"DE",4.39506727352775,0.13398763686701,0.588884677851516,300,219,0,0,0,1
41,"DE",4.39506727352775,0.13398763686701,0.588884677851516,300,220,0,0,0,0
41,"DE",4.39506727352775,0.13398763686701,0.588884677851516,300,221,0,0,0,1
41,"DE",4.39506727352775,0.13398763686701,0.588884677851516,300,222,0,0,0,0
41,"DE",4.39506727352775,0.13398763686701,0.588884677851516,300,223,0,0,0,0.524999999999977
41,"DE",4.39506727352775,0.13398763686701,0.588884677851516,300,224,0,0,0,1
41,"DE",4.39506727352775,0.13398763686701,0.588884677851516,300,225,0,0,0,0
41,"DE",4.39506727352775,0.13398763686701,0.588884677851516,300,226,0,0,0,0
41,"DE",4.39506727352775,0.13398763686701,0.588884677851516,300,227,0,0,0,1
41,"DE",4.39506727352775,0.13398763686701,0.588884677851516,300,228,0,0,0,0
41,"DE",4.39506727352775,0.13398763686701,0.588884677851516,300,229,0,0,0,0
41,"DE",4.39506727352775,0.13398763686701,0.588884677851516,300,230,0,0,0,0
41,"DE",4.39506727352775,0.13398763686701,0.588884677851516,300,231,0,0,0,1
41,"DE",4.39506727352775,0.13398763686701,0.588884677851516,300,232,0,0,0,0
41,"DE",4.39506727352775,0.13398763686701,0.588884677851516,300,233,0,0,0,0
41,"DE",4.39506727352775,0.13398763686701,0.588884677851516,300,234,0,0,0,0
41,"DE",4.39506727352775,0.13398763686701,0.588884677851516,300,235,0,0,0,0
41,"DE",4.39506727352775,0.13398763686701,0.588884677851516,300,236,0,0,0,0
41,"DE",4.39506727352775,0.13398763686701,0.588884677851516,300,237,0,0,0,0
41,"DE",4.39506727352775,0.13398763686701,0.588884677851516,300,238,0,0,0,0
41,"DE",4.39506727352775,0.13398763686701,0.588884677851516,300,239,0,0,0,0
41,"DE",4.39506727352775,0.13398763686701,0.588884677851516,300,240,0,0,0,0
41,"DE",4.39506727352775,0.13398763686701,0.588884677851516,300,241,0,0,0,0
41,"DE",4.39506727352775,0.13398763686701,0.588884677851516,300,242,0,0,0,0
41,"DE",4.39506727352775,0.13398763686701,0.588884677851516,300,243,0,0,0,0
41,"DE",4.39506727352775,0.13398763686701,0.588884677851516,300,244,0,0,0,0
41,"DE",4.39506727352775,0.13398763686701,0.588884677851516,300,245,0,0,0,0
41,"DE",4.39506727352775,0.13398763686701,0.588884677851516,300,246,0,0,0,0
41,"DE",4.39506727352775,0.13398763686701,0.588884677851516,300,247,0,0,0,0
41,"DE",4.39506727352775,0.13398763686701,0.588884677851516,300,248,0,0,0,0
41,"DE",4.39506727352775,0.13398763686701,0.588884677851516,300,249,0,0,0,0
41,"DE",4.39506727352775,0.13398763686701,0.588884677851516,300,250,0,0,0,0
41,"DE",4.39506727352775,0.13398763686701,0.588884677851516,300,251,0,0,0,0
41,"DE",4.39506727352775,0.13398763686701,0.588884677851516,300,252,0,0,0,0
41,"DE",4.39506727352775,0.13398763686701,0.588884677851516,300,253,0,0,0,0
41,"DE",4.39506727352775,0.13398763686701,0.588884677851516,300,254,0,0,0,0
41,"DE",4.39506727352775,0.13398763686701,0.588884677851516,300,255,0,0,0,0
41,"DE",4.39506727352775,0.13398763686701,0.588884677851516,300,256,0,0,0,0
41,"DE",4.39506727352775,0.13398763686701,0.588884677851516,300,257,0,0,0,0
41,"DE",4.39506727352775,0.13398763686701,0.588884677851516,300,258,0,0,0,0
41,"DE",4.39506727352775,0.13398763686701,0.588884677851516,300,259,0,0,0,0
41,"DE",4.39506727352775,0.13398763686701,0.588884677851516,300,260,0,0,0,0
41,"DE",4.39506727352775,0.13398763686701,0.588884677851516,300,261,0,0,0,0
41,"DE",4.39506727352775,0.13398763686701,0.588884677851516,300,262,0,0,0,0
41,"DE",4.39506727352775,0.13398763686701,0.588884677851516,300,263,0,0,0,0
41,"DE",4.39506727352775,0.13398763686701,0.588884677851516,300,264,0,0,0,0
41,"DE",4.39506727352775,0.13398763686701,0.588884677851516,300,265,0,0,0,0
41,"DE",4.39506727352775,0.13398763686701,0.588884677851516,300,266,0,0,0,0
41,"DE",4.39506727352775,0.13398763686701,0.588884677851516,300,267,0,0,0,0
41,"DE",4.39506727352775,0.13398763686701,0.588884677851516,300,268,0,0,0,0
41,"DE",4.39506727352775,0.13398763686701,0.588884677851516,300,269,0,0,0,0
41,"DE",4.39506727352775,0.13398763686701,0.588884677851516,300,270,0,0,0,0
41,"DE",4.39506727352775,0.13398763686701,0.588884677851516,300,271,0,0,0,0
41,"DE",4.39506727352775,0.13398763686701,0.588884677851516,300,272,0,0,0,0
41,"DE",4.39506727352775,0.13398763686701,0.588884677851516,300,273,0,0,0,0
41,"DE",4.39506727352775,0.13398763686701,0.588884677851516,300,274,0,0,0,0
41,"DE",4.39506727352775,0.13398763686701,0.588884677851516,300,275,0,0,0,0
41,"DE",4.39506727352775,0.13398763686701,0.588884677851516,300,276,0,0,0,0
41,"DE",4.39506727352775,0.13398763686701,0.588884677851516,300,277,0,0,0,0
41,"DE",4.39506727352775,0.13398763686701,0.588884677851516,300,278,0,0,0,0
41,"DE",4.39506727352775,0.13398763686701,0.588884677851516,300,279,0,0,0,0
41,"DE",4.39506727352775,0.13398763686701,0.588884677851516,300,280,0,0,0,0
41,"DE",4.39506727352775,0.13398763686701,0.588884677851516,300,281,0,0,0,0
41,"DE",4.39506727352775,0.13398763686701,0.588884677851516,300,282,0,0,0,0
41,"DE",4.39506727352775,0.13398763686701,0.588884677851516,300,283,0,0,0,0
41,"DE",4.39506727352775,0.13398763686701,0.588884677851516,300,284,0,0,0,0
41,"DE",4.39506727352775,0.13398763686701,0.588884677851516,300,285,0,0,0,0
41,"DE",4.39506727352775,0.13398763686701,0.588884677851516,300,286,0,0,0,0
41,"DE",4.39506727352775,0.13398763686701,0.588884677851516,300,287,0,0,0,0
41,"DE",4.39506727352775,0.13398763686701,0.588884677851516,300,288,0,0,0,0
41,"DE",4.39506727352775,0.13398763686701,0.588884677851516,300,289,0,0,0,0
41,"DE",4.39506727352775,0.13398763686701,0.588884677851516,300,290,0,0,0,0
41,"DE",4.39506727352775,0.13398763686701,0.588884677851516,300,291,0,0,0,0
41,"DE",4.39506727352775,0.13398763686701,0.588884677851516,300,292,0,0,0,0
41,"DE",4.39506727352775,0.13398763686701,0.588884677851516,300,293,0,0,0,0
41,"DE",4.39506727352775,0.13398763686701,0.588884677851516,300,294,0,0,0,0
41,"DE",4.39506727352775,0.13398763686701,0.588884677851516,300,295,0,0,0,0
41,"DE",4.39506727352775,0.13398763686701,0.588884677851516,300,296,0,0,0,0
41,"DE",4.39506727352775,0.13398763686701,0.588884677851516,300,297,0,0,0,0
41,"DE",4.39506727352775,0.13398763686701,0.588884677851516,300,298,0,0,0,0
41,"DE",4.39506727352775,0.13398763686701,0.588884677851516,300,299,0,0,0,0
41,"DE",4.39506727352775,0.13398763686701,0.588884677851516,300,300,0,0,0,0
41,"DE",4.39506727352775,0.13398763686701,0.588884677851516,300,301,0,0,0,0
41,"DE",4.39506727352775,0.13398763686701,0.588884677851516,300,302,0,0,0,0
41,"DE",4.39506727352775,0.13398763686701,0.588884677851516,300,303,0,0,0,0
41,"DE",4.39506727352775,0.13398763686701,0.588884677851516,300,304,0,0,0,0
41,"DE",4.39506727352775,0.13398763686701,0.588884677851516,300,305,0,0,0,0
41,"DE",4.39506727352775,0.13398763686701,0.588884677851516,300,306,0,0,0,0
41,"DE",4.39506727352775,0.13398763686701,0.588884677851516,300,307,0,0,0,0
41,"DE",4.39506727352775,0.13398763686701,0.588884677851516,300,308,0,0,0,0
41,"DE",4.39506727352775,0.13398763686701,0.588884677851516,300,309,0,0,0,0
41,"DE",4.39506727352775,0.13398763686701,0.588884677851516,300,310,0,0,0,0
41,"DE",4.39506727352775,0.13398763686701,0.588884677851516,300,311,0,0,0,0
41,"DE",4.39506727352775,0.13398763686701,0.588884677851516,300,312,0,0,0,0
41,"DE",4.39506727352775,0.13398763686701,0.588884677851516,300,313,0,0,0,0
41,"DE",4.39506727352775,0.13398763686701,0.588884677851516,300,314,0,0,0,0
41,"DE",4.39506727352775,0.13398763686701,0.588884677851516,300,315,0,0,0,0
41,"DE",4.39506727352775,0.13398763686701,0.588884677851516,300,316,0,0,0,0
41,"DE",4.39506727352775,0.13398763686701,0.588884677851516,300,317,0,0,0,0
41,"DE",4.39506727352775,0.13398763686701,0.588884677851516,300,318,0,0,0,0
41,"DE",4.39506727352775,0.13398763686701,0.588884677851516,300,319,0,0,0,0
41,"DE",4.39506727352775,0.13398763686701,0.588884677851516,300,320,0,0,0,0
41,"DE",4.39506727352775,0.13398763686701,0.588884677851516,300,321,0,0,0,0
41,"DE",4.39506727352775,0.13398763686701,0.588884677851516,300,322,0,0,0,0
41,"DE",4.39506727352775,0.13398763686701,0.588884677851516,300,323,0,0,0,0
41,"DE",4.39506727352775,0.13398763686701,0.588884677851516,300,324,0,0,0,0
41,"DE",4.39506727352775,0.13398763686701,0.588884677851516,300,325,0,0,0,0
41,"DE",4.39506727352775,0.13398763686701,0.588884677851516,300,326,0,0,0,0
41,"DE",4.39506727352775,0.13398763686701,0.588884677851516,300,327,0,0,0,0
41,"DE",4.39506727352775,0.13398763686701,0.588884677851516,300,328,0,0,0,0
41,"DE",4.39506727352775,0.13398763686701,0.588884677851516,300,329,0,0,0,0
41,"DE",4.39506727352775,0.13398763686701,0.588884677851516,300,330,0,0,0,0
41,"DE",4.39506727352775,0.13398763686701,0.588884677851516,300,331,0,0,0,0
41,"DE",4.39506727352775,0.13398763686701,0.588884677851516,300,332,0,0,0,0
41,"DE",4.39506727352775,0.13398763686701,0.588884677851516,300,333,0,0,0,0
41,"DE",4.39506727352775,0.13398763686701,0.588884677851516,300,334,0,0,0,0
41,"DE",4.39506727352775,0.13398763686701,0.588884677851516,300,335,0,0,0,0
41,"DE",4.39506727352775,0.13398763686701,0.588884677851516,300,336,0,0,0,0
41,"DE",4.39506727352775,0.13398763686701,0.588884677851516,300,337,0,0,0,0
41,"DE",4.39506727352775,0.13398763686701,0.588884677851516,300,338,0,0,0,0
41,"DE",4.39506727352775,0.13398763686701,0.588884677851516,300,339,0,0,0,0
41,"DE",4.39506727352775,0.13398763686701,0.588884677851516,300,340,0,0,0,0
41,"DE",4.39506727352775,0.13398763686701,0.588884677851516,300,341,0,0,0,0
41,"DE",4.39506727352775,0.13398763686701,0.588884677851516,300,342,0,0,0,0
41,"DE",4.39506727352775,0.13398763686701,0.588884677851516,300,343,0,0,0,0
41,"DE",4.39506727352775,0.13398763686701,0.588884677851516,300,344,0,0,0,0
41,"DE",4.39506727352775,0.13398763686701,0.588884677851516,300,345,0,0,0,0
41,"DE",4.39506727352775,0.13398763686701,0.588884677851516,300,346,0,0,0,0
41,"DE",4.39506727352775,0.13398763686701,0.588884677851516,300,347,0,0,0,0
41,"DE",4.39506727352775,0.13398763686701,0.588884677851516,300,348,0,0,0,0
41,"DE",4.39506727352775,0.13398763686701,0.588884677851516,300,349,0,0,0,0
41,"DE",4.39506727352775,0.13398763686701,0.588884677851516,300,350,0,0,0,0
41,"DE",4.39506727352775,0.13398763686701,0.588884677851516,300,351,0,0,0,0
41,"DE",4.39506727352775,0.13398763686701,0.588884677851516,300,352,0,0,0,0
41,"DE",4.39506727352775,0.13398763686701,0.588884677851516,300,353,0,0,0,0
41,"DE",4.39506727352775,0.13398763686701,0.588884677851516,300,354,0,0,0,0
41,"DE",4.39506727352775,0.13398763686701,0.588884677851516,300,355,0,0,0,0
41,"DE",4.39506727352775,0.13398763686701,0.588884677851516,300,356,0,0,0,0
41,"DE",4.39506727352775,0.13398763686701,0.588884677851516,300,357,0,0,0,0
41,"DE",4.39506727352775,0.13398763686701,0.588884677851516,300,358,0,0,0,0
41,"DE",4.39506727352775,0.13398763686701,0.588884677851516,300,359,0,0,0,0
41,"DE",4.39506727352775,0.13398763686701,0.588884677851516,300,360,0,0,0,0
41,"DE",4.39506727352775,0.13398763686701,0.588884677851516,300,361,0,0,0,0
41,"DE",4.39506727352775,0.13398763686701,0.588884677851516,300,362,0,0,0,0
41,"DE",4.39506727352775,0.13398763686701,0.588884677851516,300,363,0,0,0,0
41,"DE",4.39506727352775,0.13398763686701,0.588884677851516,300,364,0,0,0,0
41,"DE",4.39506727352775,0.13398763686701,0.588884677851516,300,365,0,0,0,0
41,"BiLSTM",9.87201980431564,0.0590858957951792,0.58329713344574,300,1,82,72,89,109.525
41,"BiLSTM",9.87201980431564,0.0590858957951792,0.58329713344574,300,2,91,66.475,83,103
41,"BiLSTM",9.87201980431564,0.0590858957951792,0.58329713344574,300,3,81,64,81,99
41,"BiLSTM",9.87201980431564,0.0590858957951792,0.58329713344574,300,4,86,64.475,81,99
41,"BiLSTM",9.87201980431564,0.0590858957951792,0.58329713344574,300,5,88,65,82,96.525
41,"BiLSTM",9.87201980431564,0.0590858957951792,0.58329713344574,300,6,78,65,83,98
41,"BiLSTM",9.87201980431564,0.0590858957951792,0.58329713344574,300,7,101,69.475,86,105
41,"BiLSTM",9.87201980431564,0.0590858957951792,0.58329713344574,300,8,93,72,89,106.525
41,"BiLSTM",9.87201980431564,0.0590858957951792,0.58329713344574,300,9,86,74,91,108.525
41,"BiLSTM",9.87201980431564,0.0590858957951792,0.58329713344574,300,10,113,75,94,114.05
41,"BiLSTM",9.87201980431564,0.0590858957951792,0.58329713344574,300,11,103,78,98,118.05
41,"BiLSTM",9.87201980431564,0.0590858957951792,0.58329713344574,300,12,104,85,102,124
41,"BiLSTM",9.87201980431564,0.0590858957951792,0.58329713344574,300,13,104,86.475,106,127.525
41,"BiLSTM",9.87201980431564,0.0590858957951792,0.58329713344574,300,14,103,90.475,110,131.05
41,"BiLSTM",9.87201980431564,0.0590858957951792,0.58329713344574,300,15,117,93.95,115,134.525
41,"BiLSTM",9.87201980431564,0.0590858957951792,0.58329713344574,300,16,117,95.475,117,136
41,"BiLSTM",9.87201980431564,0.0590858957951792,0.58329713344574,300,17,127,100.475,121,141.525
41,"BiLSTM",9.87201980431564,0.0590858957951792,0.58329713344574,300,18,115,102,124,142
41,"BiLSTM",9.87201980431564,0.0590858957951792,0.58329713344574,300,19,121,106,125,149
41,"BiLSTM",9.87201980431564,0.0590858957951792,0.58329713344574,300,20,117,108.475,129,155.1
41,"BiLSTM",9.87201980431564,0.0590858957951792,0.58329713344574,300,21,135,109.475,131,153.525
41,"BiLSTM",9.87201980431564,0.0590858957951792,0.58329713344574,300,22,152,111,133,158
41,"BiLSTM",9.87201980431564,0.0590858957951792,0.58329713344574,300,23,135,113,136,163.05
41,"BiLSTM",9.87201980431564,0.0590858957951792,0.58329713344574,300,24,134,114.475,136,158
41,"BiLSTM",9.87201980431564,0.0590858957951792,0.58329713344574,300,25,156,114.475,137,160
41,"BiLSTM",9.87201980431564,0.0590858957951792,0.58329713344574,300,26,130,115.475,137,159
41,"BiLSTM",9.87201980431564,0.0590858957951792,0.58329713344574,300,27,150,118,138,161.525
41,"BiLSTM",9.87201980431564,0.0590858957951792,0.58329713344574,300,28,139,118,139,162
41,"BiLSTM",9.87201980431564,0.0590858957951792,0.58329713344574,300,29,143,115.475,137,159.525
41,"BiLSTM",9.87201980431564,0.0590858957951792,0.58329713344574,300,30,133,115,137,163.525
41,"BiLSTM",9.87201980431564,0.0590858957951792,0.58329713344574,300,31,139,112.95,135,158
41,"BiLSTM",9.87201980431564,0.0590858957951792,0.58329713344574,300,32,146,113,134,154
41,"BiLSTM",9.87201980431564,0.0590858957951792,0.58329713344574,300,33,130,110.95,132,157
41,"BiLSTM",9.87201980431564,0.0590858957951792,0.58329713344574,300,34,125,112,132,151.525
41,"BiLSTM",9.87201980431564,0.0590858957951792,0.58329713344574,300,35,117,108.95,129,148.525
41,"BiLSTM",9.87201980431564,0.0590858957951792,0.58329713344574,300,36,129,104,126,145
41,"BiLSTM",9.87201980431564,0.0590858957951792,0.58329713344574,300,37,117,101.475,122,147.525
41,"BiLSTM",9.87201980431564,0.0590858957951792,0.58329713344574,300,38,121,101,122,143
41,"BiLSTM",9.87201980431564,0.0590858957951792,0.58329713344574,300,39,134,97.475,119,141
41,"BiLSTM",9.87201980431564,0.0590858957951792,0.58329713344574,300,40,112,93.475,116,138
41,"BiLSTM",9.87201980431564,0.0590858957951792,0.58329713344574,300,41,97,93.95,114,132
41,"BiLSTM",9.87201980431564,0.0590858957951792,0.58329713344574,300,42,103,90,110,131.05
41,"BiLSTM",9.87201980431564,0.0590858957951792,0.58329713344574,300,43,105,90,106,127.525
41,"BiLSTM",9.87201980431564,0.0590858957951792,0.58329713344574,300,44,102,83,103,123
41,"BiLSTM",9.87201980431564,0.0590858957951792,0.58329713344574,300,45,106,80,100,123
41,"BiLSTM",9.87201980431564,0.0590858957951792,0.58329713344574,300,46,95,79,98,119
41,"BiLSTM",9.87201980431564,0.0590858957951792,0.58329713344574,300,47,112,77,94,112.525
41,"BiLSTM",9.87201980431564,0.0590858957951792,0.58329713344574,300,48,93,71.475,91,109
41,"BiLSTM",9.87201980431564,0.0590858957951792,0.58329713344574,300,49,102,72.475,89,108
41,"BiLSTM",9.87201980431564,0.0590858957951792,0.58329713344574,300,50,83,69,86,103
41,"BiLSTM",9.87201980431564,0.0590858957951792,0.58329713344574,300,51,62,66.475,83,99
41,"BiLSTM",9.87201980431564,0.0590858957951792,0.58329713344574,300,52,78,62,78,95.525
41,"BiLSTM",9.87201980431564,0.0590858957951792,0.58329713344574,300,53,86,59.475,75,92.525
41,"BiLSTM",9.87201980431564,0.0590858957951792,0.58329713344574,300,54,58,58,74,90
41,"BiLSTM",9.87201980431564,0.0590858957951792,0.58329713344574,300,55,69,57,70,88
41,"BiLSTM",9.87201980431564,0.0590858957951792,0.58329713344574,300,56,72,52.475,68,82
41,"BiLSTM",9.87201980431564,0.0590858957951792,0.58329713344574,300,57,63,51.95,66,81
41,"BiLSTM",9.87201980431564,0.0590858957951792,0.58329713344574,300,58,60,48,63,79.525
41,"BiLSTM",9.87201980431564,0.0590858957951792,0.58329713344574,300,59,56,46,60,73.525
41,"BiLSTM",9.87201980431564,0.0590858957951792,0.58329713344574,300,60,63,45.475,58,74.525
41,"BiLSTM",9.87201980431564,0.0590858957951792,0.58329713344574,300,61,63,40.475,55,72.525
41,"BiLSTM",9.87201980431564,0.0590858957951792,0.58329713344574,300,62,54,38.475,54,69
41,"BiLSTM",9.87201980431564,0.0590858957951792,0.58329713344574,300,63,48,37.475,51,66
41,"BiLSTM",9.87201980431564,0.0590858957951792,0.58329713344574,300,64,62,36.475,49,63.525
41,"BiLSTM",9.87201980431564,0.0590858957951792,0.58329713344574,300,65,42,34,48,62.525
41,"BiLSTM",9.87201980431564,0.0590858957951792,0.58329713344574,300,66,52,33,45,59
41,"BiLSTM",9.87201980431564,0.0590858957951792,0.58329713344574,300,67,38,30,42,55.525
41,"BiLSTM",9.87201980431564,0.0590858957951792,0.58329713344574,300,68,42,30,42,54.525
41,"BiLSTM",9.87201980431564,0.0590858957951792,0.58329713344574,300,69,39,27,40,53.525
41,"BiLSTM",9.87201980431564,0.0590858957951792,0.58329713344574,300,70,35,26,38,51
41,"BiLSTM",9.87201980431564,0.0590858957951792,0.58329713344574,300,71,40,25,35,48
41,"BiLSTM",9.87201980431564,0.0590858957951792,0.58329713344574,300,72,37,24,36,47
41,"BiLSTM",9.87201980431564,0.0590858957951792,0.58329713344574,300,73,39,22.475,34,46.0999999999999
41,"BiLSTM",9.87201980431564,0.0590858957951792,0.58329713344574,300,74,34,21.475,31,44
41,"BiLSTM",9.87201980431564,0.0590858957951792,0.58329713344574,300,75,34,22,30,43
41,"BiLSTM",9.87201980431564,0.0590858957951792,0.58329713344574,300,76,35,19,29.5,40.525
41,"BiLSTM",9.87201980431564,0.0590858957951792,0.58329713344574,300,77,29,17.475,28,39
41,"BiLSTM",9.87201980431564,0.0590858957951792,0.58329713344574,300,78,30,18,27,38.525
41,"BiLSTM",9.87201980431564,0.0590858957951792,0.58329713344574,300,79,22,15,25,37
41,"BiLSTM",9.87201980431564,0.0590858957951792,0.58329713344574,300,80,25,16,25,33.525
41,"BiLSTM",9.87201980431564,0.0590858957951792,0.58329713344574,300,81,25,14,24,34
41,"BiLSTM",9.87201980431564,0.0590858957951792,0.58329713344574,300,82,28,13,22,31
41,"BiLSTM",9.87201980431564,0.0590858957951792,0.58329713344574,300,83,21,13,21,30.525
41,"BiLSTM",9.87201980431564,0.0590858957951792,0.58329713344574,300,84,18,12,21,29
41,"BiLSTM",9.87201980431564,0.0590858957951792,0.58329713344574,300,85,26,11.475,20,29
41,"BiLSTM",9.87201980431564,0.0590858957951792,0.58329713344574,300,86,15,10.475,19,27
41,"BiLSTM",9.87201980431564,0.0590858957951792,0.58329713344574,300,87,14,10,18,27
41,"BiLSTM",9.87201980431564,0.0590858957951792,0.58329713344574,300,88,13,10,17,25
41,"BiLSTM",9.87201980431564,0.0590858957951792,0.58329713344574,300,89,14,9,16,25
41,"BiLSTM",9.87201980431564,0.0590858957951792,0.58329713344574,300,90,18,9,15,23
41,"BiLSTM",9.87201980431564,0.0590858957951792,0.58329713344574,300,91,7,8,14,23
41,"BiLSTM",9.87201980431564,0.0590858957951792,0.58329713344574,300,92,10,8,14,21.525
41,"BiLSTM",9.87201980431564,0.0590858957951792,0.58329713344574,300,93,16,7,13,21
41,"BiLSTM",9.87201980431564,0.0590858957951792,0.58329713344574,300,94,12,6,13,20
41,"BiLSTM",9.87201980431564,0.0590858957951792,0.58329713344574,300,95,14,6,12,20
41,"BiLSTM",9.87201980431564,0.0590858957951792,0.58329713344574,300,96,17,6.475,12,19
41,"BiLSTM",9.87201980431564,0.0590858957951792,0.58329713344574,300,97,8,5.475,11,19
41,"BiLSTM",9.87201980431564,0.0590858957951792,0.58329713344574,300,98,14,5,11,17
41,"BiLSTM",9.87201980431564,0.0590858957951792,0.58329713344574,300,99,10,4.475,10,16
41,"BiLSTM",9.87201980431564,0.0590858957951792,0.58329713344574,300,100,9,4,10,17
41,"BiLSTM",9.87201980431564,0.0590858957951792,0.58329713344574,300,101,9,4,9,15
41,"BiLSTM",9.87201980431564,0.0590858957951792,0.58329713344574,300,102,7,4,9,15.525
41,"BiLSTM",9.87201980431564,0.0590858957951792,0.58329713344574,300,103,11,3,8,15
41,"BiLSTM",9.87201980431564,0.0590858957951792,0.58329713344574,300,104,10,3,8,14
41,"BiLSTM",9.87201980431564,0.0590858957951792,0.58329713344574,300,105,9,3,8,13.525
41,"BiLSTM",9.87201980431564,0.0590858957951792,0.58329713344574,300,106,6,3,7,13.525
41,"BiLSTM",9.87201980431564,0.0590858957951792,0.58329713344574,300,107,7,3,7,13
41,"BiLSTM",9.87201980431564,0.0590858957951792,0.58329713344574,300,108,6,2,7,13.525
41,"BiLSTM",9.87201980431564,0.0590858957951792,0.58329713344574,300,109,6,2,6,12
41,"BiLSTM",9.87201980431564,0.0590858957951792,0.58329713344574,300,110,5,2,6,11.525
41,"BiLSTM",9.87201980431564,0.0590858957951792,0.58329713344574,300,111,9,2,6,11
41,"BiLSTM",9.87201980431564,0.0590858957951792,0.58329713344574,300,112,7,2,6,10
41,"BiLSTM",9.87201980431564,0.0590858957951792,0.58329713344574,300,113,5,1.475,5,11
41,"BiLSTM",9.87201980431564,0.0590858957951792,0.58329713344574,300,114,8,1,5,9
41,"BiLSTM",9.87201980431564,0.0590858957951792,0.58329713344574,300,115,0,1,4,9.52499999999998
41,"BiLSTM",9.87201980431564,0.0590858957951792,0.58329713344574,300,116,6,1,5,8
41,"BiLSTM",9.87201980431564,0.0590858957951792,0.58329713344574,300,117,5,1,4,10
41,"BiLSTM",9.87201980431564,0.0590858957951792,0.58329713344574,300,118,4,1,4,9.52499999999998
41,"BiLSTM",9.87201980431564,0.0590858957951792,0.58329713344574,300,119,1,1,4,8
41,"BiLSTM",9.87201980431564,0.0590858957951792,0.58329713344574,300,120,3,1,4,8
41,"BiLSTM",9.87201980431564,0.0590858957951792,0.58329713344574,300,121,1,1,4,8.52499999999998
41,"BiLSTM",9.87201980431564,0.0590858957951792,0.58329713344574,300,122,2,0,4,8
41,"BiLSTM",9.87201980431564,0.0590858957951792,0.58329713344574,300,123,1,0,3,7
41,"BiLSTM",9.87201980431564,0.0590858957951792,0.58329713344574,300,124,1,0,3,7
41,"BiLSTM",9.87201980431564,0.0590858957951792,0.58329713344574,300,125,1,0,3,7
41,"BiLSTM",9.87201980431564,0.0590858957951792,0.58329713344574,300,126,3,0,3,6
41,"BiLSTM",9.87201980431564,0.0590858957951792,0.58329713344574,300,127,4,0,3,7
41,"BiLSTM",9.87201980431564,0.0590858957951792,0.58329713344574,300,128,1,0,3,6
41,"BiLSTM",9.87201980431564,0.0590858957951792,0.58329713344574,300,129,1,0,2,6
41,"BiLSTM",9.87201980431564,0.0590858957951792,0.58329713344574,300,130,5,0,2,6
41,"BiLSTM",9.87201980431564,0.0590858957951792,0.58329713344574,300,131,3,0,2,6
41,"BiLSTM",9.87201980431564,0.0590858957951792,0.58329713344574,300,132,1,0,2,6
41,"BiLSTM",9.87201980431564,0.0590858957951792,0.58329713344574,300,133,1,0,2,5
41,"BiLSTM",9.87201980431564,0.0590858957951792,0.58329713344574,300,134,3,0,2,5
41,"BiLSTM",9.87201980431564,0.0590858957951792,0.58329713344574,300,135,2,0,2,5
41,"BiLSTM",9.87201980431564,0.0590858957951792,0.58329713344574,300,136,0,0,2,5
41,"BiLSTM",9.87201980431564,0.0590858957951792,0.58329713344574,300,137,0,0,2,5
41,"BiLSTM",9.87201980431564,0.0590858957951792,0.58329713344574,300,138,3,0,2,5
41,"BiLSTM",9.87201980431564,0.0590858957951792,0.58329713344574,300,139,0,0,1,5
41,"BiLSTM",9.87201980431564,0.0590858957951792,0.58329713344574,300,140,1,0,1,4
41,"BiLSTM",9.87201980431564,0.0590858957951792,0.58329713344574,300,141,1,0,1,4
41,"BiLSTM",9.87201980431564,0.0590858957951792,0.58329713344574,300,142,1,0,1,4
41,"BiLSTM",9.87201980431564,0.0590858957951792,0.58329713344574,300,143,0,0,1,4
41,"BiLSTM",9.87201980431564,0.0590858957951792,0.58329713344574,300,144,2,0,1,3
41,"BiLSTM",9.87201980431564,0.0590858957951792,0.58329713344574,300,145,1,0,1,3
41,"BiLSTM",9.87201980431564,0.0590858957951792,0.58329713344574,300,146,1,0,1,3
41,"BiLSTM",9.87201980431564,0.0590858957951792,0.58329713344574,300,147,1,0,1,3
41,"BiLSTM",9.87201980431564,0.0590858957951792,0.58329713344574,300,148,1,0,1,3
41,"BiLSTM",9.87201980431564,0.0590858957951792,0.58329713344574,300,149,2,0,1,3.52499999999998
41,"BiLSTM",9.87201980431564,0.0590858957951792,0.58329713344574,300,150,2,0,1,3.52499999999998
41,"BiLSTM",9.87201980431564,0.0590858957951792,0.58329713344574,300,151,0,0,1,3
41,"BiLSTM",9.87201980431564,0.0590858957951792,0.58329713344574,300,152,0,0,1,3
41,"BiLSTM",9.87201980431564,0.0590858957951792,0.58329713344574,300,153,0,0,1,3
41,"BiLSTM",9.87201980431564,0.0590858957951792,0.58329713344574,300,154,1,0,1,3
41,"BiLSTM",9.87201980431564,0.0590858957951792,0.58329713344574,300,155,0,0,1,3
41,"BiLSTM",9.87201980431564,0.0590858957951792,0.58329713344574,300,156,0,0,0,3
41,"BiLSTM",9.87201980431564,0.0590858957951792,0.58329713344574,300,157,0,0,0,2
41,"BiLSTM",9.87201980431564,0.0590858957951792,0.58329713344574,300,158,0,0,1,3
41,"BiLSTM",9.87201980431564,0.0590858957951792,0.58329713344574,300,159,0,0,0,2.52499999999998
41,"BiLSTM",9.87201980431564,0.0590858957951792,0.58329713344574,300,160,0,0,0,2
41,"BiLSTM",9.87201980431564,0.0590858957951792,0.58329713344574,300,161,1,0,0,2
41,"BiLSTM",9.87201980431564,0.0590858957951792,0.58329713344574,300,162,2,0,0,3
41,"BiLSTM",9.87201980431564,0.0590858957951792,0.58329713344574,300,163,1,0,0,2.52499999999998
41,"BiLSTM",9.87201980431564,0.0590858957951792,0.58329713344574,300,164,0,0,0,2
41,"BiLSTM",9.87201980431564,0.0590858957951792,0.58329713344574,300,165,1,0,0,2
41,"BiLSTM",9.87201980431564,0.0590858957951792,0.58329713344574,300,166,1,0,0,2
41,"BiLSTM",9.87201980431564,0.0590858957951792,0.58329713344574,300,167,1,0,0,2
41,"BiLSTM",9.87201980431564,0.0590858957951792,0.58329713344574,300,168,1,0,0,2
41,"BiLSTM",9.87201980431564,0.0590858957951792,0.58329713344574,300,169,0,0,0,2
41,"BiLSTM",9.87201980431564,0.0590858957951792,0.58329713344574,300,170,0,0,0,2
41,"BiLSTM",9.87201980431564,0.0590858957951792,0.58329713344574,300,171,0,0,0,2
41,"BiLSTM",9.87201980431564,0.0590858957951792,0.58329713344574,300,172,1,0,0,2
41,"BiLSTM",9.87201980431564,0.0590858957951792,0.58329713344574,300,173,0,0,0,2
41,"BiLSTM",9.87201980431564,0.0590858957951792,0.58329713344574,300,174,1,0,0,1
41,"BiLSTM",9.87201980431564,0.0590858957951792,0.58329713344574,300,175,0,0,0,2
41,"BiLSTM",9.87201980431564,0.0590858957951792,0.58329713344574,300,176,0,0,0,2
41,"BiLSTM",9.87201980431564,0.0590858957951792,0.58329713344574,300,177,0,0,0,1
41,"BiLSTM",9.87201980431564,0.0590858957951792,0.58329713344574,300,178,0,0,0,1.52499999999998
41,"BiLSTM",9.87201980431564,0.0590858957951792,0.58329713344574,300,179,0,0,0,1.52499999999998
41,"BiLSTM",9.87201980431564,0.0590858957951792,0.58329713344574,300,180,1,0,0,1
41,"BiLSTM",9.87201980431564,0.0590858957951792,0.58329713344574,300,181,0,0,0,1.52499999999998
41,"BiLSTM",9.87201980431564,0.0590858957951792,0.58329713344574,300,182,0,0,0,1.52499999999998
41,"BiLSTM",9.87201980431564,0.0590858957951792,0.58329713344574,300,183,0,0,0,1
41,"BiLSTM",9.87201980431564,0.0590858957951792,0.58329713344574,300,184,0,0,0,1
41,"BiLSTM",9.87201980431564,0.0590858957951792,0.58329713344574,300,185,0,0,0,1
41,"BiLSTM",9.87201980431564,0.0590858957951792,0.58329713344574,300,186,0,0,0,1
41,"BiLSTM",9.87201980431564,0.0590858957951792,0.58329713344574,300,187,0,0,0,1
41,"BiLSTM",9.87201980431564,0.0590858957951792,0.58329713344574,300,188,0,0,0,1.52499999999998
41,"BiLSTM",9.87201980431564,0.0590858957951792,0.58329713344574,300,189,1,0,0,1
41,"BiLSTM",9.87201980431564,0.0590858957951792,0.58329713344574,300,190,0,0,0,1
41,"BiLSTM",9.87201980431564,0.0590858957951792,0.58329713344574,300,191,0,0,0,1
41,"BiLSTM",9.87201980431564,0.0590858957951792,0.58329713344574,300,192,0,0,0,1
41,"BiLSTM",9.87201980431564,0.0590858957951792,0.58329713344574,300,193,0,0,0,1
41,"BiLSTM",9.87201980431564,0.0590858957951792,0.58329713344574,300,194,0,0,0,1
41,"BiLSTM",9.87201980431564,0.0590858957951792,0.58329713344574,300,195,1,0,0,1
41,"BiLSTM",9.87201980431564,0.0590858957951792,0.58329713344574,300,196,0,0,0,1
41,"BiLSTM",9.87201980431564,0.0590858957951792,0.58329713344574,300,197,0,0,0,1
41,"BiLSTM",9.87201980431564,0.0590858957951792,0.58329713344574,300,198,0,0,0,1
41,"BiLSTM",9.87201980431564,0.0590858957951792,0.58329713344574,300,199,0,0,0,1
41,"BiLSTM",9.87201980431564,0.0590858957951792,0.58329713344574,300,200,0,0,0,1
41,"BiLSTM",9.87201980431564,0.0590858957951792,0.58329713344574,300,201,0,0,0,1
41,"BiLSTM",9.87201980431564,0.0590858957951792,0.58329713344574,300,202,0,0,0,1
41,"BiLSTM",9.87201980431564,0.0590858957951792,0.58329713344574,300,203,0,0,0,1
41,"BiLSTM",9.87201980431564,0.0590858957951792,0.58329713344574,300,204,0,0,0,1
41,"BiLSTM",9.87201980431564,0.0590858957951792,0.58329713344574,300,205,0,0,0,1
41,"BiLSTM",9.87201980431564,0.0590858957951792,0.58329713344574,300,206,0,0,0,1
41,"BiLSTM",9.87201980431564,0.0590858957951792,0.58329713344574,300,207,0,0,0,1
41,"BiLSTM",9.87201980431564,0.0590858957951792,0.58329713344574,300,208,0,0,0,1
41,"BiLSTM",9.87201980431564,0.0590858957951792,0.58329713344574,300,209,0,0,0,1
41,"BiLSTM",9.87201980431564,0.0590858957951792,0.58329713344574,300,210,0,0,0,1
41,"BiLSTM",9.87201980431564,0.0590858957951792,0.58329713344574,300,211,1,0,0,1
41,"BiLSTM",9.87201980431564,0.0590858957951792,0.58329713344574,300,212,0,0,0,1
41,"BiLSTM",9.87201980431564,0.0590858957951792,0.58329713344574,300,213,0,0,0,1
41,"BiLSTM",9.87201980431564,0.0590858957951792,0.58329713344574,300,214,0,0,0,1
41,"BiLSTM",9.87201980431564,0.0590858957951792,0.58329713344574,300,215,0,0,0,1
41,"BiLSTM",9.87201980431564,0.0590858957951792,0.58329713344574,300,216,0,0,0,1
41,"BiLSTM",9.87201980431564,0.0590858957951792,0.58329713344574,300,217,0,0,0,1
41,"BiLSTM",9.87201980431564,0.0590858957951792,0.58329713344574,300,218,0,0,0,1
41,"BiLSTM",9.87201980431564,0.0590858957951792,0.58329713344574,300,219,0,0,0,1
41,"BiLSTM",9.87201980431564,0.0590858957951792,0.58329713344574,300,220,0,0,0,1
41,"BiLSTM",9.87201980431564,0.0590858957951792,0.58329713344574,300,221,0,0,0,1
41,"BiLSTM",9.87201980431564,0.0590858957951792,0.58329713344574,300,222,0,0,0,1
41,"BiLSTM",9.87201980431564,0.0590858957951792,0.58329713344574,300,223,0,0,0,1
41,"BiLSTM",9.87201980431564,0.0590858957951792,0.58329713344574,300,224,0,0,0,0.524999999999977
41,"BiLSTM",9.87201980431564,0.0590858957951792,0.58329713344574,300,225,0,0,0,1
41,"BiLSTM",9.87201980431564,0.0590858957951792,0.58329713344574,300,226,0,0,0,1
41,"BiLSTM",9.87201980431564,0.0590858957951792,0.58329713344574,300,227,0,0,0,0
41,"BiLSTM",9.87201980431564,0.0590858957951792,0.58329713344574,300,228,0,0,0,1
41,"BiLSTM",9.87201980431564,0.0590858957951792,0.58329713344574,300,229,0,0,0,0
41,"BiLSTM",9.87201980431564,0.0590858957951792,0.58329713344574,300,230,0,0,0,0
41,"BiLSTM",9.87201980431564,0.0590858957951792,0.58329713344574,300,231,0,0,0,0
41,"BiLSTM",9.87201980431564,0.0590858957951792,0.58329713344574,300,232,0,0,0,0
41,"BiLSTM",9.87201980431564,0.0590858957951792,0.58329713344574,300,233,0,0,0,0
41,"BiLSTM",9.87201980431564,0.0590858957951792,0.58329713344574,300,234,0,0,0,0
41,"BiLSTM",9.87201980431564,0.0590858957951792,0.58329713344574,300,235,0,0,0,0
41,"BiLSTM",9.87201980431564,0.0590858957951792,0.58329713344574,300,236,0,0,0,0
41,"BiLSTM",9.87201980431564,0.0590858957951792,0.58329713344574,300,237,0,0,0,0
41,"BiLSTM",9.87201980431564,0.0590858957951792,0.58329713344574,300,238,0,0,0,0
41,"BiLSTM",9.87201980431564,0.0590858957951792,0.58329713344574,300,239,0,0,0,0
41,"BiLSTM",9.87201980431564,0.0590858957951792,0.58329713344574,300,240,0,0,0,0
41,"BiLSTM",9.87201980431564,0.0590858957951792,0.58329713344574,300,241,0,0,0,0
41,"BiLSTM",9.87201980431564,0.0590858957951792,0.58329713344574,300,242,0,0,0,0
41,"BiLSTM",9.87201980431564,0.0590858957951792,0.58329713344574,300,243,0,0,0,0
41,"BiLSTM",9.87201980431564,0.0590858957951792,0.58329713344574,300,244,0,0,0,0
41,"BiLSTM",9.87201980431564,0.0590858957951792,0.58329713344574,300,245,0,0,0,0
41,"BiLSTM",9.87201980431564,0.0590858957951792,0.58329713344574,300,246,0,0,0,0
41,"BiLSTM",9.87201980431564,0.0590858957951792,0.58329713344574,300,247,0,0,0,0
41,"BiLSTM",9.87201980431564,0.0590858957951792,0.58329713344574,300,248,0,0,0,0
41,"BiLSTM",9.87201980431564,0.0590858957951792,0.58329713344574,300,249,0,0,0,0
41,"BiLSTM",9.87201980431564,0.0590858957951792,0.58329713344574,300,250,0,0,0,0
41,"BiLSTM",9.87201980431564,0.0590858957951792,0.58329713344574,300,251,0,0,0,0
41,"BiLSTM",9.87201980431564,0.0590858957951792,0.58329713344574,300,252,0,0,0,0
41,"BiLSTM",9.87201980431564,0.0590858957951792,0.58329713344574,300,253,0,0,0,0
41,"BiLSTM",9.87201980431564,0.0590858957951792,0.58329713344574,300,254,0,0,0,0
41,"BiLSTM",9.87201980431564,0.0590858957951792,0.58329713344574,300,255,0,0,0,0
41,"BiLSTM",9.87201980431564,0.0590858957951792,0.58329713344574,300,256,0,0,0,0
41,"BiLSTM",9.87201980431564,0.0590858957951792,0.58329713344574,300,257,0,0,0,0
41,"BiLSTM",9.87201980431564,0.0590858957951792,0.58329713344574,300,258,0,0,0,0
41,"BiLSTM",9.87201980431564,0.0590858957951792,0.58329713344574,300,259,0,0,0,0
41,"BiLSTM",9.87201980431564,0.0590858957951792,0.58329713344574,300,260,0,0,0,0
41,"BiLSTM",9.87201980431564,0.0590858957951792,0.58329713344574,300,261,0,0,0,0
41,"BiLSTM",9.87201980431564,0.0590858957951792,0.58329713344574,300,262,0,0,0,0
41,"BiLSTM",9.87201980431564,0.0590858957951792,0.58329713344574,300,263,0,0,0,0
41,"BiLSTM",9.87201980431564,0.0590858957951792,0.58329713344574,300,264,0,0,0,0
41,"BiLSTM",9.87201980431564,0.0590858957951792,0.58329713344574,300,265,0,0,0,0
41,"BiLSTM",9.87201980431564,0.0590858957951792,0.58329713344574,300,266,0,0,0,0
41,"BiLSTM",9.87201980431564,0.0590858957951792,0.58329713344574,300,267,0,0,0,0
41,"BiLSTM",9.87201980431564,0.0590858957951792,0.58329713344574,300,268,0,0,0,0
41,"BiLSTM",9.87201980431564,0.0590858957951792,0.58329713344574,300,269,0,0,0,0
41,"BiLSTM",9.87201980431564,0.0590858957951792,0.58329713344574,300,270,0,0,0,0
41,"BiLSTM",9.87201980431564,0.0590858957951792,0.58329713344574,300,271,0,0,0,0
41,"BiLSTM",9.87201980431564,0.0590858957951792,0.58329713344574,300,272,0,0,0,0
41,"BiLSTM",9.87201980431564,0.0590858957951792,0.58329713344574,300,273,0,0,0,0
41,"BiLSTM",9.87201980431564,0.0590858957951792,0.58329713344574,300,274,0,0,0,0
41,"BiLSTM",9.87201980431564,0.0590858957951792,0.58329713344574,300,275,0,0,0,0
41,"BiLSTM",9.87201980431564,0.0590858957951792,0.58329713344574,300,276,0,0,0,0
41,"BiLSTM",9.87201980431564,0.0590858957951792,0.58329713344574,300,277,0,0,0,0
41,"BiLSTM",9.87201980431564,0.0590858957951792,0.58329713344574,300,278,0,0,0,0
41,"BiLSTM",9.87201980431564,0.0590858957951792,0.58329713344574,300,279,0,0,0,0
41,"BiLSTM",9.87201980431564,0.0590858957951792,0.58329713344574,300,280,0,0,0,0
41,"BiLSTM",9.87201980431564,0.0590858957951792,0.58329713344574,300,281,0,0,0,0
41,"BiLSTM",9.87201980431564,0.0590858957951792,0.58329713344574,300,282,0,0,0,0
41,"BiLSTM",9.87201980431564,0.0590858957951792,0.58329713344574,300,283,0,0,0,0
41,"BiLSTM",9.87201980431564,0.0590858957951792,0.58329713344574,300,284,0,0,0,0
41,"BiLSTM",9.87201980431564,0.0590858957951792,0.58329713344574,300,285,0,0,0,0
41,"BiLSTM",9.87201980431564,0.0590858957951792,0.58329713344574,300,286,0,0,0,0
41,"BiLSTM",9.87201980431564,0.0590858957951792,0.58329713344574,300,287,0,0,0,0
41,"BiLSTM",9.87201980431564,0.0590858957951792,0.58329713344574,300,288,0,0,0,0
41,"BiLSTM",9.87201980431564,0.0590858957951792,0.58329713344574,300,289,0,0,0,0
41,"BiLSTM",9.87201980431564,0.0590858957951792,0.58329713344574,300,290,0,0,0,0
41,"BiLSTM",9.87201980431564,0.0590858957951792,0.58329713344574,300,291,0,0,0,0
41,"BiLSTM",9.87201980431564,0.0590858957951792,0.58329713344574,300,292,0,0,0,0
41,"BiLSTM",9.87201980431564,0.0590858957951792,0.58329713344574,300,293,0,0,0,0
41,"BiLSTM",9.87201980431564,0.0590858957951792,0.58329713344574,300,294,0,0,0,0
41,"BiLSTM",9.87201980431564,0.0590858957951792,0.58329713344574,300,295,0,0,0,0
41,"BiLSTM",9.87201980431564,0.0590858957951792,0.58329713344574,300,296,0,0,0,0
41,"BiLSTM",9.87201980431564,0.0590858957951792,0.58329713344574,300,297,0,0,0,0
41,"BiLSTM",9.87201980431564,0.0590858957951792,0.58329713344574,300,298,0,0,0,0
41,"BiLSTM",9.87201980431564,0.0590858957951792,0.58329713344574,300,299,0,0,0,0
41,"BiLSTM",9.87201980431564,0.0590858957951792,0.58329713344574,300,300,0,0,0,0
41,"BiLSTM",9.87201980431564,0.0590858957951792,0.58329713344574,300,301,0,0,0,0
41,"BiLSTM",9.87201980431564,0.0590858957951792,0.58329713344574,300,302,0,0,0,0
41,"BiLSTM",9.87201980431564,0.0590858957951792,0.58329713344574,300,303,0,0,0,0
41,"BiLSTM",9.87201980431564,0.0590858957951792,0.58329713344574,300,304,0,0,0,0
41,"BiLSTM",9.87201980431564,0.0590858957951792,0.58329713344574,300,305,0,0,0,0
41,"BiLSTM",9.87201980431564,0.0590858957951792,0.58329713344574,300,306,0,0,0,0
41,"BiLSTM",9.87201980431564,0.0590858957951792,0.58329713344574,300,307,0,0,0,0
41,"BiLSTM",9.87201980431564,0.0590858957951792,0.58329713344574,300,308,0,0,0,0
41,"BiLSTM",9.87201980431564,0.0590858957951792,0.58329713344574,300,309,0,0,0,0
41,"BiLSTM",9.87201980431564,0.0590858957951792,0.58329713344574,300,310,0,0,0,0
41,"BiLSTM",9.87201980431564,0.0590858957951792,0.58329713344574,300,311,0,0,0,0
41,"BiLSTM",9.87201980431564,0.0590858957951792,0.58329713344574,300,312,0,0,0,0
41,"BiLSTM",9.87201980431564,0.0590858957951792,0.58329713344574,300,313,0,0,0,0
41,"BiLSTM",9.87201980431564,0.0590858957951792,0.58329713344574,300,314,0,0,0,0
41,"BiLSTM",9.87201980431564,0.0590858957951792,0.58329713344574,300,315,0,0,0,0
41,"BiLSTM",9.87201980431564,0.0590858957951792,0.58329713344574,300,316,0,0,0,0
41,"BiLSTM",9.87201980431564,0.0590858957951792,0.58329713344574,300,317,0,0,0,0
41,"BiLSTM",9.87201980431564,0.0590858957951792,0.58329713344574,300,318,0,0,0,0
41,"BiLSTM",9.87201980431564,0.0590858957951792,0.58329713344574,300,319,0,0,0,0
41,"BiLSTM",9.87201980431564,0.0590858957951792,0.58329713344574,300,320,0,0,0,0
41,"BiLSTM",9.87201980431564,0.0590858957951792,0.58329713344574,300,321,0,0,0,0
41,"BiLSTM",9.87201980431564,0.0590858957951792,0.58329713344574,300,322,0,0,0,0
41,"BiLSTM",9.87201980431564,0.0590858957951792,0.58329713344574,300,323,0,0,0,0
41,"BiLSTM",9.87201980431564,0.0590858957951792,0.58329713344574,300,324,0,0,0,0
41,"BiLSTM",9.87201980431564,0.0590858957951792,0.58329713344574,300,325,0,0,0,0
41,"BiLSTM",9.87201980431564,0.0590858957951792,0.58329713344574,300,326,0,0,0,0
41,"BiLSTM",9.87201980431564,0.0590858957951792,0.58329713344574,300,327,0,0,0,0
41,"BiLSTM",9.87201980431564,0.0590858957951792,0.58329713344574,300,328,0,0,0,0
41,"BiLSTM",9.87201980431564,0.0590858957951792,0.58329713344574,300,329,0,0,0,0
41,"BiLSTM",9.87201980431564,0.0590858957951792,0.58329713344574,300,330,0,0,0,0
41,"BiLSTM",9.87201980431564,0.0590858957951792,0.58329713344574,300,331,0,0,0,0
41,"BiLSTM",9.87201980431564,0.0590858957951792,0.58329713344574,300,332,0,0,0,0
41,"BiLSTM",9.87201980431564,0.0590858957951792,0.58329713344574,300,333,0,0,0,0
41,"BiLSTM",9.87201980431564,0.0590858957951792,0.58329713344574,300,334,0,0,0,0
41,"BiLSTM",9.87201980431564,0.0590858957951792,0.58329713344574,300,335,0,0,0,0
41,"BiLSTM",9.87201980431564,0.0590858957951792,0.58329713344574,300,336,0,0,0,0
41,"BiLSTM",9.87201980431564,0.0590858957951792,0.58329713344574,300,337,0,0,0,0
41,"BiLSTM",9.87201980431564,0.0590858957951792,0.58329713344574,300,338,0,0,0,0
41,"BiLSTM",9.87201980431564,0.0590858957951792,0.58329713344574,300,339,0,0,0,0
41,"BiLSTM",9.87201980431564,0.0590858957951792,0.58329713344574,300,340,0,0,0,0
41,"BiLSTM",9.87201980431564,0.0590858957951792,0.58329713344574,300,341,0,0,0,0
41,"BiLSTM",9.87201980431564,0.0590858957951792,0.58329713344574,300,342,0,0,0,0
41,"BiLSTM",9.87201980431564,0.0590858957951792,0.58329713344574,300,343,0,0,0,0
41,"BiLSTM",9.87201980431564,0.0590858957951792,0.58329713344574,300,344,0,0,0,0
41,"BiLSTM",9.87201980431564,0.0590858957951792,0.58329713344574,300,345,0,0,0,0
41,"BiLSTM",9.87201980431564,0.0590858957951792,0.58329713344574,300,346,0,0,0,0
41,"BiLSTM",9.87201980431564,0.0590858957951792,0.58329713344574,300,347,0,0,0,0
41,"BiLSTM",9.87201980431564,0.0590858957951792,0.58329713344574,300,348,0,0,0,0
41,"BiLSTM",9.87201980431564,0.0590858957951792,0.58329713344574,300,349,0,0,0,0
41,"BiLSTM",9.87201980431564,0.0590858957951792,0.58329713344574,300,350,0,0,0,0
41,"BiLSTM",9.87201980431564,0.0590858957951792,0.58329713344574,300,351,0,0,0,0
41,"BiLSTM",9.87201980431564,0.0590858957951792,0.58329713344574,300,352,0,0,0,0
41,"BiLSTM",9.87201980431564,0.0590858957951792,0.58329713344574,300,353,0,0,0,0
41,"BiLSTM",9.87201980431564,0.0590858957951792,0.58329713344574,300,354,0,0,0,0
41,"BiLSTM",9.87201980431564,0.0590858957951792,0.58329713344574,300,355,0,0,0,0
41,"BiLSTM",9.87201980431564,0.0590858957951792,0.58329713344574,300,356,0,0,0,0
41,"BiLSTM",9.87201980431564,0.0590858957951792,0.58329713344574,300,357,0,0,0,0
41,"BiLSTM",9.87201980431564,0.0590858957951792,0.58329713344574,300,358,0,0,0,0
41,"BiLSTM",9.87201980431564,0.0590858957951792,0.58329713344574,300,359,0,0,0,0
41,"BiLSTM",9.87201980431564,0.0590858957951792,0.58329713344574,300,360,0,0,0,0
41,"BiLSTM",9.87201980431564,0.0590858957951792,0.58329713344574,300,361,0,0,0,0
41,"BiLSTM",9.87201980431564,0.0590858957951792,0.58329713344574,300,362,0,0,0,0
41,"BiLSTM",9.87201980431564,0.0590858957951792,0.58329713344574,300,363,0,0,0,0
41,"BiLSTM",9.87201980431564,0.0590858957951792,0.58329713344574,300,364,0,0,0,0
41,"BiLSTM",9.87201980431564,0.0590858957951792,0.58329713344574,300,365,0,0,0,0
47,"Oracle",14.3034074292518,0.0369959528195748,0.529168186411755,1000,1,77,52.975,69,85.025
47,"Oracle",14.3034074292518,0.0369959528195748,0.529168186411755,1000,2,74,49,64,80
47,"Oracle",14.3034074292518,0.0369959528195748,0.529168186411755,1000,3,58,49,63,78
47,"Oracle",14.3034074292518,0.0369959528195748,0.529168186411755,1000,4,65,48,62,77.025
47,"Oracle",14.3034074292518,0.0369959528195748,0.529168186411755,1000,5,66,50,63,79
47,"Oracle",14.3034074292518,0.0369959528195748,0.529168186411755,1000,6,73,51,65,82
47,"Oracle",14.3034074292518,0.0369959528195748,0.529168186411755,1000,7,81,52,67,85
47,"Oracle",14.3034074292518,0.0369959528195748,0.529168186411755,1000,8,56,54,70,87
47,"Oracle",14.3034074292518,0.0369959528195748,0.529168186411755,1000,9,64,57,73,90
47,"Oracle",14.3034074292518,0.0369959528195748,0.529168186411755,1000,10,90,61,78,95
47,"Oracle",14.3034074292518,0.0369959528195748,0.529168186411755,1000,11,72,65,81,101
47,"Oracle",14.3034074292518,0.0369959528195748,0.529168186411755,1000,12,84,68,87,104
47,"Oracle",14.3034074292518,0.0369959528195748,0.529168186411755,1000,13,93,73,90,109
47,"Oracle",14.3034074292518,0.0369959528195748,0.529168186411755,1000,14,111,74,94,113
47,"Oracle",14.3034074292518,0.0369959528195748,0.529168186411755,1000,15,108,80,99,119
47,"Oracle",14.3034074292518,0.0369959528195748,0.529168186411755,1000,16,94,83.975,103,125
47,"Oracle",14.3034074292518,0.0369959528195748,0.529168186411755,1000,17,96,88,107,129
47,"Oracle",14.3034074292518,0.0369959528195748,0.529168186411755,1000,18,125,92,112,135
47,"Oracle",14.3034074292518,0.0369959528195748,0.529168186411755,1000,19,117,96,117,138
47,"Oracle",14.3034074292518,0.0369959528195748,0.529168186411755,1000,20,122,99.975,122,144
47,"Oracle",14.3034074292518,0.0369959528195748,0.529168186411755,1000,21,126,104,126,148
47,"Oracle",14.3034074292518,0.0369959528195748,0.529168186411755,1000,22,135,108,128,151
47,"Oracle",14.3034074292518,0.0369959528195748,0.529168186411755,1000,23,136,109,131.5,154.025
47,"Oracle",14.3034074292518,0.0369959528195748,0.529168186411755,1000,24,151,114,135,159.025
47,"Oracle",14.3034074292518,0.0369959528195748,0.529168186411755,1000,25,135,116,138,161
47,"Oracle",14.3034074292518,0.0369959528195748,0.529168186411755,1000,26,144,118,140,164
47,"Oracle",14.3034074292518,0.0369959528195748,0.529168186411755,1000,27,147,121.975,144,167
47,"Oracle",14.3034074292518,0.0369959528195748,0.529168186411755,1000,28,127,124,145,170.025
47,"Oracle",14.3034074292518,0.0369959528195748,0.529168186411755,1000,29,142,123,147,171
47,"Oracle",14.3034074292518,0.0369959528195748,0.529168186411755,1000,30,142,124,148,171.025
47,"Oracle",14.3034074292518,0.0369959528195748,0.529168186411755,1000,31,146,125,149,173.025
47,"Oracle",14.3034074292518,0.0369959528195748,0.529168186411755,1000,32,151,126.975,150,173
47,"Oracle",14.3034074292518,0.0369959528195748,0.529168186411755,1000,33,140,126.975,149,173
47,"Oracle",14.3034074292518,0.0369959528195748,0.529168186411755,1000,34,165,126,148,170
47,"Oracle",14.3034074292518,0.0369959528195748,0.529168186411755,1000,35,142,125,148,172
47,"Oracle",14.3034074292518,0.0369959528195748,0.529168186411755,1000,36,143,122.975,147,171
47,"Oracle",14.3034074292518,0.0369959528195748,0.529168186411755,1000,37,136,122,144,169
47,"Oracle",14.3034074292518,0.0369959528195748,0.529168186411755,1000,38,171,122,144,167
47,"Oracle",14.3034074292518,0.0369959528195748,0.529168186411755,1000,39,142,118,142,166.025
47,"Oracle",14.3034074292518,0.0369959528195748,0.529168186411755,1000,40,127,117,139,161
47,"Oracle",14.3034074292518,0.0369959528195748,0.529168186411755,1000,41,137,113,137,162
47,"Oracle",14.3034074292518,0.0369959528195748,0.529168186411755,1000,42,99,111,133,158
47,"Oracle",14.3034074292518,0.0369959528195748,0.529168186411755,1000,43,113,108,130,154
47,"Oracle",14.3034074292518,0.0369959528195748,0.529168186411755,1000,44,130,107,128,151.025
47,"Oracle",14.3034074292518,0.0369959528195748,0.529168186411755,1000,45,146,104,124,145
47,"Oracle",14.3034074292518,0.0369959528195748,0.529168186411755,1000,46,116,98.975,121,142
47,"Oracle",14.3034074292518,0.0369959528195748,0.529168186411755,1000,47,104,97,117,138
47,"Oracle",14.3034074292518,0.0369959528195748,0.529168186411755,1000,48,131,92.975,113,135.025
47,"Oracle",14.3034074292518,0.0369959528195748,0.529168186411755,1000,49,116,90,111,131
47,"Oracle",14.3034074292518,0.0369959528195748,0.529168186411755,1000,50,121,89,106,127
47,"Oracle",14.3034074292518,0.0369959528195748,0.529168186411755,1000,51,97,84,103,123
47,"Oracle",14.3034074292518,0.0369959528195748,0.529168186411755,1000,52,88,80,99,119
47,"Oracle",14.3034074292518,0.0369959528195748,0.529168186411755,1000,53,98,77,96,115
47,"Oracle",14.3034074292518,0.0369959528195748,0.529168186411755,1000,54,95,73,91,111
47,"Oracle",14.3034074292518,0.0369959528195748,0.529168186411755,1000,55,83,72,88,109
47,"Oracle",14.3034074292518,0.0369959528195748,0.529168186411755,1000,56,95,67,85,104
47,"Oracle",14.3034074292518,0.0369959528195748,0.529168186411755,1000,57,70,64,82,100
47,"Oracle",14.3034074292518,0.0369959528195748,0.529168186411755,1000,58,70,60,78,96
47,"Oracle",14.3034074292518,0.0369959528195748,0.529168186411755,1000,59,75,58,75,92.025
47,"Oracle",14.3034074292518,0.0369959528195748,0.529168186411755,1000,60,72,56,72,90
47,"Oracle",14.3034074292518,0.0369959528195748,0.529168186411755,1000,61,84,53,69,86.025
47,"Oracle",14.3034074292518,0.0369959528195748,0.529168186411755,1000,62,57,51,66,82
47,"Oracle",14.3034074292518,0.0369959528195748,0.529168186411755,1000,63,81,48,63,79
47,"Oracle",14.3034074292518,0.0369959528195748,0.529168186411755,1000,64,57,44,60,76
47,"Oracle",14.3034074292518,0.0369959528195748,0.529168186411755,1000,65,55,43,57,72
47,"Oracle",14.3034074292518,0.0369959528195748,0.529168186411755,1000,66,60,41,54,69
47,"Oracle",14.3034074292518,0.0369959528195748,0.529168186411755,1000,67,53,38,51,66
47,"Oracle",14.3034074292518,0.0369959528195748,0.529168186411755,1000,68,45,37,49.5,65
47,"Oracle",14.3034074292518,0.0369959528195748,0.529168186411755,1000,69,40,33,47,61
47,"Oracle",14.3034074292518,0.0369959528195748,0.529168186411755,1000,70,48,33,45,59
47,"Oracle",14.3034074292518,0.0369959528195748,0.529168186411755,1000,71,43,30,43,56
47,"Oracle",14.3034074292518,0.0369959528195748,0.529168186411755,1000,72,34,29,40,54
47,"Oracle",14.3034074292518,0.0369959528195748,0.529168186411755,1000,73,41,27,38,51
47,"Oracle",14.3034074292518,0.0369959528195748,0.529168186411755,1000,74,39,25,37,49
47,"Oracle",14.3034074292518,0.0369959528195748,0.529168186411755,1000,75,30,24,35,48
47,"Oracle",14.3034074292518,0.0369959528195748,0.529168186411755,1000,76,33,24,33,46
47,"Oracle",14.3034074292518,0.0369959528195748,0.529168186411755,1000,77,39,21,32,43
47,"Oracle",14.3034074292518,0.0369959528195748,0.529168186411755,1000,78,18,20,30,42
47,"Oracle",14.3034074292518,0.0369959528195748,0.529168186411755,1000,79,30,19,28,39
47,"Oracle",14.3034074292518,0.0369959528195748,0.529168186411755,1000,80,26,17,27,38
47,"Oracle",14.3034074292518,0.0369959528195748,0.529168186411755,1000,81,14,17,26,36
47,"Oracle",14.3034074292518,0.0369959528195748,0.529168186411755,1000,82,33,15,24,35
47,"Oracle",14.3034074292518,0.0369959528195748,0.529168186411755,1000,83,20,14.975,23,33.025
47,"Oracle",14.3034074292518,0.0369959528195748,0.529168186411755,1000,84,22,13,22,33
47,"Oracle",14.3034074292518,0.0369959528195748,0.529168186411755,1000,85,27,12,21,30
47,"Oracle",14.3034074292518,0.0369959528195748,0.529168186411755,1000,86,23,12,20,29
47,"Oracle",14.3034074292518,0.0369959528195748,0.529168186411755,1000,87,22,11,19,28
47,"Oracle",14.3034074292518,0.0369959528195748,0.529168186411755,1000,88,21,10,18,26
47,"Oracle",14.3034074292518,0.0369959528195748,0.529168186411755,1000,89,27,9,17,26
47,"Oracle",14.3034074292518,0.0369959528195748,0.529168186411755,1000,90,12,9,16,24
47,"Oracle",14.3034074292518,0.0369959528195748,0.529168186411755,1000,91,14,8,15,23
47,"Oracle",14.3034074292518,0.0369959528195748,0.529168186411755,1000,92,13,8,14,23
47,"Oracle",14.3034074292518,0.0369959528195748,0.529168186411755,1000,93,6,7,14,21
47,"Oracle",14.3034074292518,0.0369959528195748,0.529168186411755,1000,94,17,6,13,21
47,"Oracle",14.3034074292518,0.0369959528195748,0.529168186411755,1000,95,10,6,12,19.025
47,"Oracle",14.3034074292518,0.0369959528195748,0.529168186411755,1000,96,10,6,11,18
47,"Oracle",14.3034074292518,0.0369959528195748,0.529168186411755,1000,97,9,5,11,18
47,"Oracle",14.3034074292518,0.0369959528195748,0.529168186411755,1000,98,10,4,10,17
47,"Oracle",14.3034074292518,0.0369959528195748,0.529168186411755,1000,99,6,5,10,16
47,"Oracle",14.3034074292518,0.0369959528195748,0.529168186411755,1000,100,7,4,9,16
47,"Oracle",14.3034074292518,0.0369959528195748,0.529168186411755,1000,101,8,4,9,15
47,"Oracle",14.3034074292518,0.0369959528195748,0.529168186411755,1000,102,8,3,8,14
47,"Oracle",14.3034074292518,0.0369959528195748,0.529168186411755,1000,103,10,3,8,14
47,"Oracle",14.3034074292518,0.0369959528195748,0.529168186411755,1000,104,11,2,7,14
47,"Oracle",14.3034074292518,0.0369959528195748,0.529168186411755,1000,105,6,2,7,13
47,"Oracle",14.3034074292518,0.0369959528195748,0.529168186411755,1000,106,5,2,7,13
47,"Oracle",14.3034074292518,0.0369959528195748,0.529168186411755,1000,107,7,2,6,12
47,"Oracle",14.3034074292518,0.0369959528195748,0.529168186411755,1000,108,11,2,6,11
47,"Oracle",14.3034074292518,0.0369959528195748,0.529168186411755,1000,109,8,2,6,11
47,"Oracle",14.3034074292518,0.0369959528195748,0.529168186411755,1000,110,6,2,5,10
47,"Oracle",14.3034074292518,0.0369959528195748,0.529168186411755,1000,111,5,1,5,10
47,"Oracle",14.3034074292518,0.0369959528195748,0.529168186411755,1000,112,9,1,5,10
47,"Oracle",14.3034074292518,0.0369959528195748,0.529168186411755,1000,113,2,1,4,10
47,"Oracle",14.3034074292518,0.0369959528195748,0.529168186411755,1000,114,2,1,4,10
47,"Oracle",14.3034074292518,0.0369959528195748,0.529168186411755,1000,115,3,1,4,8
47,"Oracle",14.3034074292518,0.0369959528195748,0.529168186411755,1000,116,2,1,4,8
47,"Oracle",14.3034074292518,0.0369959528195748,0.529168186411755,1000,117,2,0,4,8
47,"Oracle",14.3034074292518,0.0369959528195748,0.529168186411755,1000,118,8,0,3,7.02499999999998
47,"Oracle",14.3034074292518,0.0369959528195748,0.529168186411755,1000,119,3,0,3,8
47,"Oracle",14.3034074292518,0.0369959528195748,0.529168186411755,1000,120,2,0,3,7
47,"Oracle",14.3034074292518,0.0369959528195748,0.529168186411755,1000,121,4,0,3,7
47,"Oracle",14.3034074292518,0.0369959528195748,0.529168186411755,1000,122,0,0,3,6
47,"Oracle",14.3034074292518,0.0369959528195748,0.529168186411755,1000,123,3,0,3,6
47,"Oracle",14.3034074292518,0.0369959528195748,0.529168186411755,1000,124,2,0,2,6
47,"Oracle",14.3034074292518,0.0369959528195748,0.529168186411755,1000,125,2,0,2,6
47,"Oracle",14.3034074292518,0.0369959528195748,0.529168186411755,1000,126,0,0,2,6
47,"Oracle",14.3034074292518,0.0369959528195748,0.529168186411755,1000,127,5,0,2,5
47,"Oracle",14.3034074292518,0.0369959528195748,0.529168186411755,1000,128,0,0,2,5
47,"Oracle",14.3034074292518,0.0369959528195748,0.529168186411755,1000,129,3,0,2,5
47,"Oracle",14.3034074292518,0.0369959528195748,0.529168186411755,1000,130,1,0,2,5
47,"Oracle",14.3034074292518,0.0369959528195748,0.529168186411755,1000,131,1,0,2,5
47,"Oracle",14.3034074292518,0.0369959528195748,0.529168186411755,1000,132,1,0,1,5
47,"Oracle",14.3034074292518,0.0369959528195748,0.529168186411755,1000,133,2,0,1,4
47,"Oracle",14.3034074292518,0.0369959528195748,0.529168186411755,1000,134,1,0,1,4
47,"Oracle",14.3034074292518,0.0369959528195748,0.529168186411755,1000,135,0,0,1,4
47,"Oracle",14.3034074292518,0.0369959528195748,0.529168186411755,1000,136,1,0,1,4
47,"Oracle",14.3034074292518,0.0369959528195748,0.529168186411755,1000,137,0,0,1,4
47,"Oracle",14.3034074292518,0.0369959528195748,0.529168186411755,1000,138,0,0,1,4
47,"Oracle",14.3034074292518,0.0369959528195748,0.529168186411755,1000,139,1,0,1,3
47,"Oracle",14.3034074292518,0.0369959528195748,0.529168186411755,1000,140,1,0,1,4
47,"Oracle",14.3034074292518,0.0369959528195748,0.529168186411755,1000,141,1,0,1,3
47,"Oracle",14.3034074292518,0.0369959528195748,0.529168186411755,1000,142,0,0,1,3
47,"Oracle",14.3034074292518,0.0369959528195748,0.529168186411755,1000,143,1,0,1,3
47,"Oracle",14.3034074292518,0.0369959528195748,0.529168186411755,1000,144,1,0,1,3
47,"Oracle",14.3034074292518,0.0369959528195748,0.529168186411755,1000,145,0,0,1,3
47,"Oracle",14.3034074292518,0.0369959528195748,0.529168186411755,1000,146,2,0,1,3
47,"Oracle",14.3034074292518,0.0369959528195748,0.529168186411755,1000,147,0,0,0,3
47,"Oracle",14.3034074292518,0.0369959528195748,0.529168186411755,1000,148,0,0,0,3
47,"Oracle",14.3034074292518,0.0369959528195748,0.529168186411755,1000,149,2,0,0,2
47,"Oracle",14.3034074292518,0.0369959528195748,0.529168186411755,1000,150,1,0,0,2
47,"Oracle",14.3034074292518,0.0369959528195748,0.529168186411755,1000,151,1,0,0,3
47,"Oracle",14.3034074292518,0.0369959528195748,0.529168186411755,1000,152,0,0,0,2
47,"Oracle",14.3034074292518,0.0369959528195748,0.529168186411755,1000,153,0,0,0,2
47,"Oracle",14.3034074292518,0.0369959528195748,0.529168186411755,1000,154,1,0,0,2
47,"Oracle",14.3034074292518,0.0369959528195748,0.529168186411755,1000,155,0,0,0,2
47,"Oracle",14.3034074292518,0.0369959528195748,0.529168186411755,1000,156,0,0,0,2
47,"Oracle",14.3034074292518,0.0369959528195748,0.529168186411755,1000,157,0,0,0,2
47,"Oracle",14.3034074292518,0.0369959528195748,0.529168186411755,1000,158,0,0,0,2
47,"Oracle",14.3034074292518,0.0369959528195748,0.529168186411755,1000,159,0,0,0,2
47,"Oracle",14.3034074292518,0.0369959528195748,0.529168186411755,1000,160,0,0,0,2
47,"Oracle",14.3034074292518,0.0369959528195748,0.529168186411755,1000,161,1,0,0,2
47,"Oracle",14.3034074292518,0.0369959528195748,0.529168186411755,1000,162,0,0,0,2
47,"Oracle",14.3034074292518,0.0369959528195748,0.529168186411755,1000,163,1,0,0,2
47,"Oracle",14.3034074292518,0.0369959528195748,0.529168186411755,1000,164,2,0,0,2
47,"Oracle",14.3034074292518,0.0369959528195748,0.529168186411755,1000,165,0,0,0,2
47,"Oracle",14.3034074292518,0.0369959528195748,0.529168186411755,1000,166,1,0,0,2
47,"Oracle",14.3034074292518,0.0369959528195748,0.529168186411755,1000,167,0,0,0,1
47,"Oracle",14.3034074292518,0.0369959528195748,0.529168186411755,1000,168,0,0,0,1
47,"Oracle",14.3034074292518,0.0369959528195748,0.529168186411755,1000,169,0,0,0,1
47,"Oracle",14.3034074292518,0.0369959528195748,0.529168186411755,1000,170,0,0,0,1
47,"Oracle",14.3034074292518,0.0369959528195748,0.529168186411755,1000,171,0,0,0,1
47,"Oracle",14.3034074292518,0.0369959528195748,0.529168186411755,1000,172,1,0,0,1
47,"Oracle",14.3034074292518,0.0369959528195748,0.529168186411755,1000,173,0,0,0,1
47,"Oracle",14.3034074292518,0.0369959528195748,0.529168186411755,1000,174,0,0,0,1
47,"Oracle",14.3034074292518,0.0369959528195748,0.529168186411755,1000,175,0,0,0,1
47,"Oracle",14.3034074292518,0.0369959528195748,0.529168186411755,1000,176,0,0,0,1
47,"Oracle",14.3034074292518,0.0369959528195748,0.529168186411755,1000,177,0,0,0,1
47,"Oracle",14.3034074292518,0.0369959528195748,0.529168186411755,1000,178,0,0,0,1
47,"Oracle",14.3034074292518,0.0369959528195748,0.529168186411755,1000,179,1,0,0,1
47,"Oracle",14.3034074292518,0.0369959528195748,0.529168186411755,1000,180,0,0,0,1
47,"Oracle",14.3034074292518,0.0369959528195748,0.529168186411755,1000,181,0,0,0,1
47,"Oracle",14.3034074292518,0.0369959528195748,0.529168186411755,1000,182,0,0,0,1
47,"Oracle",14.3034074292518,0.0369959528195748,0.529168186411755,1000,183,0,0,0,1
47,"Oracle",14.3034074292518,0.0369959528195748,0.529168186411755,1000,184,1,0,0,1
47,"Oracle",14.3034074292518,0.0369959528195748,0.529168186411755,1000,185,0,0,0,1
47,"Oracle",14.3034074292518,0.0369959528195748,0.529168186411755,1000,186,0,0,0,1
47,"Oracle",14.3034074292518,0.0369959528195748,0.529168186411755,1000,187,0,0,0,1
47,"Oracle",14.3034074292518,0.0369959528195748,0.529168186411755,1000,188,0,0,0,1
47,"Oracle",14.3034074292518,0.0369959528195748,0.529168186411755,1000,189,0,0,0,1
47,"Oracle",14.3034074292518,0.0369959528195748,0.529168186411755,1000,190,0,0,0,1
47,"Oracle",14.3034074292518,0.0369959528195748,0.529168186411755,1000,191,0,0,0,1
47,"Oracle",14.3034074292518,0.0369959528195748,0.529168186411755,1000,192,0,0,0,1
47,"Oracle",14.3034074292518,0.0369959528195748,0.529168186411755,1000,193,1,0,0,1
47,"Oracle",14.3034074292518,0.0369959528195748,0.529168186411755,1000,194,0,0,0,1
47,"Oracle",14.3034074292518,0.0369959528195748,0.529168186411755,1000,195,0,0,0,1
47,"Oracle",14.3034074292518,0.0369959528195748,0.529168186411755,1000,196,0,0,0,1
47,"Oracle",14.3034074292518,0.0369959528195748,0.529168186411755,1000,197,0,0,0,1
47,"Oracle",14.3034074292518,0.0369959528195748,0.529168186411755,1000,198,0,0,0,1
47,"Oracle",14.3034074292518,0.0369959528195748,0.529168186411755,1000,199,0,0,0,1
47,"Oracle",14.3034074292518,0.0369959528195748,0.529168186411755,1000,200,0,0,0,1
47,"Oracle",14.3034074292518,0.0369959528195748,0.529168186411755,1000,201,0,0,0,1
47,"Oracle",14.3034074292518,0.0369959528195748,0.529168186411755,1000,202,0,0,0,1
47,"Oracle",14.3034074292518,0.0369959528195748,0.529168186411755,1000,203,0,0,0,0.0249999999999773
47,"Oracle",14.3034074292518,0.0369959528195748,0.529168186411755,1000,204,0,0,0,1
47,"Oracle",14.3034074292518,0.0369959528195748,0.529168186411755,1000,205,0,0,0,0.0249999999999773
47,"Oracle",14.3034074292518,0.0369959528195748,0.529168186411755,1000,206,0,0,0,0
47,"Oracle",14.3034074292518,0.0369959528195748,0.529168186411755,1000,207,0,0,0,0
47,"Oracle",14.3034074292518,0.0369959528195748,0.529168186411755,1000,208,1,0,0,1
47,"Oracle",14.3034074292518,0.0369959528195748,0.529168186411755,1000,209,0,0,0,1
47,"Oracle",14.3034074292518,0.0369959528195748,0.529168186411755,1000,210,0,0,0,0
47,"Oracle",14.3034074292518,0.0369959528195748,0.529168186411755,1000,211,0,0,0,0
47,"Oracle",14.3034074292518,0.0369959528195748,0.529168186411755,1000,212,0,0,0,0
47,"Oracle",14.3034074292518,0.0369959528195748,0.529168186411755,1000,213,0,0,0,0
47,"Oracle",14.3034074292518,0.0369959528195748,0.529168186411755,1000,214,0,0,0,0
47,"Oracle",14.3034074292518,0.0369959528195748,0.529168186411755,1000,215,0,0,0,0
47,"Oracle",14.3034074292518,0.0369959528195748,0.529168186411755,1000,216,0,0,0,0
47,"Oracle",14.3034074292518,0.0369959528195748,0.529168186411755,1000,217,0,0,0,0
47,"Oracle",14.3034074292518,0.0369959528195748,0.529168186411755,1000,218,0,0,0,0
47,"Oracle",14.3034074292518,0.0369959528195748,0.529168186411755,1000,219,0,0,0,0
47,"Oracle",14.3034074292518,0.0369959528195748,0.529168186411755,1000,220,0,0,0,0
47,"Oracle",14.3034074292518,0.0369959528195748,0.529168186411755,1000,221,0,0,0,0
47,"Oracle",14.3034074292518,0.0369959528195748,0.529168186411755,1000,222,0,0,0,0
47,"Oracle",14.3034074292518,0.0369959528195748,0.529168186411755,1000,223,0,0,0,0
47,"Oracle",14.3034074292518,0.0369959528195748,0.529168186411755,1000,224,0,0,0,0
47,"Oracle",14.3034074292518,0.0369959528195748,0.529168186411755,1000,225,0,0,0,0
47,"Oracle",14.3034074292518,0.0369959528195748,0.529168186411755,1000,226,0,0,0,0
47,"Oracle",14.3034074292518,0.0369959528195748,0.529168186411755,1000,227,0,0,0,0
47,"Oracle",14.3034074292518,0.0369959528195748,0.529168186411755,1000,228,0,0,0,0
47,"Oracle",14.3034074292518,0.0369959528195748,0.529168186411755,1000,229,0,0,0,0
47,"Oracle",14.3034074292518,0.0369959528195748,0.529168186411755,1000,230,0,0,0,0
47,"Oracle",14.3034074292518,0.0369959528195748,0.529168186411755,1000,231,0,0,0,0
47,"Oracle",14.3034074292518,0.0369959528195748,0.529168186411755,1000,232,0,0,0,0
47,"Oracle",14.3034074292518,0.0369959528195748,0.529168186411755,1000,233,0,0,0,0
47,"Oracle",14.3034074292518,0.0369959528195748,0.529168186411755,1000,234,0,0,0,0
47,"Oracle",14.3034074292518,0.0369959528195748,0.529168186411755,1000,235,0,0,0,0
47,"Oracle",14.3034074292518,0.0369959528195748,0.529168186411755,1000,236,0,0,0,0
47,"Oracle",14.3034074292518,0.0369959528195748,0.529168186411755,1000,237,0,0,0,0
47,"Oracle",14.3034074292518,0.0369959528195748,0.529168186411755,1000,238,0,0,0,0
47,"Oracle",14.3034074292518,0.0369959528195748,0.529168186411755,1000,239,0,0,0,0
47,"Oracle",14.3034074292518,0.0369959528195748,0.529168186411755,1000,240,0,0,0,0
47,"Oracle",14.3034074292518,0.0369959528195748,0.529168186411755,1000,241,0,0,0,0
47,"Oracle",14.3034074292518,0.0369959528195748,0.529168186411755,1000,242,0,0,0,0
47,"Oracle",14.3034074292518,0.0369959528195748,0.529168186411755,1000,243,0,0,0,0
47,"Oracle",14.3034074292518,0.0369959528195748,0.529168186411755,1000,244,0,0,0,0
47,"Oracle",14.3034074292518,0.0369959528195748,0.529168186411755,1000,245,0,0,0,0
47,"Oracle",14.3034074292518,0.0369959528195748,0.529168186411755,1000,246,0,0,0,0
47,"Oracle",14.3034074292518,0.0369959528195748,0.529168186411755,1000,247,0,0,0,0
47,"Oracle",14.3034074292518,0.0369959528195748,0.529168186411755,1000,248,0,0,0,0
47,"Oracle",14.3034074292518,0.0369959528195748,0.529168186411755,1000,249,0,0,0,0
47,"Oracle",14.3034074292518,0.0369959528195748,0.529168186411755,1000,250,0,0,0,0
47,"Oracle",14.3034074292518,0.0369959528195748,0.529168186411755,1000,251,0,0,0,0
47,"Oracle",14.3034074292518,0.0369959528195748,0.529168186411755,1000,252,0,0,0,0
47,"Oracle",14.3034074292518,0.0369959528195748,0.529168186411755,1000,253,0,0,0,0
47,"Oracle",14.3034074292518,0.0369959528195748,0.529168186411755,1000,254,0,0,0,0
47,"Oracle",14.3034074292518,0.0369959528195748,0.529168186411755,1000,255,0,0,0,0
47,"Oracle",14.3034074292518,0.0369959528195748,0.529168186411755,1000,256,0,0,0,0
47,"Oracle",14.3034074292518,0.0369959528195748,0.529168186411755,1000,257,0,0,0,0
47,"Oracle",14.3034074292518,0.0369959528195748,0.529168186411755,1000,258,0,0,0,0
47,"Oracle",14.3034074292518,0.0369959528195748,0.529168186411755,1000,259,0,0,0,0
47,"Oracle",14.3034074292518,0.0369959528195748,0.529168186411755,1000,260,0,0,0,0
47,"Oracle",14.3034074292518,0.0369959528195748,0.529168186411755,1000,261,0,0,0,0
47,"Oracle",14.3034074292518,0.0369959528195748,0.529168186411755,1000,262,0,0,0,0
47,"Oracle",14.3034074292518,0.0369959528195748,0.529168186411755,1000,263,0,0,0,0
47,"Oracle",14.3034074292518,0.0369959528195748,0.529168186411755,1000,264,0,0,0,0
47,"Oracle",14.3034074292518,0.0369959528195748,0.529168186411755,1000,265,0,0,0,0
47,"Oracle",14.3034074292518,0.0369959528195748,0.529168186411755,1000,266,0,0,0,0
47,"Oracle",14.3034074292518,0.0369959528195748,0.529168186411755,1000,267,0,0,0,0
47,"Oracle",14.3034074292518,0.0369959528195748,0.529168186411755,1000,268,0,0,0,0
47,"Oracle",14.3034074292518,0.0369959528195748,0.529168186411755,1000,269,0,0,0,0
47,"Oracle",14.3034074292518,0.0369959528195748,0.529168186411755,1000,270,0,0,0,0
47,"Oracle",14.3034074292518,0.0369959528195748,0.529168186411755,1000,271,0,0,0,0
47,"Oracle",14.3034074292518,0.0369959528195748,0.529168186411755,1000,272,0,0,0,0
47,"Oracle",14.3034074292518,0.0369959528195748,0.529168186411755,1000,273,0,0,0,0
47,"Oracle",14.3034074292518,0.0369959528195748,0.529168186411755,1000,274,0,0,0,0
47,"Oracle",14.3034074292518,0.0369959528195748,0.529168186411755,1000,275,0,0,0,0
47,"Oracle",14.3034074292518,0.0369959528195748,0.529168186411755,1000,276,0,0,0,0
47,"Oracle",14.3034074292518,0.0369959528195748,0.529168186411755,1000,277,0,0,0,0
47,"Oracle",14.3034074292518,0.0369959528195748,0.529168186411755,1000,278,0,0,0,0
47,"Oracle",14.3034074292518,0.0369959528195748,0.529168186411755,1000,279,0,0,0,0
47,"Oracle",14.3034074292518,0.0369959528195748,0.529168186411755,1000,280,0,0,0,0
47,"Oracle",14.3034074292518,0.0369959528195748,0.529168186411755,1000,281,0,0,0,0
47,"Oracle",14.3034074292518,0.0369959528195748,0.529168186411755,1000,282,0,0,0,0
47,"Oracle",14.3034074292518,0.0369959528195748,0.529168186411755,1000,283,0,0,0,0
47,"Oracle",14.3034074292518,0.0369959528195748,0.529168186411755,1000,284,0,0,0,0
47,"Oracle",14.3034074292518,0.0369959528195748,0.529168186411755,1000,285,0,0,0,0
47,"Oracle",14.3034074292518,0.0369959528195748,0.529168186411755,1000,286,0,0,0,0
47,"Oracle",14.3034074292518,0.0369959528195748,0.529168186411755,1000,287,0,0,0,0
47,"Oracle",14.3034074292518,0.0369959528195748,0.529168186411755,1000,288,0,0,0,0
47,"Oracle",14.3034074292518,0.0369959528195748,0.529168186411755,1000,289,0,0,0,0
47,"Oracle",14.3034074292518,0.0369959528195748,0.529168186411755,1000,290,0,0,0,0
47,"Oracle",14.3034074292518,0.0369959528195748,0.529168186411755,1000,291,0,0,0,0
47,"Oracle",14.3034074292518,0.0369959528195748,0.529168186411755,1000,292,0,0,0,0
47,"Oracle",14.3034074292518,0.0369959528195748,0.529168186411755,1000,293,0,0,0,0
47,"Oracle",14.3034074292518,0.0369959528195748,0.529168186411755,1000,294,0,0,0,0
47,"Oracle",14.3034074292518,0.0369959528195748,0.529168186411755,1000,295,0,0,0,0
47,"Oracle",14.3034074292518,0.0369959528195748,0.529168186411755,1000,296,0,0,0,0
47,"Oracle",14.3034074292518,0.0369959528195748,0.529168186411755,1000,297,0,0,0,0
47,"Oracle",14.3034074292518,0.0369959528195748,0.529168186411755,1000,298,0,0,0,0
47,"Oracle",14.3034074292518,0.0369959528195748,0.529168186411755,1000,299,0,0,0,0
47,"Oracle",14.3034074292518,0.0369959528195748,0.529168186411755,1000,300,0,0,0,0
47,"Oracle",14.3034074292518,0.0369959528195748,0.529168186411755,1000,301,0,0,0,0
47,"Oracle",14.3034074292518,0.0369959528195748,0.529168186411755,1000,302,0,0,0,0
47,"Oracle",14.3034074292518,0.0369959528195748,0.529168186411755,1000,303,0,0,0,0
47,"Oracle",14.3034074292518,0.0369959528195748,0.529168186411755,1000,304,0,0,0,0
47,"Oracle",14.3034074292518,0.0369959528195748,0.529168186411755,1000,305,0,0,0,0
47,"Oracle",14.3034074292518,0.0369959528195748,0.529168186411755,1000,306,0,0,0,0
47,"Oracle",14.3034074292518,0.0369959528195748,0.529168186411755,1000,307,0,0,0,0
47,"Oracle",14.3034074292518,0.0369959528195748,0.529168186411755,1000,308,0,0,0,0
47,"Oracle",14.3034074292518,0.0369959528195748,0.529168186411755,1000,309,0,0,0,0
47,"Oracle",14.3034074292518,0.0369959528195748,0.529168186411755,1000,310,0,0,0,0
47,"Oracle",14.3034074292518,0.0369959528195748,0.529168186411755,1000,311,0,0,0,0
47,"Oracle",14.3034074292518,0.0369959528195748,0.529168186411755,1000,312,0,0,0,0
47,"Oracle",14.3034074292518,0.0369959528195748,0.529168186411755,1000,313,0,0,0,0
47,"Oracle",14.3034074292518,0.0369959528195748,0.529168186411755,1000,314,0,0,0,0
47,"Oracle",14.3034074292518,0.0369959528195748,0.529168186411755,1000,315,0,0,0,0
47,"Oracle",14.3034074292518,0.0369959528195748,0.529168186411755,1000,316,0,0,0,0
47,"Oracle",14.3034074292518,0.0369959528195748,0.529168186411755,1000,317,0,0,0,0
47,"Oracle",14.3034074292518,0.0369959528195748,0.529168186411755,1000,318,0,0,0,0
47,"Oracle",14.3034074292518,0.0369959528195748,0.529168186411755,1000,319,0,0,0,0
47,"Oracle",14.3034074292518,0.0369959528195748,0.529168186411755,1000,320,0,0,0,0
47,"Oracle",14.3034074292518,0.0369959528195748,0.529168186411755,1000,321,0,0,0,0
47,"Oracle",14.3034074292518,0.0369959528195748,0.529168186411755,1000,322,0,0,0,0
47,"Oracle",14.3034074292518,0.0369959528195748,0.529168186411755,1000,323,0,0,0,0
47,"Oracle",14.3034074292518,0.0369959528195748,0.529168186411755,1000,324,0,0,0,0
47,"Oracle",14.3034074292518,0.0369959528195748,0.529168186411755,1000,325,0,0,0,0
47,"Oracle",14.3034074292518,0.0369959528195748,0.529168186411755,1000,326,0,0,0,0
47,"Oracle",14.3034074292518,0.0369959528195748,0.529168186411755,1000,327,0,0,0,0
47,"Oracle",14.3034074292518,0.0369959528195748,0.529168186411755,1000,328,0,0,0,0
47,"Oracle",14.3034074292518,0.0369959528195748,0.529168186411755,1000,329,0,0,0,0
47,"Oracle",14.3034074292518,0.0369959528195748,0.529168186411755,1000,330,0,0,0,0
47,"Oracle",14.3034074292518,0.0369959528195748,0.529168186411755,1000,331,0,0,0,0
47,"Oracle",14.3034074292518,0.0369959528195748,0.529168186411755,1000,332,0,0,0,0
47,"Oracle",14.3034074292518,0.0369959528195748,0.529168186411755,1000,333,0,0,0,0
47,"Oracle",14.3034074292518,0.0369959528195748,0.529168186411755,1000,334,0,0,0,0
47,"Oracle",14.3034074292518,0.0369959528195748,0.529168186411755,1000,335,0,0,0,0
47,"Oracle",14.3034074292518,0.0369959528195748,0.529168186411755,1000,336,0,0,0,0
47,"Oracle",14.3034074292518,0.0369959528195748,0.529168186411755,1000,337,0,0,0,0
47,"Oracle",14.3034074292518,0.0369959528195748,0.529168186411755,1000,338,0,0,0,0
47,"Oracle",14.3034074292518,0.0369959528195748,0.529168186411755,1000,339,0,0,0,0
47,"Oracle",14.3034074292518,0.0369959528195748,0.529168186411755,1000,340,0,0,0,0
47,"Oracle",14.3034074292518,0.0369959528195748,0.529168186411755,1000,341,0,0,0,0
47,"Oracle",14.3034074292518,0.0369959528195748,0.529168186411755,1000,342,0,0,0,0
47,"Oracle",14.3034074292518,0.0369959528195748,0.529168186411755,1000,343,0,0,0,0
47,"Oracle",14.3034074292518,0.0369959528195748,0.529168186411755,1000,344,0,0,0,0
47,"Oracle",14.3034074292518,0.0369959528195748,0.529168186411755,1000,345,0,0,0,0
47,"Oracle",14.3034074292518,0.0369959528195748,0.529168186411755,1000,346,0,0,0,0
47,"Oracle",14.3034074292518,0.0369959528195748,0.529168186411755,1000,347,0,0,0,0
47,"Oracle",14.3034074292518,0.0369959528195748,0.529168186411755,1000,348,0,0,0,0
47,"Oracle",14.3034074292518,0.0369959528195748,0.529168186411755,1000,349,0,0,0,0
47,"Oracle",14.3034074292518,0.0369959528195748,0.529168186411755,1000,350,0,0,0,0
47,"Oracle",14.3034074292518,0.0369959528195748,0.529168186411755,1000,351,0,0,0,0
47,"Oracle",14.3034074292518,0.0369959528195748,0.529168186411755,1000,352,0,0,0,0
47,"Oracle",14.3034074292518,0.0369959528195748,0.529168186411755,1000,353,0,0,0,0
47,"Oracle",14.3034074292518,0.0369959528195748,0.529168186411755,1000,354,0,0,0,0
47,"Oracle",14.3034074292518,0.0369959528195748,0.529168186411755,1000,355,0,0,0,0
47,"Oracle",14.3034074292518,0.0369959528195748,0.529168186411755,1000,356,0,0,0,0
47,"Oracle",14.3034074292518,0.0369959528195748,0.529168186411755,1000,357,0,0,0,0
47,"Oracle",14.3034074292518,0.0369959528195748,0.529168186411755,1000,358,0,0,0,0
47,"Oracle",14.3034074292518,0.0369959528195748,0.529168186411755,1000,359,0,0,0,0
47,"Oracle",14.3034074292518,0.0369959528195748,0.529168186411755,1000,360,0,0,0,0
47,"Oracle",14.3034074292518,0.0369959528195748,0.529168186411755,1000,361,0,0,0,0
47,"Oracle",14.3034074292518,0.0369959528195748,0.529168186411755,1000,362,0,0,0,0
47,"Oracle",14.3034074292518,0.0369959528195748,0.529168186411755,1000,363,0,0,0,0
47,"Oracle",14.3034074292518,0.0369959528195748,0.529168186411755,1000,364,0,0,0,0
47,"Oracle",14.3034074292518,0.0369959528195748,0.529168186411755,1000,365,0,0,0,0
47,"ABC",3.71100516329295,0.179643488409719,0.666657913040424,300,1,77,52,69,83
47,"ABC",3.71100516329295,0.179643488409719,0.666657913040424,300,2,74,50.475,64.5,81
47,"ABC",3.71100516329295,0.179643488409719,0.666657913040424,300,3,58,47.95,63,77
47,"ABC",3.71100516329295,0.179643488409719,0.666657913040424,300,4,65,48.475,64,79
47,"ABC",3.71100516329295,0.179643488409719,0.666657913040424,300,5,66,50.475,66,83.525
47,"ABC",3.71100516329295,0.179643488409719,0.666657913040424,300,6,73,53,68,83
47,"ABC",3.71100516329295,0.179643488409719,0.666657913040424,300,7,81,56,73,89
47,"ABC",3.71100516329295,0.179643488409719,0.666657913040424,300,8,56,59.475,78,98
47,"ABC",3.71100516329295,0.179643488409719,0.666657913040424,300,9,64,68,82.5,99.525
47,"ABC",3.71100516329295,0.179643488409719,0.666657913040424,300,10,90,70,89,106
47,"ABC",3.71100516329295,0.179643488409719,0.666657913040424,300,11,72,76,93,113.525
47,"ABC",3.71100516329295,0.179643488409719,0.666657913040424,300,12,84,83.475,102,122.525
47,"ABC",3.71100516329295,0.179643488409719,0.666657913040424,300,13,93,89,106,129
47,"ABC",3.71100516329295,0.179643488409719,0.666657913040424,300,14,111,94,113,134.525
47,"ABC",3.71100516329295,0.179643488409719,0.666657913040424,300,15,108,96.95,121,144
47,"ABC",3.71100516329295,0.179643488409719,0.666657913040424,300,16,94,107.475,127,150.05
47,"ABC",3.71100516329295,0.179643488409719,0.666657913040424,300,17,96,113.475,134,159
47,"ABC",3.71100516329295,0.179643488409719,0.666657913040424,300,18,125,119.475,140.5,165.05
47,"ABC",3.71100516329295,0.179643488409719,0.666657913040424,300,19,117,123,145,169
47,"ABC",3.71100516329295,0.179643488409719,0.666657913040424,300,20,122,125.95,152,176.05
47,"ABC",3.71100516329295,0.179643488409719,0.666657913040424,300,21,126,133,156,178.525
47,"ABC",3.71100516329295,0.179643488409719,0.666657913040424,300,22,135,137,162,185
47,"ABC",3.71100516329295,0.179643488409719,0.666657913040424,300,23,136,139.95,166,195.575
47,"ABC",3.71100516329295,0.179643488409719,0.666657913040424,300,24,151,141.475,170,197.525
47,"ABC",3.71100516329295,0.179643488409719,0.666657913040424,300,25,135,147.95,173,199
47,"ABC",3.71100516329295,0.179643488409719,0.666657913040424,300,26,144,151.475,176,201
47,"ABC",3.71100516329295,0.179643488409719,0.666657913040424,300,27,147,154,176,202.525
47,"ABC",3.71100516329295,0.179643488409719,0.666657913040424,300,28,127,155,178,204
47,"ABC",3.71100516329295,0.179643488409719,0.666657913040424,300,29,142,155,180,205
47,"ABC",3.71100516329295,0.179643488409719,0.666657913040424,300,30,142,156.475,177,203.525
47,"ABC",3.71100516329295,0.179643488409719,0.666657913040424,300,31,146,155.475,177,205
47,"ABC",3.71100516329295,0.179643488409719,0.666657913040424,300,32,151,151,177,200.525
47,"ABC",3.71100516329295,0.179643488409719,0.666657913040424,300,33,140,148,173,200.05
47,"ABC",3.71100516329295,0.179643488409719,0.666657913040424,300,34,165,148,173,195.525
47,"ABC",3.71100516329295,0.179643488409719,0.666657913040424,300,35,142,145,167,195.525
47,"ABC",3.71100516329295,0.179643488409719,0.666657913040424,300,36,143,138.425,166,188
47,"ABC",3.71100516329295,0.179643488409719,0.666657913040424,300,37,136,141,160,181
47,"ABC",3.71100516329295,0.179643488409719,0.666657913040424,300,38,171,130.475,154,179.525
47,"ABC",3.71100516329295,0.179643488409719,0.666657913040424,300,39,142,130.475,152,176
47,"ABC",3.71100516329295,0.179643488409719,0.666657913040424,300,40,127,124,145,167
47,"ABC",3.71100516329295,0.179643488409719,0.666657913040424,300,41,137,122,142,165
47,"ABC",3.71100516329295,0.179643488409719,0.666657913040424,300,42,99,113,136,158.05
47,"ABC",3.71100516329295,0.179643488409719,0.666657913040424,300,43,113,108.475,131,155
47,"ABC",3.71100516329295,0.179643488409719,0.666657913040424,300,44,130,106.475,126,151
47,"ABC",3.71100516329295,0.179643488409719,0.666657913040424,300,45,146,101.475,121.5,145.05
47,"ABC",3.71100516329295,0.179643488409719,0.666657913040424,300,46,116,95,116,139.525
47,"ABC",3.71100516329295,0.179643488409719,0.666657913040424,300,47,104,90,109,133
47,"ABC",3.71100516329295,0.179643488409719,0.666657913040424,300,48,131,89,107,130
47,"ABC",3.71100516329295,0.179643488409719,0.666657913040424,300,49,116,84,102,124.525
47,"ABC",3.71100516329295,0.179643488409719,0.666657913040424,300,50,121,76,96,115
47,"ABC",3.71100516329295,0.179643488409719,0.666657913040424,300,51,97,74,91,110.525
47,"ABC",3.71100516329295,0.179643488409719,0.666657913040424,300,52,88,69,87,105
47,"ABC",3.71100516329295,0.179643488409719,0.666657913040424,300,53,98,65.475,84,104
47,"ABC",3.71100516329295,0.179643488409719,0.666657913040424,300,54,95,62,80,98
47,"ABC",3.71100516329295,0.179643488409719,0.666657913040424,300,55,83,57,75,95.5749999999999
47,"ABC",3.71100516329295,0.179643488409719,0.666657913040424,300,56,95,57,71,89
47,"ABC",3.71100516329295,0.179643488409719,0.666657913040424,300,57,70,51.475,67,84
47,"ABC",3.71100516329295,0.179643488409719,0.666657913040424,300,58,70,49,63,82
47,"ABC",3.71100516329295,0.179643488409719,0.666657913040424,300,59,75,47,60,77.525
47,"ABC",3.71100516329295,0.179643488409719,0.666657913040424,300,60,72,42.475,58,73.525
47,"ABC",3.71100516329295,0.179643488409719,0.666657913040424,300,61,84,40.475,54,70.525
47,"ABC",3.71100516329295,0.179643488409719,0.666657913040424,300,62,57,37.475,50.5,65
47,"ABC",3.71100516329295,0.179643488409719,0.666657913040424,300,63,81,35,49,64
47,"ABC",3.71100516329295,0.179643488409719,0.666657913040424,300,64,57,33,45,57.525
47,"ABC",3.71100516329295,0.179643488409719,0.666657913040424,300,65,55,31,43,57
47,"ABC",3.71100516329295,0.179643488409719,0.666657913040424,300,66,60,28,41.5,55.05
47,"ABC",3.71100516329295,0.179643488409719,0.666657913040424,300,67,53,25.475,38,52
47,"ABC",3.71100516329295,0.179643488409719,0.666657913040424,300,68,45,26,36,50
47,"ABC",3.71100516329295,0.179643488409719,0.666657913040424,300,69,40,22.475,34,46
47,"ABC",3.71100516329295,0.179643488409719,0.666657913040424,300,70,48,22,32,44.525
47,"ABC",3.71100516329295,0.179643488409719,0.666657913040424,300,71,43,20,30,41
47,"ABC",3.71100516329295,0.179643488409719,0.666657913040424,300,72,34,18,29,38.525
47,"ABC",3.71100516329295,0.179643488409719,0.666657913040424,300,73,41,16,27,39
47,"ABC",3.71100516329295,0.179643488409719,0.666657913040424,300,74,39,17,26,35.525
47,"ABC",3.71100516329295,0.179643488409719,0.666657913040424,300,75,30,15.475,25,35
47,"ABC",3.71100516329295,0.179643488409719,0.666657913040424,300,76,33,14,23,32.525
47,"ABC",3.71100516329295,0.179643488409719,0.666657913040424,300,77,39,13,22,31
47,"ABC",3.71100516329295,0.179643488409719,0.666657913040424,300,78,18,12,19,29
47,"ABC",3.71100516329295,0.179643488409719,0.666657913040424,300,79,30,11,19,29
47,"ABC",3.71100516329295,0.179643488409719,0.666657913040424,300,80,26,11,18,28
47,"ABC",3.71100516329295,0.179643488409719,0.666657913040424,300,81,14,10,17,27
47,"ABC",3.71100516329295,0.179643488409719,0.666657913040424,300,82,33,9,16,24
47,"ABC",3.71100516329295,0.179643488409719,0.666657913040424,300,83,20,7,15,23
47,"ABC",3.71100516329295,0.179643488409719,0.666657913040424,300,84,22,8,14,22.525
47,"ABC",3.71100516329295,0.179643488409719,0.666657913040424,300,85,27,7,13,22
47,"ABC",3.71100516329295,0.179643488409719,0.666657913040424,300,86,23,6.475,13,20
47,"ABC",3.71100516329295,0.179643488409719,0.666657913040424,300,87,22,6,12,19
47,"ABC",3.71100516329295,0.179643488409719,0.666657913040424,300,88,21,5,11,17
47,"ABC",3.71100516329295,0.179643488409719,0.666657913040424,300,89,27,5,10,16.525
47,"ABC",3.71100516329295,0.179643488409719,0.666657913040424,300,90,12,4,10,17
47,"ABC",3.71100516329295,0.179643488409719,0.666657913040424,300,91,14,4,9.5,15.525
47,"ABC",3.71100516329295,0.179643488409719,0.666657913040424,300,92,13,3,9,16
47,"ABC",3.71100516329295,0.179643488409719,0.666657913040424,300,93,6,2.475,8,14
47,"ABC",3.71100516329295,0.179643488409719,0.666657913040424,300,94,17,3,8,14
47,"ABC",3.71100516329295,0.179643488409719,0.666657913040424,300,95,10,2,7,13
47,"ABC",3.71100516329295,0.179643488409719,0.666657913040424,300,96,10,2,7,12
47,"ABC",3.71100516329295,0.179643488409719,0.666657913040424,300,97,9,2,6,12
47,"ABC",3.71100516329295,0.179643488409719,0.666657913040424,300,98,10,2,6,11
47,"ABC",3.71100516329295,0.179643488409719,0.666657913040424,300,99,6,2,6,11
47,"ABC",3.71100516329295,0.179643488409719,0.666657913040424,300,100,7,1,5,11
47,"ABC",3.71100516329295,0.179643488409719,0.666657913040424,300,101,8,1,5,10
47,"ABC",3.71100516329295,0.179643488409719,0.666657913040424,300,102,8,1,5,10
47,"ABC",3.71100516329295,0.179643488409719,0.666657913040424,300,103,10,1,4,9
47,"ABC",3.71100516329295,0.179643488409719,0.666657913040424,300,104,11,1,4,9
47,"ABC",3.71100516329295,0.179643488409719,0.666657913040424,300,105,6,0,4,9
47,"ABC",3.71100516329295,0.179643488409719,0.666657913040424,300,106,5,0.475000000000001,3,8
47,"ABC",3.71100516329295,0.179643488409719,0.666657913040424,300,107,7,0.475000000000001,4,7
47,"ABC",3.71100516329295,0.179643488409719,0.666657913040424,300,108,11,0.475000000000001,3,7
47,"ABC",3.71100516329295,0.179643488409719,0.666657913040424,300,109,8,0,3,7
47,"ABC",3.71100516329295,0.179643488409719,0.666657913040424,300,110,6,0,3,6
47,"ABC",3.71100516329295,0.179643488409719,0.666657913040424,300,111,5,0,3,6.52499999999998
47,"ABC",3.71100516329295,0.179643488409719,0.666657913040424,300,112,9,0,2,6
47,"ABC",3.71100516329295,0.179643488409719,0.666657913040424,300,113,2,0,2,6
47,"ABC",3.71100516329295,0.179643488409719,0.666657913040424,300,114,2,0,2,5
47,"ABC",3.71100516329295,0.179643488409719,0.666657913040424,300,115,3,0,2,6
47,"ABC",3.71100516329295,0.179643488409719,0.666657913040424,300,116,2,0,2,5
47,"ABC",3.71100516329295,0.179643488409719,0.666657913040424,300,117,2,0,2,4.52499999999998
47,"ABC",3.71100516329295,0.179643488409719,0.666657913040424,300,118,8,0,2,5
47,"ABC",3.71100516329295,0.179643488409719,0.666657913040424,300,119,3,0,1,5
47,"ABC",3.71100516329295,0.179643488409719,0.666657913040424,300,120,2,0,2,4
47,"ABC",3.71100516329295,0.179643488409719,0.666657913040424,300,121,4,0,1,4
47,"ABC",3.71100516329295,0.179643488409719,0.666657913040424,300,122,0,0,1,4
47,"ABC",3.71100516329295,0.179643488409719,0.666657913040424,300,123,3,0,1,4
47,"ABC",3.71100516329295,0.179643488409719,0.666657913040424,300,124,2,0,1,4
47,"ABC",3.71100516329295,0.179643488409719,0.666657913040424,300,125,2,0,1,4
47,"ABC",3.71100516329295,0.179643488409719,0.666657913040424,300,126,0,0,1,3
47,"ABC",3.71100516329295,0.179643488409719,0.666657913040424,300,127,5,0,1,4
47,"ABC",3.71100516329295,0.179643488409719,0.666657913040424,300,128,0,0,1,3.52499999999998
47,"ABC",3.71100516329295,0.179643488409719,0.666657913040424,300,129,3,0,1,3
47,"ABC",3.71100516329295,0.179643488409719,0.666657913040424,300,130,1,0,1,3
47,"ABC",3.71100516329295,0.179643488409719,0.666657913040424,300,131,1,0,1,3
47,"ABC",3.71100516329295,0.179643488409719,0.666657913040424,300,132,1,0,1,3
47,"ABC",3.71100516329295,0.179643488409719,0.666657913040424,300,133,2,0,0,2
47,"ABC",3.71100516329295,0.179643488409719,0.666657913040424,300,134,1,0,1,3
47,"ABC",3.71100516329295,0.179643488409719,0.666657913040424,300,135,0,0,0,3
47,"ABC",3.71100516329295,0.179643488409719,0.666657913040424,300,136,1,0,0,2
47,"ABC",3.71100516329295,0.179643488409719,0.666657913040424,300,137,0,0,0,2.52499999999998
47,"ABC",3.71100516329295,0.179643488409719,0.666657913040424,300,138,0,0,0,2.52499999999998
47,"ABC",3.71100516329295,0.179643488409719,0.666657913040424,300,139,1,0,0,2
47,"ABC",3.71100516329295,0.179643488409719,0.666657913040424,300,140,1,0,0,2
47,"ABC",3.71100516329295,0.179643488409719,0.666657913040424,300,141,1,0,0,2
47,"ABC",3.71100516329295,0.179643488409719,0.666657913040424,300,142,0,0,0,2
47,"ABC",3.71100516329295,0.179643488409719,0.666657913040424,300,143,1,0,0,2
47,"ABC",3.71100516329295,0.179643488409719,0.666657913040424,300,144,1,0,0,2
47,"ABC",3.71100516329295,0.179643488409719,0.666657913040424,300,145,0,0,0,2
47,"ABC",3.71100516329295,0.179643488409719,0.666657913040424,300,146,2,0,0,2
47,"ABC",3.71100516329295,0.179643488409719,0.666657913040424,300,147,0,0,0,2
47,"ABC",3.71100516329295,0.179643488409719,0.666657913040424,300,148,0,0,0,1.52499999999998
47,"ABC",3.71100516329295,0.179643488409719,0.666657913040424,300,149,2,0,0,2
47,"ABC",3.71100516329295,0.179643488409719,0.666657913040424,300,150,1,0,0,1.52499999999998
47,"ABC",3.71100516329295,0.179643488409719,0.666657913040424,300,151,1,0,0,2
47,"ABC",3.71100516329295,0.179643488409719,0.666657913040424,300,152,0,0,0,1
47,"ABC",3.71100516329295,0.179643488409719,0.666657913040424,300,153,0,0,0,1
47,"ABC",3.71100516329295,0.179643488409719,0.666657913040424,300,154,1,0,0,1
47,"ABC",3.71100516329295,0.179643488409719,0.666657913040424,300,155,0,0,0,1
47,"ABC",3.71100516329295,0.179643488409719,0.666657913040424,300,156,0,0,0,1
47,"ABC",3.71100516329295,0.179643488409719,0.666657913040424,300,157,0,0,0,1
47,"ABC",3.71100516329295,0.179643488409719,0.666657913040424,300,158,0,0,0,1
47,"ABC",3.71100516329295,0.179643488409719,0.666657913040424,300,159,0,0,0,1
47,"ABC",3.71100516329295,0.179643488409719,0.666657913040424,300,160,0,0,0,1
47,"ABC",3.71100516329295,0.179643488409719,0.666657913040424,300,161,1,0,0,1
47,"ABC",3.71100516329295,0.179643488409719,0.666657913040424,300,162,0,0,0,1
47,"ABC",3.71100516329295,0.179643488409719,0.666657913040424,300,163,1,0,0,1
47,"ABC",3.71100516329295,0.179643488409719,0.666657913040424,300,164,2,0,0,1
47,"ABC",3.71100516329295,0.179643488409719,0.666657913040424,300,165,0,0,0,1
47,"ABC",3.71100516329295,0.179643488409719,0.666657913040424,300,166,1,0,0,1
47,"ABC",3.71100516329295,0.179643488409719,0.666657913040424,300,167,0,0,0,1
47,"ABC",3.71100516329295,0.179643488409719,0.666657913040424,300,168,0,0,0,1
47,"ABC",3.71100516329295,0.179643488409719,0.666657913040424,300,169,0,0,0,1
47,"ABC",3.71100516329295,0.179643488409719,0.666657913040424,300,170,0,0,0,1
47,"ABC",3.71100516329295,0.179643488409719,0.666657913040424,300,171,0,0,0,1
47,"ABC",3.71100516329295,0.179643488409719,0.666657913040424,300,172,1,0,0,1
47,"ABC",3.71100516329295,0.179643488409719,0.666657913040424,300,173,0,0,0,1
47,"ABC",3.71100516329295,0.179643488409719,0.666657913040424,300,174,0,0,0,1
47,"ABC",3.71100516329295,0.179643488409719,0.666657913040424,300,175,0,0,0,1
47,"ABC",3.71100516329295,0.179643488409719,0.666657913040424,300,176,0,0,0,1
47,"ABC",3.71100516329295,0.179643488409719,0.666657913040424,300,177,0,0,0,1
47,"ABC",3.71100516329295,0.179643488409719,0.666657913040424,300,178,0,0,0,1
47,"ABC",3.71100516329295,0.179643488409719,0.666657913040424,300,179,1,0,0,1
47,"ABC",3.71100516329295,0.179643488409719,0.666657913040424,300,180,0,0,0,1
47,"ABC",3.71100516329295,0.179643488409719,0.666657913040424,300,181,0,0,0,1
47,"ABC",3.71100516329295,0.179643488409719,0.666657913040424,300,182,0,0,0,1
47,"ABC",3.71100516329295,0.179643488409719,0.666657913040424,300,183,0,0,0,1
47,"ABC",3.71100516329295,0.179643488409719,0.666657913040424,300,184,1,0,0,1
47,"ABC",3.71100516329295,0.179643488409719,0.666657913040424,300,185,0,0,0,1
47,"ABC",3.71100516329295,0.179643488409719,0.666657913040424,300,186,0,0,0,1
47,"ABC",3.71100516329295,0.179643488409719,0.666657913040424,300,187,0,0,0,0
47,"ABC",3.71100516329295,0.179643488409719,0.666657913040424,300,188,0,0,0,0
47,"ABC",3.71100516329295,0.179643488409719,0.666657913040424,300,189,0,0,0,0
47,"ABC",3.71100516329295,0.179643488409719,0.666657913040424,300,190,0,0,0,0
47,"ABC",3.71100516329295,0.179643488409719,0.666657913040424,300,191,0,0,0,0
47,"ABC",3.71100516329295,0.179643488409719,0.666657913040424,300,192,0,0,0,1
47,"ABC",3.71100516329295,0.179643488409719,0.666657913040424,300,193,1,0,0,0
47,"ABC",3.71100516329295,0.179643488409719,0.666657913040424,300,194,0,0,0,0
47,"ABC",3.71100516329295,0.179643488409719,0.666657913040424,300,195,0,0,0,0
47,"ABC",3.71100516329295,0.179643488409719,0.666657913040424,300,196,0,0,0,0
47,"ABC",3.71100516329295,0.179643488409719,0.666657913040424,300,197,0,0,0,0
47,"ABC",3.71100516329295,0.179643488409719,0.666657913040424,300,198,0,0,0,0
47,"ABC",3.71100516329295,0.179643488409719,0.666657913040424,300,199,0,0,0,0
47,"ABC",3.71100516329295,0.179643488409719,0.666657913040424,300,200,0,0,0,0
47,"ABC",3.71100516329295,0.179643488409719,0.666657913040424,300,201,0,0,0,0
47,"ABC",3.71100516329295,0.179643488409719,0.666657913040424,300,202,0,0,0,0
47,"ABC",3.71100516329295,0.179643488409719,0.666657913040424,300,203,0,0,0,0
47,"ABC",3.71100516329295,0.179643488409719,0.666657913040424,300,204,0,0,0,0
47,"ABC",3.71100516329295,0.179643488409719,0.666657913040424,300,205,0,0,0,0
47,"ABC",3.71100516329295,0.179643488409719,0.666657913040424,300,206,0,0,0,0
47,"ABC",3.71100516329295,0.179643488409719,0.666657913040424,300,207,0,0,0,0
47,"ABC",3.71100516329295,0.179643488409719,0.666657913040424,300,208,1,0,0,0
47,"ABC",3.71100516329295,0.179643488409719,0.666657913040424,300,209,0,0,0,0
47,"ABC",3.71100516329295,0.179643488409719,0.666657913040424,300,210,0,0,0,0
47,"ABC",3.71100516329295,0.179643488409719,0.666657913040424,300,211,0,0,0,0
47,"ABC",3.71100516329295,0.179643488409719,0.666657913040424,300,212,0,0,0,0
47,"ABC",3.71100516329295,0.179643488409719,0.666657913040424,300,213,0,0,0,0
47,"ABC",3.71100516329295,0.179643488409719,0.666657913040424,300,214,0,0,0,0
47,"ABC",3.71100516329295,0.179643488409719,0.666657913040424,300,215,0,0,0,0
47,"ABC",3.71100516329295,0.179643488409719,0.666657913040424,300,216,0,0,0,0
47,"ABC",3.71100516329295,0.179643488409719,0.666657913040424,300,217,0,0,0,0
47,"ABC",3.71100516329295,0.179643488409719,0.666657913040424,300,218,0,0,0,0
47,"ABC",3.71100516329295,0.179643488409719,0.666657913040424,300,219,0,0,0,0
47,"ABC",3.71100516329295,0.179643488409719,0.666657913040424,300,220,0,0,0,0
47,"ABC",3.71100516329295,0.179643488409719,0.666657913040424,300,221,0,0,0,0
47,"ABC",3.71100516329295,0.179643488409719,0.666657913040424,300,222,0,0,0,0
47,"ABC",3.71100516329295,0.179643488409719,0.666657913040424,300,223,0,0,0,0
47,"ABC",3.71100516329295,0.179643488409719,0.666657913040424,300,224,0,0,0,0
47,"ABC",3.71100516329295,0.179643488409719,0.666657913040424,300,225,0,0,0,0
47,"ABC",3.71100516329295,0.179643488409719,0.666657913040424,300,226,0,0,0,0
47,"ABC",3.71100516329295,0.179643488409719,0.666657913040424,300,227,0,0,0,0
47,"ABC",3.71100516329295,0.179643488409719,0.666657913040424,300,228,0,0,0,0
47,"ABC",3.71100516329295,0.179643488409719,0.666657913040424,300,229,0,0,0,0
47,"ABC",3.71100516329295,0.179643488409719,0.666657913040424,300,230,0,0,0,0
47,"ABC",3.71100516329295,0.179643488409719,0.666657913040424,300,231,0,0,0,0
47,"ABC",3.71100516329295,0.179643488409719,0.666657913040424,300,232,0,0,0,0
47,"ABC",3.71100516329295,0.179643488409719,0.666657913040424,300,233,0,0,0,0
47,"ABC",3.71100516329295,0.179643488409719,0.666657913040424,300,234,0,0,0,0
47,"ABC",3.71100516329295,0.179643488409719,0.666657913040424,300,235,0,0,0,0
47,"ABC",3.71100516329295,0.179643488409719,0.666657913040424,300,236,0,0,0,0
47,"ABC",3.71100516329295,0.179643488409719,0.666657913040424,300,237,0,0,0,0
47,"ABC",3.71100516329295,0.179643488409719,0.666657913040424,300,238,0,0,0,0
47,"ABC",3.71100516329295,0.179643488409719,0.666657913040424,300,239,0,0,0,0
47,"ABC",3.71100516329295,0.179643488409719,0.666657913040424,300,240,0,0,0,0
47,"ABC",3.71100516329295,0.179643488409719,0.666657913040424,300,241,0,0,0,0
47,"ABC",3.71100516329295,0.179643488409719,0.666657913040424,300,242,0,0,0,0
47,"ABC",3.71100516329295,0.179643488409719,0.666657913040424,300,243,0,0,0,0
47,"ABC",3.71100516329295,0.179643488409719,0.666657913040424,300,244,0,0,0,0
47,"ABC",3.71100516329295,0.179643488409719,0.666657913040424,300,245,0,0,0,0
47,"ABC",3.71100516329295,0.179643488409719,0.666657913040424,300,246,0,0,0,0
47,"ABC",3.71100516329295,0.179643488409719,0.666657913040424,300,247,0,0,0,0
47,"ABC",3.71100516329295,0.179643488409719,0.666657913040424,300,248,0,0,0,0
47,"ABC",3.71100516329295,0.179643488409719,0.666657913040424,300,249,0,0,0,0
47,"ABC",3.71100516329295,0.179643488409719,0.666657913040424,300,250,0,0,0,0
47,"ABC",3.71100516329295,0.179643488409719,0.666657913040424,300,251,0,0,0,0
47,"ABC",3.71100516329295,0.179643488409719,0.666657913040424,300,252,0,0,0,0
47,"ABC",3.71100516329295,0.179643488409719,0.666657913040424,300,253,0,0,0,0
47,"ABC",3.71100516329295,0.179643488409719,0.666657913040424,300,254,0,0,0,0
47,"ABC",3.71100516329295,0.179643488409719,0.666657913040424,300,255,0,0,0,0
47,"ABC",3.71100516329295,0.179643488409719,0.666657913040424,300,256,0,0,0,0
47,"ABC",3.71100516329295,0.179643488409719,0.666657913040424,300,257,0,0,0,0
47,"ABC",3.71100516329295,0.179643488409719,0.666657913040424,300,258,0,0,0,0
47,"ABC",3.71100516329295,0.179643488409719,0.666657913040424,300,259,0,0,0,0
47,"ABC",3.71100516329295,0.179643488409719,0.666657913040424,300,260,0,0,0,0
47,"ABC",3.71100516329295,0.179643488409719,0.666657913040424,300,261,0,0,0,0
47,"ABC",3.71100516329295,0.179643488409719,0.666657913040424,300,262,0,0,0,0
47,"ABC",3.71100516329295,0.179643488409719,0.666657913040424,300,263,0,0,0,0
47,"ABC",3.71100516329295,0.179643488409719,0.666657913040424,300,264,0,0,0,0
47,"ABC",3.71100516329295,0.179643488409719,0.666657913040424,300,265,0,0,0,0
47,"ABC",3.71100516329295,0.179643488409719,0.666657913040424,300,266,0,0,0,0
47,"ABC",3.71100516329295,0.179643488409719,0.666657913040424,300,267,0,0,0,0
47,"ABC",3.71100516329295,0.179643488409719,0.666657913040424,300,268,0,0,0,0
47,"ABC",3.71100516329295,0.179643488409719,0.666657913040424,300,269,0,0,0,0
47,"ABC",3.71100516329295,0.179643488409719,0.666657913040424,300,270,0,0,0,0
47,"ABC",3.71100516329295,0.179643488409719,0.666657913040424,300,271,0,0,0,0
47,"ABC",3.71100516329295,0.179643488409719,0.666657913040424,300,272,0,0,0,0
47,"ABC",3.71100516329295,0.179643488409719,0.666657913040424,300,273,0,0,0,0
47,"ABC",3.71100516329295,0.179643488409719,0.666657913040424,300,274,0,0,0,0
47,"ABC",3.71100516329295,0.179643488409719,0.666657913040424,300,275,0,0,0,0
47,"ABC",3.71100516329295,0.179643488409719,0.666657913040424,300,276,0,0,0,0
47,"ABC",3.71100516329295,0.179643488409719,0.666657913040424,300,277,0,0,0,0
47,"ABC",3.71100516329295,0.179643488409719,0.666657913040424,300,278,0,0,0,0
47,"ABC",3.71100516329295,0.179643488409719,0.666657913040424,300,279,0,0,0,0
47,"ABC",3.71100516329295,0.179643488409719,0.666657913040424,300,280,0,0,0,0
47,"ABC",3.71100516329295,0.179643488409719,0.666657913040424,300,281,0,0,0,0
47,"ABC",3.71100516329295,0.179643488409719,0.666657913040424,300,282,0,0,0,0
47,"ABC",3.71100516329295,0.179643488409719,0.666657913040424,300,283,0,0,0,0
47,"ABC",3.71100516329295,0.179643488409719,0.666657913040424,300,284,0,0,0,0
47,"ABC",3.71100516329295,0.179643488409719,0.666657913040424,300,285,0,0,0,0
47,"ABC",3.71100516329295,0.179643488409719,0.666657913040424,300,286,0,0,0,0
47,"ABC",3.71100516329295,0.179643488409719,0.666657913040424,300,287,0,0,0,0
47,"ABC",3.71100516329295,0.179643488409719,0.666657913040424,300,288,0,0,0,0
47,"ABC",3.71100516329295,0.179643488409719,0.666657913040424,300,289,0,0,0,0
47,"ABC",3.71100516329295,0.179643488409719,0.666657913040424,300,290,0,0,0,0
47,"ABC",3.71100516329295,0.179643488409719,0.666657913040424,300,291,0,0,0,0
47,"ABC",3.71100516329295,0.179643488409719,0.666657913040424,300,292,0,0,0,0
47,"ABC",3.71100516329295,0.179643488409719,0.666657913040424,300,293,0,0,0,0
47,"ABC",3.71100516329295,0.179643488409719,0.666657913040424,300,294,0,0,0,0
47,"ABC",3.71100516329295,0.179643488409719,0.666657913040424,300,295,0,0,0,0
47,"ABC",3.71100516329295,0.179643488409719,0.666657913040424,300,296,0,0,0,0
47,"ABC",3.71100516329295,0.179643488409719,0.666657913040424,300,297,0,0,0,0
47,"ABC",3.71100516329295,0.179643488409719,0.666657913040424,300,298,0,0,0,0
47,"ABC",3.71100516329295,0.179643488409719,0.666657913040424,300,299,0,0,0,0
47,"ABC",3.71100516329295,0.179643488409719,0.666657913040424,300,300,0,0,0,0
47,"ABC",3.71100516329295,0.179643488409719,0.666657913040424,300,301,0,0,0,0
47,"ABC",3.71100516329295,0.179643488409719,0.666657913040424,300,302,0,0,0,0
47,"ABC",3.71100516329295,0.179643488409719,0.666657913040424,300,303,0,0,0,0
47,"ABC",3.71100516329295,0.179643488409719,0.666657913040424,300,304,0,0,0,0
47,"ABC",3.71100516329295,0.179643488409719,0.666657913040424,300,305,0,0,0,0
47,"ABC",3.71100516329295,0.179643488409719,0.666657913040424,300,306,0,0,0,0
47,"ABC",3.71100516329295,0.179643488409719,0.666657913040424,300,307,0,0,0,0
47,"ABC",3.71100516329295,0.179643488409719,0.666657913040424,300,308,0,0,0,0
47,"ABC",3.71100516329295,0.179643488409719,0.666657913040424,300,309,0,0,0,0
47,"ABC",3.71100516329295,0.179643488409719,0.666657913040424,300,310,0,0,0,0
47,"ABC",3.71100516329295,0.179643488409719,0.666657913040424,300,311,0,0,0,0
47,"ABC",3.71100516329295,0.179643488409719,0.666657913040424,300,312,0,0,0,0
47,"ABC",3.71100516329295,0.179643488409719,0.666657913040424,300,313,0,0,0,0
47,"ABC",3.71100516329295,0.179643488409719,0.666657913040424,300,314,0,0,0,0
47,"ABC",3.71100516329295,0.179643488409719,0.666657913040424,300,315,0,0,0,0
47,"ABC",3.71100516329295,0.179643488409719,0.666657913040424,300,316,0,0,0,0
47,"ABC",3.71100516329295,0.179643488409719,0.666657913040424,300,317,0,0,0,0
47,"ABC",3.71100516329295,0.179643488409719,0.666657913040424,300,318,0,0,0,0
47,"ABC",3.71100516329295,0.179643488409719,0.666657913040424,300,319,0,0,0,0
47,"ABC",3.71100516329295,0.179643488409719,0.666657913040424,300,320,0,0,0,0
47,"ABC",3.71100516329295,0.179643488409719,0.666657913040424,300,321,0,0,0,0
47,"ABC",3.71100516329295,0.179643488409719,0.666657913040424,300,322,0,0,0,0
47,"ABC",3.71100516329295,0.179643488409719,0.666657913040424,300,323,0,0,0,0
47,"ABC",3.71100516329295,0.179643488409719,0.666657913040424,300,324,0,0,0,0
47,"ABC",3.71100516329295,0.179643488409719,0.666657913040424,300,325,0,0,0,0
47,"ABC",3.71100516329295,0.179643488409719,0.666657913040424,300,326,0,0,0,0
47,"ABC",3.71100516329295,0.179643488409719,0.666657913040424,300,327,0,0,0,0
47,"ABC",3.71100516329295,0.179643488409719,0.666657913040424,300,328,0,0,0,0
47,"ABC",3.71100516329295,0.179643488409719,0.666657913040424,300,329,0,0,0,0
47,"ABC",3.71100516329295,0.179643488409719,0.666657913040424,300,330,0,0,0,0
47,"ABC",3.71100516329295,0.179643488409719,0.666657913040424,300,331,0,0,0,0
47,"ABC",3.71100516329295,0.179643488409719,0.666657913040424,300,332,0,0,0,0
47,"ABC",3.71100516329295,0.179643488409719,0.666657913040424,300,333,0,0,0,0
47,"ABC",3.71100516329295,0.179643488409719,0.666657913040424,300,334,0,0,0,0
47,"ABC",3.71100516329295,0.179643488409719,0.666657913040424,300,335,0,0,0,0
47,"ABC",3.71100516329295,0.179643488409719,0.666657913040424,300,336,0,0,0,0
47,"ABC",3.71100516329295,0.179643488409719,0.666657913040424,300,337,0,0,0,0
47,"ABC",3.71100516329295,0.179643488409719,0.666657913040424,300,338,0,0,0,0
47,"ABC",3.71100516329295,0.179643488409719,0.666657913040424,300,339,0,0,0,0
47,"ABC",3.71100516329295,0.179643488409719,0.666657913040424,300,340,0,0,0,0
47,"ABC",3.71100516329295,0.179643488409719,0.666657913040424,300,341,0,0,0,0
47,"ABC",3.71100516329295,0.179643488409719,0.666657913040424,300,342,0,0,0,0
47,"ABC",3.71100516329295,0.179643488409719,0.666657913040424,300,343,0,0,0,0
47,"ABC",3.71100516329295,0.179643488409719,0.666657913040424,300,344,0,0,0,0
47,"ABC",3.71100516329295,0.179643488409719,0.666657913040424,300,345,0,0,0,0
47,"ABC",3.71100516329295,0.179643488409719,0.666657913040424,300,346,0,0,0,0
47,"ABC",3.71100516329295,0.179643488409719,0.666657913040424,300,347,0,0,0,0
47,"ABC",3.71100516329295,0.179643488409719,0.666657913040424,300,348,0,0,0,0
47,"ABC",3.71100516329295,0.179643488409719,0.666657913040424,300,349,0,0,0,0
47,"ABC",3.71100516329295,0.179643488409719,0.666657913040424,300,350,0,0,0,0
47,"ABC",3.71100516329295,0.179643488409719,0.666657913040424,300,351,0,0,0,0
47,"ABC",3.71100516329295,0.179643488409719,0.666657913040424,300,352,0,0,0,0
47,"ABC",3.71100516329295,0.179643488409719,0.666657913040424,300,353,0,0,0,0
47,"ABC",3.71100516329295,0.179643488409719,0.666657913040424,300,354,0,0,0,0
47,"ABC",3.71100516329295,0.179643488409719,0.666657913040424,300,355,0,0,0,0
47,"ABC",3.71100516329295,0.179643488409719,0.666657913040424,300,356,0,0,0,0
47,"ABC",3.71100516329295,0.179643488409719,0.666657913040424,300,357,0,0,0,0
47,"ABC",3.71100516329295,0.179643488409719,0.666657913040424,300,358,0,0,0,0
47,"ABC",3.71100516329295,0.179643488409719,0.666657913040424,300,359,0,0,0,0
47,"ABC",3.71100516329295,0.179643488409719,0.666657913040424,300,360,0,0,0,0
47,"ABC",3.71100516329295,0.179643488409719,0.666657913040424,300,361,0,0,0,0
47,"ABC",3.71100516329295,0.179643488409719,0.666657913040424,300,362,0,0,0,0
47,"ABC",3.71100516329295,0.179643488409719,0.666657913040424,300,363,0,0,0,0
47,"ABC",3.71100516329295,0.179643488409719,0.666657913040424,300,364,0,0,0,0
47,"ABC",3.71100516329295,0.179643488409719,0.666657913040424,300,365,0,0,0,0
47,"ABC-SMC",4.83152790613115,0.108459503348369,0.52402511711277,300,1,77,52,69,83
47,"ABC-SMC",4.83152790613115,0.108459503348369,0.52402511711277,300,2,74,50.475,65,82
47,"ABC-SMC",4.83152790613115,0.108459503348369,0.52402511711277,300,3,58,48,63,77.525
47,"ABC-SMC",4.83152790613115,0.108459503348369,0.52402511711277,300,4,65,49,62,77.525
47,"ABC-SMC",4.83152790613115,0.108459503348369,0.52402511711277,300,5,66,49,62,79
47,"ABC-SMC",4.83152790613115,0.108459503348369,0.52402511711277,300,6,73,51,64,79.525
47,"ABC-SMC",4.83152790613115,0.108459503348369,0.52402511711277,300,7,81,52,67,85.525
47,"ABC-SMC",4.83152790613115,0.108459503348369,0.52402511711277,300,8,56,52.475,71,88
47,"ABC-SMC",4.83152790613115,0.108459503348369,0.52402511711277,300,9,64,57,72,90.525
47,"ABC-SMC",4.83152790613115,0.108459503348369,0.52402511711277,300,10,90,61.475,76,95
47,"ABC-SMC",4.83152790613115,0.108459503348369,0.52402511711277,300,11,72,66.475,82,100.525
47,"ABC-SMC",4.83152790613115,0.108459503348369,0.52402511711277,300,12,84,70,83,103
47,"ABC-SMC",4.83152790613115,0.108459503348369,0.52402511711277,300,13,93,74,89,106.525
47,"ABC-SMC",4.83152790613115,0.108459503348369,0.52402511711277,300,14,111,76,94,115
47,"ABC-SMC",4.83152790613115,0.108459503348369,0.52402511711277,300,15,108,81,98,120.525
47,"ABC-SMC",4.83152790613115,0.108459503348369,0.52402511711277,300,16,94,82.95,103,124.525
47,"ABC-SMC",4.83152790613115,0.108459503348369,0.52402511711277,300,17,96,89.475,108,128
47,"ABC-SMC",4.83152790613115,0.108459503348369,0.52402511711277,300,18,125,92,111,131
47,"ABC-SMC",4.83152790613115,0.108459503348369,0.52402511711277,300,19,117,96,116,135
47,"ABC-SMC",4.83152790613115,0.108459503348369,0.52402511711277,300,20,122,98.475,119,143.525
47,"ABC-SMC",4.83152790613115,0.108459503348369,0.52402511711277,300,21,126,103.475,123,142
47,"ABC-SMC",4.83152790613115,0.108459503348369,0.52402511711277,300,22,135,107,127,152
47,"ABC-SMC",4.83152790613115,0.108459503348369,0.52402511711277,300,23,136,111,130,152
47,"ABC-SMC",4.83152790613115,0.108459503348369,0.52402511711277,300,24,151,112,133,156
47,"ABC-SMC",4.83152790613115,0.108459503348369,0.52402511711277,300,25,135,112.475,138,161.05
47,"ABC-SMC",4.83152790613115,0.108459503348369,0.52402511711277,300,26,144,119.95,139,165
47,"ABC-SMC",4.83152790613115,0.108459503348369,0.52402511711277,300,27,147,124,142,168.575
47,"ABC-SMC",4.83152790613115,0.108459503348369,0.52402511711277,300,28,127,119,143,166.525
47,"ABC-SMC",4.83152790613115,0.108459503348369,0.52402511711277,300,29,142,124.475,146,170
47,"ABC-SMC",4.83152790613115,0.108459503348369,0.52402511711277,300,30,142,127,147,173
47,"ABC-SMC",4.83152790613115,0.108459503348369,0.52402511711277,300,31,146,127,149,172.05
47,"ABC-SMC",4.83152790613115,0.108459503348369,0.52402511711277,300,32,151,125.475,148,173.525
47,"ABC-SMC",4.83152790613115,0.108459503348369,0.52402511711277,300,33,140,126,148,175.05
47,"ABC-SMC",4.83152790613115,0.108459503348369,0.52402511711277,300,34,165,124.475,146,172
47,"ABC-SMC",4.83152790613115,0.108459503348369,0.52402511711277,300,35,142,123.95,149,172
47,"ABC-SMC",4.83152790613115,0.108459503348369,0.52402511711277,300,36,143,125,146,167.525
47,"ABC-SMC",4.83152790613115,0.108459503348369,0.52402511711277,300,37,136,124.475,147,169.05
47,"ABC-SMC",4.83152790613115,0.108459503348369,0.52402511711277,300,38,171,120,142.5,162.525
47,"ABC-SMC",4.83152790613115,0.108459503348369,0.52402511711277,300,39,142,120,141,163
47,"ABC-SMC",4.83152790613115,0.108459503348369,0.52402511711277,300,40,127,117,138.5,163
47,"ABC-SMC",4.83152790613115,0.108459503348369,0.52402511711277,300,41,137,115,136,157
47,"ABC-SMC",4.83152790613115,0.108459503348369,0.52402511711277,300,42,99,111.95,132.5,155
47,"ABC-SMC",4.83152790613115,0.108459503348369,0.52402511711277,300,43,113,111,131,152.05
47,"ABC-SMC",4.83152790613115,0.108459503348369,0.52402511711277,300,44,130,106.475,129,152
47,"ABC-SMC",4.83152790613115,0.108459503348369,0.52402511711277,300,45,146,103.425,123,143.525
47,"ABC-SMC",4.83152790613115,0.108459503348369,0.52402511711277,300,46,116,102,121,144
47,"ABC-SMC",4.83152790613115,0.108459503348369,0.52402511711277,300,47,104,97,117,137
47,"ABC-SMC",4.83152790613115,0.108459503348369,0.52402511711277,300,48,131,95.475,114,136
47,"ABC-SMC",4.83152790613115,0.108459503348369,0.52402511711277,300,49,116,89.475,110,132.525
47,"ABC-SMC",4.83152790613115,0.108459503348369,0.52402511711277,300,50,121,88.475,107,128.525
47,"ABC-SMC",4.83152790613115,0.108459503348369,0.52402511711277,300,51,97,84.475,103,125
47,"ABC-SMC",4.83152790613115,0.108459503348369,0.52402511711277,300,52,88,80.475,99,118.525
47,"ABC-SMC",4.83152790613115,0.108459503348369,0.52402511711277,300,53,98,76,95,117.525
47,"ABC-SMC",4.83152790613115,0.108459503348369,0.52402511711277,300,54,95,74.475,92,112.05
47,"ABC-SMC",4.83152790613115,0.108459503348369,0.52402511711277,300,55,83,71,88.5,109.525
47,"ABC-SMC",4.83152790613115,0.108459503348369,0.52402511711277,300,56,95,68,85,107.525
47,"ABC-SMC",4.83152790613115,0.108459503348369,0.52402511711277,300,57,70,62,83,100.525
47,"ABC-SMC",4.83152790613115,0.108459503348369,0.52402511711277,300,58,70,63.475,79,98.525
47,"ABC-SMC",4.83152790613115,0.108459503348369,0.52402511711277,300,59,75,59.475,77,93.525
47,"ABC-SMC",4.83152790613115,0.108459503348369,0.52402511711277,300,60,72,58,73,92.525
47,"ABC-SMC",4.83152790613115,0.108459503348369,0.52402511711277,300,61,84,53,69,84.525
47,"ABC-SMC",4.83152790613115,0.108459503348369,0.52402511711277,300,62,57,52,65,83.525
47,"ABC-SMC",4.83152790613115,0.108459503348369,0.52402511711277,300,63,81,49,62,79
47,"ABC-SMC",4.83152790613115,0.108459503348369,0.52402511711277,300,64,57,48,60,78
47,"ABC-SMC",4.83152790613115,0.108459503348369,0.52402511711277,300,65,55,45,57,73
47,"ABC-SMC",4.83152790613115,0.108459503348369,0.52402511711277,300,66,60,42,54,69
47,"ABC-SMC",4.83152790613115,0.108459503348369,0.52402511711277,300,67,53,38,53,66.525
47,"ABC-SMC",4.83152790613115,0.108459503348369,0.52402511711277,300,68,45,36.475,49,63
47,"ABC-SMC",4.83152790613115,0.108459503348369,0.52402511711277,300,69,40,33,48,61
47,"ABC-SMC",4.83152790613115,0.108459503348369,0.52402511711277,300,70,48,33,45,57
47,"ABC-SMC",4.83152790613115,0.108459503348369,0.52402511711277,300,71,43,30,44,59
47,"ABC-SMC",4.83152790613115,0.108459503348369,0.52402511711277,300,72,34,30,42,53.525
47,"ABC-SMC",4.83152790613115,0.108459503348369,0.52402511711277,300,73,41,29,40,50
47,"ABC-SMC",4.83152790613115,0.108459503348369,0.52402511711277,300,74,39,25,37,49
47,"ABC-SMC",4.83152790613115,0.108459503348369,0.52402511711277,300,75,30,24,36,49
47,"ABC-SMC",4.83152790613115,0.108459503348369,0.52402511711277,300,76,33,23.475,33,45
47,"ABC-SMC",4.83152790613115,0.108459503348369,0.52402511711277,300,77,39,21,32,42
47,"ABC-SMC",4.83152790613115,0.108459503348369,0.52402511711277,300,78,18,19.475,31,42
47,"ABC-SMC",4.83152790613115,0.108459503348369,0.52402511711277,300,79,30,18,29,40
47,"ABC-SMC",4.83152790613115,0.108459503348369,0.52402511711277,300,80,26,18,28,39
47,"ABC-SMC",4.83152790613115,0.108459503348369,0.52402511711277,300,81,14,16,26,36.525
47,"ABC-SMC",4.83152790613115,0.108459503348369,0.52402511711277,300,82,33,15,25,35
47,"ABC-SMC",4.83152790613115,0.108459503348369,0.52402511711277,300,83,20,14,24,36
47,"ABC-SMC",4.83152790613115,0.108459503348369,0.52402511711277,300,84,22,14,22,31
47,"ABC-SMC",4.83152790613115,0.108459503348369,0.52402511711277,300,85,27,13,21,30.525
47,"ABC-SMC",4.83152790613115,0.108459503348369,0.52402511711277,300,86,23,11,20,29
47,"ABC-SMC",4.83152790613115,0.108459503348369,0.52402511711277,300,87,22,11,19,27.525
47,"ABC-SMC",4.83152790613115,0.108459503348369,0.52402511711277,300,88,21,10,18,27
47,"ABC-SMC",4.83152790613115,0.108459503348369,0.52402511711277,300,89,27,9.475,17,27
47,"ABC-SMC",4.83152790613115,0.108459503348369,0.52402511711277,300,90,12,9,16,24.525
47,"ABC-SMC",4.83152790613115,0.108459503348369,0.52402511711277,300,91,14,8.475,15,24
47,"ABC-SMC",4.83152790613115,0.108459503348369,0.52402511711277,300,92,13,7,14,22
47,"ABC-SMC",4.83152790613115,0.108459503348369,0.52402511711277,300,93,6,7,14,21.525
47,"ABC-SMC",4.83152790613115,0.108459503348369,0.52402511711277,300,94,17,7,13,20
47,"ABC-SMC",4.83152790613115,0.108459503348369,0.52402511711277,300,95,10,6,12,20
47,"ABC-SMC",4.83152790613115,0.108459503348369,0.52402511711277,300,96,10,6,11.5,19
47,"ABC-SMC",4.83152790613115,0.108459503348369,0.52402511711277,300,97,9,5,11,18
47,"ABC-SMC",4.83152790613115,0.108459503348369,0.52402511711277,300,98,10,5,10,18
47,"ABC-SMC",4.83152790613115,0.108459503348369,0.52402511711277,300,99,6,4,10,16.525
47,"ABC-SMC",4.83152790613115,0.108459503348369,0.52402511711277,300,100,7,4,9,15
47,"ABC-SMC",4.83152790613115,0.108459503348369,0.52402511711277,300,101,8,4,9,15
47,"ABC-SMC",4.83152790613115,0.108459503348369,0.52402511711277,300,102,8,3,9,14
47,"ABC-SMC",4.83152790613115,0.108459503348369,0.52402511711277,300,103,10,3,8,14
47,"ABC-SMC",4.83152790613115,0.108459503348369,0.52402511711277,300,104,11,3,7.5,13.525
47,"ABC-SMC",4.83152790613115,0.108459503348369,0.52402511711277,300,105,6,3,7,13
47,"ABC-SMC",4.83152790613115,0.108459503348369,0.52402511711277,300,106,5,2,6,12.525
47,"ABC-SMC",4.83152790613115,0.108459503348369,0.52402511711277,300,107,7,2,6,13
47,"ABC-SMC",4.83152790613115,0.108459503348369,0.52402511711277,300,108,11,1,6,12
47,"ABC-SMC",4.83152790613115,0.108459503348369,0.52402511711277,300,109,8,2,6,11
47,"ABC-SMC",4.83152790613115,0.108459503348369,0.52402511711277,300,110,6,2,5,11
47,"ABC-SMC",4.83152790613115,0.108459503348369,0.52402511711277,300,111,5,1,5,10
47,"ABC-SMC",4.83152790613115,0.108459503348369,0.52402511711277,300,112,9,1,5,10
47,"ABC-SMC",4.83152790613115,0.108459503348369,0.52402511711277,300,113,2,1,5,9
47,"ABC-SMC",4.83152790613115,0.108459503348369,0.52402511711277,300,114,2,1,4,9
47,"ABC-SMC",4.83152790613115,0.108459503348369,0.52402511711277,300,115,3,1,4,9
47,"ABC-SMC",4.83152790613115,0.108459503348369,0.52402511711277,300,116,2,0.475000000000001,4,9
47,"ABC-SMC",4.83152790613115,0.108459503348369,0.52402511711277,300,117,2,1,4,8
47,"ABC-SMC",4.83152790613115,0.108459503348369,0.52402511711277,300,118,8,0.475000000000001,3,8
47,"ABC-SMC",4.83152790613115,0.108459503348369,0.52402511711277,300,119,3,0,3,6
47,"ABC-SMC",4.83152790613115,0.108459503348369,0.52402511711277,300,120,2,0,3,6.52499999999998
47,"ABC-SMC",4.83152790613115,0.108459503348369,0.52402511711277,300,121,4,0,3,7
47,"ABC-SMC",4.83152790613115,0.108459503348369,0.52402511711277,300,122,0,0,3,6
47,"ABC-SMC",4.83152790613115,0.108459503348369,0.52402511711277,300,123,3,0,3,7
47,"ABC-SMC",4.83152790613115,0.108459503348369,0.52402511711277,300,124,2,0,2,6
47,"ABC-SMC",4.83152790613115,0.108459503348369,0.52402511711277,300,125,2,0,2,6
47,"ABC-SMC",4.83152790613115,0.108459503348369,0.52402511711277,300,126,0,0,2,5
47,"ABC-SMC",4.83152790613115,0.108459503348369,0.52402511711277,300,127,5,0,2,5
47,"ABC-SMC",4.83152790613115,0.108459503348369,0.52402511711277,300,128,0,0,2,5
47,"ABC-SMC",4.83152790613115,0.108459503348369,0.52402511711277,300,129,3,0,2,5
47,"ABC-SMC",4.83152790613115,0.108459503348369,0.52402511711277,300,130,1,0,2,5
47,"ABC-SMC",4.83152790613115,0.108459503348369,0.52402511711277,300,131,1,0,2,5
47,"ABC-SMC",4.83152790613115,0.108459503348369,0.52402511711277,300,132,1,0,1,5
47,"ABC-SMC",4.83152790613115,0.108459503348369,0.52402511711277,300,133,2,0,2,4
47,"ABC-SMC",4.83152790613115,0.108459503348369,0.52402511711277,300,134,1,0,1,4
47,"ABC-SMC",4.83152790613115,0.108459503348369,0.52402511711277,300,135,0,0,1,4
47,"ABC-SMC",4.83152790613115,0.108459503348369,0.52402511711277,300,136,1,0,1,4
47,"ABC-SMC",4.83152790613115,0.108459503348369,0.52402511711277,300,137,0,0,1,4
47,"ABC-SMC",4.83152790613115,0.108459503348369,0.52402511711277,300,138,0,0,1,4
47,"ABC-SMC",4.83152790613115,0.108459503348369,0.52402511711277,300,139,1,0,1,3
47,"ABC-SMC",4.83152790613115,0.108459503348369,0.52402511711277,300,140,1,0,1,3
47,"ABC-SMC",4.83152790613115,0.108459503348369,0.52402511711277,300,141,1,0,1,3
47,"ABC-SMC",4.83152790613115,0.108459503348369,0.52402511711277,300,142,0,0,1,3
47,"ABC-SMC",4.83152790613115,0.108459503348369,0.52402511711277,300,143,1,0,1,3
47,"ABC-SMC",4.83152790613115,0.108459503348369,0.52402511711277,300,144,1,0,1,3
47,"ABC-SMC",4.83152790613115,0.108459503348369,0.52402511711277,300,145,0,0,1,3
47,"ABC-SMC",4.83152790613115,0.108459503348369,0.52402511711277,300,146,2,0,0.5,3
47,"ABC-SMC",4.83152790613115,0.108459503348369,0.52402511711277,300,147,0,0,0,3
47,"ABC-SMC",4.83152790613115,0.108459503348369,0.52402511711277,300,148,0,0,1,3
47,"ABC-SMC",4.83152790613115,0.108459503348369,0.52402511711277,300,149,2,0,1,3
47,"ABC-SMC",4.83152790613115,0.108459503348369,0.52402511711277,300,150,1,0,0,2
47,"ABC-SMC",4.83152790613115,0.108459503348369,0.52402511711277,300,151,1,0,0,2
47,"ABC-SMC",4.83152790613115,0.108459503348369,0.52402511711277,300,152,0,0,0,2.52499999999998
47,"ABC-SMC",4.83152790613115,0.108459503348369,0.52402511711277,300,153,0,0,0,2
47,"ABC-SMC",4.83152790613115,0.108459503348369,0.52402511711277,300,154,1,0,0,2
47,"ABC-SMC",4.83152790613115,0.108459503348369,0.52402511711277,300,155,0,0,0,2
47,"ABC-SMC",4.83152790613115,0.108459503348369,0.52402511711277,300,156,0,0,0,2
47,"ABC-SMC",4.83152790613115,0.108459503348369,0.52402511711277,300,157,0,0,0,2
47,"ABC-SMC",4.83152790613115,0.108459503348369,0.52402511711277,300,158,0,0,0,2
47,"ABC-SMC",4.83152790613115,0.108459503348369,0.52402511711277,300,159,0,0,0,2
47,"ABC-SMC",4.83152790613115,0.108459503348369,0.52402511711277,300,160,0,0,0,2
47,"ABC-SMC",4.83152790613115,0.108459503348369,0.52402511711277,300,161,1,0,0,2
47,"ABC-SMC",4.83152790613115,0.108459503348369,0.52402511711277,300,162,0,0,0,2
47,"ABC-SMC",4.83152790613115,0.108459503348369,0.52402511711277,300,163,1,0,0,2
47,"ABC-SMC",4.83152790613115,0.108459503348369,0.52402511711277,300,164,2,0,0,2
47,"ABC-SMC",4.83152790613115,0.108459503348369,0.52402511711277,300,165,0,0,0,2
47,"ABC-SMC",4.83152790613115,0.108459503348369,0.52402511711277,300,166,1,0,0,1.52499999999998
47,"ABC-SMC",4.83152790613115,0.108459503348369,0.52402511711277,300,167,0,0,0,1
47,"ABC-SMC",4.83152790613115,0.108459503348369,0.52402511711277,300,168,0,0,0,1
47,"ABC-SMC",4.83152790613115,0.108459503348369,0.52402511711277,300,169,0,0,0,1
47,"ABC-SMC",4.83152790613115,0.108459503348369,0.52402511711277,300,170,0,0,0,1
47,"ABC-SMC",4.83152790613115,0.108459503348369,0.52402511711277,300,171,0,0,0,1
47,"ABC-SMC",4.83152790613115,0.108459503348369,0.52402511711277,300,172,1,0,0,1
47,"ABC-SMC",4.83152790613115,0.108459503348369,0.52402511711277,300,173,0,0,0,1
47,"ABC-SMC",4.83152790613115,0.108459503348369,0.52402511711277,300,174,0,0,0,1
47,"ABC-SMC",4.83152790613115,0.108459503348369,0.52402511711277,300,175,0,0,0,1
47,"ABC-SMC",4.83152790613115,0.108459503348369,0.52402511711277,300,176,0,0,0,1
47,"ABC-SMC",4.83152790613115,0.108459503348369,0.52402511711277,300,177,0,0,0,1
47,"ABC-SMC",4.83152790613115,0.108459503348369,0.52402511711277,300,178,0,0,0,1
47,"ABC-SMC",4.83152790613115,0.108459503348369,0.52402511711277,300,179,1,0,0,1
47,"ABC-SMC",4.83152790613115,0.108459503348369,0.52402511711277,300,180,0,0,0,1
47,"ABC-SMC",4.83152790613115,0.108459503348369,0.52402511711277,300,181,0,0,0,1
47,"ABC-SMC",4.83152790613115,0.108459503348369,0.52402511711277,300,182,0,0,0,1
47,"ABC-SMC",4.83152790613115,0.108459503348369,0.52402511711277,300,183,0,0,0,1
47,"ABC-SMC",4.83152790613115,0.108459503348369,0.52402511711277,300,184,1,0,0,1
47,"ABC-SMC",4.83152790613115,0.108459503348369,0.52402511711277,300,185,0,0,0,1
47,"ABC-SMC",4.83152790613115,0.108459503348369,0.52402511711277,300,186,0,0,0,1
47,"ABC-SMC",4.83152790613115,0.108459503348369,0.52402511711277,300,187,0,0,0,1
47,"ABC-SMC",4.83152790613115,0.108459503348369,0.52402511711277,300,188,0,0,0,1
47,"ABC-SMC",4.83152790613115,0.108459503348369,0.52402511711277,300,189,0,0,0,1
47,"ABC-SMC",4.83152790613115,0.108459503348369,0.52402511711277,300,190,0,0,0,1
47,"ABC-SMC",4.83152790613115,0.108459503348369,0.52402511711277,300,191,0,0,0,1
47,"ABC-SMC",4.83152790613115,0.108459503348369,0.52402511711277,300,192,0,0,0,1
47,"ABC-SMC",4.83152790613115,0.108459503348369,0.52402511711277,300,193,1,0,0,1
47,"ABC-SMC",4.83152790613115,0.108459503348369,0.52402511711277,300,194,0,0,0,1
47,"ABC-SMC",4.83152790613115,0.108459503348369,0.52402511711277,300,195,0,0,0,1
47,"ABC-SMC",4.83152790613115,0.108459503348369,0.52402511711277,300,196,0,0,0,1
47,"ABC-SMC",4.83152790613115,0.108459503348369,0.52402511711277,300,197,0,0,0,1
47,"ABC-SMC",4.83152790613115,0.108459503348369,0.52402511711277,300,198,0,0,0,1
47,"ABC-SMC",4.83152790613115,0.108459503348369,0.52402511711277,300,199,0,0,0,0.524999999999977
47,"ABC-SMC",4.83152790613115,0.108459503348369,0.52402511711277,300,200,0,0,0,1
47,"ABC-SMC",4.83152790613115,0.108459503348369,0.52402511711277,300,201,0,0,0,0
47,"ABC-SMC",4.83152790613115,0.108459503348369,0.52402511711277,300,202,0,0,0,1
47,"ABC-SMC",4.83152790613115,0.108459503348369,0.52402511711277,300,203,0,0,0,1
47,"ABC-SMC",4.83152790613115,0.108459503348369,0.52402511711277,300,204,0,0,0,1
47,"ABC-SMC",4.83152790613115,0.108459503348369,0.52402511711277,300,205,0,0,0,1
47,"ABC-SMC",4.83152790613115,0.108459503348369,0.52402511711277,300,206,0,0,0,1
47,"ABC-SMC",4.83152790613115,0.108459503348369,0.52402511711277,300,207,0,0,0,1
47,"ABC-SMC",4.83152790613115,0.108459503348369,0.52402511711277,300,208,1,0,0,1
47,"ABC-SMC",4.83152790613115,0.108459503348369,0.52402511711277,300,209,0,0,0,0
47,"ABC-SMC",4.83152790613115,0.108459503348369,0.52402511711277,300,210,0,0,0,0.524999999999977
47,"ABC-SMC",4.83152790613115,0.108459503348369,0.52402511711277,300,211,0,0,0,1
47,"ABC-SMC",4.83152790613115,0.108459503348369,0.52402511711277,300,212,0,0,0,1
47,"ABC-SMC",4.83152790613115,0.108459503348369,0.52402511711277,300,213,0,0,0,0
47,"ABC-SMC",4.83152790613115,0.108459503348369,0.52402511711277,300,214,0,0,0,0
47,"ABC-SMC",4.83152790613115,0.108459503348369,0.52402511711277,300,215,0,0,0,0
47,"ABC-SMC",4.83152790613115,0.108459503348369,0.52402511711277,300,216,0,0,0,0
47,"ABC-SMC",4.83152790613115,0.108459503348369,0.52402511711277,300,217,0,0,0,0
47,"ABC-SMC",4.83152790613115,0.108459503348369,0.52402511711277,300,218,0,0,0,0
47,"ABC-SMC",4.83152790613115,0.108459503348369,0.52402511711277,300,219,0,0,0,0
47,"ABC-SMC",4.83152790613115,0.108459503348369,0.52402511711277,300,220,0,0,0,0
47,"ABC-SMC",4.83152790613115,0.108459503348369,0.52402511711277,300,221,0,0,0,0
47,"ABC-SMC",4.83152790613115,0.108459503348369,0.52402511711277,300,222,0,0,0,0
47,"ABC-SMC",4.83152790613115,0.108459503348369,0.52402511711277,300,223,0,0,0,0
47,"ABC-SMC",4.83152790613115,0.108459503348369,0.52402511711277,300,224,0,0,0,0
47,"ABC-SMC",4.83152790613115,0.108459503348369,0.52402511711277,300,225,0,0,0,0
47,"ABC-SMC",4.83152790613115,0.108459503348369,0.52402511711277,300,226,0,0,0,0
47,"ABC-SMC",4.83152790613115,0.108459503348369,0.52402511711277,300,227,0,0,0,0
47,"ABC-SMC",4.83152790613115,0.108459503348369,0.52402511711277,300,228,0,0,0,0
47,"ABC-SMC",4.83152790613115,0.108459503348369,0.52402511711277,300,229,0,0,0,0
47,"ABC-SMC",4.83152790613115,0.108459503348369,0.52402511711277,300,230,0,0,0,0
47,"ABC-SMC",4.83152790613115,0.108459503348369,0.52402511711277,300,231,0,0,0,0
47,"ABC-SMC",4.83152790613115,0.108459503348369,0.52402511711277,300,232,0,0,0,0
47,"ABC-SMC",4.83152790613115,0.108459503348369,0.52402511711277,300,233,0,0,0,0
47,"ABC-SMC",4.83152790613115,0.108459503348369,0.52402511711277,300,234,0,0,0,0
47,"ABC-SMC",4.83152790613115,0.108459503348369,0.52402511711277,300,235,0,0,0,0
47,"ABC-SMC",4.83152790613115,0.108459503348369,0.52402511711277,300,236,0,0,0,0
47,"ABC-SMC",4.83152790613115,0.108459503348369,0.52402511711277,300,237,0,0,0,0
47,"ABC-SMC",4.83152790613115,0.108459503348369,0.52402511711277,300,238,0,0,0,0
47,"ABC-SMC",4.83152790613115,0.108459503348369,0.52402511711277,300,239,0,0,0,0
47,"ABC-SMC",4.83152790613115,0.108459503348369,0.52402511711277,300,240,0,0,0,0
47,"ABC-SMC",4.83152790613115,0.108459503348369,0.52402511711277,300,241,0,0,0,0
47,"ABC-SMC",4.83152790613115,0.108459503348369,0.52402511711277,300,242,0,0,0,0
47,"ABC-SMC",4.83152790613115,0.108459503348369,0.52402511711277,300,243,0,0,0,0
47,"ABC-SMC",4.83152790613115,0.108459503348369,0.52402511711277,300,244,0,0,0,0
47,"ABC-SMC",4.83152790613115,0.108459503348369,0.52402511711277,300,245,0,0,0,0
47,"ABC-SMC",4.83152790613115,0.108459503348369,0.52402511711277,300,246,0,0,0,0
47,"ABC-SMC",4.83152790613115,0.108459503348369,0.52402511711277,300,247,0,0,0,0
47,"ABC-SMC",4.83152790613115,0.108459503348369,0.52402511711277,300,248,0,0,0,0
47,"ABC-SMC",4.83152790613115,0.108459503348369,0.52402511711277,300,249,0,0,0,0
47,"ABC-SMC",4.83152790613115,0.108459503348369,0.52402511711277,300,250,0,0,0,0
47,"ABC-SMC",4.83152790613115,0.108459503348369,0.52402511711277,300,251,0,0,0,0
47,"ABC-SMC",4.83152790613115,0.108459503348369,0.52402511711277,300,252,0,0,0,0
47,"ABC-SMC",4.83152790613115,0.108459503348369,0.52402511711277,300,253,0,0,0,0
47,"ABC-SMC",4.83152790613115,0.108459503348369,0.52402511711277,300,254,0,0,0,0
47,"ABC-SMC",4.83152790613115,0.108459503348369,0.52402511711277,300,255,0,0,0,0
47,"ABC-SMC",4.83152790613115,0.108459503348369,0.52402511711277,300,256,0,0,0,0
47,"ABC-SMC",4.83152790613115,0.108459503348369,0.52402511711277,300,257,0,0,0,0
47,"ABC-SMC",4.83152790613115,0.108459503348369,0.52402511711277,300,258,0,0,0,0
47,"ABC-SMC",4.83152790613115,0.108459503348369,0.52402511711277,300,259,0,0,0,0
47,"ABC-SMC",4.83152790613115,0.108459503348369,0.52402511711277,300,260,0,0,0,0
47,"ABC-SMC",4.83152790613115,0.108459503348369,0.52402511711277,300,261,0,0,0,0
47,"ABC-SMC",4.83152790613115,0.108459503348369,0.52402511711277,300,262,0,0,0,0
47,"ABC-SMC",4.83152790613115,0.108459503348369,0.52402511711277,300,263,0,0,0,0
47,"ABC-SMC",4.83152790613115,0.108459503348369,0.52402511711277,300,264,0,0,0,0
47,"ABC-SMC",4.83152790613115,0.108459503348369,0.52402511711277,300,265,0,0,0,0
47,"ABC-SMC",4.83152790613115,0.108459503348369,0.52402511711277,300,266,0,0,0,0
47,"ABC-SMC",4.83152790613115,0.108459503348369,0.52402511711277,300,267,0,0,0,0
47,"ABC-SMC",4.83152790613115,0.108459503348369,0.52402511711277,300,268,0,0,0,0
47,"ABC-SMC",4.83152790613115,0.108459503348369,0.52402511711277,300,269,0,0,0,0
47,"ABC-SMC",4.83152790613115,0.108459503348369,0.52402511711277,300,270,0,0,0,0
47,"ABC-SMC",4.83152790613115,0.108459503348369,0.52402511711277,300,271,0,0,0,0
47,"ABC-SMC",4.83152790613115,0.108459503348369,0.52402511711277,300,272,0,0,0,0
47,"ABC-SMC",4.83152790613115,0.108459503348369,0.52402511711277,300,273,0,0,0,0
47,"ABC-SMC",4.83152790613115,0.108459503348369,0.52402511711277,300,274,0,0,0,0
47,"ABC-SMC",4.83152790613115,0.108459503348369,0.52402511711277,300,275,0,0,0,0
47,"ABC-SMC",4.83152790613115,0.108459503348369,0.52402511711277,300,276,0,0,0,0
47,"ABC-SMC",4.83152790613115,0.108459503348369,0.52402511711277,300,277,0,0,0,0
47,"ABC-SMC",4.83152790613115,0.108459503348369,0.52402511711277,300,278,0,0,0,0
47,"ABC-SMC",4.83152790613115,0.108459503348369,0.52402511711277,300,279,0,0,0,0
47,"ABC-SMC",4.83152790613115,0.108459503348369,0.52402511711277,300,280,0,0,0,0
47,"ABC-SMC",4.83152790613115,0.108459503348369,0.52402511711277,300,281,0,0,0,0
47,"ABC-SMC",4.83152790613115,0.108459503348369,0.52402511711277,300,282,0,0,0,0
47,"ABC-SMC",4.83152790613115,0.108459503348369,0.52402511711277,300,283,0,0,0,0
47,"ABC-SMC",4.83152790613115,0.108459503348369,0.52402511711277,300,284,0,0,0,0
47,"ABC-SMC",4.83152790613115,0.108459503348369,0.52402511711277,300,285,0,0,0,0
47,"ABC-SMC",4.83152790613115,0.108459503348369,0.52402511711277,300,286,0,0,0,0
47,"ABC-SMC",4.83152790613115,0.108459503348369,0.52402511711277,300,287,0,0,0,0
47,"ABC-SMC",4.83152790613115,0.108459503348369,0.52402511711277,300,288,0,0,0,0
47,"ABC-SMC",4.83152790613115,0.108459503348369,0.52402511711277,300,289,0,0,0,0
47,"ABC-SMC",4.83152790613115,0.108459503348369,0.52402511711277,300,290,0,0,0,0
47,"ABC-SMC",4.83152790613115,0.108459503348369,0.52402511711277,300,291,0,0,0,0
47,"ABC-SMC",4.83152790613115,0.108459503348369,0.52402511711277,300,292,0,0,0,0
47,"ABC-SMC",4.83152790613115,0.108459503348369,0.52402511711277,300,293,0,0,0,0
47,"ABC-SMC",4.83152790613115,0.108459503348369,0.52402511711277,300,294,0,0,0,0
47,"ABC-SMC",4.83152790613115,0.108459503348369,0.52402511711277,300,295,0,0,0,0
47,"ABC-SMC",4.83152790613115,0.108459503348369,0.52402511711277,300,296,0,0,0,0
47,"ABC-SMC",4.83152790613115,0.108459503348369,0.52402511711277,300,297,0,0,0,0
47,"ABC-SMC",4.83152790613115,0.108459503348369,0.52402511711277,300,298,0,0,0,0
47,"ABC-SMC",4.83152790613115,0.108459503348369,0.52402511711277,300,299,0,0,0,0
47,"ABC-SMC",4.83152790613115,0.108459503348369,0.52402511711277,300,300,0,0,0,0
47,"ABC-SMC",4.83152790613115,0.108459503348369,0.52402511711277,300,301,0,0,0,0
47,"ABC-SMC",4.83152790613115,0.108459503348369,0.52402511711277,300,302,0,0,0,0
47,"ABC-SMC",4.83152790613115,0.108459503348369,0.52402511711277,300,303,0,0,0,0
47,"ABC-SMC",4.83152790613115,0.108459503348369,0.52402511711277,300,304,0,0,0,0
47,"ABC-SMC",4.83152790613115,0.108459503348369,0.52402511711277,300,305,0,0,0,0
47,"ABC-SMC",4.83152790613115,0.108459503348369,0.52402511711277,300,306,0,0,0,0
47,"ABC-SMC",4.83152790613115,0.108459503348369,0.52402511711277,300,307,0,0,0,0
47,"ABC-SMC",4.83152790613115,0.108459503348369,0.52402511711277,300,308,0,0,0,0
47,"ABC-SMC",4.83152790613115,0.108459503348369,0.52402511711277,300,309,0,0,0,0
47,"ABC-SMC",4.83152790613115,0.108459503348369,0.52402511711277,300,310,0,0,0,0
47,"ABC-SMC",4.83152790613115,0.108459503348369,0.52402511711277,300,311,0,0,0,0
47,"ABC-SMC",4.83152790613115,0.108459503348369,0.52402511711277,300,312,0,0,0,0
47,"ABC-SMC",4.83152790613115,0.108459503348369,0.52402511711277,300,313,0,0,0,0
47,"ABC-SMC",4.83152790613115,0.108459503348369,0.52402511711277,300,314,0,0,0,0
47,"ABC-SMC",4.83152790613115,0.108459503348369,0.52402511711277,300,315,0,0,0,0
47,"ABC-SMC",4.83152790613115,0.108459503348369,0.52402511711277,300,316,0,0,0,0
47,"ABC-SMC",4.83152790613115,0.108459503348369,0.52402511711277,300,317,0,0,0,0
47,"ABC-SMC",4.83152790613115,0.108459503348369,0.52402511711277,300,318,0,0,0,0
47,"ABC-SMC",4.83152790613115,0.108459503348369,0.52402511711277,300,319,0,0,0,0
47,"ABC-SMC",4.83152790613115,0.108459503348369,0.52402511711277,300,320,0,0,0,0
47,"ABC-SMC",4.83152790613115,0.108459503348369,0.52402511711277,300,321,0,0,0,0
47,"ABC-SMC",4.83152790613115,0.108459503348369,0.52402511711277,300,322,0,0,0,0
47,"ABC-SMC",4.83152790613115,0.108459503348369,0.52402511711277,300,323,0,0,0,0
47,"ABC-SMC",4.83152790613115,0.108459503348369,0.52402511711277,300,324,0,0,0,0
47,"ABC-SMC",4.83152790613115,0.108459503348369,0.52402511711277,300,325,0,0,0,0
47,"ABC-SMC",4.83152790613115,0.108459503348369,0.52402511711277,300,326,0,0,0,0
47,"ABC-SMC",4.83152790613115,0.108459503348369,0.52402511711277,300,327,0,0,0,0
47,"ABC-SMC",4.83152790613115,0.108459503348369,0.52402511711277,300,328,0,0,0,0
47,"ABC-SMC",4.83152790613115,0.108459503348369,0.52402511711277,300,329,0,0,0,0
47,"ABC-SMC",4.83152790613115,0.108459503348369,0.52402511711277,300,330,0,0,0,0
47,"ABC-SMC",4.83152790613115,0.108459503348369,0.52402511711277,300,331,0,0,0,0
47,"ABC-SMC",4.83152790613115,0.108459503348369,0.52402511711277,300,332,0,0,0,0
47,"ABC-SMC",4.83152790613115,0.108459503348369,0.52402511711277,300,333,0,0,0,0
47,"ABC-SMC",4.83152790613115,0.108459503348369,0.52402511711277,300,334,0,0,0,0
47,"ABC-SMC",4.83152790613115,0.108459503348369,0.52402511711277,300,335,0,0,0,0
47,"ABC-SMC",4.83152790613115,0.108459503348369,0.52402511711277,300,336,0,0,0,0
47,"ABC-SMC",4.83152790613115,0.108459503348369,0.52402511711277,300,337,0,0,0,0
47,"ABC-SMC",4.83152790613115,0.108459503348369,0.52402511711277,300,338,0,0,0,0
47,"ABC-SMC",4.83152790613115,0.108459503348369,0.52402511711277,300,339,0,0,0,0
47,"ABC-SMC",4.83152790613115,0.108459503348369,0.52402511711277,300,340,0,0,0,0
47,"ABC-SMC",4.83152790613115,0.108459503348369,0.52402511711277,300,341,0,0,0,0
47,"ABC-SMC",4.83152790613115,0.108459503348369,0.52402511711277,300,342,0,0,0,0
47,"ABC-SMC",4.83152790613115,0.108459503348369,0.52402511711277,300,343,0,0,0,0
47,"ABC-SMC",4.83152790613115,0.108459503348369,0.52402511711277,300,344,0,0,0,0
47,"ABC-SMC",4.83152790613115,0.108459503348369,0.52402511711277,300,345,0,0,0,0
47,"ABC-SMC",4.83152790613115,0.108459503348369,0.52402511711277,300,346,0,0,0,0
47,"ABC-SMC",4.83152790613115,0.108459503348369,0.52402511711277,300,347,0,0,0,0
47,"ABC-SMC",4.83152790613115,0.108459503348369,0.52402511711277,300,348,0,0,0,0
47,"ABC-SMC",4.83152790613115,0.108459503348369,0.52402511711277,300,349,0,0,0,0
47,"ABC-SMC",4.83152790613115,0.108459503348369,0.52402511711277,300,350,0,0,0,0
47,"ABC-SMC",4.83152790613115,0.108459503348369,0.52402511711277,300,351,0,0,0,0
47,"ABC-SMC",4.83152790613115,0.108459503348369,0.52402511711277,300,352,0,0,0,0
47,"ABC-SMC",4.83152790613115,0.108459503348369,0.52402511711277,300,353,0,0,0,0
47,"ABC-SMC",4.83152790613115,0.108459503348369,0.52402511711277,300,354,0,0,0,0
47,"ABC-SMC",4.83152790613115,0.108459503348369,0.52402511711277,300,355,0,0,0,0
47,"ABC-SMC",4.83152790613115,0.108459503348369,0.52402511711277,300,356,0,0,0,0
47,"ABC-SMC",4.83152790613115,0.108459503348369,0.52402511711277,300,357,0,0,0,0
47,"ABC-SMC",4.83152790613115,0.108459503348369,0.52402511711277,300,358,0,0,0,0
47,"ABC-SMC",4.83152790613115,0.108459503348369,0.52402511711277,300,359,0,0,0,0
47,"ABC-SMC",4.83152790613115,0.108459503348369,0.52402511711277,300,360,0,0,0,0
47,"ABC-SMC",4.83152790613115,0.108459503348369,0.52402511711277,300,361,0,0,0,0
47,"ABC-SMC",4.83152790613115,0.108459503348369,0.52402511711277,300,362,0,0,0,0
47,"ABC-SMC",4.83152790613115,0.108459503348369,0.52402511711277,300,363,0,0,0,0
47,"ABC-SMC",4.83152790613115,0.108459503348369,0.52402511711277,300,364,0,0,0,0
47,"ABC-SMC",4.83152790613115,0.108459503348369,0.52402511711277,300,365,0,0,0,0
47,"NelderMead",10.5,0.5005,5.25525,300,1,77,52,69,83
47,"NelderMead",10.5,0.5005,5.25525,300,2,74,48,65,81
47,"NelderMead",10.5,0.5005,5.25525,300,3,58,63,80,97
47,"NelderMead",10.5,0.5005,5.25525,300,4,65,87.475,108,129.05
47,"NelderMead",10.5,0.5005,5.25525,300,5,66,121,147,172.525
47,"NelderMead",10.5,0.5005,5.25525,300,6,73,165,193,225.525
47,"NelderMead",10.5,0.5005,5.25525,300,7,81,216,244,280.05
47,"NelderMead",10.5,0.5005,5.25525,300,8,56,262.475,295,338.525
47,"NelderMead",10.5,0.5005,5.25525,300,9,64,303,338,369.525
47,"NelderMead",10.5,0.5005,5.25525,300,10,90,327.475,364,406.525
47,"NelderMead",10.5,0.5005,5.25525,300,11,72,339.95,374,415.05
47,"NelderMead",10.5,0.5005,5.25525,300,12,84,334.475,372.5,409.05
47,"NelderMead",10.5,0.5005,5.25525,300,13,93,325,358,399.525
47,"NelderMead",10.5,0.5005,5.25525,300,14,111,312.425,343,381
47,"NelderMead",10.5,0.5005,5.25525,300,15,108,288.475,322,358
47,"NelderMead",10.5,0.5005,5.25525,300,16,94,266.475,302.5,336.525
47,"NelderMead",10.5,0.5005,5.25525,300,17,96,245.475,281,314
47,"NelderMead",10.5,0.5005,5.25525,300,18,125,235,264,292
47,"NelderMead",10.5,0.5005,5.25525,300,19,117,215.475,246,276
47,"NelderMead",10.5,0.5005,5.25525,300,20,122,202,231,258
47,"NelderMead",10.5,0.5005,5.25525,300,21,126,187.425,216,243
47,"NelderMead",10.5,0.5005,5.25525,300,22,135,174,200,228
47,"NelderMead",10.5,0.5005,5.25525,300,23,136,162.475,187,215.525
47,"NelderMead",10.5,0.5005,5.25525,300,24,151,149,175,198.525
47,"NelderMead",10.5,0.5005,5.25525,300,25,135,141,165,188.525
47,"NelderMead",10.5,0.5005,5.25525,300,26,144,129.475,154,179.05
47,"NelderMead",10.5,0.5005,5.25525,300,27,147,123.475,143,168.525
47,"NelderMead",10.5,0.5005,5.25525,300,28,127,113.475,135,157.525
47,"NelderMead",10.5,0.5005,5.25525,300,29,142,103.475,125,147
47,"NelderMead",10.5,0.5005,5.25525,300,30,142,96.95,116,138.525
47,"NelderMead",10.5,0.5005,5.25525,300,31,146,89.475,110,130
47,"NelderMead",10.5,0.5005,5.25525,300,32,151,82.475,104,122
47,"NelderMead",10.5,0.5005,5.25525,300,33,140,78.475,95,116.05
47,"NelderMead",10.5,0.5005,5.25525,300,34,165,73,91,108
47,"NelderMead",10.5,0.5005,5.25525,300,35,142,65,84,104
47,"NelderMead",10.5,0.5005,5.25525,300,36,143,61,78,92.525
47,"NelderMead",10.5,0.5005,5.25525,300,37,136,58,73,91
47,"NelderMead",10.5,0.5005,5.25525,300,38,171,53.475,68,83.525
47,"NelderMead",10.5,0.5005,5.25525,300,39,142,48.95,64,79
47,"NelderMead",10.5,0.5005,5.25525,300,40,127,46,59.5,77
47,"NelderMead",10.5,0.5005,5.25525,300,41,137,42,55,70.525
47,"NelderMead",10.5,0.5005,5.25525,300,42,99,40,54,68
47,"NelderMead",10.5,0.5005,5.25525,300,43,113,36,50,63
47,"NelderMead",10.5,0.5005,5.25525,300,44,130,34,46,61
47,"NelderMead",10.5,0.5005,5.25525,300,45,146,31,43,55
47,"NelderMead",10.5,0.5005,5.25525,300,46,116,29,40,54
47,"NelderMead",10.5,0.5005,5.25525,300,47,104,25,37.5,50
47,"NelderMead",10.5,0.5005,5.25525,300,48,131,25,34,46
47,"NelderMead",10.5,0.5005,5.25525,300,49,116,23,33,44.525
47,"NelderMead",10.5,0.5005,5.25525,300,50,121,19.475,31,41
47,"NelderMead",10.5,0.5005,5.25525,300,51,97,19,28,38.525
47,"NelderMead",10.5,0.5005,5.25525,300,52,88,17,27,36.525
47,"NelderMead",10.5,0.5005,5.25525,300,53,98,15,25,35
47,"NelderMead",10.5,0.5005,5.25525,300,54,95,14,23,32.525
47,"NelderMead",10.5,0.5005,5.25525,300,55,83,14,22,31
47,"NelderMead",10.5,0.5005,5.25525,300,56,95,12,20,30
47,"NelderMead",10.5,0.5005,5.25525,300,57,70,11,19,28
47,"NelderMead",10.5,0.5005,5.25525,300,58,70,10,18,27
47,"NelderMead",10.5,0.5005,5.25525,300,59,75,9,17,25
47,"NelderMead",10.5,0.5005,5.25525,300,60,72,7,15,23
47,"NelderMead",10.5,0.5005,5.25525,300,61,84,8,14,22
47,"NelderMead",10.5,0.5005,5.25525,300,62,57,7,14,22
47,"NelderMead",10.5,0.5005,5.25525,300,63,81,6.475,13,20
47,"NelderMead",10.5,0.5005,5.25525,300,64,57,6,11,19
47,"NelderMead",10.5,0.5005,5.25525,300,65,55,5,11,18
47,"NelderMead",10.5,0.5005,5.25525,300,66,60,5,10.5,17
47,"NelderMead",10.5,0.5005,5.25525,300,67,53,4,9,16
47,"NelderMead",10.5,0.5005,5.25525,300,68,45,4,9,14
47,"NelderMead",10.5,0.5005,5.25525,300,69,40,3,8,15
47,"NelderMead",10.5,0.5005,5.25525,300,70,48,3,7.5,13
47,"NelderMead",10.5,0.5005,5.25525,300,71,43,3,8,13
47,"NelderMead",10.5,0.5005,5.25525,300,72,34,2,6,12
47,"NelderMead",10.5,0.5005,5.25525,300,73,41,2,7,12
47,"NelderMead",10.5,0.5005,5.25525,300,74,39,2,6,11.525
47,"NelderMead",10.5,0.5005,5.25525,300,75,30,2,6,11
47,"NelderMead",10.5,0.5005,5.25525,300,76,33,1,5,10
47,"NelderMead",10.5,0.5005,5.25525,300,77,39,1.475,5,9
47,"NelderMead",10.5,0.5005,5.25525,300,78,18,1,5,9.52499999999998
47,"NelderMead",10.5,0.5005,5.25525,300,79,30,1,5,9
47,"NelderMead",10.5,0.5005,5.25525,300,80,26,1,4,8.52499999999998
47,"NelderMead",10.5,0.5005,5.25525,300,81,14,1,4,8
47,"NelderMead",10.5,0.5005,5.25525,300,82,33,1,3,7
47,"NelderMead",10.5,0.5005,5.25525,300,83,20,0,3,7
47,"NelderMead",10.5,0.5005,5.25525,300,84,22,0,3,7
47,"NelderMead",10.5,0.5005,5.25525,300,85,27,0,3,7
47,"NelderMead",10.5,0.5005,5.25525,300,86,23,0,3,7
47,"NelderMead",10.5,0.5005,5.25525,300,87,22,0,2,6
47,"NelderMead",10.5,0.5005,5.25525,300,88,21,0,2,6.52499999999998
47,"NelderMead",10.5,0.5005,5.25525,300,89,27,0,2,5
47,"NelderMead",10.5,0.5005,5.25525,300,90,12,0,2,5
47,"NelderMead",10.5,0.5005,5.25525,300,91,14,0,2,5.52499999999998
47,"NelderMead",10.5,0.5005,5.25525,300,92,13,0,2,5
47,"NelderMead",10.5,0.5005,5.25525,300,93,6,0,1,4.52499999999998
47,"NelderMead",10.5,0.5005,5.25525,300,94,17,0,2,5
47,"NelderMead",10.5,0.5005,5.25525,300,95,10,0,1,4
47,"NelderMead",10.5,0.5005,5.25525,300,96,10,0,1,4
47,"NelderMead",10.5,0.5005,5.25525,300,97,9,0,1,4
47,"NelderMead",10.5,0.5005,5.25525,300,98,10,0,1,4
47,"NelderMead",10.5,0.5005,5.25525,300,99,6,0,1,3.52499999999998
47,"NelderMead",10.5,0.5005,5.25525,300,100,7,0,1,3
47,"NelderMead",10.5,0.5005,5.25525,300,101,8,0,1,3
47,"NelderMead",10.5,0.5005,5.25525,300,102,8,0,1,3
47,"NelderMead",10.5,0.5005,5.25525,300,103,10,0,1,3
47,"NelderMead",10.5,0.5005,5.25525,300,104,11,0,1,3
47,"NelderMead",10.5,0.5005,5.25525,300,105,6,0,1,3
47,"NelderMead",10.5,0.5005,5.25525,300,106,5,0,0,2.52499999999998
47,"NelderMead",10.5,0.5005,5.25525,300,107,7,0,0,3
47,"NelderMead",10.5,0.5005,5.25525,300,108,11,0,0,2
47,"NelderMead",10.5,0.5005,5.25525,300,109,8,0,0,2
47,"NelderMead",10.5,0.5005,5.25525,300,110,6,0,0,2
47,"NelderMead",10.5,0.5005,5.25525,300,111,5,0,0,2
47,"NelderMead",10.5,0.5005,5.25525,300,112,9,0,0,2
47,"NelderMead",10.5,0.5005,5.25525,300,113,2,0,0,2
47,"NelderMead",10.5,0.5005,5.25525,300,114,2,0,0,2
47,"NelderMead",10.5,0.5005,5.25525,300,115,3,0,0,2
47,"NelderMead",10.5,0.5005,5.25525,300,116,2,0,0,2
47,"NelderMead",10.5,0.5005,5.25525,300,117,2,0,0,2
47,"NelderMead",10.5,0.5005,5.25525,300,118,8,0,0,2
47,"NelderMead",10.5,0.5005,5.25525,300,119,3,0,0,2
47,"NelderMead",10.5,0.5005,5.25525,300,120,2,0,0,2
47,"NelderMead",10.5,0.5005,5.25525,300,121,4,0,0,1.52499999999998
47,"NelderMead",10.5,0.5005,5.25525,300,122,0,0,0,1
47,"NelderMead",10.5,0.5005,5.25525,300,123,3,0,0,1.52499999999998
47,"NelderMead",10.5,0.5005,5.25525,300,124,2,0,0,1
47,"NelderMead",10.5,0.5005,5.25525,300,125,2,0,0,1
47,"NelderMead",10.5,0.5005,5.25525,300,126,0,0,0,1
47,"NelderMead",10.5,0.5005,5.25525,300,127,5,0,0,1
47,"NelderMead",10.5,0.5005,5.25525,300,128,0,0,0,1
47,"NelderMead",10.5,0.5005,5.25525,300,129,3,0,0,1
47,"NelderMead",10.5,0.5005,5.25525,300,130,1,0,0,1
47,"NelderMead",10.5,0.5005,5.25525,300,131,1,0,0,1
47,"NelderMead",10.5,0.5005,5.25525,300,132,1,0,0,1
47,"NelderMead",10.5,0.5005,5.25525,300,133,2,0,0,1
47,"NelderMead",10.5,0.5005,5.25525,300,134,1,0,0,1
47,"NelderMead",10.5,0.5005,5.25525,300,135,0,0,0,1
47,"NelderMead",10.5,0.5005,5.25525,300,136,1,0,0,1
47,"NelderMead",10.5,0.5005,5.25525,300,137,0,0,0,1
47,"NelderMead",10.5,0.5005,5.25525,300,138,0,0,0,1
47,"NelderMead",10.5,0.5005,5.25525,300,139,1,0,0,1
47,"NelderMead",10.5,0.5005,5.25525,300,140,1,0,0,1
47,"NelderMead",10.5,0.5005,5.25525,300,141,1,0,0,1
47,"NelderMead",10.5,0.5005,5.25525,300,142,0,0,0,1
47,"NelderMead",10.5,0.5005,5.25525,300,143,1,0,0,1
47,"NelderMead",10.5,0.5005,5.25525,300,144,1,0,0,1
47,"NelderMead",10.5,0.5005,5.25525,300,145,0,0,0,1
47,"NelderMead",10.5,0.5005,5.25525,300,146,2,0,0,1
47,"NelderMead",10.5,0.5005,5.25525,300,147,0,0,0,1
47,"NelderMead",10.5,0.5005,5.25525,300,148,0,0,0,1
47,"NelderMead",10.5,0.5005,5.25525,300,149,2,0,0,1
47,"NelderMead",10.5,0.5005,5.25525,300,150,1,0,0,0
47,"NelderMead",10.5,0.5005,5.25525,300,151,1,0,0,1
47,"NelderMead",10.5,0.5005,5.25525,300,152,0,0,0,0.524999999999977
47,"NelderMead",10.5,0.5005,5.25525,300,153,0,0,0,0
47,"NelderMead",10.5,0.5005,5.25525,300,154,1,0,0,1
47,"NelderMead",10.5,0.5005,5.25525,300,155,0,0,0,1
47,"NelderMead",10.5,0.5005,5.25525,300,156,0,0,0,1
47,"NelderMead",10.5,0.5005,5.25525,300,157,0,0,0,0
47,"NelderMead",10.5,0.5005,5.25525,300,158,0,0,0,1
47,"NelderMead",10.5,0.5005,5.25525,300,159,0,0,0,0
47,"NelderMead",10.5,0.5005,5.25525,300,160,0,0,0,0
47,"NelderMead",10.5,0.5005,5.25525,300,161,1,0,0,0
47,"NelderMead",10.5,0.5005,5.25525,300,162,0,0,0,1
47,"NelderMead",10.5,0.5005,5.25525,300,163,1,0,0,0
47,"NelderMead",10.5,0.5005,5.25525,300,164,2,0,0,0
47,"NelderMead",10.5,0.5005,5.25525,300,165,0,0,0,0
47,"NelderMead",10.5,0.5005,5.25525,300,166,1,0,0,0
47,"NelderMead",10.5,0.5005,5.25525,300,167,0,0,0,0
47,"NelderMead",10.5,0.5005,5.25525,300,168,0,0,0,0
47,"NelderMead",10.5,0.5005,5.25525,300,169,0,0,0,0
47,"NelderMead",10.5,0.5005,5.25525,300,170,0,0,0,0
47,"NelderMead",10.5,0.5005,5.25525,300,171,0,0,0,0
47,"NelderMead",10.5,0.5005,5.25525,300,172,1,0,0,0
47,"NelderMead",10.5,0.5005,5.25525,300,173,0,0,0,0
47,"NelderMead",10.5,0.5005,5.25525,300,174,0,0,0,0
47,"NelderMead",10.5,0.5005,5.25525,300,175,0,0,0,0
47,"NelderMead",10.5,0.5005,5.25525,300,176,0,0,0,0
47,"NelderMead",10.5,0.5005,5.25525,300,177,0,0,0,0
47,"NelderMead",10.5,0.5005,5.25525,300,178,0,0,0,0
47,"NelderMead",10.5,0.5005,5.25525,300,179,1,0,0,0
47,"NelderMead",10.5,0.5005,5.25525,300,180,0,0,0,0
47,"NelderMead",10.5,0.5005,5.25525,300,181,0,0,0,0
47,"NelderMead",10.5,0.5005,5.25525,300,182,0,0,0,0
47,"NelderMead",10.5,0.5005,5.25525,300,183,0,0,0,0
47,"NelderMead",10.5,0.5005,5.25525,300,184,1,0,0,0
47,"NelderMead",10.5,0.5005,5.25525,300,185,0,0,0,0
47,"NelderMead",10.5,0.5005,5.25525,300,186,0,0,0,0
47,"NelderMead",10.5,0.5005,5.25525,300,187,0,0,0,0
47,"NelderMead",10.5,0.5005,5.25525,300,188,0,0,0,0
47,"NelderMead",10.5,0.5005,5.25525,300,189,0,0,0,0
47,"NelderMead",10.5,0.5005,5.25525,300,190,0,0,0,0
47,"NelderMead",10.5,0.5005,5.25525,300,191,0,0,0,0
47,"NelderMead",10.5,0.5005,5.25525,300,192,0,0,0,0
47,"NelderMead",10.5,0.5005,5.25525,300,193,1,0,0,0
47,"NelderMead",10.5,0.5005,5.25525,300,194,0,0,0,0
47,"NelderMead",10.5,0.5005,5.25525,300,195,0,0,0,0
47,"NelderMead",10.5,0.5005,5.25525,300,196,0,0,0,0
47,"NelderMead",10.5,0.5005,5.25525,300,197,0,0,0,0
47,"NelderMead",10.5,0.5005,5.25525,300,198,0,0,0,0
47,"NelderMead",10.5,0.5005,5.25525,300,199,0,0,0,0
47,"NelderMead",10.5,0.5005,5.25525,300,200,0,0,0,0
47,"NelderMead",10.5,0.5005,5.25525,300,201,0,0,0,0
47,"NelderMead",10.5,0.5005,5.25525,300,202,0,0,0,0
47,"NelderMead",10.5,0.5005,5.25525,300,203,0,0,0,0
47,"NelderMead",10.5,0.5005,5.25525,300,204,0,0,0,0
47,"NelderMead",10.5,0.5005,5.25525,300,205,0,0,0,0
47,"NelderMead",10.5,0.5005,5.25525,300,206,0,0,0,0
47,"NelderMead",10.5,0.5005,5.25525,300,207,0,0,0,0
47,"NelderMead",10.5,0.5005,5.25525,300,208,1,0,0,0
47,"NelderMead",10.5,0.5005,5.25525,300,209,0,0,0,0
47,"NelderMead",10.5,0.5005,5.25525,300,210,0,0,0,0
47,"NelderMead",10.5,0.5005,5.25525,300,211,0,0,0,0
47,"NelderMead",10.5,0.5005,5.25525,300,212,0,0,0,0
47,"NelderMead",10.5,0.5005,5.25525,300,213,0,0,0,0
47,"NelderMead",10.5,0.5005,5.25525,300,214,0,0,0,0
47,"NelderMead",10.5,0.5005,5.25525,300,215,0,0,0,0
47,"NelderMead",10.5,0.5005,5.25525,300,216,0,0,0,0
47,"NelderMead",10.5,0.5005,5.25525,300,217,0,0,0,0
47,"NelderMead",10.5,0.5005,5.25525,300,218,0,0,0,0
47,"NelderMead",10.5,0.5005,5.25525,300,219,0,0,0,0
47,"NelderMead",10.5,0.5005,5.25525,300,220,0,0,0,0
47,"NelderMead",10.5,0.5005,5.25525,300,221,0,0,0,0
47,"NelderMead",10.5,0.5005,5.25525,300,222,0,0,0,0
47,"NelderMead",10.5,0.5005,5.25525,300,223,0,0,0,0
47,"NelderMead",10.5,0.5005,5.25525,300,224,0,0,0,0
47,"NelderMead",10.5,0.5005,5.25525,300,225,0,0,0,0
47,"NelderMead",10.5,0.5005,5.25525,300,226,0,0,0,0
47,"NelderMead",10.5,0.5005,5.25525,300,227,0,0,0,0
47,"NelderMead",10.5,0.5005,5.25525,300,228,0,0,0,0
47,"NelderMead",10.5,0.5005,5.25525,300,229,0,0,0,0
47,"NelderMead",10.5,0.5005,5.25525,300,230,0,0,0,0
47,"NelderMead",10.5,0.5005,5.25525,300,231,0,0,0,0
47,"NelderMead",10.5,0.5005,5.25525,300,232,0,0,0,0
47,"NelderMead",10.5,0.5005,5.25525,300,233,0,0,0,0
47,"NelderMead",10.5,0.5005,5.25525,300,234,0,0,0,0
47,"NelderMead",10.5,0.5005,5.25525,300,235,0,0,0,0
47,"NelderMead",10.5,0.5005,5.25525,300,236,0,0,0,0
47,"NelderMead",10.5,0.5005,5.25525,300,237,0,0,0,0
47,"NelderMead",10.5,0.5005,5.25525,300,238,0,0,0,0
47,"NelderMead",10.5,0.5005,5.25525,300,239,0,0,0,0
47,"NelderMead",10.5,0.5005,5.25525,300,240,0,0,0,0
47,"NelderMead",10.5,0.5005,5.25525,300,241,0,0,0,0
47,"NelderMead",10.5,0.5005,5.25525,300,242,0,0,0,0
47,"NelderMead",10.5,0.5005,5.25525,300,243,0,0,0,0
47,"NelderMead",10.5,0.5005,5.25525,300,244,0,0,0,0
47,"NelderMead",10.5,0.5005,5.25525,300,245,0,0,0,0
47,"NelderMead",10.5,0.5005,5.25525,300,246,0,0,0,0
47,"NelderMead",10.5,0.5005,5.25525,300,247,0,0,0,0
47,"NelderMead",10.5,0.5005,5.25525,300,248,0,0,0,0
47,"NelderMead",10.5,0.5005,5.25525,300,249,0,0,0,0
47,"NelderMead",10.5,0.5005,5.25525,300,250,0,0,0,0
47,"NelderMead",10.5,0.5005,5.25525,300,251,0,0,0,0
47,"NelderMead",10.5,0.5005,5.25525,300,252,0,0,0,0
47,"NelderMead",10.5,0.5005,5.25525,300,253,0,0,0,0
47,"NelderMead",10.5,0.5005,5.25525,300,254,0,0,0,0
47,"NelderMead",10.5,0.5005,5.25525,300,255,0,0,0,0
47,"NelderMead",10.5,0.5005,5.25525,300,256,0,0,0,0
47,"NelderMead",10.5,0.5005,5.25525,300,257,0,0,0,0
47,"NelderMead",10.5,0.5005,5.25525,300,258,0,0,0,0
47,"NelderMead",10.5,0.5005,5.25525,300,259,0,0,0,0
47,"NelderMead",10.5,0.5005,5.25525,300,260,0,0,0,0
47,"NelderMead",10.5,0.5005,5.25525,300,261,0,0,0,0
47,"NelderMead",10.5,0.5005,5.25525,300,262,0,0,0,0
47,"NelderMead",10.5,0.5005,5.25525,300,263,0,0,0,0
47,"NelderMead",10.5,0.5005,5.25525,300,264,0,0,0,0
47,"NelderMead",10.5,0.5005,5.25525,300,265,0,0,0,0
47,"NelderMead",10.5,0.5005,5.25525,300,266,0,0,0,0
47,"NelderMead",10.5,0.5005,5.25525,300,267,0,0,0,0
47,"NelderMead",10.5,0.5005,5.25525,300,268,0,0,0,0
47,"NelderMead",10.5,0.5005,5.25525,300,269,0,0,0,0
47,"NelderMead",10.5,0.5005,5.25525,300,270,0,0,0,0
47,"NelderMead",10.5,0.5005,5.25525,300,271,0,0,0,0
47,"NelderMead",10.5,0.5005,5.25525,300,272,0,0,0,0
47,"NelderMead",10.5,0.5005,5.25525,300,273,0,0,0,0
47,"NelderMead",10.5,0.5005,5.25525,300,274,0,0,0,0
47,"NelderMead",10.5,0.5005,5.25525,300,275,0,0,0,0
47,"NelderMead",10.5,0.5005,5.25525,300,276,0,0,0,0
47,"NelderMead",10.5,0.5005,5.25525,300,277,0,0,0,0
47,"NelderMead",10.5,0.5005,5.25525,300,278,0,0,0,0
47,"NelderMead",10.5,0.5005,5.25525,300,279,0,0,0,0
47,"NelderMead",10.5,0.5005,5.25525,300,280,0,0,0,0
47,"NelderMead",10.5,0.5005,5.25525,300,281,0,0,0,0
47,"NelderMead",10.5,0.5005,5.25525,300,282,0,0,0,0
47,"NelderMead",10.5,0.5005,5.25525,300,283,0,0,0,0
47,"NelderMead",10.5,0.5005,5.25525,300,284,0,0,0,0
47,"NelderMead",10.5,0.5005,5.25525,300,285,0,0,0,0
47,"NelderMead",10.5,0.5005,5.25525,300,286,0,0,0,0
47,"NelderMead",10.5,0.5005,5.25525,300,287,0,0,0,0
47,"NelderMead",10.5,0.5005,5.25525,300,288,0,0,0,0
47,"NelderMead",10.5,0.5005,5.25525,300,289,0,0,0,0
47,"NelderMead",10.5,0.5005,5.25525,300,290,0,0,0,0
47,"NelderMead",10.5,0.5005,5.25525,300,291,0,0,0,0
47,"NelderMead",10.5,0.5005,5.25525,300,292,0,0,0,0
47,"NelderMead",10.5,0.5005,5.25525,300,293,0,0,0,0
47,"NelderMead",10.5,0.5005,5.25525,300,294,0,0,0,0
47,"NelderMead",10.5,0.5005,5.25525,300,295,0,0,0,0
47,"NelderMead",10.5,0.5005,5.25525,300,296,0,0,0,0
47,"NelderMead",10.5,0.5005,5.25525,300,297,0,0,0,0
47,"NelderMead",10.5,0.5005,5.25525,300,298,0,0,0,0
47,"NelderMead",10.5,0.5005,5.25525,300,299,0,0,0,0
47,"NelderMead",10.5,0.5005,5.25525,300,300,0,0,0,0
47,"NelderMead",10.5,0.5005,5.25525,300,301,0,0,0,0
47,"NelderMead",10.5,0.5005,5.25525,300,302,0,0,0,0
47,"NelderMead",10.5,0.5005,5.25525,300,303,0,0,0,0
47,"NelderMead",10.5,0.5005,5.25525,300,304,0,0,0,0
47,"NelderMead",10.5,0.5005,5.25525,300,305,0,0,0,0
47,"NelderMead",10.5,0.5005,5.25525,300,306,0,0,0,0
47,"NelderMead",10.5,0.5005,5.25525,300,307,0,0,0,0
47,"NelderMead",10.5,0.5005,5.25525,300,308,0,0,0,0
47,"NelderMead",10.5,0.5005,5.25525,300,309,0,0,0,0
47,"NelderMead",10.5,0.5005,5.25525,300,310,0,0,0,0
47,"NelderMead",10.5,0.5005,5.25525,300,311,0,0,0,0
47,"NelderMead",10.5,0.5005,5.25525,300,312,0,0,0,0
47,"NelderMead",10.5,0.5005,5.25525,300,313,0,0,0,0
47,"NelderMead",10.5,0.5005,5.25525,300,314,0,0,0,0
47,"NelderMead",10.5,0.5005,5.25525,300,315,0,0,0,0
47,"NelderMead",10.5,0.5005,5.25525,300,316,0,0,0,0
47,"NelderMead",10.5,0.5005,5.25525,300,317,0,0,0,0
47,"NelderMead",10.5,0.5005,5.25525,300,318,0,0,0,0
47,"NelderMead",10.5,0.5005,5.25525,300,319,0,0,0,0
47,"NelderMead",10.5,0.5005,5.25525,300,320,0,0,0,0
47,"NelderMead",10.5,0.5005,5.25525,300,321,0,0,0,0
47,"NelderMead",10.5,0.5005,5.25525,300,322,0,0,0,0
47,"NelderMead",10.5,0.5005,5.25525,300,323,0,0,0,0
47,"NelderMead",10.5,0.5005,5.25525,300,324,0,0,0,0
47,"NelderMead",10.5,0.5005,5.25525,300,325,0,0,0,0
47,"NelderMead",10.5,0.5005,5.25525,300,326,0,0,0,0
47,"NelderMead",10.5,0.5005,5.25525,300,327,0,0,0,0
47,"NelderMead",10.5,0.5005,5.25525,300,328,0,0,0,0
47,"NelderMead",10.5,0.5005,5.25525,300,329,0,0,0,0
47,"NelderMead",10.5,0.5005,5.25525,300,330,0,0,0,0
47,"NelderMead",10.5,0.5005,5.25525,300,331,0,0,0,0
47,"NelderMead",10.5,0.5005,5.25525,300,332,0,0,0,0
47,"NelderMead",10.5,0.5005,5.25525,300,333,0,0,0,0
47,"NelderMead",10.5,0.5005,5.25525,300,334,0,0,0,0
47,"NelderMead",10.5,0.5005,5.25525,300,335,0,0,0,0
47,"NelderMead",10.5,0.5005,5.25525,300,336,0,0,0,0
47,"NelderMead",10.5,0.5005,5.25525,300,337,0,0,0,0
47,"NelderMead",10.5,0.5005,5.25525,300,338,0,0,0,0
47,"NelderMead",10.5,0.5005,5.25525,300,339,0,0,0,0
47,"NelderMead",10.5,0.5005,5.25525,300,340,0,0,0,0
47,"NelderMead",10.5,0.5005,5.25525,300,341,0,0,0,0
47,"NelderMead",10.5,0.5005,5.25525,300,342,0,0,0,0
47,"NelderMead",10.5,0.5005,5.25525,300,343,0,0,0,0
47,"NelderMead",10.5,0.5005,5.25525,300,344,0,0,0,0
47,"NelderMead",10.5,0.5005,5.25525,300,345,0,0,0,0
47,"NelderMead",10.5,0.5005,5.25525,300,346,0,0,0,0
47,"NelderMead",10.5,0.5005,5.25525,300,347,0,0,0,0
47,"NelderMead",10.5,0.5005,5.25525,300,348,0,0,0,0
47,"NelderMead",10.5,0.5005,5.25525,300,349,0,0,0,0
47,"NelderMead",10.5,0.5005,5.25525,300,350,0,0,0,0
47,"NelderMead",10.5,0.5005,5.25525,300,351,0,0,0,0
47,"NelderMead",10.5,0.5005,5.25525,300,352,0,0,0,0
47,"NelderMead",10.5,0.5005,5.25525,300,353,0,0,0,0
47,"NelderMead",10.5,0.5005,5.25525,300,354,0,0,0,0
47,"NelderMead",10.5,0.5005,5.25525,300,355,0,0,0,0
47,"NelderMead",10.5,0.5005,5.25525,300,356,0,0,0,0
47,"NelderMead",10.5,0.5005,5.25525,300,357,0,0,0,0
47,"NelderMead",10.5,0.5005,5.25525,300,358,0,0,0,0
47,"NelderMead",10.5,0.5005,5.25525,300,359,0,0,0,0
47,"NelderMead",10.5,0.5005,5.25525,300,360,0,0,0,0
47,"NelderMead",10.5,0.5005,5.25525,300,361,0,0,0,0
47,"NelderMead",10.5,0.5005,5.25525,300,362,0,0,0,0
47,"NelderMead",10.5,0.5005,5.25525,300,363,0,0,0,0
47,"NelderMead",10.5,0.5005,5.25525,300,364,0,0,0,0
47,"NelderMead",10.5,0.5005,5.25525,300,365,0,0,0,0
47,"DE",2.96725680793794,0.179587264016919,0.532881531773151,300,1,77,52,69,83
47,"DE",2.96725680793794,0.179587264016919,0.532881531773151,300,2,74,50,64,81
47,"DE",2.96725680793794,0.179587264016919,0.532881531773151,300,3,58,47,62,80.525
47,"DE",2.96725680793794,0.179587264016919,0.532881531773151,300,4,65,46.475,62,77
47,"DE",2.96725680793794,0.179587264016919,0.532881531773151,300,5,66,49,64,78
47,"DE",2.96725680793794,0.179587264016919,0.532881531773151,300,6,73,50,65,79.525
47,"DE",2.96725680793794,0.179587264016919,0.532881531773151,300,7,81,53,68,84.05
47,"DE",2.96725680793794,0.179587264016919,0.532881531773151,300,8,56,54,71.5,86
47,"DE",2.96725680793794,0.179587264016919,0.532881531773151,300,9,64,58,75,92
47,"DE",2.96725680793794,0.179587264016919,0.532881531773151,300,10,90,61,78,95.525
47,"DE",2.96725680793794,0.179587264016919,0.532881531773151,300,11,72,63,81,99.525
47,"DE",2.96725680793794,0.179587264016919,0.532881531773151,300,12,84,71,87,104.525
47,"DE",2.96725680793794,0.179587264016919,0.532881531773151,300,13,93,72.475,90,107
47,"DE",2.96725680793794,0.179587264016919,0.532881531773151,300,14,111,76,95,115.525
47,"DE",2.96725680793794,0.179587264016919,0.532881531773151,300,15,108,79,99,119
47,"DE",2.96725680793794,0.179587264016919,0.532881531773151,300,16,94,86,105,127.525
47,"DE",2.96725680793794,0.179587264016919,0.532881531773151,300,17,96,85.95,109.5,130.05
47,"DE",2.96725680793794,0.179587264016919,0.532881531773151,300,18,125,93,113,136.05
47,"DE",2.96725680793794,0.179587264016919,0.532881531773151,300,19,117,97.475,119,137.525
47,"DE",2.96725680793794,0.179587264016919,0.532881531773151,300,20,122,101.475,120,144
47,"DE",2.96725680793794,0.179587264016919,0.532881531773151,300,21,126,104.95,125,150.525
47,"DE",2.96725680793794,0.179587264016919,0.532881531773151,300,22,135,106.475,130,151
47,"DE",2.96725680793794,0.179587264016919,0.532881531773151,300,23,136,113,133,155.525
47,"DE",2.96725680793794,0.179587264016919,0.532881531773151,300,24,151,113.475,136,159.05
47,"DE",2.96725680793794,0.179587264016919,0.532881531773151,300,25,135,117.475,140,164.05
47,"DE",2.96725680793794,0.179587264016919,0.532881531773151,300,26,144,117.9,142,165.525
47,"DE",2.96725680793794,0.179587264016919,0.532881531773151,300,27,147,121,145,169
47,"DE",2.96725680793794,0.179587264016919,0.532881531773151,300,28,127,124.475,147,172.525
47,"DE",2.96725680793794,0.179587264016919,0.532881531773151,300,29,142,126,150,173
47,"DE",2.96725680793794,0.179587264016919,0.532881531773151,300,30,142,125,150,172
47,"DE",2.96725680793794,0.179587264016919,0.532881531773151,300,31,146,127,149,174.525
47,"DE",2.96725680793794,0.179587264016919,0.532881531773151,300,32,151,127.475,150.5,174.05
47,"DE",2.96725680793794,0.179587264016919,0.532881531773151,300,33,140,130,149.5,175
47,"DE",2.96725680793794,0.179587264016919,0.532881531773151,300,34,165,125.475,150,174.525
47,"DE",2.96725680793794,0.179587264016919,0.532881531773151,300,35,142,126,150,174.525
47,"DE",2.96725680793794,0.179587264016919,0.532881531773151,300,36,143,125,149,171
47,"DE",2.96725680793794,0.179587264016919,0.532881531773151,300,37,136,125,147.5,170.05
47,"DE",2.96725680793794,0.179587264016919,0.532881531773151,300,38,171,119.475,143,164
47,"DE",2.96725680793794,0.179587264016919,0.532881531773151,300,39,142,118.95,143,166
47,"DE",2.96725680793794,0.179587264016919,0.532881531773151,300,40,127,119.475,138,162
47,"DE",2.96725680793794,0.179587264016919,0.532881531773151,300,41,137,112.95,137,158
47,"DE",2.96725680793794,0.179587264016919,0.532881531773151,300,42,99,113,134,160.525
47,"DE",2.96725680793794,0.179587264016919,0.532881531773151,300,43,113,112,132,153.05
47,"DE",2.96725680793794,0.179587264016919,0.532881531773151,300,44,130,108,130,150.525
47,"DE",2.96725680793794,0.179587264016919,0.532881531773151,300,45,146,104,124,146
47,"DE",2.96725680793794,0.179587264016919,0.532881531773151,300,46,116,98.95,120,145
47,"DE",2.96725680793794,0.179587264016919,0.532881531773151,300,47,104,97,118,140.525
47,"DE",2.96725680793794,0.179587264016919,0.532881531773151,300,48,131,93.475,114,136
47,"DE",2.96725680793794,0.179587264016919,0.532881531773151,300,49,116,89.475,109,131
47,"DE",2.96725680793794,0.179587264016919,0.532881531773151,300,50,121,88.475,106,125.525
47,"DE",2.96725680793794,0.179587264016919,0.532881531773151,300,51,97,83,103,125.525
47,"DE",2.96725680793794,0.179587264016919,0.532881531773151,300,52,88,80.475,100,119.05
47,"DE",2.96725680793794,0.179587264016919,0.532881531773151,300,53,98,76.475,96,115.525
47,"DE",2.96725680793794,0.179587264016919,0.532881531773151,300,54,95,75.475,91,109
47,"DE",2.96725680793794,0.179587264016919,0.532881531773151,300,55,83,69.475,87,108
47,"DE",2.96725680793794,0.179587264016919,0.532881531773151,300,56,95,67,85,106.525
47,"DE",2.96725680793794,0.179587264016919,0.532881531773151,300,57,70,63,81,99
47,"DE",2.96725680793794,0.179587264016919,0.532881531773151,300,58,70,61,79,96.525
47,"DE",2.96725680793794,0.179587264016919,0.532881531773151,300,59,75,56.475,74,94
47,"DE",2.96725680793794,0.179587264016919,0.532881531773151,300,60,72,55,72,88.525
47,"DE",2.96725680793794,0.179587264016919,0.532881531773151,300,61,84,53,68.5,85
47,"DE",2.96725680793794,0.179587264016919,0.532881531773151,300,62,57,48,65,81
47,"DE",2.96725680793794,0.179587264016919,0.532881531773151,300,63,81,44.475,61,78.525
47,"DE",2.96725680793794,0.179587264016919,0.532881531773151,300,64,57,46,58.5,75
47,"DE",2.96725680793794,0.179587264016919,0.532881531773151,300,65,55,42.475,57,72.525
47,"DE",2.96725680793794,0.179587264016919,0.532881531773151,300,66,60,40.475,54,69
47,"DE",2.96725680793794,0.179587264016919,0.532881531773151,300,67,53,38.475,52,66.525
47,"DE",2.96725680793794,0.179587264016919,0.532881531773151,300,68,45,36,49,63
47,"DE",2.96725680793794,0.179587264016919,0.532881531773151,300,69,40,33,46.5,61.525
47,"DE",2.96725680793794,0.179587264016919,0.532881531773151,300,70,48,32,44.5,58
47,"DE",2.96725680793794,0.179587264016919,0.532881531773151,300,71,43,28,42,56.525
47,"DE",2.96725680793794,0.179587264016919,0.532881531773151,300,72,34,27,40,55.525
47,"DE",2.96725680793794,0.179587264016919,0.532881531773151,300,73,41,27,39,51
47,"DE",2.96725680793794,0.179587264016919,0.532881531773151,300,74,39,24,36,48
47,"DE",2.96725680793794,0.179587264016919,0.532881531773151,300,75,30,24,35,47
47,"DE",2.96725680793794,0.179587264016919,0.532881531773151,300,76,33,22,32,43
47,"DE",2.96725680793794,0.179587264016919,0.532881531773151,300,77,39,20,31,42
47,"DE",2.96725680793794,0.179587264016919,0.532881531773151,300,78,18,20,29.5,42
47,"DE",2.96725680793794,0.179587264016919,0.532881531773151,300,79,30,19,28,39.525
47,"DE",2.96725680793794,0.179587264016919,0.532881531773151,300,80,26,18,26,37
47,"DE",2.96725680793794,0.179587264016919,0.532881531773151,300,81,14,16,25,37.525
47,"DE",2.96725680793794,0.179587264016919,0.532881531773151,300,82,33,15,23,35
47,"DE",2.96725680793794,0.179587264016919,0.532881531773151,300,83,20,14,22,32.525
47,"DE",2.96725680793794,0.179587264016919,0.532881531773151,300,84,22,13,21,31
47,"DE",2.96725680793794,0.179587264016919,0.532881531773151,300,85,27,12,21,30
47,"DE",2.96725680793794,0.179587264016919,0.532881531773151,300,86,23,10.475,20,28.525
47,"DE",2.96725680793794,0.179587264016919,0.532881531773151,300,87,22,11,18,27
47,"DE",2.96725680793794,0.179587264016919,0.532881531773151,300,88,21,11,18,27
47,"DE",2.96725680793794,0.179587264016919,0.532881531773151,300,89,27,8,16,26
47,"DE",2.96725680793794,0.179587264016919,0.532881531773151,300,90,12,9,16,24.525
47,"DE",2.96725680793794,0.179587264016919,0.532881531773151,300,91,14,7.475,15,23.525
47,"DE",2.96725680793794,0.179587264016919,0.532881531773151,300,92,13,7,14,22
47,"DE",2.96725680793794,0.179587264016919,0.532881531773151,300,93,6,7,13,21
47,"DE",2.96725680793794,0.179587264016919,0.532881531773151,300,94,17,6,12,20
47,"DE",2.96725680793794,0.179587264016919,0.532881531773151,300,95,10,6,12,19
47,"DE",2.96725680793794,0.179587264016919,0.532881531773151,300,96,10,5,11,18.525
47,"DE",2.96725680793794,0.179587264016919,0.532881531773151,300,97,9,5,11,18
47,"DE",2.96725680793794,0.179587264016919,0.532881531773151,300,98,10,5,11,17
47,"DE",2.96725680793794,0.179587264016919,0.532881531773151,300,99,6,4.475,9,17
47,"DE",2.96725680793794,0.179587264016919,0.532881531773151,300,100,7,4,9,15
47,"DE",2.96725680793794,0.179587264016919,0.532881531773151,300,101,8,4,9,16
47,"DE",2.96725680793794,0.179587264016919,0.532881531773151,300,102,8,3,8,14
47,"DE",2.96725680793794,0.179587264016919,0.532881531773151,300,103,10,3,8,14
47,"DE",2.96725680793794,0.179587264016919,0.532881531773151,300,104,11,3,7,14
47,"DE",2.96725680793794,0.179587264016919,0.532881531773151,300,105,6,2,7,13
47,"DE",2.96725680793794,0.179587264016919,0.532881531773151,300,106,5,2,6,11
47,"DE",2.96725680793794,0.179587264016919,0.532881531773151,300,107,7,2,6,12
47,"DE",2.96725680793794,0.179587264016919,0.532881531773151,300,108,11,1.475,6,11
47,"DE",2.96725680793794,0.179587264016919,0.532881531773151,300,109,8,2,6,11
47,"DE",2.96725680793794,0.179587264016919,0.532881531773151,300,110,6,1.475,5,10
47,"DE",2.96725680793794,0.179587264016919,0.532881531773151,300,111,5,1,5,9
47,"DE",2.96725680793794,0.179587264016919,0.532881531773151,300,112,9,1,5,9
47,"DE",2.96725680793794,0.179587264016919,0.532881531773151,300,113,2,0.475000000000001,5,10
47,"DE",2.96725680793794,0.179587264016919,0.532881531773151,300,114,2,1,4,9
47,"DE",2.96725680793794,0.179587264016919,0.532881531773151,300,115,3,1,4,8
47,"DE",2.96725680793794,0.179587264016919,0.532881531773151,300,116,2,0,3,7
47,"DE",2.96725680793794,0.179587264016919,0.532881531773151,300,117,2,0,4,7.52499999999998
47,"DE",2.96725680793794,0.179587264016919,0.532881531773151,300,118,8,0,3,7
47,"DE",2.96725680793794,0.179587264016919,0.532881531773151,300,119,3,0,3,7
47,"DE",2.96725680793794,0.179587264016919,0.532881531773151,300,120,2,0,3,6
47,"DE",2.96725680793794,0.179587264016919,0.532881531773151,300,121,4,0,3,6
47,"DE",2.96725680793794,0.179587264016919,0.532881531773151,300,122,0,0,3,7
47,"DE",2.96725680793794,0.179587264016919,0.532881531773151,300,123,3,0,3,6
47,"DE",2.96725680793794,0.179587264016919,0.532881531773151,300,124,2,0,2,6
47,"DE",2.96725680793794,0.179587264016919,0.532881531773151,300,125,2,0,2,6
47,"DE",2.96725680793794,0.179587264016919,0.532881531773151,300,126,0,0,2,5
47,"DE",2.96725680793794,0.179587264016919,0.532881531773151,300,127,5,0,2,5.52499999999998
47,"DE",2.96725680793794,0.179587264016919,0.532881531773151,300,128,0,0,2,5
47,"DE",2.96725680793794,0.179587264016919,0.532881531773151,300,129,3,0,2,5
47,"DE",2.96725680793794,0.179587264016919,0.532881531773151,300,130,1,0,2,5
47,"DE",2.96725680793794,0.179587264016919,0.532881531773151,300,131,1,0,1,4.52499999999998
47,"DE",2.96725680793794,0.179587264016919,0.532881531773151,300,132,1,0,1.5,4.52499999999998
47,"DE",2.96725680793794,0.179587264016919,0.532881531773151,300,133,2,0,1,4.52499999999998
47,"DE",2.96725680793794,0.179587264016919,0.532881531773151,300,134,1,0,1,4
47,"DE",2.96725680793794,0.179587264016919,0.532881531773151,300,135,0,0,1,4
47,"DE",2.96725680793794,0.179587264016919,0.532881531773151,300,136,1,0,1,4
47,"DE",2.96725680793794,0.179587264016919,0.532881531773151,300,137,0,0,1,3
47,"DE",2.96725680793794,0.179587264016919,0.532881531773151,300,138,0,0,1,3.52499999999998
47,"DE",2.96725680793794,0.179587264016919,0.532881531773151,300,139,1,0,1,3
47,"DE",2.96725680793794,0.179587264016919,0.532881531773151,300,140,1,0,1,3
47,"DE",2.96725680793794,0.179587264016919,0.532881531773151,300,141,1,0,1,3
47,"DE",2.96725680793794,0.179587264016919,0.532881531773151,300,142,0,0,1,3
47,"DE",2.96725680793794,0.179587264016919,0.532881531773151,300,143,1,0,1,3
47,"DE",2.96725680793794,0.179587264016919,0.532881531773151,300,144,1,0,1,3
47,"DE",2.96725680793794,0.179587264016919,0.532881531773151,300,145,0,0,1,3
47,"DE",2.96725680793794,0.179587264016919,0.532881531773151,300,146,2,0,0,2
47,"DE",2.96725680793794,0.179587264016919,0.532881531773151,300,147,0,0,0,3
47,"DE",2.96725680793794,0.179587264016919,0.532881531773151,300,148,0,0,1,2.52499999999998
47,"DE",2.96725680793794,0.179587264016919,0.532881531773151,300,149,2,0,0,2.52499999999998
47,"DE",2.96725680793794,0.179587264016919,0.532881531773151,300,150,1,0,0,3
47,"DE",2.96725680793794,0.179587264016919,0.532881531773151,300,151,1,0,0,2
47,"DE",2.96725680793794,0.179587264016919,0.532881531773151,300,152,0,0,0,2.52499999999998
47,"DE",2.96725680793794,0.179587264016919,0.532881531773151,300,153,0,0,0,2
47,"DE",2.96725680793794,0.179587264016919,0.532881531773151,300,154,1,0,0,2
47,"DE",2.96725680793794,0.179587264016919,0.532881531773151,300,155,0,0,0,2
47,"DE",2.96725680793794,0.179587264016919,0.532881531773151,300,156,0,0,0,2
47,"DE",2.96725680793794,0.179587264016919,0.532881531773151,300,157,0,0,0,2
47,"DE",2.96725680793794,0.179587264016919,0.532881531773151,300,158,0,0,0,2
47,"DE",2.96725680793794,0.179587264016919,0.532881531773151,300,159,0,0,0,2
47,"DE",2.96725680793794,0.179587264016919,0.532881531773151,300,160,0,0,0,2
47,"DE",2.96725680793794,0.179587264016919,0.532881531773151,300,161,1,0,0,2
47,"DE",2.96725680793794,0.179587264016919,0.532881531773151,300,162,0,0,0,2
47,"DE",2.96725680793794,0.179587264016919,0.532881531773151,300,163,1,0,0,1
47,"DE",2.96725680793794,0.179587264016919,0.532881531773151,300,164,2,0,0,1.52499999999998
47,"DE",2.96725680793794,0.179587264016919,0.532881531773151,300,165,0,0,0,1
47,"DE",2.96725680793794,0.179587264016919,0.532881531773151,300,166,1,0,0,1
47,"DE",2.96725680793794,0.179587264016919,0.532881531773151,300,167,0,0,0,1
47,"DE",2.96725680793794,0.179587264016919,0.532881531773151,300,168,0,0,0,1.52499999999998
47,"DE",2.96725680793794,0.179587264016919,0.532881531773151,300,169,0,0,0,1
47,"DE",2.96725680793794,0.179587264016919,0.532881531773151,300,170,0,0,0,1
47,"DE",2.96725680793794,0.179587264016919,0.532881531773151,300,171,0,0,0,1
47,"DE",2.96725680793794,0.179587264016919,0.532881531773151,300,172,1,0,0,1
47,"DE",2.96725680793794,0.179587264016919,0.532881531773151,300,173,0,0,0,1
47,"DE",2.96725680793794,0.179587264016919,0.532881531773151,300,174,0,0,0,1
47,"DE",2.96725680793794,0.179587264016919,0.532881531773151,300,175,0,0,0,1
47,"DE",2.96725680793794,0.179587264016919,0.532881531773151,300,176,0,0,0,1
47,"DE",2.96725680793794,0.179587264016919,0.532881531773151,300,177,0,0,0,1
47,"DE",2.96725680793794,0.179587264016919,0.532881531773151,300,178,0,0,0,1
47,"DE",2.96725680793794,0.179587264016919,0.532881531773151,300,179,1,0,0,1
47,"DE",2.96725680793794,0.179587264016919,0.532881531773151,300,180,0,0,0,1
47,"DE",2.96725680793794,0.179587264016919,0.532881531773151,300,181,0,0,0,1
47,"DE",2.96725680793794,0.179587264016919,0.532881531773151,300,182,0,0,0,1
47,"DE",2.96725680793794,0.179587264016919,0.532881531773151,300,183,0,0,0,1
47,"DE",2.96725680793794,0.179587264016919,0.532881531773151,300,184,1,0,0,1
47,"DE",2.96725680793794,0.179587264016919,0.532881531773151,300,185,0,0,0,1
47,"DE",2.96725680793794,0.179587264016919,0.532881531773151,300,186,0,0,0,1
47,"DE",2.96725680793794,0.179587264016919,0.532881531773151,300,187,0,0,0,1
47,"DE",2.96725680793794,0.179587264016919,0.532881531773151,300,188,0,0,0,1
47,"DE",2.96725680793794,0.179587264016919,0.532881531773151,300,189,0,0,0,1
47,"DE",2.96725680793794,0.179587264016919,0.532881531773151,300,190,0,0,0,1
47,"DE",2.96725680793794,0.179587264016919,0.532881531773151,300,191,0,0,0,1
47,"DE",2.96725680793794,0.179587264016919,0.532881531773151,300,192,0,0,0,1
47,"DE",2.96725680793794,0.179587264016919,0.532881531773151,300,193,1,0,0,0.524999999999977
47,"DE",2.96725680793794,0.179587264016919,0.532881531773151,300,194,0,0,0,1
47,"DE",2.96725680793794,0.179587264016919,0.532881531773151,300,195,0,0,0,1
47,"DE",2.96725680793794,0.179587264016919,0.532881531773151,300,196,0,0,0,1
47,"DE",2.96725680793794,0.179587264016919,0.532881531773151,300,197,0,0,0,1
47,"DE",2.96725680793794,0.179587264016919,0.532881531773151,300,198,0,0,0,1
47,"DE",2.96725680793794,0.179587264016919,0.532881531773151,300,199,0,0,0,1
47,"DE",2.96725680793794,0.179587264016919,0.532881531773151,300,200,0,0,0,1
47,"DE",2.96725680793794,0.179587264016919,0.532881531773151,300,201,0,0,0,1
47,"DE",2.96725680793794,0.179587264016919,0.532881531773151,300,202,0,0,0,0
47,"DE",2.96725680793794,0.179587264016919,0.532881531773151,300,203,0,0,0,0
47,"DE",2.96725680793794,0.179587264016919,0.532881531773151,300,204,0,0,0,0
47,"DE",2.96725680793794,0.179587264016919,0.532881531773151,300,205,0,0,0,1
47,"DE",2.96725680793794,0.179587264016919,0.532881531773151,300,206,0,0,0,0
47,"DE",2.96725680793794,0.179587264016919,0.532881531773151,300,207,0,0,0,0
47,"DE",2.96725680793794,0.179587264016919,0.532881531773151,300,208,1,0,0,1
47,"DE",2.96725680793794,0.179587264016919,0.532881531773151,300,209,0,0,0,0
47,"DE",2.96725680793794,0.179587264016919,0.532881531773151,300,210,0,0,0,1
47,"DE",2.96725680793794,0.179587264016919,0.532881531773151,300,211,0,0,0,0.524999999999977
47,"DE",2.96725680793794,0.179587264016919,0.532881531773151,300,212,0,0,0,0
47,"DE",2.96725680793794,0.179587264016919,0.532881531773151,300,213,0,0,0,0
47,"DE",2.96725680793794,0.179587264016919,0.532881531773151,300,214,0,0,0,0
47,"DE",2.96725680793794,0.179587264016919,0.532881531773151,300,215,0,0,0,0
47,"DE",2.96725680793794,0.179587264016919,0.532881531773151,300,216,0,0,0,0
47,"DE",2.96725680793794,0.179587264016919,0.532881531773151,300,217,0,0,0,0
47,"DE",2.96725680793794,0.179587264016919,0.532881531773151,300,218,0,0,0,0
47,"DE",2.96725680793794,0.179587264016919,0.532881531773151,300,219,0,0,0,0
47,"DE",2.96725680793794,0.179587264016919,0.532881531773151,300,220,0,0,0,0
47,"DE",2.96725680793794,0.179587264016919,0.532881531773151,300,221,0,0,0,0
47,"DE",2.96725680793794,0.179587264016919,0.532881531773151,300,222,0,0,0,0
47,"DE",2.96725680793794,0.179587264016919,0.532881531773151,300,223,0,0,0,0
47,"DE",2.96725680793794,0.179587264016919,0.532881531773151,300,224,0,0,0,0
47,"DE",2.96725680793794,0.179587264016919,0.532881531773151,300,225,0,0,0,0
47,"DE",2.96725680793794,0.179587264016919,0.532881531773151,300,226,0,0,0,0
47,"DE",2.96725680793794,0.179587264016919,0.532881531773151,300,227,0,0,0,0
47,"DE",2.96725680793794,0.179587264016919,0.532881531773151,300,228,0,0,0,0
47,"DE",2.96725680793794,0.179587264016919,0.532881531773151,300,229,0,0,0,0
47,"DE",2.96725680793794,0.179587264016919,0.532881531773151,300,230,0,0,0,0
47,"DE",2.96725680793794,0.179587264016919,0.532881531773151,300,231,0,0,0,0
47,"DE",2.96725680793794,0.179587264016919,0.532881531773151,300,232,0,0,0,0
47,"DE",2.96725680793794,0.179587264016919,0.532881531773151,300,233,0,0,0,0
47,"DE",2.96725680793794,0.179587264016919,0.532881531773151,300,234,0,0,0,0
47,"DE",2.96725680793794,0.179587264016919,0.532881531773151,300,235,0,0,0,0
47,"DE",2.96725680793794,0.179587264016919,0.532881531773151,300,236,0,0,0,0
47,"DE",2.96725680793794,0.179587264016919,0.532881531773151,300,237,0,0,0,0
47,"DE",2.96725680793794,0.179587264016919,0.532881531773151,300,238,0,0,0,0
47,"DE",2.96725680793794,0.179587264016919,0.532881531773151,300,239,0,0,0,0
47,"DE",2.96725680793794,0.179587264016919,0.532881531773151,300,240,0,0,0,0
47,"DE",2.96725680793794,0.179587264016919,0.532881531773151,300,241,0,0,0,0
47,"DE",2.96725680793794,0.179587264016919,0.532881531773151,300,242,0,0,0,0
47,"DE",2.96725680793794,0.179587264016919,0.532881531773151,300,243,0,0,0,0
47,"DE",2.96725680793794,0.179587264016919,0.532881531773151,300,244,0,0,0,0
47,"DE",2.96725680793794,0.179587264016919,0.532881531773151,300,245,0,0,0,0
47,"DE",2.96725680793794,0.179587264016919,0.532881531773151,300,246,0,0,0,0
47,"DE",2.96725680793794,0.179587264016919,0.532881531773151,300,247,0,0,0,0
47,"DE",2.96725680793794,0.179587264016919,0.532881531773151,300,248,0,0,0,0
47,"DE",2.96725680793794,0.179587264016919,0.532881531773151,300,249,0,0,0,0
47,"DE",2.96725680793794,0.179587264016919,0.532881531773151,300,250,0,0,0,0
47,"DE",2.96725680793794,0.179587264016919,0.532881531773151,300,251,0,0,0,0
47,"DE",2.96725680793794,0.179587264016919,0.532881531773151,300,252,0,0,0,0
47,"DE",2.96725680793794,0.179587264016919,0.532881531773151,300,253,0,0,0,0
47,"DE",2.96725680793794,0.179587264016919,0.532881531773151,300,254,0,0,0,0
47,"DE",2.96725680793794,0.179587264016919,0.532881531773151,300,255,0,0,0,0
47,"DE",2.96725680793794,0.179587264016919,0.532881531773151,300,256,0,0,0,0
47,"DE",2.96725680793794,0.179587264016919,0.532881531773151,300,257,0,0,0,0
47,"DE",2.96725680793794,0.179587264016919,0.532881531773151,300,258,0,0,0,0
47,"DE",2.96725680793794,0.179587264016919,0.532881531773151,300,259,0,0,0,0
47,"DE",2.96725680793794,0.179587264016919,0.532881531773151,300,260,0,0,0,0
47,"DE",2.96725680793794,0.179587264016919,0.532881531773151,300,261,0,0,0,0
47,"DE",2.96725680793794,0.179587264016919,0.532881531773151,300,262,0,0,0,0
47,"DE",2.96725680793794,0.179587264016919,0.532881531773151,300,263,0,0,0,0
47,"DE",2.96725680793794,0.179587264016919,0.532881531773151,300,264,0,0,0,0
47,"DE",2.96725680793794,0.179587264016919,0.532881531773151,300,265,0,0,0,0
47,"DE",2.96725680793794,0.179587264016919,0.532881531773151,300,266,0,0,0,0
47,"DE",2.96725680793794,0.179587264016919,0.532881531773151,300,267,0,0,0,0
47,"DE",2.96725680793794,0.179587264016919,0.532881531773151,300,268,0,0,0,0
47,"DE",2.96725680793794,0.179587264016919,0.532881531773151,300,269,0,0,0,0
47,"DE",2.96725680793794,0.179587264016919,0.532881531773151,300,270,0,0,0,0
47,"DE",2.96725680793794,0.179587264016919,0.532881531773151,300,271,0,0,0,0
47,"DE",2.96725680793794,0.179587264016919,0.532881531773151,300,272,0,0,0,0
47,"DE",2.96725680793794,0.179587264016919,0.532881531773151,300,273,0,0,0,0
47,"DE",2.96725680793794,0.179587264016919,0.532881531773151,300,274,0,0,0,0
47,"DE",2.96725680793794,0.179587264016919,0.532881531773151,300,275,0,0,0,0
47,"DE",2.96725680793794,0.179587264016919,0.532881531773151,300,276,0,0,0,0
47,"DE",2.96725680793794,0.179587264016919,0.532881531773151,300,277,0,0,0,0
47,"DE",2.96725680793794,0.179587264016919,0.532881531773151,300,278,0,0,0,0
47,"DE",2.96725680793794,0.179587264016919,0.532881531773151,300,279,0,0,0,0
47,"DE",2.96725680793794,0.179587264016919,0.532881531773151,300,280,0,0,0,0
47,"DE",2.96725680793794,0.179587264016919,0.532881531773151,300,281,0,0,0,0
47,"DE",2.96725680793794,0.179587264016919,0.532881531773151,300,282,0,0,0,0
47,"DE",2.96725680793794,0.179587264016919,0.532881531773151,300,283,0,0,0,0
47,"DE",2.96725680793794,0.179587264016919,0.532881531773151,300,284,0,0,0,0
47,"DE",2.96725680793794,0.179587264016919,0.532881531773151,300,285,0,0,0,0
47,"DE",2.96725680793794,0.179587264016919,0.532881531773151,300,286,0,0,0,0
47,"DE",2.96725680793794,0.179587264016919,0.532881531773151,300,287,0,0,0,0
47,"DE",2.96725680793794,0.179587264016919,0.532881531773151,300,288,0,0,0,0
47,"DE",2.96725680793794,0.179587264016919,0.532881531773151,300,289,0,0,0,0
47,"DE",2.96725680793794,0.179587264016919,0.532881531773151,300,290,0,0,0,0
47,"DE",2.96725680793794,0.179587264016919,0.532881531773151,300,291,0,0,0,0
47,"DE",2.96725680793794,0.179587264016919,0.532881531773151,300,292,0,0,0,0
47,"DE",2.96725680793794,0.179587264016919,0.532881531773151,300,293,0,0,0,0
47,"DE",2.96725680793794,0.179587264016919,0.532881531773151,300,294,0,0,0,0
47,"DE",2.96725680793794,0.179587264016919,0.532881531773151,300,295,0,0,0,0
47,"DE",2.96725680793794,0.179587264016919,0.532881531773151,300,296,0,0,0,0
47,"DE",2.96725680793794,0.179587264016919,0.532881531773151,300,297,0,0,0,0
47,"DE",2.96725680793794,0.179587264016919,0.532881531773151,300,298,0,0,0,0
47,"DE",2.96725680793794,0.179587264016919,0.532881531773151,300,299,0,0,0,0
47,"DE",2.96725680793794,0.179587264016919,0.532881531773151,300,300,0,0,0,0
47,"DE",2.96725680793794,0.179587264016919,0.532881531773151,300,301,0,0,0,0
47,"DE",2.96725680793794,0.179587264016919,0.532881531773151,300,302,0,0,0,0
47,"DE",2.96725680793794,0.179587264016919,0.532881531773151,300,303,0,0,0,0
47,"DE",2.96725680793794,0.179587264016919,0.532881531773151,300,304,0,0,0,0
47,"DE",2.96725680793794,0.179587264016919,0.532881531773151,300,305,0,0,0,0
47,"DE",2.96725680793794,0.179587264016919,0.532881531773151,300,306,0,0,0,0
47,"DE",2.96725680793794,0.179587264016919,0.532881531773151,300,307,0,0,0,0
47,"DE",2.96725680793794,0.179587264016919,0.532881531773151,300,308,0,0,0,0
47,"DE",2.96725680793794,0.179587264016919,0.532881531773151,300,309,0,0,0,0
47,"DE",2.96725680793794,0.179587264016919,0.532881531773151,300,310,0,0,0,0
47,"DE",2.96725680793794,0.179587264016919,0.532881531773151,300,311,0,0,0,0
47,"DE",2.96725680793794,0.179587264016919,0.532881531773151,300,312,0,0,0,0
47,"DE",2.96725680793794,0.179587264016919,0.532881531773151,300,313,0,0,0,0
47,"DE",2.96725680793794,0.179587264016919,0.532881531773151,300,314,0,0,0,0
47,"DE",2.96725680793794,0.179587264016919,0.532881531773151,300,315,0,0,0,0
47,"DE",2.96725680793794,0.179587264016919,0.532881531773151,300,316,0,0,0,0
47,"DE",2.96725680793794,0.179587264016919,0.532881531773151,300,317,0,0,0,0
47,"DE",2.96725680793794,0.179587264016919,0.532881531773151,300,318,0,0,0,0
47,"DE",2.96725680793794,0.179587264016919,0.532881531773151,300,319,0,0,0,0
47,"DE",2.96725680793794,0.179587264016919,0.532881531773151,300,320,0,0,0,0
47,"DE",2.96725680793794,0.179587264016919,0.532881531773151,300,321,0,0,0,0
47,"DE",2.96725680793794,0.179587264016919,0.532881531773151,300,322,0,0,0,0
47,"DE",2.96725680793794,0.179587264016919,0.532881531773151,300,323,0,0,0,0
47,"DE",2.96725680793794,0.179587264016919,0.532881531773151,300,324,0,0,0,0
47,"DE",2.96725680793794,0.179587264016919,0.532881531773151,300,325,0,0,0,0
47,"DE",2.96725680793794,0.179587264016919,0.532881531773151,300,326,0,0,0,0
47,"DE",2.96725680793794,0.179587264016919,0.532881531773151,300,327,0,0,0,0
47,"DE",2.96725680793794,0.179587264016919,0.532881531773151,300,328,0,0,0,0
47,"DE",2.96725680793794,0.179587264016919,0.532881531773151,300,329,0,0,0,0
47,"DE",2.96725680793794,0.179587264016919,0.532881531773151,300,330,0,0,0,0
47,"DE",2.96725680793794,0.179587264016919,0.532881531773151,300,331,0,0,0,0
47,"DE",2.96725680793794,0.179587264016919,0.532881531773151,300,332,0,0,0,0
47,"DE",2.96725680793794,0.179587264016919,0.532881531773151,300,333,0,0,0,0
47,"DE",2.96725680793794,0.179587264016919,0.532881531773151,300,334,0,0,0,0
47,"DE",2.96725680793794,0.179587264016919,0.532881531773151,300,335,0,0,0,0
47,"DE",2.96725680793794,0.179587264016919,0.532881531773151,300,336,0,0,0,0
47,"DE",2.96725680793794,0.179587264016919,0.532881531773151,300,337,0,0,0,0
47,"DE",2.96725680793794,0.179587264016919,0.532881531773151,300,338,0,0,0,0
47,"DE",2.96725680793794,0.179587264016919,0.532881531773151,300,339,0,0,0,0
47,"DE",2.96725680793794,0.179587264016919,0.532881531773151,300,340,0,0,0,0
47,"DE",2.96725680793794,0.179587264016919,0.532881531773151,300,341,0,0,0,0
47,"DE",2.96725680793794,0.179587264016919,0.532881531773151,300,342,0,0,0,0
47,"DE",2.96725680793794,0.179587264016919,0.532881531773151,300,343,0,0,0,0
47,"DE",2.96725680793794,0.179587264016919,0.532881531773151,300,344,0,0,0,0
47,"DE",2.96725680793794,0.179587264016919,0.532881531773151,300,345,0,0,0,0
47,"DE",2.96725680793794,0.179587264016919,0.532881531773151,300,346,0,0,0,0
47,"DE",2.96725680793794,0.179587264016919,0.532881531773151,300,347,0,0,0,0
47,"DE",2.96725680793794,0.179587264016919,0.532881531773151,300,348,0,0,0,0
47,"DE",2.96725680793794,0.179587264016919,0.532881531773151,300,349,0,0,0,0
47,"DE",2.96725680793794,0.179587264016919,0.532881531773151,300,350,0,0,0,0
47,"DE",2.96725680793794,0.179587264016919,0.532881531773151,300,351,0,0,0,0
47,"DE",2.96725680793794,0.179587264016919,0.532881531773151,300,352,0,0,0,0
47,"DE",2.96725680793794,0.179587264016919,0.532881531773151,300,353,0,0,0,0
47,"DE",2.96725680793794,0.179587264016919,0.532881531773151,300,354,0,0,0,0
47,"DE",2.96725680793794,0.179587264016919,0.532881531773151,300,355,0,0,0,0
47,"DE",2.96725680793794,0.179587264016919,0.532881531773151,300,356,0,0,0,0
47,"DE",2.96725680793794,0.179587264016919,0.532881531773151,300,357,0,0,0,0
47,"DE",2.96725680793794,0.179587264016919,0.532881531773151,300,358,0,0,0,0
47,"DE",2.96725680793794,0.179587264016919,0.532881531773151,300,359,0,0,0,0
47,"DE",2.96725680793794,0.179587264016919,0.532881531773151,300,360,0,0,0,0
47,"DE",2.96725680793794,0.179587264016919,0.532881531773151,300,361,0,0,0,0
47,"DE",2.96725680793794,0.179587264016919,0.532881531773151,300,362,0,0,0,0
47,"DE",2.96725680793794,0.179587264016919,0.532881531773151,300,363,0,0,0,0
47,"DE",2.96725680793794,0.179587264016919,0.532881531773151,300,364,0,0,0,0
47,"DE",2.96725680793794,0.179587264016919,0.532881531773151,300,365,0,0,0,0
47,"BiLSTM",9.87201980431564,0.0519787142779938,0.513134896755219,300,1,77,52,69,83
47,"BiLSTM",9.87201980431564,0.0519787142779938,0.513134896755219,300,2,74,52,64,78
47,"BiLSTM",9.87201980431564,0.0519787142779938,0.513134896755219,300,3,58,49,63,77
47,"BiLSTM",9.87201980431564,0.0519787142779938,0.513134896755219,300,4,65,48,61.5,78
47,"BiLSTM",9.87201980431564,0.0519787142779938,0.513134896755219,300,5,66,48,63,77
47,"BiLSTM",9.87201980431564,0.0519787142779938,0.513134896755219,300,6,73,50,64,80
47,"BiLSTM",9.87201980431564,0.0519787142779938,0.513134896755219,300,7,81,53,67,83.525
47,"BiLSTM",9.87201980431564,0.0519787142779938,0.513134896755219,300,8,56,54.475,69,85.525
47,"BiLSTM",9.87201980431564,0.0519787142779938,0.513134896755219,300,9,64,57.475,73,89
47,"BiLSTM",9.87201980431564,0.0519787142779938,0.513134896755219,300,10,90,61,77,95.525
47,"BiLSTM",9.87201980431564,0.0519787142779938,0.513134896755219,300,11,72,65.475,80,99.525
47,"BiLSTM",9.87201980431564,0.0519787142779938,0.513134896755219,300,12,84,68,84,102
47,"BiLSTM",9.87201980431564,0.0519787142779938,0.513134896755219,300,13,93,67.475,88,106.525
47,"BiLSTM",9.87201980431564,0.0519787142779938,0.513134896755219,300,14,111,75,92,111.525
47,"BiLSTM",9.87201980431564,0.0519787142779938,0.513134896755219,300,15,108,78,97,117
47,"BiLSTM",9.87201980431564,0.0519787142779938,0.513134896755219,300,16,94,79.475,100.5,119
47,"BiLSTM",9.87201980431564,0.0519787142779938,0.513134896755219,300,17,96,83.95,106,125
47,"BiLSTM",9.87201980431564,0.0519787142779938,0.513134896755219,300,18,125,89,109.5,130
47,"BiLSTM",9.87201980431564,0.0519787142779938,0.513134896755219,300,19,117,91,113,132
47,"BiLSTM",9.87201980431564,0.0519787142779938,0.513134896755219,300,20,122,97,117,136.525
47,"BiLSTM",9.87201980431564,0.0519787142779938,0.513134896755219,300,21,126,101,120,146
47,"BiLSTM",9.87201980431564,0.0519787142779938,0.513134896755219,300,22,135,102.475,125.5,150
47,"BiLSTM",9.87201980431564,0.0519787142779938,0.513134896755219,300,23,136,108,128,149.05
47,"BiLSTM",9.87201980431564,0.0519787142779938,0.513134896755219,300,24,151,108.475,131,155.05
47,"BiLSTM",9.87201980431564,0.0519787142779938,0.513134896755219,300,25,135,111.475,134,157
47,"BiLSTM",9.87201980431564,0.0519787142779938,0.513134896755219,300,26,144,117,136,160
47,"BiLSTM",9.87201980431564,0.0519787142779938,0.513134896755219,300,27,147,117,140,162
47,"BiLSTM",9.87201980431564,0.0519787142779938,0.513134896755219,300,28,127,115.95,141,163.05
47,"BiLSTM",9.87201980431564,0.0519787142779938,0.513134896755219,300,29,142,117,142,170.525
47,"BiLSTM",9.87201980431564,0.0519787142779938,0.513134896755219,300,30,142,123.475,145,167.525
47,"BiLSTM",9.87201980431564,0.0519787142779938,0.513134896755219,300,31,146,120,145,166.525
47,"BiLSTM",9.87201980431564,0.0519787142779938,0.513134896755219,300,32,151,122.475,145,171
47,"BiLSTM",9.87201980431564,0.0519787142779938,0.513134896755219,300,33,140,122,146,167
47,"BiLSTM",9.87201980431564,0.0519787142779938,0.513134896755219,300,34,165,122,146,171
47,"BiLSTM",9.87201980431564,0.0519787142779938,0.513134896755219,300,35,142,123,146,169.525
47,"BiLSTM",9.87201980431564,0.0519787142779938,0.513134896755219,300,36,143,123,144,170
47,"BiLSTM",9.87201980431564,0.0519787142779938,0.513134896755219,300,37,136,118,141.5,164
47,"BiLSTM",9.87201980431564,0.0519787142779938,0.513134896755219,300,38,171,116,142,164.525
47,"BiLSTM",9.87201980431564,0.0519787142779938,0.513134896755219,300,39,142,120.475,140,161
47,"BiLSTM",9.87201980431564,0.0519787142779938,0.513134896755219,300,40,127,117,137,158.525
47,"BiLSTM",9.87201980431564,0.0519787142779938,0.513134896755219,300,41,137,111.475,134,158
47,"BiLSTM",9.87201980431564,0.0519787142779938,0.513134896755219,300,42,99,109,131,156.525
47,"BiLSTM",9.87201980431564,0.0519787142779938,0.513134896755219,300,43,113,108,129,151.05
47,"BiLSTM",9.87201980431564,0.0519787142779938,0.513134896755219,300,44,130,107,126,148
47,"BiLSTM",9.87201980431564,0.0519787142779938,0.513134896755219,300,45,146,106,123,148
47,"BiLSTM",9.87201980431564,0.0519787142779938,0.513134896755219,300,46,116,100.475,120,140.525
47,"BiLSTM",9.87201980431564,0.0519787142779938,0.513134896755219,300,47,104,98.475,117,135
47,"BiLSTM",9.87201980431564,0.0519787142779938,0.513134896755219,300,48,131,93,114.5,138.525
47,"BiLSTM",9.87201980431564,0.0519787142779938,0.513134896755219,300,49,116,89.475,110.5,129.05
47,"BiLSTM",9.87201980431564,0.0519787142779938,0.513134896755219,300,50,121,87.475,108,126.525
47,"BiLSTM",9.87201980431564,0.0519787142779938,0.513134896755219,300,51,97,83,103,123
47,"BiLSTM",9.87201980431564,0.0519787142779938,0.513134896755219,300,52,88,78.475,99.5,121.525
47,"BiLSTM",9.87201980431564,0.0519787142779938,0.513134896755219,300,53,98,78,97,114.525
47,"BiLSTM",9.87201980431564,0.0519787142779938,0.513134896755219,300,54,95,78,93,114.525
47,"BiLSTM",9.87201980431564,0.0519787142779938,0.513134896755219,300,55,83,71,89,111
47,"BiLSTM",9.87201980431564,0.0519787142779938,0.513134896755219,300,56,95,69,86,104
47,"BiLSTM",9.87201980431564,0.0519787142779938,0.513134896755219,300,57,70,66,82,100
47,"BiLSTM",9.87201980431564,0.0519787142779938,0.513134896755219,300,58,70,63,80,97
47,"BiLSTM",9.87201980431564,0.0519787142779938,0.513134896755219,300,59,75,61,77,94.525
47,"BiLSTM",9.87201980431564,0.0519787142779938,0.513134896755219,300,60,72,57,73,89
47,"BiLSTM",9.87201980431564,0.0519787142779938,0.513134896755219,300,61,84,55,71,86
47,"BiLSTM",9.87201980431564,0.0519787142779938,0.513134896755219,300,62,57,50,67,82.525
47,"BiLSTM",9.87201980431564,0.0519787142779938,0.513134896755219,300,63,81,47.475,64,82.05
47,"BiLSTM",9.87201980431564,0.0519787142779938,0.513134896755219,300,64,57,46.475,61,78.525
47,"BiLSTM",9.87201980431564,0.0519787142779938,0.513134896755219,300,65,55,44.475,58,74.525
47,"BiLSTM",9.87201980431564,0.0519787142779938,0.513134896755219,300,66,60,43.475,56,70
47,"BiLSTM",9.87201980431564,0.0519787142779938,0.513134896755219,300,67,53,39,53,67
47,"BiLSTM",9.87201980431564,0.0519787142779938,0.513134896755219,300,68,45,38,51,66
47,"BiLSTM",9.87201980431564,0.0519787142779938,0.513134896755219,300,69,40,34,49,63.525
47,"BiLSTM",9.87201980431564,0.0519787142779938,0.513134896755219,300,70,48,35,46,60
47,"BiLSTM",9.87201980431564,0.0519787142779938,0.513134896755219,300,71,43,33.475,44,57.525
47,"BiLSTM",9.87201980431564,0.0519787142779938,0.513134896755219,300,72,34,31,42,57
47,"BiLSTM",9.87201980431564,0.0519787142779938,0.513134896755219,300,73,41,28,40,52.525
47,"BiLSTM",9.87201980431564,0.0519787142779938,0.513134896755219,300,74,39,26,39,53
47,"BiLSTM",9.87201980431564,0.0519787142779938,0.513134896755219,300,75,30,26.475,37,48
47,"BiLSTM",9.87201980431564,0.0519787142779938,0.513134896755219,300,76,33,23,35,48
47,"BiLSTM",9.87201980431564,0.0519787142779938,0.513134896755219,300,77,39,22,33,44.525
47,"BiLSTM",9.87201980431564,0.0519787142779938,0.513134896755219,300,78,18,21,31,41.525
47,"BiLSTM",9.87201980431564,0.0519787142779938,0.513134896755219,300,79,30,21,31,41.525
47,"BiLSTM",9.87201980431564,0.0519787142779938,0.513134896755219,300,80,26,19,28,38.525
47,"BiLSTM",9.87201980431564,0.0519787142779938,0.513134896755219,300,81,14,17.475,28,37.525
47,"BiLSTM",9.87201980431564,0.0519787142779938,0.513134896755219,300,82,33,16,26,37
47,"BiLSTM",9.87201980431564,0.0519787142779938,0.513134896755219,300,83,20,15,24,35
47,"BiLSTM",9.87201980431564,0.0519787142779938,0.513134896755219,300,84,22,15,23,32
47,"BiLSTM",9.87201980431564,0.0519787142779938,0.513134896755219,300,85,27,14,22,33
47,"BiLSTM",9.87201980431564,0.0519787142779938,0.513134896755219,300,86,23,12.475,21,30
47,"BiLSTM",9.87201980431564,0.0519787142779938,0.513134896755219,300,87,22,12,19,28.525
47,"BiLSTM",9.87201980431564,0.0519787142779938,0.513134896755219,300,88,21,11,20,29
47,"BiLSTM",9.87201980431564,0.0519787142779938,0.513134896755219,300,89,27,12,19,27.525
47,"BiLSTM",9.87201980431564,0.0519787142779938,0.513134896755219,300,90,12,10,17,25.525
47,"BiLSTM",9.87201980431564,0.0519787142779938,0.513134896755219,300,91,14,8.475,16,24
47,"BiLSTM",9.87201980431564,0.0519787142779938,0.513134896755219,300,92,13,9,15,23.525
47,"BiLSTM",9.87201980431564,0.0519787142779938,0.513134896755219,300,93,6,8,15,22
47,"BiLSTM",9.87201980431564,0.0519787142779938,0.513134896755219,300,94,17,7,13,22
47,"BiLSTM",9.87201980431564,0.0519787142779938,0.513134896755219,300,95,10,7,13.5,21
47,"BiLSTM",9.87201980431564,0.0519787142779938,0.513134896755219,300,96,10,6,12,20.525
47,"BiLSTM",9.87201980431564,0.0519787142779938,0.513134896755219,300,97,9,5.475,12,19
47,"BiLSTM",9.87201980431564,0.0519787142779938,0.513134896755219,300,98,10,5,11,19
47,"BiLSTM",9.87201980431564,0.0519787142779938,0.513134896755219,300,99,6,5,10,19
47,"BiLSTM",9.87201980431564,0.0519787142779938,0.513134896755219,300,100,7,5,10,16
47,"BiLSTM",9.87201980431564,0.0519787142779938,0.513134896755219,300,101,8,5,9,15
47,"BiLSTM",9.87201980431564,0.0519787142779938,0.513134896755219,300,102,8,3,9,15
47,"BiLSTM",9.87201980431564,0.0519787142779938,0.513134896755219,300,103,10,3,8,14.525
47,"BiLSTM",9.87201980431564,0.0519787142779938,0.513134896755219,300,104,11,3,8,14
47,"BiLSTM",9.87201980431564,0.0519787142779938,0.513134896755219,300,105,6,3,8,14
47,"BiLSTM",9.87201980431564,0.0519787142779938,0.513134896755219,300,106,5,2,7,14.525
47,"BiLSTM",9.87201980431564,0.0519787142779938,0.513134896755219,300,107,7,2,7,13
47,"BiLSTM",9.87201980431564,0.0519787142779938,0.513134896755219,300,108,11,2,6,12
47,"BiLSTM",9.87201980431564,0.0519787142779938,0.513134896755219,300,109,8,2,6,11
47,"BiLSTM",9.87201980431564,0.0519787142779938,0.513134896755219,300,110,6,2,5,11
47,"BiLSTM",9.87201980431564,0.0519787142779938,0.513134896755219,300,111,5,1.475,6,11
47,"BiLSTM",9.87201980431564,0.0519787142779938,0.513134896755219,300,112,9,2,5,10
47,"BiLSTM",9.87201980431564,0.0519787142779938,0.513134896755219,300,113,2,1,5,10
47,"BiLSTM",9.87201980431564,0.0519787142779938,0.513134896755219,300,114,2,1,4,10.525
47,"BiLSTM",9.87201980431564,0.0519787142779938,0.513134896755219,300,115,3,1,4,9
47,"BiLSTM",9.87201980431564,0.0519787142779938,0.513134896755219,300,116,2,1,4,8
47,"BiLSTM",9.87201980431564,0.0519787142779938,0.513134896755219,300,117,2,1,4,8
47,"BiLSTM",9.87201980431564,0.0519787142779938,0.513134896755219,300,118,8,0.475000000000001,4,9
47,"BiLSTM",9.87201980431564,0.0519787142779938,0.513134896755219,300,119,3,0,3,8
47,"BiLSTM",9.87201980431564,0.0519787142779938,0.513134896755219,300,120,2,1,4,8
47,"BiLSTM",9.87201980431564,0.0519787142779938,0.513134896755219,300,121,4,0,3,7.52499999999998
47,"BiLSTM",9.87201980431564,0.0519787142779938,0.513134896755219,300,122,0,0,3,8
47,"BiLSTM",9.87201980431564,0.0519787142779938,0.513134896755219,300,123,3,0,3,6.52499999999998
47,"BiLSTM",9.87201980431564,0.0519787142779938,0.513134896755219,300,124,2,0,3,6
47,"BiLSTM",9.87201980431564,0.0519787142779938,0.513134896755219,300,125,2,0,3,6
47,"BiLSTM",9.87201980431564,0.0519787142779938,0.513134896755219,300,126,0,0,2,6
47,"BiLSTM",9.87201980431564,0.0519787142779938,0.513134896755219,300,127,5,0,2,6
47,"BiLSTM",9.87201980431564,0.0519787142779938,0.513134896755219,300,128,0,0,2,5
47,"BiLSTM",9.87201980431564,0.0519787142779938,0.513134896755219,300,129,3,0,2,6
47,"BiLSTM",9.87201980431564,0.0519787142779938,0.513134896755219,300,130,1,0,2,5
47,"BiLSTM",9.87201980431564,0.0519787142779938,0.513134896755219,300,131,1,0,2,5
47,"BiLSTM",9.87201980431564,0.0519787142779938,0.513134896755219,300,132,1,0,2,5
47,"BiLSTM",9.87201980431564,0.0519787142779938,0.513134896755219,300,133,2,0,1,4
47,"BiLSTM",9.87201980431564,0.0519787142779938,0.513134896755219,300,134,1,0,2,5
47,"BiLSTM",9.87201980431564,0.0519787142779938,0.513134896755219,300,135,0,0,1,4
47,"BiLSTM",9.87201980431564,0.0519787142779938,0.513134896755219,300,136,1,0,1,4
47,"BiLSTM",9.87201980431564,0.0519787142779938,0.513134896755219,300,137,0,0,1,3.52499999999998
47,"BiLSTM",9.87201980431564,0.0519787142779938,0.513134896755219,300,138,0,0,1,5
47,"BiLSTM",9.87201980431564,0.0519787142779938,0.513134896755219,300,139,1,0,1,4
47,"BiLSTM",9.87201980431564,0.0519787142779938,0.513134896755219,300,140,1,0,1,3
47,"BiLSTM",9.87201980431564,0.0519787142779938,0.513134896755219,300,141,1,0,1,3
47,"BiLSTM",9.87201980431564,0.0519787142779938,0.513134896755219,300,142,0,0,1,4
47,"BiLSTM",9.87201980431564,0.0519787142779938,0.513134896755219,300,143,1,0,1,3
47,"BiLSTM",9.87201980431564,0.0519787142779938,0.513134896755219,300,144,1,0,1,3
47,"BiLSTM",9.87201980431564,0.0519787142779938,0.513134896755219,300,145,0,0,1,3
47,"BiLSTM",9.87201980431564,0.0519787142779938,0.513134896755219,300,146,2,0,1,3
47,"BiLSTM",9.87201980431564,0.0519787142779938,0.513134896755219,300,147,0,0,1,3
47,"BiLSTM",9.87201980431564,0.0519787142779938,0.513134896755219,300,148,0,0,1,3
47,"BiLSTM",9.87201980431564,0.0519787142779938,0.513134896755219,300,149,2,0,1,3
47,"BiLSTM",9.87201980431564,0.0519787142779938,0.513134896755219,300,150,1,0,1,3
47,"BiLSTM",9.87201980431564,0.0519787142779938,0.513134896755219,300,151,1,0,1,2
47,"BiLSTM",9.87201980431564,0.0519787142779938,0.513134896755219,300,152,0,0,0,3
47,"BiLSTM",9.87201980431564,0.0519787142779938,0.513134896755219,300,153,0,0,0,2
47,"BiLSTM",9.87201980431564,0.0519787142779938,0.513134896755219,300,154,1,0,0,2.52499999999998
47,"BiLSTM",9.87201980431564,0.0519787142779938,0.513134896755219,300,155,0,0,0,2.52499999999998
47,"BiLSTM",9.87201980431564,0.0519787142779938,0.513134896755219,300,156,0,0,0,2
47,"BiLSTM",9.87201980431564,0.0519787142779938,0.513134896755219,300,157,0,0,0,2
47,"BiLSTM",9.87201980431564,0.0519787142779938,0.513134896755219,300,158,0,0,0,2
47,"BiLSTM",9.87201980431564,0.0519787142779938,0.513134896755219,300,159,0,0,0,2
47,"BiLSTM",9.87201980431564,0.0519787142779938,0.513134896755219,300,160,0,0,0,2
47,"BiLSTM",9.87201980431564,0.0519787142779938,0.513134896755219,300,161,1,0,0,2
47,"BiLSTM",9.87201980431564,0.0519787142779938,0.513134896755219,300,162,0,0,0,2
47,"BiLSTM",9.87201980431564,0.0519787142779938,0.513134896755219,300,163,1,0,0,2
47,"BiLSTM",9.87201980431564,0.0519787142779938,0.513134896755219,300,164,2,0,0,2
47,"BiLSTM",9.87201980431564,0.0519787142779938,0.513134896755219,300,165,0,0,0,1.52499999999998
47,"BiLSTM",9.87201980431564,0.0519787142779938,0.513134896755219,300,166,1,0,0,2
47,"BiLSTM",9.87201980431564,0.0519787142779938,0.513134896755219,300,167,0,0,0,2
47,"BiLSTM",9.87201980431564,0.0519787142779938,0.513134896755219,300,168,0,0,0,1
47,"BiLSTM",9.87201980431564,0.0519787142779938,0.513134896755219,300,169,0,0,0,1
47,"BiLSTM",9.87201980431564,0.0519787142779938,0.513134896755219,300,170,0,0,0,1
47,"BiLSTM",9.87201980431564,0.0519787142779938,0.513134896755219,300,171,0,0,0,1.52499999999998
47,"BiLSTM",9.87201980431564,0.0519787142779938,0.513134896755219,300,172,1,0,0,1
47,"BiLSTM",9.87201980431564,0.0519787142779938,0.513134896755219,300,173,0,0,0,1
47,"BiLSTM",9.87201980431564,0.0519787142779938,0.513134896755219,300,174,0,0,0,1
47,"BiLSTM",9.87201980431564,0.0519787142779938,0.513134896755219,300,175,0,0,0,1
47,"BiLSTM",9.87201980431564,0.0519787142779938,0.513134896755219,300,176,0,0,0,1
47,"BiLSTM",9.87201980431564,0.0519787142779938,0.513134896755219,300,177,0,0,0,1
47,"BiLSTM",9.87201980431564,0.0519787142779938,0.513134896755219,300,178,0,0,0,1
47,"BiLSTM",9.87201980431564,0.0519787142779938,0.513134896755219,300,179,1,0,0,1
47,"BiLSTM",9.87201980431564,0.0519787142779938,0.513134896755219,300,180,0,0,0,1
47,"BiLSTM",9.87201980431564,0.0519787142779938,0.513134896755219,300,181,0,0,0,1
47,"BiLSTM",9.87201980431564,0.0519787142779938,0.513134896755219,300,182,0,0,0,1
47,"BiLSTM",9.87201980431564,0.0519787142779938,0.513134896755219,300,183,0,0,0,1
47,"BiLSTM",9.87201980431564,0.0519787142779938,0.513134896755219,300,184,1,0,0,1
47,"BiLSTM",9.87201980431564,0.0519787142779938,0.513134896755219,300,185,0,0,0,1
47,"BiLSTM",9.87201980431564,0.0519787142779938,0.513134896755219,300,186,0,0,0,1
47,"BiLSTM",9.87201980431564,0.0519787142779938,0.513134896755219,300,187,0,0,0,1
47,"BiLSTM",9.87201980431564,0.0519787142779938,0.513134896755219,300,188,0,0,0,1
47,"BiLSTM",9.87201980431564,0.0519787142779938,0.513134896755219,300,189,0,0,0,1
47,"BiLSTM",9.87201980431564,0.0519787142779938,0.513134896755219,300,190,0,0,0,1
47,"BiLSTM",9.87201980431564,0.0519787142779938,0.513134896755219,300,191,0,0,0,1
47,"BiLSTM",9.87201980431564,0.0519787142779938,0.513134896755219,300,192,0,0,0,1
47,"BiLSTM",9.87201980431564,0.0519787142779938,0.513134896755219,300,193,1,0,0,1
47,"BiLSTM",9.87201980431564,0.0519787142779938,0.513134896755219,300,194,0,0,0,1
47,"BiLSTM",9.87201980431564,0.0519787142779938,0.513134896755219,300,195,0,0,0,1
47,"BiLSTM",9.87201980431564,0.0519787142779938,0.513134896755219,300,196,0,0,0,1
47,"BiLSTM",9.87201980431564,0.0519787142779938,0.513134896755219,300,197,0,0,0,1
47,"BiLSTM",9.87201980431564,0.0519787142779938,0.513134896755219,300,198,0,0,0,1
47,"BiLSTM",9.87201980431564,0.0519787142779938,0.513134896755219,300,199,0,0,0,1
47,"BiLSTM",9.87201980431564,0.0519787142779938,0.513134896755219,300,200,0,0,0,1
47,"BiLSTM",9.87201980431564,0.0519787142779938,0.513134896755219,300,201,0,0,0,1
47,"BiLSTM",9.87201980431564,0.0519787142779938,0.513134896755219,300,202,0,0,0,1
47,"BiLSTM",9.87201980431564,0.0519787142779938,0.513134896755219,300,203,0,0,0,1
47,"BiLSTM",9.87201980431564,0.0519787142779938,0.513134896755219,300,204,0,0,0,1
47,"BiLSTM",9.87201980431564,0.0519787142779938,0.513134896755219,300,205,0,0,0,1
47,"BiLSTM",9.87201980431564,0.0519787142779938,0.513134896755219,300,206,0,0,0,1
47,"BiLSTM",9.87201980431564,0.0519787142779938,0.513134896755219,300,207,0,0,0,0
47,"BiLSTM",9.87201980431564,0.0519787142779938,0.513134896755219,300,208,1,0,0,1
47,"BiLSTM",9.87201980431564,0.0519787142779938,0.513134896755219,300,209,0,0,0,1
47,"BiLSTM",9.87201980431564,0.0519787142779938,0.513134896755219,300,210,0,0,0,0
47,"BiLSTM",9.87201980431564,0.0519787142779938,0.513134896755219,300,211,0,0,0,1
47,"BiLSTM",9.87201980431564,0.0519787142779938,0.513134896755219,300,212,0,0,0,0
47,"BiLSTM",9.87201980431564,0.0519787142779938,0.513134896755219,300,213,0,0,0,0
47,"BiLSTM",9.87201980431564,0.0519787142779938,0.513134896755219,300,214,0,0,0,0
47,"BiLSTM",9.87201980431564,0.0519787142779938,0.513134896755219,300,215,0,0,0,0
47,"BiLSTM",9.87201980431564,0.0519787142779938,0.513134896755219,300,216,0,0,0,0
47,"BiLSTM",9.87201980431564,0.0519787142779938,0.513134896755219,300,217,0,0,0,1
47,"BiLSTM",9.87201980431564,0.0519787142779938,0.513134896755219,300,218,0,0,0,0
47,"BiLSTM",9.87201980431564,0.0519787142779938,0.513134896755219,300,219,0,0,0,0
47,"BiLSTM",9.87201980431564,0.0519787142779938,0.513134896755219,300,220,0,0,0,0
47,"BiLSTM",9.87201980431564,0.0519787142779938,0.513134896755219,300,221,0,0,0,0
47,"BiLSTM",9.87201980431564,0.0519787142779938,0.513134896755219,300,222,0,0,0,0
47,"BiLSTM",9.87201980431564,0.0519787142779938,0.513134896755219,300,223,0,0,0,0
47,"BiLSTM",9.87201980431564,0.0519787142779938,0.513134896755219,300,224,0,0,0,0
47,"BiLSTM",9.87201980431564,0.0519787142779938,0.513134896755219,300,225,0,0,0,0
47,"BiLSTM",9.87201980431564,0.0519787142779938,0.513134896755219,300,226,0,0,0,0
47,"BiLSTM",9.87201980431564,0.0519787142779938,0.513134896755219,300,227,0,0,0,0
47,"BiLSTM",9.87201980431564,0.0519787142779938,0.513134896755219,300,228,0,0,0,0
47,"BiLSTM",9.87201980431564,0.0519787142779938,0.513134896755219,300,229,0,0,0,0
47,"BiLSTM",9.87201980431564,0.0519787142779938,0.513134896755219,300,230,0,0,0,0
47,"BiLSTM",9.87201980431564,0.0519787142779938,0.513134896755219,300,231,0,0,0,0
47,"BiLSTM",9.87201980431564,0.0519787142779938,0.513134896755219,300,232,0,0,0,0
47,"BiLSTM",9.87201980431564,0.0519787142779938,0.513134896755219,300,233,0,0,0,0
47,"BiLSTM",9.87201980431564,0.0519787142779938,0.513134896755219,300,234,0,0,0,0
47,"BiLSTM",9.87201980431564,0.0519787142779938,0.513134896755219,300,235,0,0,0,0
47,"BiLSTM",9.87201980431564,0.0519787142779938,0.513134896755219,300,236,0,0,0,0
47,"BiLSTM",9.87201980431564,0.0519787142779938,0.513134896755219,300,237,0,0,0,0
47,"BiLSTM",9.87201980431564,0.0519787142779938,0.513134896755219,300,238,0,0,0,0
47,"BiLSTM",9.87201980431564,0.0519787142779938,0.513134896755219,300,239,0,0,0,0
47,"BiLSTM",9.87201980431564,0.0519787142779938,0.513134896755219,300,240,0,0,0,0
47,"BiLSTM",9.87201980431564,0.0519787142779938,0.513134896755219,300,241,0,0,0,0
47,"BiLSTM",9.87201980431564,0.0519787142779938,0.513134896755219,300,242,0,0,0,0
47,"BiLSTM",9.87201980431564,0.0519787142779938,0.513134896755219,300,243,0,0,0,0
47,"BiLSTM",9.87201980431564,0.0519787142779938,0.513134896755219,300,244,0,0,0,0
47,"BiLSTM",9.87201980431564,0.0519787142779938,0.513134896755219,300,245,0,0,0,0
47,"BiLSTM",9.87201980431564,0.0519787142779938,0.513134896755219,300,246,0,0,0,0
47,"BiLSTM",9.87201980431564,0.0519787142779938,0.513134896755219,300,247,0,0,0,0
47,"BiLSTM",9.87201980431564,0.0519787142779938,0.513134896755219,300,248,0,0,0,0
47,"BiLSTM",9.87201980431564,0.0519787142779938,0.513134896755219,300,249,0,0,0,0
47,"BiLSTM",9.87201980431564,0.0519787142779938,0.513134896755219,300,250,0,0,0,0
47,"BiLSTM",9.87201980431564,0.0519787142779938,0.513134896755219,300,251,0,0,0,0
47,"BiLSTM",9.87201980431564,0.0519787142779938,0.513134896755219,300,252,0,0,0,0
47,"BiLSTM",9.87201980431564,0.0519787142779938,0.513134896755219,300,253,0,0,0,0
47,"BiLSTM",9.87201980431564,0.0519787142779938,0.513134896755219,300,254,0,0,0,0
47,"BiLSTM",9.87201980431564,0.0519787142779938,0.513134896755219,300,255,0,0,0,0
47,"BiLSTM",9.87201980431564,0.0519787142779938,0.513134896755219,300,256,0,0,0,0
47,"BiLSTM",9.87201980431564,0.0519787142779938,0.513134896755219,300,257,0,0,0,0
47,"BiLSTM",9.87201980431564,0.0519787142779938,0.513134896755219,300,258,0,0,0,0
47,"BiLSTM",9.87201980431564,0.0519787142779938,0.513134896755219,300,259,0,0,0,0
47,"BiLSTM",9.87201980431564,0.0519787142779938,0.513134896755219,300,260,0,0,0,0
47,"BiLSTM",9.87201980431564,0.0519787142779938,0.513134896755219,300,261,0,0,0,0
47,"BiLSTM",9.87201980431564,0.0519787142779938,0.513134896755219,300,262,0,0,0,0
47,"BiLSTM",9.87201980431564,0.0519787142779938,0.513134896755219,300,263,0,0,0,0
47,"BiLSTM",9.87201980431564,0.0519787142779938,0.513134896755219,300,264,0,0,0,0
47,"BiLSTM",9.87201980431564,0.0519787142779938,0.513134896755219,300,265,0,0,0,0
47,"BiLSTM",9.87201980431564,0.0519787142779938,0.513134896755219,300,266,0,0,0,0
47,"BiLSTM",9.87201980431564,0.0519787142779938,0.513134896755219,300,267,0,0,0,0
47,"BiLSTM",9.87201980431564,0.0519787142779938,0.513134896755219,300,268,0,0,0,0
47,"BiLSTM",9.87201980431564,0.0519787142779938,0.513134896755219,300,269,0,0,0,0
47,"BiLSTM",9.87201980431564,0.0519787142779938,0.513134896755219,300,270,0,0,0,0
47,"BiLSTM",9.87201980431564,0.0519787142779938,0.513134896755219,300,271,0,0,0,0
47,"BiLSTM",9.87201980431564,0.0519787142779938,0.513134896755219,300,272,0,0,0,0
47,"BiLSTM",9.87201980431564,0.0519787142779938,0.513134896755219,300,273,0,0,0,0
47,"BiLSTM",9.87201980431564,0.0519787142779938,0.513134896755219,300,274,0,0,0,0
47,"BiLSTM",9.87201980431564,0.0519787142779938,0.513134896755219,300,275,0,0,0,0
47,"BiLSTM",9.87201980431564,0.0519787142779938,0.513134896755219,300,276,0,0,0,0
47,"BiLSTM",9.87201980431564,0.0519787142779938,0.513134896755219,300,277,0,0,0,0
47,"BiLSTM",9.87201980431564,0.0519787142779938,0.513134896755219,300,278,0,0,0,0
47,"BiLSTM",9.87201980431564,0.0519787142779938,0.513134896755219,300,279,0,0,0,0
47,"BiLSTM",9.87201980431564,0.0519787142779938,0.513134896755219,300,280,0,0,0,0
47,"BiLSTM",9.87201980431564,0.0519787142779938,0.513134896755219,300,281,0,0,0,0
47,"BiLSTM",9.87201980431564,0.0519787142779938,0.513134896755219,300,282,0,0,0,0
47,"BiLSTM",9.87201980431564,0.0519787142779938,0.513134896755219,300,283,0,0,0,0
47,"BiLSTM",9.87201980431564,0.0519787142779938,0.513134896755219,300,284,0,0,0,0
47,"BiLSTM",9.87201980431564,0.0519787142779938,0.513134896755219,300,285,0,0,0,0
47,"BiLSTM",9.87201980431564,0.0519787142779938,0.513134896755219,300,286,0,0,0,0
47,"BiLSTM",9.87201980431564,0.0519787142779938,0.513134896755219,300,287,0,0,0,0
47,"BiLSTM",9.87201980431564,0.0519787142779938,0.513134896755219,300,288,0,0,0,0
47,"BiLSTM",9.87201980431564,0.0519787142779938,0.513134896755219,300,289,0,0,0,0
47,"BiLSTM",9.87201980431564,0.0519787142779938,0.513134896755219,300,290,0,0,0,0
47,"BiLSTM",9.87201980431564,0.0519787142779938,0.513134896755219,300,291,0,0,0,0
47,"BiLSTM",9.87201980431564,0.0519787142779938,0.513134896755219,300,292,0,0,0,0
47,"BiLSTM",9.87201980431564,0.0519787142779938,0.513134896755219,300,293,0,0,0,0
47,"BiLSTM",9.87201980431564,0.0519787142779938,0.513134896755219,300,294,0,0,0,0
47,"BiLSTM",9.87201980431564,0.0519787142779938,0.513134896755219,300,295,0,0,0,0
47,"BiLSTM",9.87201980431564,0.0519787142779938,0.513134896755219,300,296,0,0,0,0
47,"BiLSTM",9.87201980431564,0.0519787142779938,0.513134896755219,300,297,0,0,0,0
47,"BiLSTM",9.87201980431564,0.0519787142779938,0.513134896755219,300,298,0,0,0,0
47,"BiLSTM",9.87201980431564,0.0519787142779938,0.513134896755219,300,299,0,0,0,0
47,"BiLSTM",9.87201980431564,0.0519787142779938,0.513134896755219,300,300,0,0,0,0
47,"BiLSTM",9.87201980431564,0.0519787142779938,0.513134896755219,300,301,0,0,0,0
47,"BiLSTM",9.87201980431564,0.0519787142779938,0.513134896755219,300,302,0,0,0,0
47,"BiLSTM",9.87201980431564,0.0519787142779938,0.513134896755219,300,303,0,0,0,0
47,"BiLSTM",9.87201980431564,0.0519787142779938,0.513134896755219,300,304,0,0,0,0
47,"BiLSTM",9.87201980431564,0.0519787142779938,0.513134896755219,300,305,0,0,0,0
47,"BiLSTM",9.87201980431564,0.0519787142779938,0.513134896755219,300,306,0,0,0,0
47,"BiLSTM",9.87201980431564,0.0519787142779938,0.513134896755219,300,307,0,0,0,0
47,"BiLSTM",9.87201980431564,0.0519787142779938,0.513134896755219,300,308,0,0,0,0
47,"BiLSTM",9.87201980431564,0.0519787142779938,0.513134896755219,300,309,0,0,0,0
47,"BiLSTM",9.87201980431564,0.0519787142779938,0.513134896755219,300,310,0,0,0,0
47,"BiLSTM",9.87201980431564,0.0519787142779938,0.513134896755219,300,311,0,0,0,0
47,"BiLSTM",9.87201980431564,0.0519787142779938,0.513134896755219,300,312,0,0,0,0
47,"BiLSTM",9.87201980431564,0.0519787142779938,0.513134896755219,300,313,0,0,0,0
47,"BiLSTM",9.87201980431564,0.0519787142779938,0.513134896755219,300,314,0,0,0,0
47,"BiLSTM",9.87201980431564,0.0519787142779938,0.513134896755219,300,315,0,0,0,0
47,"BiLSTM",9.87201980431564,0.0519787142779938,0.513134896755219,300,316,0,0,0,0
47,"BiLSTM",9.87201980431564,0.0519787142779938,0.513134896755219,300,317,0,0,0,0
47,"BiLSTM",9.87201980431564,0.0519787142779938,0.513134896755219,300,318,0,0,0,0
47,"BiLSTM",9.87201980431564,0.0519787142779938,0.513134896755219,300,319,0,0,0,0
47,"BiLSTM",9.87201980431564,0.0519787142779938,0.513134896755219,300,320,0,0,0,0
47,"BiLSTM",9.87201980431564,0.0519787142779938,0.513134896755219,300,321,0,0,0,0
47,"BiLSTM",9.87201980431564,0.0519787142779938,0.513134896755219,300,322,0,0,0,0
47,"BiLSTM",9.87201980431564,0.0519787142779938,0.513134896755219,300,323,0,0,0,0
47,"BiLSTM",9.87201980431564,0.0519787142779938,0.513134896755219,300,324,0,0,0,0
47,"BiLSTM",9.87201980431564,0.0519787142779938,0.513134896755219,300,325,0,0,0,0
47,"BiLSTM",9.87201980431564,0.0519787142779938,0.513134896755219,300,326,0,0,0,0
47,"BiLSTM",9.87201980431564,0.0519787142779938,0.513134896755219,300,327,0,0,0,0
47,"BiLSTM",9.87201980431564,0.0519787142779938,0.513134896755219,300,328,0,0,0,0
47,"BiLSTM",9.87201980431564,0.0519787142779938,0.513134896755219,300,329,0,0,0,0
47,"BiLSTM",9.87201980431564,0.0519787142779938,0.513134896755219,300,330,0,0,0,0
47,"BiLSTM",9.87201980431564,0.0519787142779938,0.513134896755219,300,331,0,0,0,0
47,"BiLSTM",9.87201980431564,0.0519787142779938,0.513134896755219,300,332,0,0,0,0
47,"BiLSTM",9.87201980431564,0.0519787142779938,0.513134896755219,300,333,0,0,0,0
47,"BiLSTM",9.87201980431564,0.0519787142779938,0.513134896755219,300,334,0,0,0,0
47,"BiLSTM",9.87201980431564,0.0519787142779938,0.513134896755219,300,335,0,0,0,0
47,"BiLSTM",9.87201980431564,0.0519787142779938,0.513134896755219,300,336,0,0,0,0
47,"BiLSTM",9.87201980431564,0.0519787142779938,0.513134896755219,300,337,0,0,0,0
47,"BiLSTM",9.87201980431564,0.0519787142779938,0.513134896755219,300,338,0,0,0,0
47,"BiLSTM",9.87201980431564,0.0519787142779938,0.513134896755219,300,339,0,0,0,0
47,"BiLSTM",9.87201980431564,0.0519787142779938,0.513134896755219,300,340,0,0,0,0
47,"BiLSTM",9.87201980431564,0.0519787142779938,0.513134896755219,300,341,0,0,0,0
47,"BiLSTM",9.87201980431564,0.0519787142779938,0.513134896755219,300,342,0,0,0,0
47,"BiLSTM",9.87201980431564,0.0519787142779938,0.513134896755219,300,343,0,0,0,0
47,"BiLSTM",9.87201980431564,0.0519787142779938,0.513134896755219,300,344,0,0,0,0
47,"BiLSTM",9.87201980431564,0.0519787142779938,0.513134896755219,300,345,0,0,0,0
47,"BiLSTM",9.87201980431564,0.0519787142779938,0.513134896755219,300,346,0,0,0,0
47,"BiLSTM",9.87201980431564,0.0519787142779938,0.513134896755219,300,347,0,0,0,0
47,"BiLSTM",9.87201980431564,0.0519787142779938,0.513134896755219,300,348,0,0,0,0
47,"BiLSTM",9.87201980431564,0.0519787142779938,0.513134896755219,300,349,0,0,0,0
47,"BiLSTM",9.87201980431564,0.0519787142779938,0.513134896755219,300,350,0,0,0,0
47,"BiLSTM",9.87201980431564,0.0519787142779938,0.513134896755219,300,351,0,0,0,0
47,"BiLSTM",9.87201980431564,0.0519787142779938,0.513134896755219,300,352,0,0,0,0
47,"BiLSTM",9.87201980431564,0.0519787142779938,0.513134896755219,300,353,0,0,0,0
47,"BiLSTM",9.87201980431564,0.0519787142779938,0.513134896755219,300,354,0,0,0,0
47,"BiLSTM",9.87201980431564,0.0519787142779938,0.513134896755219,300,355,0,0,0,0
47,"BiLSTM",9.87201980431564,0.0519787142779938,0.513134896755219,300,356,0,0,0,0
47,"BiLSTM",9.87201980431564,0.0519787142779938,0.513134896755219,300,357,0,0,0,0
47,"BiLSTM",9.87201980431564,0.0519787142779938,0.513134896755219,300,358,0,0,0,0
47,"BiLSTM",9.87201980431564,0.0519787142779938,0.513134896755219,300,359,0,0,0,0
47,"BiLSTM",9.87201980431564,0.0519787142779938,0.513134896755219,300,360,0,0,0,0
47,"BiLSTM",9.87201980431564,0.0519787142779938,0.513134896755219,300,361,0,0,0,0
47,"BiLSTM",9.87201980431564,0.0519787142779938,0.513134896755219,300,362,0,0,0,0
47,"BiLSTM",9.87201980431564,0.0519787142779938,0.513134896755219,300,363,0,0,0,0
47,"BiLSTM",9.87201980431564,0.0519787142779938,0.513134896755219,300,364,0,0,0,0
47,"BiLSTM",9.87201980431564,0.0519787142779938,0.513134896755219,300,365,0,0,0,0
88,"Oracle",10.6799636012875,0.0422758637594459,0.451504686163872,1000,1,75,79,96,114
88,"Oracle",10.6799636012875,0.0422758637594459,0.451504686163872,1000,2,82,63,79,94
88,"Oracle",10.6799636012875,0.0422758637594459,0.451504686163872,1000,3,84,56,72,88
88,"Oracle",10.6799636012875,0.0422758637594459,0.451504686163872,1000,4,77,56,70,87
88,"Oracle",10.6799636012875,0.0422758637594459,0.451504686163872,1000,5,58,55.975,70,86
88,"Oracle",10.6799636012875,0.0422758637594459,0.451504686163872,1000,6,70,59,75,92
88,"Oracle",10.6799636012875,0.0422758637594459,0.451504686163872,1000,7,72,61,78,94
88,"Oracle",10.6799636012875,0.0422758637594459,0.451504686163872,1000,8,98,64,82,101
88,"Oracle",10.6799636012875,0.0422758637594459,0.451504686163872,1000,9,88,68,86,105
88,"Oracle",10.6799636012875,0.0422758637594459,0.451504686163872,1000,10,79,73,91,110.025
88,"Oracle",10.6799636012875,0.0422758637594459,0.451504686163872,1000,11,96,78,96,117
88,"Oracle",10.6799636012875,0.0422758637594459,0.451504686163872,1000,12,89,82,100,120.025
88,"Oracle",10.6799636012875,0.0422758637594459,0.451504686163872,1000,13,114,83.975,104,125
88,"Oracle",10.6799636012875,0.0422758637594459,0.451504686163872,1000,14,106,87,109,130
88,"Oracle",10.6799636012875,0.0422758637594459,0.451504686163872,1000,15,121,90,113,135
88,"Oracle",10.6799636012875,0.0422758637594459,0.451504686163872,1000,16,118,95,116,138
88,"Oracle",10.6799636012875,0.0422758637594459,0.451504686163872,1000,17,119,97,119,142
88,"Oracle",10.6799636012875,0.0422758637594459,0.451504686163872,1000,18,123,100,122,144
88,"Oracle",10.6799636012875,0.0422758637594459,0.451504686163872,1000,19,125,102.975,124,148
88,"Oracle",10.6799636012875,0.0422758637594459,0.451504686163872,1000,20,112,103.975,125,150
88,"Oracle",10.6799636012875,0.0422758637594459,0.451504686163872,1000,21,134,103,127,151
88,"Oracle",10.6799636012875,0.0422758637594459,0.451504686163872,1000,22,136,106,127,150
88,"Oracle",10.6799636012875,0.0422758637594459,0.451504686163872,1000,23,131,104,126,150
88,"Oracle",10.6799636012875,0.0422758637594459,0.451504686163872,1000,24,138,105,127,150.025
88,"Oracle",10.6799636012875,0.0422758637594459,0.451504686163872,1000,25,135,103.975,126,149
88,"Oracle",10.6799636012875,0.0422758637594459,0.451504686163872,1000,26,129,103,124,147
88,"Oracle",10.6799636012875,0.0422758637594459,0.451504686163872,1000,27,134,101,122,146.025
88,"Oracle",10.6799636012875,0.0422758637594459,0.451504686163872,1000,28,125,98.975,119,141.025
88,"Oracle",10.6799636012875,0.0422758637594459,0.451504686163872,1000,29,119,96,117,138.025
88,"Oracle",10.6799636012875,0.0422758637594459,0.451504686163872,1000,30,106,92,114,134
88,"Oracle",10.6799636012875,0.0422758637594459,0.451504686163872,1000,31,95,90.975,110,131
88,"Oracle",10.6799636012875,0.0422758637594459,0.451504686163872,1000,32,111,85,105,127
88,"Oracle",10.6799636012875,0.0422758637594459,0.451504686163872,1000,33,110,81,100,121
88,"Oracle",10.6799636012875,0.0422758637594459,0.451504686163872,1000,34,93,78.975,97,117
88,"Oracle",10.6799636012875,0.0422758637594459,0.451504686163872,1000,35,90,74,92,112
88,"Oracle",10.6799636012875,0.0422758637594459,0.451504686163872,1000,36,100,70,88,110
88,"Oracle",10.6799636012875,0.0422758637594459,0.451504686163872,1000,37,68,66,84,103
88,"Oracle",10.6799636012875,0.0422758637594459,0.451504686163872,1000,38,89,63,79,97
88,"Oracle",10.6799636012875,0.0422758637594459,0.451504686163872,1000,39,94,57.975,74,93
88,"Oracle",10.6799636012875,0.0422758637594459,0.451504686163872,1000,40,69,55,71,89.025
88,"Oracle",10.6799636012875,0.0422758637594459,0.451504686163872,1000,41,71,50,66,83
88,"Oracle",10.6799636012875,0.0422758637594459,0.451504686163872,1000,42,59,46,62,79
88,"Oracle",10.6799636012875,0.0422758637594459,0.451504686163872,1000,43,49,43.975,58,73
88,"Oracle",10.6799636012875,0.0422758637594459,0.451504686163872,1000,44,66,39.975,54,71
88,"Oracle",10.6799636012875,0.0422758637594459,0.451504686163872,1000,45,49,37,51,66
88,"Oracle",10.6799636012875,0.0422758637594459,0.451504686163872,1000,46,46,32.975,46,61
88,"Oracle",10.6799636012875,0.0422758637594459,0.451504686163872,1000,47,52,31,44,58
88,"Oracle",10.6799636012875,0.0422758637594459,0.451504686163872,1000,48,45,29,40,54
88,"Oracle",10.6799636012875,0.0422758637594459,0.451504686163872,1000,49,33,26,38,51
88,"Oracle",10.6799636012875,0.0422758637594459,0.451504686163872,1000,50,31,23,35,49
88,"Oracle",10.6799636012875,0.0422758637594459,0.451504686163872,1000,51,32,22,32,44
88,"Oracle",10.6799636012875,0.0422758637594459,0.451504686163872,1000,52,32,20,30,42
88,"Oracle",10.6799636012875,0.0422758637594459,0.451504686163872,1000,53,29,18,27,38.025
88,"Oracle",10.6799636012875,0.0422758637594459,0.451504686163872,1000,54,32,16.975,25,37
88,"Oracle",10.6799636012875,0.0422758637594459,0.451504686163872,1000,55,19,14,24,34.025
88,"Oracle",10.6799636012875,0.0422758637594459,0.451504686163872,1000,56,32,13,22,32
88,"Oracle",10.6799636012875,0.0422758637594459,0.451504686163872,1000,57,19,12,20,30
88,"Oracle",10.6799636012875,0.0422758637594459,0.451504686163872,1000,58,20,10,18,28
88,"Oracle",10.6799636012875,0.0422758637594459,0.451504686163872,1000,59,12,9,17,26.025
88,"Oracle",10.6799636012875,0.0422758637594459,0.451504686163872,1000,60,15,8,16,24
88,"Oracle",10.6799636012875,0.0422758637594459,0.451504686163872,1000,61,14,7,14,23
88,"Oracle",10.6799636012875,0.0422758637594459,0.451504686163872,1000,62,15,7,13,22
88,"Oracle",10.6799636012875,0.0422758637594459,0.451504686163872,1000,63,18,6,12,20
88,"Oracle",10.6799636012875,0.0422758637594459,0.451504686163872,1000,64,10,4,11,19
88,"Oracle",10.6799636012875,0.0422758637594459,0.451504686163872,1000,65,11,4,10,17
88,"Oracle",10.6799636012875,0.0422758637594459,0.451504686163872,1000,66,6,4,9,16.025
88,"Oracle",10.6799636012875,0.0422758637594459,0.451504686163872,1000,67,12,3,8,15
88,"Oracle",10.6799636012875,0.0422758637594459,0.451504686163872,1000,68,8,3,8,15
88,"Oracle",10.6799636012875,0.0422758637594459,0.451504686163872,1000,69,3,2.975,7,14
88,"Oracle",10.6799636012875,0.0422758637594459,0.451504686163872,1000,70,12,2,6,13
88,"Oracle",10.6799636012875,0.0422758637594459,0.451504686163872,1000,71,3,2,6,12
88,"Oracle",10.6799636012875,0.0422758637594459,0.451504686163872,1000,72,9,1,6,11
88,"Oracle",10.6799636012875,0.0422758637594459,0.451504686163872,1000,73,5,1,5,10
88,"Oracle",10.6799636012875,0.0422758637594459,0.451504686163872,1000,74,9,1,5,10
88,"Oracle",10.6799636012875,0.0422758637594459,0.451504686163872,1000,75,7,1,4,9
88,"Oracle",10.6799636012875,0.0422758637594459,0.451504686163872,1000,76,3,0.975000000000001,4,9
88,"Oracle",10.6799636012875,0.0422758637594459,0.451504686163872,1000,77,7,0,4,8
88,"Oracle",10.6799636012875,0.0422758637594459,0.451504686163872,1000,78,5,0,3,8
88,"Oracle",10.6799636012875,0.0422758637594459,0.451504686163872,1000,79,2,0,3,7
88,"Oracle",10.6799636012875,0.0422758637594459,0.451504686163872,1000,80,4,0,3,7
88,"Oracle",10.6799636012875,0.0422758637594459,0.451504686163872,1000,81,4,0,2,6
88,"Oracle",10.6799636012875,0.0422758637594459,0.451504686163872,1000,82,2,0,2,6
88,"Oracle",10.6799636012875,0.0422758637594459,0.451504686163872,1000,83,0,0,2,6
88,"Oracle",10.6799636012875,0.0422758637594459,0.451504686163872,1000,84,3,0,2,5
88,"Oracle",10.6799636012875,0.0422758637594459,0.451504686163872,1000,85,2,0,2,5
88,"Oracle",10.6799636012875,0.0422758637594459,0.451504686163872,1000,86,6,0,2,5
88,"Oracle",10.6799636012875,0.0422758637594459,0.451504686163872,1000,87,1,0,1,4.02499999999998
88,"Oracle",10.6799636012875,0.0422758637594459,0.451504686163872,1000,88,2,0,1,4
88,"Oracle",10.6799636012875,0.0422758637594459,0.451504686163872,1000,89,2,0,1,4
88,"Oracle",10.6799636012875,0.0422758637594459,0.451504686163872,1000,90,0,0,1,4
88,"Oracle",10.6799636012875,0.0422758637594459,0.451504686163872,1000,91,0,0,1,4
88,"Oracle",10.6799636012875,0.0422758637594459,0.451504686163872,1000,92,2,0,1,4
88,"Oracle",10.6799636012875,0.0422758637594459,0.451504686163872,1000,93,2,0,1,3
88,"Oracle",10.6799636012875,0.0422758637594459,0.451504686163872,1000,94,1,0,1,3
88,"Oracle",10.6799636012875,0.0422758637594459,0.451504686163872,1000,95,0,0,1,3
88,"Oracle",10.6799636012875,0.0422758637594459,0.451504686163872,1000,96,1,0,0,3
88,"Oracle",10.6799636012875,0.0422758637594459,0.451504686163872,1000,97,0,0,0,3
88,"Oracle",10.6799636012875,0.0422758637594459,0.451504686163872,1000,98,1,0,0,3
88,"Oracle",10.6799636012875,0.0422758637594459,0.451504686163872,1000,99,3,0,0,2
88,"Oracle",10.6799636012875,0.0422758637594459,0.451504686163872,1000,100,0,0,0,2
88,"Oracle",10.6799636012875,0.0422758637594459,0.451504686163872,1000,101,0,0,0,2
88,"Oracle",10.6799636012875,0.0422758637594459,0.451504686163872,1000,102,0,0,0,2
88,"Oracle",10.6799636012875,0.0422758637594459,0.451504686163872,1000,103,0,0,0,2
88,"Oracle",10.6799636012875,0.0422758637594459,0.451504686163872,1000,104,0,0,0,2
88,"Oracle",10.6799636012875,0.0422758637594459,0.451504686163872,1000,105,0,0,0,2
88,"Oracle",10.6799636012875,0.0422758637594459,0.451504686163872,1000,106,0,0,0,2
88,"Oracle",10.6799636012875,0.0422758637594459,0.451504686163872,1000,107,0,0,0,2
88,"Oracle",10.6799636012875,0.0422758637594459,0.451504686163872,1000,108,0,0,0,1
88,"Oracle",10.6799636012875,0.0422758637594459,0.451504686163872,1000,109,0,0,0,2
88,"Oracle",10.6799636012875,0.0422758637594459,0.451504686163872,1000,110,0,0,0,1
88,"Oracle",10.6799636012875,0.0422758637594459,0.451504686163872,1000,111,1,0,0,1
88,"Oracle",10.6799636012875,0.0422758637594459,0.451504686163872,1000,112,0,0,0,1
88,"Oracle",10.6799636012875,0.0422758637594459,0.451504686163872,1000,113,1,0,0,1
88,"Oracle",10.6799636012875,0.0422758637594459,0.451504686163872,1000,114,0,0,0,1
88,"Oracle",10.6799636012875,0.0422758637594459,0.451504686163872,1000,115,0,0,0,1
88,"Oracle",10.6799636012875,0.0422758637594459,0.451504686163872,1000,116,0,0,0,1
88,"Oracle",10.6799636012875,0.0422758637594459,0.451504686163872,1000,117,0,0,0,1
88,"Oracle",10.6799636012875,0.0422758637594459,0.451504686163872,1000,118,0,0,0,1
88,"Oracle",10.6799636012875,0.0422758637594459,0.451504686163872,1000,119,0,0,0,1
88,"Oracle",10.6799636012875,0.0422758637594459,0.451504686163872,1000,120,0,0,0,1
88,"Oracle",10.6799636012875,0.0422758637594459,0.451504686163872,1000,121,0,0,0,1
88,"Oracle",10.6799636012875,0.0422758637594459,0.451504686163872,1000,122,0,0,0,1
88,"Oracle",10.6799636012875,0.0422758637594459,0.451504686163872,1000,123,0,0,0,1
88,"Oracle",10.6799636012875,0.0422758637594459,0.451504686163872,1000,124,0,0,0,1
88,"Oracle",10.6799636012875,0.0422758637594459,0.451504686163872,1000,125,0,0,0,1
88,"Oracle",10.6799636012875,0.0422758637594459,0.451504686163872,1000,126,0,0,0,1
88,"Oracle",10.6799636012875,0.0422758637594459,0.451504686163872,1000,127,0,0,0,1
88,"Oracle",10.6799636012875,0.0422758637594459,0.451504686163872,1000,128,0,0,0,1
88,"Oracle",10.6799636012875,0.0422758637594459,0.451504686163872,1000,129,0,0,0,1
88,"Oracle",10.6799636012875,0.0422758637594459,0.451504686163872,1000,130,0,0,0,1
88,"Oracle",10.6799636012875,0.0422758637594459,0.451504686163872,1000,131,0,0,0,0.0249999999999773
88,"Oracle",10.6799636012875,0.0422758637594459,0.451504686163872,1000,132,0,0,0,1
88,"Oracle",10.6799636012875,0.0422758637594459,0.451504686163872,1000,133,0,0,0,0.0249999999999773
88,"Oracle",10.6799636012875,0.0422758637594459,0.451504686163872,1000,134,0,0,0,1
88,"Oracle",10.6799636012875,0.0422758637594459,0.451504686163872,1000,135,0,0,0,0
88,"Oracle",10.6799636012875,0.0422758637594459,0.451504686163872,1000,136,0,0,0,0
88,"Oracle",10.6799636012875,0.0422758637594459,0.451504686163872,1000,137,0,0,0,0
88,"Oracle",10.6799636012875,0.0422758637594459,0.451504686163872,1000,138,0,0,0,1
88,"Oracle",10.6799636012875,0.0422758637594459,0.451504686163872,1000,139,0,0,0,0
88,"Oracle",10.6799636012875,0.0422758637594459,0.451504686163872,1000,140,0,0,0,0
88,"Oracle",10.6799636012875,0.0422758637594459,0.451504686163872,1000,141,0,0,0,0
88,"Oracle",10.6799636012875,0.0422758637594459,0.451504686163872,1000,142,0,0,0,0
88,"Oracle",10.6799636012875,0.0422758637594459,0.451504686163872,1000,143,0,0,0,0
88,"Oracle",10.6799636012875,0.0422758637594459,0.451504686163872,1000,144,0,0,0,0
88,"Oracle",10.6799636012875,0.0422758637594459,0.451504686163872,1000,145,0,0,0,0
88,"Oracle",10.6799636012875,0.0422758637594459,0.451504686163872,1000,146,0,0,0,0
88,"Oracle",10.6799636012875,0.0422758637594459,0.451504686163872,1000,147,0,0,0,0
88,"Oracle",10.6799636012875,0.0422758637594459,0.451504686163872,1000,148,0,0,0,0
88,"Oracle",10.6799636012875,0.0422758637594459,0.451504686163872,1000,149,0,0,0,0
88,"Oracle",10.6799636012875,0.0422758637594459,0.451504686163872,1000,150,0,0,0,0
88,"Oracle",10.6799636012875,0.0422758637594459,0.451504686163872,1000,151,0,0,0,0
88,"Oracle",10.6799636012875,0.0422758637594459,0.451504686163872,1000,152,0,0,0,0
88,"Oracle",10.6799636012875,0.0422758637594459,0.451504686163872,1000,153,0,0,0,0
88,"Oracle",10.6799636012875,0.0422758637594459,0.451504686163872,1000,154,0,0,0,0
88,"Oracle",10.6799636012875,0.0422758637594459,0.451504686163872,1000,155,0,0,0,0
88,"Oracle",10.6799636012875,0.0422758637594459,0.451504686163872,1000,156,0,0,0,0
88,"Oracle",10.6799636012875,0.0422758637594459,0.451504686163872,1000,157,0,0,0,0
88,"Oracle",10.6799636012875,0.0422758637594459,0.451504686163872,1000,158,0,0,0,0
88,"Oracle",10.6799636012875,0.0422758637594459,0.451504686163872,1000,159,0,0,0,0
88,"Oracle",10.6799636012875,0.0422758637594459,0.451504686163872,1000,160,0,0,0,0
88,"Oracle",10.6799636012875,0.0422758637594459,0.451504686163872,1000,161,0,0,0,0
88,"Oracle",10.6799636012875,0.0422758637594459,0.451504686163872,1000,162,0,0,0,0
88,"Oracle",10.6799636012875,0.0422758637594459,0.451504686163872,1000,163,0,0,0,0
88,"Oracle",10.6799636012875,0.0422758637594459,0.451504686163872,1000,164,0,0,0,0
88,"Oracle",10.6799636012875,0.0422758637594459,0.451504686163872,1000,165,0,0,0,0
88,"Oracle",10.6799636012875,0.0422758637594459,0.451504686163872,1000,166,0,0,0,0
88,"Oracle",10.6799636012875,0.0422758637594459,0.451504686163872,1000,167,0,0,0,0
88,"Oracle",10.6799636012875,0.0422758637594459,0.451504686163872,1000,168,0,0,0,0
88,"Oracle",10.6799636012875,0.0422758637594459,0.451504686163872,1000,169,0,0,0,0
88,"Oracle",10.6799636012875,0.0422758637594459,0.451504686163872,1000,170,0,0,0,0
88,"Oracle",10.6799636012875,0.0422758637594459,0.451504686163872,1000,171,0,0,0,0
88,"Oracle",10.6799636012875,0.0422758637594459,0.451504686163872,1000,172,0,0,0,0
88,"Oracle",10.6799636012875,0.0422758637594459,0.451504686163872,1000,173,0,0,0,0
88,"Oracle",10.6799636012875,0.0422758637594459,0.451504686163872,1000,174,0,0,0,0
88,"Oracle",10.6799636012875,0.0422758637594459,0.451504686163872,1000,175,0,0,0,0
88,"Oracle",10.6799636012875,0.0422758637594459,0.451504686163872,1000,176,0,0,0,0
88,"Oracle",10.6799636012875,0.0422758637594459,0.451504686163872,1000,177,0,0,0,0
88,"Oracle",10.6799636012875,0.0422758637594459,0.451504686163872,1000,178,0,0,0,0
88,"Oracle",10.6799636012875,0.0422758637594459,0.451504686163872,1000,179,0,0,0,0
88,"Oracle",10.6799636012875,0.0422758637594459,0.451504686163872,1000,180,0,0,0,0
88,"Oracle",10.6799636012875,0.0422758637594459,0.451504686163872,1000,181,0,0,0,0
88,"Oracle",10.6799636012875,0.0422758637594459,0.451504686163872,1000,182,0,0,0,0
88,"Oracle",10.6799636012875,0.0422758637594459,0.451504686163872,1000,183,0,0,0,0
88,"Oracle",10.6799636012875,0.0422758637594459,0.451504686163872,1000,184,0,0,0,0
88,"Oracle",10.6799636012875,0.0422758637594459,0.451504686163872,1000,185,0,0,0,0
88,"Oracle",10.6799636012875,0.0422758637594459,0.451504686163872,1000,186,0,0,0,0
88,"Oracle",10.6799636012875,0.0422758637594459,0.451504686163872,1000,187,0,0,0,0
88,"Oracle",10.6799636012875,0.0422758637594459,0.451504686163872,1000,188,0,0,0,0
88,"Oracle",10.6799636012875,0.0422758637594459,0.451504686163872,1000,189,0,0,0,0
88,"Oracle",10.6799636012875,0.0422758637594459,0.451504686163872,1000,190,0,0,0,0
88,"Oracle",10.6799636012875,0.0422758637594459,0.451504686163872,1000,191,0,0,0,0
88,"Oracle",10.6799636012875,0.0422758637594459,0.451504686163872,1000,192,0,0,0,0
88,"Oracle",10.6799636012875,0.0422758637594459,0.451504686163872,1000,193,0,0,0,0
88,"Oracle",10.6799636012875,0.0422758637594459,0.451504686163872,1000,194,0,0,0,0
88,"Oracle",10.6799636012875,0.0422758637594459,0.451504686163872,1000,195,0,0,0,0
88,"Oracle",10.6799636012875,0.0422758637594459,0.451504686163872,1000,196,0,0,0,0
88,"Oracle",10.6799636012875,0.0422758637594459,0.451504686163872,1000,197,0,0,0,0
88,"Oracle",10.6799636012875,0.0422758637594459,0.451504686163872,1000,198,0,0,0,0
88,"Oracle",10.6799636012875,0.0422758637594459,0.451504686163872,1000,199,0,0,0,0
88,"Oracle",10.6799636012875,0.0422758637594459,0.451504686163872,1000,200,0,0,0,0
88,"Oracle",10.6799636012875,0.0422758637594459,0.451504686163872,1000,201,0,0,0,0
88,"Oracle",10.6799636012875,0.0422758637594459,0.451504686163872,1000,202,0,0,0,0
88,"Oracle",10.6799636012875,0.0422758637594459,0.451504686163872,1000,203,0,0,0,0
88,"Oracle",10.6799636012875,0.0422758637594459,0.451504686163872,1000,204,0,0,0,0
88,"Oracle",10.6799636012875,0.0422758637594459,0.451504686163872,1000,205,0,0,0,0
88,"Oracle",10.6799636012875,0.0422758637594459,0.451504686163872,1000,206,0,0,0,0
88,"Oracle",10.6799636012875,0.0422758637594459,0.451504686163872,1000,207,0,0,0,0
88,"Oracle",10.6799636012875,0.0422758637594459,0.451504686163872,1000,208,0,0,0,0
88,"Oracle",10.6799636012875,0.0422758637594459,0.451504686163872,1000,209,0,0,0,0
88,"Oracle",10.6799636012875,0.0422758637594459,0.451504686163872,1000,210,0,0,0,0
88,"Oracle",10.6799636012875,0.0422758637594459,0.451504686163872,1000,211,0,0,0,0
88,"Oracle",10.6799636012875,0.0422758637594459,0.451504686163872,1000,212,0,0,0,0
88,"Oracle",10.6799636012875,0.0422758637594459,0.451504686163872,1000,213,0,0,0,0
88,"Oracle",10.6799636012875,0.0422758637594459,0.451504686163872,1000,214,0,0,0,0
88,"Oracle",10.6799636012875,0.0422758637594459,0.451504686163872,1000,215,0,0,0,0
88,"Oracle",10.6799636012875,0.0422758637594459,0.451504686163872,1000,216,0,0,0,0
88,"Oracle",10.6799636012875,0.0422758637594459,0.451504686163872,1000,217,0,0,0,0
88,"Oracle",10.6799636012875,0.0422758637594459,0.451504686163872,1000,218,0,0,0,0
88,"Oracle",10.6799636012875,0.0422758637594459,0.451504686163872,1000,219,0,0,0,0
88,"Oracle",10.6799636012875,0.0422758637594459,0.451504686163872,1000,220,0,0,0,0
88,"Oracle",10.6799636012875,0.0422758637594459,0.451504686163872,1000,221,0,0,0,0
88,"Oracle",10.6799636012875,0.0422758637594459,0.451504686163872,1000,222,0,0,0,0
88,"Oracle",10.6799636012875,0.0422758637594459,0.451504686163872,1000,223,0,0,0,0
88,"Oracle",10.6799636012875,0.0422758637594459,0.451504686163872,1000,224,0,0,0,0
88,"Oracle",10.6799636012875,0.0422758637594459,0.451504686163872,1000,225,0,0,0,0
88,"Oracle",10.6799636012875,0.0422758637594459,0.451504686163872,1000,226,0,0,0,0
88,"Oracle",10.6799636012875,0.0422758637594459,0.451504686163872,1000,227,0,0,0,0
88,"Oracle",10.6799636012875,0.0422758637594459,0.451504686163872,1000,228,0,0,0,0
88,"Oracle",10.6799636012875,0.0422758637594459,0.451504686163872,1000,229,0,0,0,0
88,"Oracle",10.6799636012875,0.0422758637594459,0.451504686163872,1000,230,0,0,0,0
88,"Oracle",10.6799636012875,0.0422758637594459,0.451504686163872,1000,231,0,0,0,0
88,"Oracle",10.6799636012875,0.0422758637594459,0.451504686163872,1000,232,0,0,0,0
88,"Oracle",10.6799636012875,0.0422758637594459,0.451504686163872,1000,233,0,0,0,0
88,"Oracle",10.6799636012875,0.0422758637594459,0.451504686163872,1000,234,0,0,0,0
88,"Oracle",10.6799636012875,0.0422758637594459,0.451504686163872,1000,235,0,0,0,0
88,"Oracle",10.6799636012875,0.0422758637594459,0.451504686163872,1000,236,0,0,0,0
88,"Oracle",10.6799636012875,0.0422758637594459,0.451504686163872,1000,237,0,0,0,0
88,"Oracle",10.6799636012875,0.0422758637594459,0.451504686163872,1000,238,0,0,0,0
88,"Oracle",10.6799636012875,0.0422758637594459,0.451504686163872,1000,239,0,0,0,0
88,"Oracle",10.6799636012875,0.0422758637594459,0.451504686163872,1000,240,0,0,0,0
88,"Oracle",10.6799636012875,0.0422758637594459,0.451504686163872,1000,241,0,0,0,0
88,"Oracle",10.6799636012875,0.0422758637594459,0.451504686163872,1000,242,0,0,0,0
88,"Oracle",10.6799636012875,0.0422758637594459,0.451504686163872,1000,243,0,0,0,0
88,"Oracle",10.6799636012875,0.0422758637594459,0.451504686163872,1000,244,0,0,0,0
88,"Oracle",10.6799636012875,0.0422758637594459,0.451504686163872,1000,245,0,0,0,0
88,"Oracle",10.6799636012875,0.0422758637594459,0.451504686163872,1000,246,0,0,0,0
88,"Oracle",10.6799636012875,0.0422758637594459,0.451504686163872,1000,247,0,0,0,0
88,"Oracle",10.6799636012875,0.0422758637594459,0.451504686163872,1000,248,0,0,0,0
88,"Oracle",10.6799636012875,0.0422758637594459,0.451504686163872,1000,249,0,0,0,0
88,"Oracle",10.6799636012875,0.0422758637594459,0.451504686163872,1000,250,0,0,0,0
88,"Oracle",10.6799636012875,0.0422758637594459,0.451504686163872,1000,251,0,0,0,0
88,"Oracle",10.6799636012875,0.0422758637594459,0.451504686163872,1000,252,0,0,0,0
88,"Oracle",10.6799636012875,0.0422758637594459,0.451504686163872,1000,253,0,0,0,0
88,"Oracle",10.6799636012875,0.0422758637594459,0.451504686163872,1000,254,0,0,0,0
88,"Oracle",10.6799636012875,0.0422758637594459,0.451504686163872,1000,255,0,0,0,0
88,"Oracle",10.6799636012875,0.0422758637594459,0.451504686163872,1000,256,0,0,0,0
88,"Oracle",10.6799636012875,0.0422758637594459,0.451504686163872,1000,257,0,0,0,0
88,"Oracle",10.6799636012875,0.0422758637594459,0.451504686163872,1000,258,0,0,0,0
88,"Oracle",10.6799636012875,0.0422758637594459,0.451504686163872,1000,259,0,0,0,0
88,"Oracle",10.6799636012875,0.0422758637594459,0.451504686163872,1000,260,0,0,0,0
88,"Oracle",10.6799636012875,0.0422758637594459,0.451504686163872,1000,261,0,0,0,0
88,"Oracle",10.6799636012875,0.0422758637594459,0.451504686163872,1000,262,0,0,0,0
88,"Oracle",10.6799636012875,0.0422758637594459,0.451504686163872,1000,263,0,0,0,0
88,"Oracle",10.6799636012875,0.0422758637594459,0.451504686163872,1000,264,0,0,0,0
88,"Oracle",10.6799636012875,0.0422758637594459,0.451504686163872,1000,265,0,0,0,0
88,"Oracle",10.6799636012875,0.0422758637594459,0.451504686163872,1000,266,0,0,0,0
88,"Oracle",10.6799636012875,0.0422758637594459,0.451504686163872,1000,267,0,0,0,0
88,"Oracle",10.6799636012875,0.0422758637594459,0.451504686163872,1000,268,0,0,0,0
88,"Oracle",10.6799636012875,0.0422758637594459,0.451504686163872,1000,269,0,0,0,0
88,"Oracle",10.6799636012875,0.0422758637594459,0.451504686163872,1000,270,0,0,0,0
88,"Oracle",10.6799636012875,0.0422758637594459,0.451504686163872,1000,271,0,0,0,0
88,"Oracle",10.6799636012875,0.0422758637594459,0.451504686163872,1000,272,0,0,0,0
88,"Oracle",10.6799636012875,0.0422758637594459,0.451504686163872,1000,273,0,0,0,0
88,"Oracle",10.6799636012875,0.0422758637594459,0.451504686163872,1000,274,0,0,0,0
88,"Oracle",10.6799636012875,0.0422758637594459,0.451504686163872,1000,275,0,0,0,0
88,"Oracle",10.6799636012875,0.0422758637594459,0.451504686163872,1000,276,0,0,0,0
88,"Oracle",10.6799636012875,0.0422758637594459,0.451504686163872,1000,277,0,0,0,0
88,"Oracle",10.6799636012875,0.0422758637594459,0.451504686163872,1000,278,0,0,0,0
88,"Oracle",10.6799636012875,0.0422758637594459,0.451504686163872,1000,279,0,0,0,0
88,"Oracle",10.6799636012875,0.0422758637594459,0.451504686163872,1000,280,0,0,0,0
88,"Oracle",10.6799636012875,0.0422758637594459,0.451504686163872,1000,281,0,0,0,0
88,"Oracle",10.6799636012875,0.0422758637594459,0.451504686163872,1000,282,0,0,0,0
88,"Oracle",10.6799636012875,0.0422758637594459,0.451504686163872,1000,283,0,0,0,0
88,"Oracle",10.6799636012875,0.0422758637594459,0.451504686163872,1000,284,0,0,0,0
88,"Oracle",10.6799636012875,0.0422758637594459,0.451504686163872,1000,285,0,0,0,0
88,"Oracle",10.6799636012875,0.0422758637594459,0.451504686163872,1000,286,0,0,0,0
88,"Oracle",10.6799636012875,0.0422758637594459,0.451504686163872,1000,287,0,0,0,0
88,"Oracle",10.6799636012875,0.0422758637594459,0.451504686163872,1000,288,0,0,0,0
88,"Oracle",10.6799636012875,0.0422758637594459,0.451504686163872,1000,289,0,0,0,0
88,"Oracle",10.6799636012875,0.0422758637594459,0.451504686163872,1000,290,0,0,0,0
88,"Oracle",10.6799636012875,0.0422758637594459,0.451504686163872,1000,291,0,0,0,0
88,"Oracle",10.6799636012875,0.0422758637594459,0.451504686163872,1000,292,0,0,0,0
88,"Oracle",10.6799636012875,0.0422758637594459,0.451504686163872,1000,293,0,0,0,0
88,"Oracle",10.6799636012875,0.0422758637594459,0.451504686163872,1000,294,0,0,0,0
88,"Oracle",10.6799636012875,0.0422758637594459,0.451504686163872,1000,295,0,0,0,0
88,"Oracle",10.6799636012875,0.0422758637594459,0.451504686163872,1000,296,0,0,0,0
88,"Oracle",10.6799636012875,0.0422758637594459,0.451504686163872,1000,297,0,0,0,0
88,"Oracle",10.6799636012875,0.0422758637594459,0.451504686163872,1000,298,0,0,0,0
88,"Oracle",10.6799636012875,0.0422758637594459,0.451504686163872,1000,299,0,0,0,0
88,"Oracle",10.6799636012875,0.0422758637594459,0.451504686163872,1000,300,0,0,0,0
88,"Oracle",10.6799636012875,0.0422758637594459,0.451504686163872,1000,301,0,0,0,0
88,"Oracle",10.6799636012875,0.0422758637594459,0.451504686163872,1000,302,0,0,0,0
88,"Oracle",10.6799636012875,0.0422758637594459,0.451504686163872,1000,303,0,0,0,0
88,"Oracle",10.6799636012875,0.0422758637594459,0.451504686163872,1000,304,0,0,0,0
88,"Oracle",10.6799636012875,0.0422758637594459,0.451504686163872,1000,305,0,0,0,0
88,"Oracle",10.6799636012875,0.0422758637594459,0.451504686163872,1000,306,0,0,0,0
88,"Oracle",10.6799636012875,0.0422758637594459,0.451504686163872,1000,307,0,0,0,0
88,"Oracle",10.6799636012875,0.0422758637594459,0.451504686163872,1000,308,0,0,0,0
88,"Oracle",10.6799636012875,0.0422758637594459,0.451504686163872,1000,309,0,0,0,0
88,"Oracle",10.6799636012875,0.0422758637594459,0.451504686163872,1000,310,0,0,0,0
88,"Oracle",10.6799636012875,0.0422758637594459,0.451504686163872,1000,311,0,0,0,0
88,"Oracle",10.6799636012875,0.0422758637594459,0.451504686163872,1000,312,0,0,0,0
88,"Oracle",10.6799636012875,0.0422758637594459,0.451504686163872,1000,313,0,0,0,0
88,"Oracle",10.6799636012875,0.0422758637594459,0.451504686163872,1000,314,0,0,0,0
88,"Oracle",10.6799636012875,0.0422758637594459,0.451504686163872,1000,315,0,0,0,0
88,"Oracle",10.6799636012875,0.0422758637594459,0.451504686163872,1000,316,0,0,0,0
88,"Oracle",10.6799636012875,0.0422758637594459,0.451504686163872,1000,317,0,0,0,0
88,"Oracle",10.6799636012875,0.0422758637594459,0.451504686163872,1000,318,0,0,0,0
88,"Oracle",10.6799636012875,0.0422758637594459,0.451504686163872,1000,319,0,0,0,0
88,"Oracle",10.6799636012875,0.0422758637594459,0.451504686163872,1000,320,0,0,0,0
88,"Oracle",10.6799636012875,0.0422758637594459,0.451504686163872,1000,321,0,0,0,0
88,"Oracle",10.6799636012875,0.0422758637594459,0.451504686163872,1000,322,0,0,0,0
88,"Oracle",10.6799636012875,0.0422758637594459,0.451504686163872,1000,323,0,0,0,0
88,"Oracle",10.6799636012875,0.0422758637594459,0.451504686163872,1000,324,0,0,0,0
88,"Oracle",10.6799636012875,0.0422758637594459,0.451504686163872,1000,325,0,0,0,0
88,"Oracle",10.6799636012875,0.0422758637594459,0.451504686163872,1000,326,0,0,0,0
88,"Oracle",10.6799636012875,0.0422758637594459,0.451504686163872,1000,327,0,0,0,0
88,"Oracle",10.6799636012875,0.0422758637594459,0.451504686163872,1000,328,0,0,0,0
88,"Oracle",10.6799636012875,0.0422758637594459,0.451504686163872,1000,329,0,0,0,0
88,"Oracle",10.6799636012875,0.0422758637594459,0.451504686163872,1000,330,0,0,0,0
88,"Oracle",10.6799636012875,0.0422758637594459,0.451504686163872,1000,331,0,0,0,0
88,"Oracle",10.6799636012875,0.0422758637594459,0.451504686163872,1000,332,0,0,0,0
88,"Oracle",10.6799636012875,0.0422758637594459,0.451504686163872,1000,333,0,0,0,0
88,"Oracle",10.6799636012875,0.0422758637594459,0.451504686163872,1000,334,0,0,0,0
88,"Oracle",10.6799636012875,0.0422758637594459,0.451504686163872,1000,335,0,0,0,0
88,"Oracle",10.6799636012875,0.0422758637594459,0.451504686163872,1000,336,0,0,0,0
88,"Oracle",10.6799636012875,0.0422758637594459,0.451504686163872,1000,337,0,0,0,0
88,"Oracle",10.6799636012875,0.0422758637594459,0.451504686163872,1000,338,0,0,0,0
88,"Oracle",10.6799636012875,0.0422758637594459,0.451504686163872,1000,339,0,0,0,0
88,"Oracle",10.6799636012875,0.0422758637594459,0.451504686163872,1000,340,0,0,0,0
88,"Oracle",10.6799636012875,0.0422758637594459,0.451504686163872,1000,341,0,0,0,0
88,"Oracle",10.6799636012875,0.0422758637594459,0.451504686163872,1000,342,0,0,0,0
88,"Oracle",10.6799636012875,0.0422758637594459,0.451504686163872,1000,343,0,0,0,0
88,"Oracle",10.6799636012875,0.0422758637594459,0.451504686163872,1000,344,0,0,0,0
88,"Oracle",10.6799636012875,0.0422758637594459,0.451504686163872,1000,345,0,0,0,0
88,"Oracle",10.6799636012875,0.0422758637594459,0.451504686163872,1000,346,0,0,0,0
88,"Oracle",10.6799636012875,0.0422758637594459,0.451504686163872,1000,347,0,0,0,0
88,"Oracle",10.6799636012875,0.0422758637594459,0.451504686163872,1000,348,0,0,0,0
88,"Oracle",10.6799636012875,0.0422758637594459,0.451504686163872,1000,349,0,0,0,0
88,"Oracle",10.6799636012875,0.0422758637594459,0.451504686163872,1000,350,0,0,0,0
88,"Oracle",10.6799636012875,0.0422758637594459,0.451504686163872,1000,351,0,0,0,0
88,"Oracle",10.6799636012875,0.0422758637594459,0.451504686163872,1000,352,0,0,0,0
88,"Oracle",10.6799636012875,0.0422758637594459,0.451504686163872,1000,353,0,0,0,0
88,"Oracle",10.6799636012875,0.0422758637594459,0.451504686163872,1000,354,0,0,0,0
88,"Oracle",10.6799636012875,0.0422758637594459,0.451504686163872,1000,355,0,0,0,0
88,"Oracle",10.6799636012875,0.0422758637594459,0.451504686163872,1000,356,0,0,0,0
88,"Oracle",10.6799636012875,0.0422758637594459,0.451504686163872,1000,357,0,0,0,0
88,"Oracle",10.6799636012875,0.0422758637594459,0.451504686163872,1000,358,0,0,0,0
88,"Oracle",10.6799636012875,0.0422758637594459,0.451504686163872,1000,359,0,0,0,0
88,"Oracle",10.6799636012875,0.0422758637594459,0.451504686163872,1000,360,0,0,0,0
88,"Oracle",10.6799636012875,0.0422758637594459,0.451504686163872,1000,361,0,0,0,0
88,"Oracle",10.6799636012875,0.0422758637594459,0.451504686163872,1000,362,0,0,0,0
88,"Oracle",10.6799636012875,0.0422758637594459,0.451504686163872,1000,363,0,0,0,0
88,"Oracle",10.6799636012875,0.0422758637594459,0.451504686163872,1000,364,0,0,0,0
88,"Oracle",10.6799636012875,0.0422758637594459,0.451504686163872,1000,365,0,0,0,0
88,"ABC",3.65948306825672,0.123023944203159,0.45020404080162,300,1,75,79,95,114
88,"ABC",3.65948306825672,0.123023944203159,0.45020404080162,300,2,82,63.475,79,94.525
88,"ABC",3.65948306825672,0.123023944203159,0.45020404080162,300,3,84,55,72,88
88,"ABC",3.65948306825672,0.123023944203159,0.45020404080162,300,4,77,55.475,70,85
88,"ABC",3.65948306825672,0.123023944203159,0.45020404080162,300,5,58,55.475,71,88
88,"ABC",3.65948306825672,0.123023944203159,0.45020404080162,300,6,70,57,75,90
88,"ABC",3.65948306825672,0.123023944203159,0.45020404080162,300,7,72,61.475,76,94
88,"ABC",3.65948306825672,0.123023944203159,0.45020404080162,300,8,98,67,83,101
88,"ABC",3.65948306825672,0.123023944203159,0.45020404080162,300,9,88,68.475,86,105.525
88,"ABC",3.65948306825672,0.123023944203159,0.45020404080162,300,10,79,76,91,108.525
88,"ABC",3.65948306825672,0.123023944203159,0.45020404080162,300,11,96,75,94,115
88,"ABC",3.65948306825672,0.123023944203159,0.45020404080162,300,12,89,80,100,120
88,"ABC",3.65948306825672,0.123023944203159,0.45020404080162,300,13,114,84,105,126.525
88,"ABC",3.65948306825672,0.123023944203159,0.45020404080162,300,14,106,89,109,130
88,"ABC",3.65948306825672,0.123023944203159,0.45020404080162,300,15,121,90.475,112,136
88,"ABC",3.65948306825672,0.123023944203159,0.45020404080162,300,16,118,96.475,117,140
88,"ABC",3.65948306825672,0.123023944203159,0.45020404080162,300,17,119,96,119,144.525
88,"ABC",3.65948306825672,0.123023944203159,0.45020404080162,300,18,123,99,121,144.05
88,"ABC",3.65948306825672,0.123023944203159,0.45020404080162,300,19,125,100,123,148
88,"ABC",3.65948306825672,0.123023944203159,0.45020404080162,300,20,112,104,127,149
88,"ABC",3.65948306825672,0.123023944203159,0.45020404080162,300,21,134,104,126.5,149.525
88,"ABC",3.65948306825672,0.123023944203159,0.45020404080162,300,22,136,105,126,150
88,"ABC",3.65948306825672,0.123023944203159,0.45020404080162,300,23,131,103,127,149.525
88,"ABC",3.65948306825672,0.123023944203159,0.45020404080162,300,24,138,105.475,127,145
88,"ABC",3.65948306825672,0.123023944203159,0.45020404080162,300,25,135,107,127,150.525
88,"ABC",3.65948306825672,0.123023944203159,0.45020404080162,300,26,129,101.475,121,144.525
88,"ABC",3.65948306825672,0.123023944203159,0.45020404080162,300,27,134,101.475,123,146
88,"ABC",3.65948306825672,0.123023944203159,0.45020404080162,300,28,125,100,121,140
88,"ABC",3.65948306825672,0.123023944203159,0.45020404080162,300,29,119,92.475,115,135
88,"ABC",3.65948306825672,0.123023944203159,0.45020404080162,300,30,106,89.95,113,133
88,"ABC",3.65948306825672,0.123023944203159,0.45020404080162,300,31,95,87.475,109,129
88,"ABC",3.65948306825672,0.123023944203159,0.45020404080162,300,32,111,86.475,106,126.525
88,"ABC",3.65948306825672,0.123023944203159,0.45020404080162,300,33,110,82,102,121.525
88,"ABC",3.65948306825672,0.123023944203159,0.45020404080162,300,34,93,78.475,98,116.525
88,"ABC",3.65948306825672,0.123023944203159,0.45020404080162,300,35,90,74.475,93.5,111.525
88,"ABC",3.65948306825672,0.123023944203159,0.45020404080162,300,36,100,69,88,107
88,"ABC",3.65948306825672,0.123023944203159,0.45020404080162,300,37,68,66,82.5,102.525
88,"ABC",3.65948306825672,0.123023944203159,0.45020404080162,300,38,89,59.475,80,96.525
88,"ABC",3.65948306825672,0.123023944203159,0.45020404080162,300,39,94,57.475,74,92
88,"ABC",3.65948306825672,0.123023944203159,0.45020404080162,300,40,69,53.95,70,87.525
88,"ABC",3.65948306825672,0.123023944203159,0.45020404080162,300,41,71,50,67,82
88,"ABC",3.65948306825672,0.123023944203159,0.45020404080162,300,42,59,46.475,62,77
88,"ABC",3.65948306825672,0.123023944203159,0.45020404080162,300,43,49,44.95,57,73
88,"ABC",3.65948306825672,0.123023944203159,0.45020404080162,300,44,66,42,54,69
88,"ABC",3.65948306825672,0.123023944203159,0.45020404080162,300,45,49,35.475,51,67.525
88,"ABC",3.65948306825672,0.123023944203159,0.45020404080162,300,46,46,35,47,61
88,"ABC",3.65948306825672,0.123023944203159,0.45020404080162,300,47,52,31,44,57.525
88,"ABC",3.65948306825672,0.123023944203159,0.45020404080162,300,48,45,29,41,54
88,"ABC",3.65948306825672,0.123023944203159,0.45020404080162,300,49,33,25,37,51.525
88,"ABC",3.65948306825672,0.123023944203159,0.45020404080162,300,50,31,25,35,49
88,"ABC",3.65948306825672,0.123023944203159,0.45020404080162,300,51,32,23,32,46
88,"ABC",3.65948306825672,0.123023944203159,0.45020404080162,300,52,32,19,30,41
88,"ABC",3.65948306825672,0.123023944203159,0.45020404080162,300,53,29,18.475,28,39
88,"ABC",3.65948306825672,0.123023944203159,0.45020404080162,300,54,32,15,25,38
88,"ABC",3.65948306825672,0.123023944203159,0.45020404080162,300,55,19,13.475,24,35
88,"ABC",3.65948306825672,0.123023944203159,0.45020404080162,300,56,32,12,22,33
88,"ABC",3.65948306825672,0.123023944203159,0.45020404080162,300,57,19,12,20.5,30
88,"ABC",3.65948306825672,0.123023944203159,0.45020404080162,300,58,20,11,18,27
88,"ABC",3.65948306825672,0.123023944203159,0.45020404080162,300,59,12,9,17,26
88,"ABC",3.65948306825672,0.123023944203159,0.45020404080162,300,60,15,7.475,15,25.525
88,"ABC",3.65948306825672,0.123023944203159,0.45020404080162,300,61,14,8,14,22.525
88,"ABC",3.65948306825672,0.123023944203159,0.45020404080162,300,62,15,6,13,20
88,"ABC",3.65948306825672,0.123023944203159,0.45020404080162,300,63,18,5,12,22
88,"ABC",3.65948306825672,0.123023944203159,0.45020404080162,300,64,10,4.475,11,18
88,"ABC",3.65948306825672,0.123023944203159,0.45020404080162,300,65,11,4,10,18.05
88,"ABC",3.65948306825672,0.123023944203159,0.45020404080162,300,66,6,3.475,9,16
88,"ABC",3.65948306825672,0.123023944203159,0.45020404080162,300,67,12,3.475,9,15
88,"ABC",3.65948306825672,0.123023944203159,0.45020404080162,300,68,8,3,8,14
88,"ABC",3.65948306825672,0.123023944203159,0.45020404080162,300,69,3,2.475,7,13.525
88,"ABC",3.65948306825672,0.123023944203159,0.45020404080162,300,70,12,2.475,7,13
88,"ABC",3.65948306825672,0.123023944203159,0.45020404080162,300,71,3,1,6,12
88,"ABC",3.65948306825672,0.123023944203159,0.45020404080162,300,72,9,1,6,11
88,"ABC",3.65948306825672,0.123023944203159,0.45020404080162,300,73,5,1,5,10
88,"ABC",3.65948306825672,0.123023944203159,0.45020404080162,300,74,9,1,4,10
88,"ABC",3.65948306825672,0.123023944203159,0.45020404080162,300,75,7,1,4,9
88,"ABC",3.65948306825672,0.123023944203159,0.45020404080162,300,76,3,1,4,8
88,"ABC",3.65948306825672,0.123023944203159,0.45020404080162,300,77,7,1,4,8
88,"ABC",3.65948306825672,0.123023944203159,0.45020404080162,300,78,5,0,3,7
88,"ABC",3.65948306825672,0.123023944203159,0.45020404080162,300,79,2,0,3,7
88,"ABC",3.65948306825672,0.123023944203159,0.45020404080162,300,80,4,0,3,7
88,"ABC",3.65948306825672,0.123023944203159,0.45020404080162,300,81,4,0,2,6
88,"ABC",3.65948306825672,0.123023944203159,0.45020404080162,300,82,2,0,2,6
88,"ABC",3.65948306825672,0.123023944203159,0.45020404080162,300,83,0,0,2,5
88,"ABC",3.65948306825672,0.123023944203159,0.45020404080162,300,84,3,0,2,5
88,"ABC",3.65948306825672,0.123023944203159,0.45020404080162,300,85,2,0,2,5
88,"ABC",3.65948306825672,0.123023944203159,0.45020404080162,300,86,6,0,1,5
88,"ABC",3.65948306825672,0.123023944203159,0.45020404080162,300,87,1,0,2,5
88,"ABC",3.65948306825672,0.123023944203159,0.45020404080162,300,88,2,0,1,4
88,"ABC",3.65948306825672,0.123023944203159,0.45020404080162,300,89,2,0,1,4
88,"ABC",3.65948306825672,0.123023944203159,0.45020404080162,300,90,0,0,1,4
88,"ABC",3.65948306825672,0.123023944203159,0.45020404080162,300,91,0,0,1,3.52499999999998
88,"ABC",3.65948306825672,0.123023944203159,0.45020404080162,300,92,2,0,1,4
88,"ABC",3.65948306825672,0.123023944203159,0.45020404080162,300,93,2,0,1,3
88,"ABC",3.65948306825672,0.123023944203159,0.45020404080162,300,94,1,0,1,3
88,"ABC",3.65948306825672,0.123023944203159,0.45020404080162,300,95,0,0,1,3
88,"ABC",3.65948306825672,0.123023944203159,0.45020404080162,300,96,1,0,0,3
88,"ABC",3.65948306825672,0.123023944203159,0.45020404080162,300,97,0,0,0,2
88,"ABC",3.65948306825672,0.123023944203159,0.45020404080162,300,98,1,0,0,2
88,"ABC",3.65948306825672,0.123023944203159,0.45020404080162,300,99,3,0,0,3
88,"ABC",3.65948306825672,0.123023944203159,0.45020404080162,300,100,0,0,0,2
88,"ABC",3.65948306825672,0.123023944203159,0.45020404080162,300,101,0,0,0,2
88,"ABC",3.65948306825672,0.123023944203159,0.45020404080162,300,102,0,0,0,2
88,"ABC",3.65948306825672,0.123023944203159,0.45020404080162,300,103,0,0,0,2
88,"ABC",3.65948306825672,0.123023944203159,0.45020404080162,300,104,0,0,0,2
88,"ABC",3.65948306825672,0.123023944203159,0.45020404080162,300,105,0,0,0,2
88,"ABC",3.65948306825672,0.123023944203159,0.45020404080162,300,106,0,0,0,1
88,"ABC",3.65948306825672,0.123023944203159,0.45020404080162,300,107,0,0,0,1
88,"ABC",3.65948306825672,0.123023944203159,0.45020404080162,300,108,0,0,0,1.52499999999998
88,"ABC",3.65948306825672,0.123023944203159,0.45020404080162,300,109,0,0,0,1
88,"ABC",3.65948306825672,0.123023944203159,0.45020404080162,300,110,0,0,0,1
88,"ABC",3.65948306825672,0.123023944203159,0.45020404080162,300,111,1,0,0,1
88,"ABC",3.65948306825672,0.123023944203159,0.45020404080162,300,112,0,0,0,1
88,"ABC",3.65948306825672,0.123023944203159,0.45020404080162,300,113,1,0,0,1
88,"ABC",3.65948306825672,0.123023944203159,0.45020404080162,300,114,0,0,0,1
88,"ABC",3.65948306825672,0.123023944203159,0.45020404080162,300,115,0,0,0,1
88,"ABC",3.65948306825672,0.123023944203159,0.45020404080162,300,116,0,0,0,1
88,"ABC",3.65948306825672,0.123023944203159,0.45020404080162,300,117,0,0,0,1
88,"ABC",3.65948306825672,0.123023944203159,0.45020404080162,300,118,0,0,0,1
88,"ABC",3.65948306825672,0.123023944203159,0.45020404080162,300,119,0,0,0,1
88,"ABC",3.65948306825672,0.123023944203159,0.45020404080162,300,120,0,0,0,1
88,"ABC",3.65948306825672,0.123023944203159,0.45020404080162,300,121,0,0,0,1
88,"ABC",3.65948306825672,0.123023944203159,0.45020404080162,300,122,0,0,0,1
88,"ABC",3.65948306825672,0.123023944203159,0.45020404080162,300,123,0,0,0,1
88,"ABC",3.65948306825672,0.123023944203159,0.45020404080162,300,124,0,0,0,1
88,"ABC",3.65948306825672,0.123023944203159,0.45020404080162,300,125,0,0,0,1
88,"ABC",3.65948306825672,0.123023944203159,0.45020404080162,300,126,0,0,0,1
88,"ABC",3.65948306825672,0.123023944203159,0.45020404080162,300,127,0,0,0,1
88,"ABC",3.65948306825672,0.123023944203159,0.45020404080162,300,128,0,0,0,1
88,"ABC",3.65948306825672,0.123023944203159,0.45020404080162,300,129,0,0,0,1
88,"ABC",3.65948306825672,0.123023944203159,0.45020404080162,300,130,0,0,0,1
88,"ABC",3.65948306825672,0.123023944203159,0.45020404080162,300,131,0,0,0,1
88,"ABC",3.65948306825672,0.123023944203159,0.45020404080162,300,132,0,0,0,0.524999999999977
88,"ABC",3.65948306825672,0.123023944203159,0.45020404080162,300,133,0,0,0,1
88,"ABC",3.65948306825672,0.123023944203159,0.45020404080162,300,134,0,0,0,1
88,"ABC",3.65948306825672,0.123023944203159,0.45020404080162,300,135,0,0,0,0
88,"ABC",3.65948306825672,0.123023944203159,0.45020404080162,300,136,0,0,0,0
88,"ABC",3.65948306825672,0.123023944203159,0.45020404080162,300,137,0,0,0,0
88,"ABC",3.65948306825672,0.123023944203159,0.45020404080162,300,138,0,0,0,0
88,"ABC",3.65948306825672,0.123023944203159,0.45020404080162,300,139,0,0,0,0
88,"ABC",3.65948306825672,0.123023944203159,0.45020404080162,300,140,0,0,0,0
88,"ABC",3.65948306825672,0.123023944203159,0.45020404080162,300,141,0,0,0,0
88,"ABC",3.65948306825672,0.123023944203159,0.45020404080162,300,142,0,0,0,0
88,"ABC",3.65948306825672,0.123023944203159,0.45020404080162,300,143,0,0,0,0.524999999999977
88,"ABC",3.65948306825672,0.123023944203159,0.45020404080162,300,144,0,0,0,0
88,"ABC",3.65948306825672,0.123023944203159,0.45020404080162,300,145,0,0,0,0
88,"ABC",3.65948306825672,0.123023944203159,0.45020404080162,300,146,0,0,0,0
88,"ABC",3.65948306825672,0.123023944203159,0.45020404080162,300,147,0,0,0,0
88,"ABC",3.65948306825672,0.123023944203159,0.45020404080162,300,148,0,0,0,0
88,"ABC",3.65948306825672,0.123023944203159,0.45020404080162,300,149,0,0,0,0
88,"ABC",3.65948306825672,0.123023944203159,0.45020404080162,300,150,0,0,0,0
88,"ABC",3.65948306825672,0.123023944203159,0.45020404080162,300,151,0,0,0,0
88,"ABC",3.65948306825672,0.123023944203159,0.45020404080162,300,152,0,0,0,0
88,"ABC",3.65948306825672,0.123023944203159,0.45020404080162,300,153,0,0,0,0
88,"ABC",3.65948306825672,0.123023944203159,0.45020404080162,300,154,0,0,0,0
88,"ABC",3.65948306825672,0.123023944203159,0.45020404080162,300,155,0,0,0,0
88,"ABC",3.65948306825672,0.123023944203159,0.45020404080162,300,156,0,0,0,0
88,"ABC",3.65948306825672,0.123023944203159,0.45020404080162,300,157,0,0,0,0
88,"ABC",3.65948306825672,0.123023944203159,0.45020404080162,300,158,0,0,0,0
88,"ABC",3.65948306825672,0.123023944203159,0.45020404080162,300,159,0,0,0,0
88,"ABC",3.65948306825672,0.123023944203159,0.45020404080162,300,160,0,0,0,0
88,"ABC",3.65948306825672,0.123023944203159,0.45020404080162,300,161,0,0,0,0
88,"ABC",3.65948306825672,0.123023944203159,0.45020404080162,300,162,0,0,0,0
88,"ABC",3.65948306825672,0.123023944203159,0.45020404080162,300,163,0,0,0,0
88,"ABC",3.65948306825672,0.123023944203159,0.45020404080162,300,164,0,0,0,0
88,"ABC",3.65948306825672,0.123023944203159,0.45020404080162,300,165,0,0,0,0
88,"ABC",3.65948306825672,0.123023944203159,0.45020404080162,300,166,0,0,0,0
88,"ABC",3.65948306825672,0.123023944203159,0.45020404080162,300,167,0,0,0,0
88,"ABC",3.65948306825672,0.123023944203159,0.45020404080162,300,168,0,0,0,0
88,"ABC",3.65948306825672,0.123023944203159,0.45020404080162,300,169,0,0,0,0
88,"ABC",3.65948306825672,0.123023944203159,0.45020404080162,300,170,0,0,0,0
88,"ABC",3.65948306825672,0.123023944203159,0.45020404080162,300,171,0,0,0,0
88,"ABC",3.65948306825672,0.123023944203159,0.45020404080162,300,172,0,0,0,0
88,"ABC",3.65948306825672,0.123023944203159,0.45020404080162,300,173,0,0,0,0
88,"ABC",3.65948306825672,0.123023944203159,0.45020404080162,300,174,0,0,0,0
88,"ABC",3.65948306825672,0.123023944203159,0.45020404080162,300,175,0,0,0,0
88,"ABC",3.65948306825672,0.123023944203159,0.45020404080162,300,176,0,0,0,0
88,"ABC",3.65948306825672,0.123023944203159,0.45020404080162,300,177,0,0,0,0
88,"ABC",3.65948306825672,0.123023944203159,0.45020404080162,300,178,0,0,0,0
88,"ABC",3.65948306825672,0.123023944203159,0.45020404080162,300,179,0,0,0,0
88,"ABC",3.65948306825672,0.123023944203159,0.45020404080162,300,180,0,0,0,0
88,"ABC",3.65948306825672,0.123023944203159,0.45020404080162,300,181,0,0,0,0
88,"ABC",3.65948306825672,0.123023944203159,0.45020404080162,300,182,0,0,0,0
88,"ABC",3.65948306825672,0.123023944203159,0.45020404080162,300,183,0,0,0,0
88,"ABC",3.65948306825672,0.123023944203159,0.45020404080162,300,184,0,0,0,0
88,"ABC",3.65948306825672,0.123023944203159,0.45020404080162,300,185,0,0,0,0
88,"ABC",3.65948306825672,0.123023944203159,0.45020404080162,300,186,0,0,0,0
88,"ABC",3.65948306825672,0.123023944203159,0.45020404080162,300,187,0,0,0,0
88,"ABC",3.65948306825672,0.123023944203159,0.45020404080162,300,188,0,0,0,0
88,"ABC",3.65948306825672,0.123023944203159,0.45020404080162,300,189,0,0,0,0
88,"ABC",3.65948306825672,0.123023944203159,0.45020404080162,300,190,0,0,0,0
88,"ABC",3.65948306825672,0.123023944203159,0.45020404080162,300,191,0,0,0,0
88,"ABC",3.65948306825672,0.123023944203159,0.45020404080162,300,192,0,0,0,0
88,"ABC",3.65948306825672,0.123023944203159,0.45020404080162,300,193,0,0,0,0
88,"ABC",3.65948306825672,0.123023944203159,0.45020404080162,300,194,0,0,0,0
88,"ABC",3.65948306825672,0.123023944203159,0.45020404080162,300,195,0,0,0,0
88,"ABC",3.65948306825672,0.123023944203159,0.45020404080162,300,196,0,0,0,0
88,"ABC",3.65948306825672,0.123023944203159,0.45020404080162,300,197,0,0,0,0
88,"ABC",3.65948306825672,0.123023944203159,0.45020404080162,300,198,0,0,0,0
88,"ABC",3.65948306825672,0.123023944203159,0.45020404080162,300,199,0,0,0,0
88,"ABC",3.65948306825672,0.123023944203159,0.45020404080162,300,200,0,0,0,0
88,"ABC",3.65948306825672,0.123023944203159,0.45020404080162,300,201,0,0,0,0
88,"ABC",3.65948306825672,0.123023944203159,0.45020404080162,300,202,0,0,0,0
88,"ABC",3.65948306825672,0.123023944203159,0.45020404080162,300,203,0,0,0,0
88,"ABC",3.65948306825672,0.123023944203159,0.45020404080162,300,204,0,0,0,0
88,"ABC",3.65948306825672,0.123023944203159,0.45020404080162,300,205,0,0,0,0
88,"ABC",3.65948306825672,0.123023944203159,0.45020404080162,300,206,0,0,0,0
88,"ABC",3.65948306825672,0.123023944203159,0.45020404080162,300,207,0,0,0,0
88,"ABC",3.65948306825672,0.123023944203159,0.45020404080162,300,208,0,0,0,0
88,"ABC",3.65948306825672,0.123023944203159,0.45020404080162,300,209,0,0,0,0
88,"ABC",3.65948306825672,0.123023944203159,0.45020404080162,300,210,0,0,0,0
88,"ABC",3.65948306825672,0.123023944203159,0.45020404080162,300,211,0,0,0,0
88,"ABC",3.65948306825672,0.123023944203159,0.45020404080162,300,212,0,0,0,0
88,"ABC",3.65948306825672,0.123023944203159,0.45020404080162,300,213,0,0,0,0
88,"ABC",3.65948306825672,0.123023944203159,0.45020404080162,300,214,0,0,0,0
88,"ABC",3.65948306825672,0.123023944203159,0.45020404080162,300,215,0,0,0,0
88,"ABC",3.65948306825672,0.123023944203159,0.45020404080162,300,216,0,0,0,0
88,"ABC",3.65948306825672,0.123023944203159,0.45020404080162,300,217,0,0,0,0
88,"ABC",3.65948306825672,0.123023944203159,0.45020404080162,300,218,0,0,0,0
88,"ABC",3.65948306825672,0.123023944203159,0.45020404080162,300,219,0,0,0,0
88,"ABC",3.65948306825672,0.123023944203159,0.45020404080162,300,220,0,0,0,0
88,"ABC",3.65948306825672,0.123023944203159,0.45020404080162,300,221,0,0,0,0
88,"ABC",3.65948306825672,0.123023944203159,0.45020404080162,300,222,0,0,0,0
88,"ABC",3.65948306825672,0.123023944203159,0.45020404080162,300,223,0,0,0,0
88,"ABC",3.65948306825672,0.123023944203159,0.45020404080162,300,224,0,0,0,0
88,"ABC",3.65948306825672,0.123023944203159,0.45020404080162,300,225,0,0,0,0
88,"ABC",3.65948306825672,0.123023944203159,0.45020404080162,300,226,0,0,0,0
88,"ABC",3.65948306825672,0.123023944203159,0.45020404080162,300,227,0,0,0,0
88,"ABC",3.65948306825672,0.123023944203159,0.45020404080162,300,228,0,0,0,0
88,"ABC",3.65948306825672,0.123023944203159,0.45020404080162,300,229,0,0,0,0
88,"ABC",3.65948306825672,0.123023944203159,0.45020404080162,300,230,0,0,0,0
88,"ABC",3.65948306825672,0.123023944203159,0.45020404080162,300,231,0,0,0,0
88,"ABC",3.65948306825672,0.123023944203159,0.45020404080162,300,232,0,0,0,0
88,"ABC",3.65948306825672,0.123023944203159,0.45020404080162,300,233,0,0,0,0
88,"ABC",3.65948306825672,0.123023944203159,0.45020404080162,300,234,0,0,0,0
88,"ABC",3.65948306825672,0.123023944203159,0.45020404080162,300,235,0,0,0,0
88,"ABC",3.65948306825672,0.123023944203159,0.45020404080162,300,236,0,0,0,0
88,"ABC",3.65948306825672,0.123023944203159,0.45020404080162,300,237,0,0,0,0
88,"ABC",3.65948306825672,0.123023944203159,0.45020404080162,300,238,0,0,0,0
88,"ABC",3.65948306825672,0.123023944203159,0.45020404080162,300,239,0,0,0,0
88,"ABC",3.65948306825672,0.123023944203159,0.45020404080162,300,240,0,0,0,0
88,"ABC",3.65948306825672,0.123023944203159,0.45020404080162,300,241,0,0,0,0
88,"ABC",3.65948306825672,0.123023944203159,0.45020404080162,300,242,0,0,0,0
88,"ABC",3.65948306825672,0.123023944203159,0.45020404080162,300,243,0,0,0,0
88,"ABC",3.65948306825672,0.123023944203159,0.45020404080162,300,244,0,0,0,0
88,"ABC",3.65948306825672,0.123023944203159,0.45020404080162,300,245,0,0,0,0
88,"ABC",3.65948306825672,0.123023944203159,0.45020404080162,300,246,0,0,0,0
88,"ABC",3.65948306825672,0.123023944203159,0.45020404080162,300,247,0,0,0,0
88,"ABC",3.65948306825672,0.123023944203159,0.45020404080162,300,248,0,0,0,0
88,"ABC",3.65948306825672,0.123023944203159,0.45020404080162,300,249,0,0,0,0
88,"ABC",3.65948306825672,0.123023944203159,0.45020404080162,300,250,0,0,0,0
88,"ABC",3.65948306825672,0.123023944203159,0.45020404080162,300,251,0,0,0,0
88,"ABC",3.65948306825672,0.123023944203159,0.45020404080162,300,252,0,0,0,0
88,"ABC",3.65948306825672,0.123023944203159,0.45020404080162,300,253,0,0,0,0
88,"ABC",3.65948306825672,0.123023944203159,0.45020404080162,300,254,0,0,0,0
88,"ABC",3.65948306825672,0.123023944203159,0.45020404080162,300,255,0,0,0,0
88,"ABC",3.65948306825672,0.123023944203159,0.45020404080162,300,256,0,0,0,0
88,"ABC",3.65948306825672,0.123023944203159,0.45020404080162,300,257,0,0,0,0
88,"ABC",3.65948306825672,0.123023944203159,0.45020404080162,300,258,0,0,0,0
88,"ABC",3.65948306825672,0.123023944203159,0.45020404080162,300,259,0,0,0,0
88,"ABC",3.65948306825672,0.123023944203159,0.45020404080162,300,260,0,0,0,0
88,"ABC",3.65948306825672,0.123023944203159,0.45020404080162,300,261,0,0,0,0
88,"ABC",3.65948306825672,0.123023944203159,0.45020404080162,300,262,0,0,0,0
88,"ABC",3.65948306825672,0.123023944203159,0.45020404080162,300,263,0,0,0,0
88,"ABC",3.65948306825672,0.123023944203159,0.45020404080162,300,264,0,0,0,0
88,"ABC",3.65948306825672,0.123023944203159,0.45020404080162,300,265,0,0,0,0
88,"ABC",3.65948306825672,0.123023944203159,0.45020404080162,300,266,0,0,0,0
88,"ABC",3.65948306825672,0.123023944203159,0.45020404080162,300,267,0,0,0,0
88,"ABC",3.65948306825672,0.123023944203159,0.45020404080162,300,268,0,0,0,0
88,"ABC",3.65948306825672,0.123023944203159,0.45020404080162,300,269,0,0,0,0
88,"ABC",3.65948306825672,0.123023944203159,0.45020404080162,300,270,0,0,0,0
88,"ABC",3.65948306825672,0.123023944203159,0.45020404080162,300,271,0,0,0,0
88,"ABC",3.65948306825672,0.123023944203159,0.45020404080162,300,272,0,0,0,0
88,"ABC",3.65948306825672,0.123023944203159,0.45020404080162,300,273,0,0,0,0
88,"ABC",3.65948306825672,0.123023944203159,0.45020404080162,300,274,0,0,0,0
88,"ABC",3.65948306825672,0.123023944203159,0.45020404080162,300,275,0,0,0,0
88,"ABC",3.65948306825672,0.123023944203159,0.45020404080162,300,276,0,0,0,0
88,"ABC",3.65948306825672,0.123023944203159,0.45020404080162,300,277,0,0,0,0
88,"ABC",3.65948306825672,0.123023944203159,0.45020404080162,300,278,0,0,0,0
88,"ABC",3.65948306825672,0.123023944203159,0.45020404080162,300,279,0,0,0,0
88,"ABC",3.65948306825672,0.123023944203159,0.45020404080162,300,280,0,0,0,0
88,"ABC",3.65948306825672,0.123023944203159,0.45020404080162,300,281,0,0,0,0
88,"ABC",3.65948306825672,0.123023944203159,0.45020404080162,300,282,0,0,0,0
88,"ABC",3.65948306825672,0.123023944203159,0.45020404080162,300,283,0,0,0,0
88,"ABC",3.65948306825672,0.123023944203159,0.45020404080162,300,284,0,0,0,0
88,"ABC",3.65948306825672,0.123023944203159,0.45020404080162,300,285,0,0,0,0
88,"ABC",3.65948306825672,0.123023944203159,0.45020404080162,300,286,0,0,0,0
88,"ABC",3.65948306825672,0.123023944203159,0.45020404080162,300,287,0,0,0,0
88,"ABC",3.65948306825672,0.123023944203159,0.45020404080162,300,288,0,0,0,0
88,"ABC",3.65948306825672,0.123023944203159,0.45020404080162,300,289,0,0,0,0
88,"ABC",3.65948306825672,0.123023944203159,0.45020404080162,300,290,0,0,0,0
88,"ABC",3.65948306825672,0.123023944203159,0.45020404080162,300,291,0,0,0,0
88,"ABC",3.65948306825672,0.123023944203159,0.45020404080162,300,292,0,0,0,0
88,"ABC",3.65948306825672,0.123023944203159,0.45020404080162,300,293,0,0,0,0
88,"ABC",3.65948306825672,0.123023944203159,0.45020404080162,300,294,0,0,0,0
88,"ABC",3.65948306825672,0.123023944203159,0.45020404080162,300,295,0,0,0,0
88,"ABC",3.65948306825672,0.123023944203159,0.45020404080162,300,296,0,0,0,0
88,"ABC",3.65948306825672,0.123023944203159,0.45020404080162,300,297,0,0,0,0
88,"ABC",3.65948306825672,0.123023944203159,0.45020404080162,300,298,0,0,0,0
88,"ABC",3.65948306825672,0.123023944203159,0.45020404080162,300,299,0,0,0,0
88,"ABC",3.65948306825672,0.123023944203159,0.45020404080162,300,300,0,0,0,0
88,"ABC",3.65948306825672,0.123023944203159,0.45020404080162,300,301,0,0,0,0
88,"ABC",3.65948306825672,0.123023944203159,0.45020404080162,300,302,0,0,0,0
88,"ABC",3.65948306825672,0.123023944203159,0.45020404080162,300,303,0,0,0,0
88,"ABC",3.65948306825672,0.123023944203159,0.45020404080162,300,304,0,0,0,0
88,"ABC",3.65948306825672,0.123023944203159,0.45020404080162,300,305,0,0,0,0
88,"ABC",3.65948306825672,0.123023944203159,0.45020404080162,300,306,0,0,0,0
88,"ABC",3.65948306825672,0.123023944203159,0.45020404080162,300,307,0,0,0,0
88,"ABC",3.65948306825672,0.123023944203159,0.45020404080162,300,308,0,0,0,0
88,"ABC",3.65948306825672,0.123023944203159,0.45020404080162,300,309,0,0,0,0
88,"ABC",3.65948306825672,0.123023944203159,0.45020404080162,300,310,0,0,0,0
88,"ABC",3.65948306825672,0.123023944203159,0.45020404080162,300,311,0,0,0,0
88,"ABC",3.65948306825672,0.123023944203159,0.45020404080162,300,312,0,0,0,0
88,"ABC",3.65948306825672,0.123023944203159,0.45020404080162,300,313,0,0,0,0
88,"ABC",3.65948306825672,0.123023944203159,0.45020404080162,300,314,0,0,0,0
88,"ABC",3.65948306825672,0.123023944203159,0.45020404080162,300,315,0,0,0,0
88,"ABC",3.65948306825672,0.123023944203159,0.45020404080162,300,316,0,0,0,0
88,"ABC",3.65948306825672,0.123023944203159,0.45020404080162,300,317,0,0,0,0
88,"ABC",3.65948306825672,0.123023944203159,0.45020404080162,300,318,0,0,0,0
88,"ABC",3.65948306825672,0.123023944203159,0.45020404080162,300,319,0,0,0,0
88,"ABC",3.65948306825672,0.123023944203159,0.45020404080162,300,320,0,0,0,0
88,"ABC",3.65948306825672,0.123023944203159,0.45020404080162,300,321,0,0,0,0
88,"ABC",3.65948306825672,0.123023944203159,0.45020404080162,300,322,0,0,0,0
88,"ABC",3.65948306825672,0.123023944203159,0.45020404080162,300,323,0,0,0,0
88,"ABC",3.65948306825672,0.123023944203159,0.45020404080162,300,324,0,0,0,0
88,"ABC",3.65948306825672,0.123023944203159,0.45020404080162,300,325,0,0,0,0
88,"ABC",3.65948306825672,0.123023944203159,0.45020404080162,300,326,0,0,0,0
88,"ABC",3.65948306825672,0.123023944203159,0.45020404080162,300,327,0,0,0,0
88,"ABC",3.65948306825672,0.123023944203159,0.45020404080162,300,328,0,0,0,0
88,"ABC",3.65948306825672,0.123023944203159,0.45020404080162,300,329,0,0,0,0
88,"ABC",3.65948306825672,0.123023944203159,0.45020404080162,300,330,0,0,0,0
88,"ABC",3.65948306825672,0.123023944203159,0.45020404080162,300,331,0,0,0,0
88,"ABC",3.65948306825672,0.123023944203159,0.45020404080162,300,332,0,0,0,0
88,"ABC",3.65948306825672,0.123023944203159,0.45020404080162,300,333,0,0,0,0
88,"ABC",3.65948306825672,0.123023944203159,0.45020404080162,300,334,0,0,0,0
88,"ABC",3.65948306825672,0.123023944203159,0.45020404080162,300,335,0,0,0,0
88,"ABC",3.65948306825672,0.123023944203159,0.45020404080162,300,336,0,0,0,0
88,"ABC",3.65948306825672,0.123023944203159,0.45020404080162,300,337,0,0,0,0
88,"ABC",3.65948306825672,0.123023944203159,0.45020404080162,300,338,0,0,0,0
88,"ABC",3.65948306825672,0.123023944203159,0.45020404080162,300,339,0,0,0,0
88,"ABC",3.65948306825672,0.123023944203159,0.45020404080162,300,340,0,0,0,0
88,"ABC",3.65948306825672,0.123023944203159,0.45020404080162,300,341,0,0,0,0
88,"ABC",3.65948306825672,0.123023944203159,0.45020404080162,300,342,0,0,0,0
88,"ABC",3.65948306825672,0.123023944203159,0.45020404080162,300,343,0,0,0,0
88,"ABC",3.65948306825672,0.123023944203159,0.45020404080162,300,344,0,0,0,0
88,"ABC",3.65948306825672,0.123023944203159,0.45020404080162,300,345,0,0,0,0
88,"ABC",3.65948306825672,0.123023944203159,0.45020404080162,300,346,0,0,0,0
88,"ABC",3.65948306825672,0.123023944203159,0.45020404080162,300,347,0,0,0,0
88,"ABC",3.65948306825672,0.123023944203159,0.45020404080162,300,348,0,0,0,0
88,"ABC",3.65948306825672,0.123023944203159,0.45020404080162,300,349,0,0,0,0
88,"ABC",3.65948306825672,0.123023944203159,0.45020404080162,300,350,0,0,0,0
88,"ABC",3.65948306825672,0.123023944203159,0.45020404080162,300,351,0,0,0,0
88,"ABC",3.65948306825672,0.123023944203159,0.45020404080162,300,352,0,0,0,0
88,"ABC",3.65948306825672,0.123023944203159,0.45020404080162,300,353,0,0,0,0
88,"ABC",3.65948306825672,0.123023944203159,0.45020404080162,300,354,0,0,0,0
88,"ABC",3.65948306825672,0.123023944203159,0.45020404080162,300,355,0,0,0,0
88,"ABC",3.65948306825672,0.123023944203159,0.45020404080162,300,356,0,0,0,0
88,"ABC",3.65948306825672,0.123023944203159,0.45020404080162,300,357,0,0,0,0
88,"ABC",3.65948306825672,0.123023944203159,0.45020404080162,300,358,0,0,0,0
88,"ABC",3.65948306825672,0.123023944203159,0.45020404080162,300,359,0,0,0,0
88,"ABC",3.65948306825672,0.123023944203159,0.45020404080162,300,360,0,0,0,0
88,"ABC",3.65948306825672,0.123023944203159,0.45020404080162,300,361,0,0,0,0
88,"ABC",3.65948306825672,0.123023944203159,0.45020404080162,300,362,0,0,0,0
88,"ABC",3.65948306825672,0.123023944203159,0.45020404080162,300,363,0,0,0,0
88,"ABC",3.65948306825672,0.123023944203159,0.45020404080162,300,364,0,0,0,0
88,"ABC",3.65948306825672,0.123023944203159,0.45020404080162,300,365,0,0,0,0
88,"ABC-SMC",4.66766548713317,0.0998103628444147,0.465881385907113,300,1,75,79,95,114
88,"ABC-SMC",4.66766548713317,0.0998103628444147,0.465881385907113,300,2,82,61.475,78,94
88,"ABC-SMC",4.66766548713317,0.0998103628444147,0.465881385907113,300,3,84,56.475,72,88.525
88,"ABC-SMC",4.66766548713317,0.0998103628444147,0.465881385907113,300,4,77,57,69.5,86
88,"ABC-SMC",4.66766548713317,0.0998103628444147,0.465881385907113,300,5,58,58,73,88.525
88,"ABC-SMC",4.66766548713317,0.0998103628444147,0.465881385907113,300,6,70,61,75,93
88,"ABC-SMC",4.66766548713317,0.0998103628444147,0.465881385907113,300,7,72,63,78,97
88,"ABC-SMC",4.66766548713317,0.0998103628444147,0.465881385907113,300,8,98,68.475,84,99.525
88,"ABC-SMC",4.66766548713317,0.0998103628444147,0.465881385907113,300,9,88,69,89,107
88,"ABC-SMC",4.66766548713317,0.0998103628444147,0.465881385907113,300,10,79,75,94,113
88,"ABC-SMC",4.66766548713317,0.0998103628444147,0.465881385907113,300,11,96,77,99,117.525
88,"ABC-SMC",4.66766548713317,0.0998103628444147,0.465881385907113,300,12,89,80.475,103,123.525
88,"ABC-SMC",4.66766548713317,0.0998103628444147,0.465881385907113,300,13,114,86.475,109,129.525
88,"ABC-SMC",4.66766548713317,0.0998103628444147,0.465881385907113,300,14,106,92.475,113,134.525
88,"ABC-SMC",4.66766548713317,0.0998103628444147,0.465881385907113,300,15,121,97,118,140
88,"ABC-SMC",4.66766548713317,0.0998103628444147,0.465881385907113,300,16,118,99,121,145
88,"ABC-SMC",4.66766548713317,0.0998103628444147,0.465881385907113,300,17,119,102,123,147.525
88,"ABC-SMC",4.66766548713317,0.0998103628444147,0.465881385907113,300,18,123,104.475,128,150.525
88,"ABC-SMC",4.66766548713317,0.0998103628444147,0.465881385907113,300,19,125,106.95,130,157
88,"ABC-SMC",4.66766548713317,0.0998103628444147,0.465881385907113,300,20,112,109,131,155.525
88,"ABC-SMC",4.66766548713317,0.0998103628444147,0.465881385907113,300,21,134,110,133,157
88,"ABC-SMC",4.66766548713317,0.0998103628444147,0.465881385907113,300,22,136,111.475,133,158.525
88,"ABC-SMC",4.66766548713317,0.0998103628444147,0.465881385907113,300,23,131,112,134,156.525
88,"ABC-SMC",4.66766548713317,0.0998103628444147,0.465881385907113,300,24,138,112,132,152
88,"ABC-SMC",4.66766548713317,0.0998103628444147,0.465881385907113,300,25,135,109.475,133,156
88,"ABC-SMC",4.66766548713317,0.0998103628444147,0.465881385907113,300,26,129,107.475,129,152.525
88,"ABC-SMC",4.66766548713317,0.0998103628444147,0.465881385907113,300,27,134,107.475,127,147.525
88,"ABC-SMC",4.66766548713317,0.0998103628444147,0.465881385907113,300,28,125,104,123,146
88,"ABC-SMC",4.66766548713317,0.0998103628444147,0.465881385907113,300,29,119,99.475,120,143.525
88,"ABC-SMC",4.66766548713317,0.0998103628444147,0.465881385907113,300,30,106,95.475,116.5,137
88,"ABC-SMC",4.66766548713317,0.0998103628444147,0.465881385907113,300,31,95,94,112.5,131
88,"ABC-SMC",4.66766548713317,0.0998103628444147,0.465881385907113,300,32,111,85.475,108,126
88,"ABC-SMC",4.66766548713317,0.0998103628444147,0.465881385907113,300,33,110,82.95,104,124
88,"ABC-SMC",4.66766548713317,0.0998103628444147,0.465881385907113,300,34,93,78,98,120.525
88,"ABC-SMC",4.66766548713317,0.0998103628444147,0.465881385907113,300,35,90,76.475,94,110.525
88,"ABC-SMC",4.66766548713317,0.0998103628444147,0.465881385907113,300,36,100,71.475,88,107.525
88,"ABC-SMC",4.66766548713317,0.0998103628444147,0.465881385907113,300,37,68,65.475,84,101
88,"ABC-SMC",4.66766548713317,0.0998103628444147,0.465881385907113,300,38,89,61,80,98
88,"ABC-SMC",4.66766548713317,0.0998103628444147,0.465881385907113,300,39,94,58,74,93.05
88,"ABC-SMC",4.66766548713317,0.0998103628444147,0.465881385907113,300,40,69,52,69,86.525
88,"ABC-SMC",4.66766548713317,0.0998103628444147,0.465881385907113,300,41,71,49,65,83.525
88,"ABC-SMC",4.66766548713317,0.0998103628444147,0.465881385907113,300,42,59,45,61,77
88,"ABC-SMC",4.66766548713317,0.0998103628444147,0.465881385907113,300,43,49,41,56,70.525
88,"ABC-SMC",4.66766548713317,0.0998103628444147,0.465881385907113,300,44,66,40,53,68
88,"ABC-SMC",4.66766548713317,0.0998103628444147,0.465881385907113,300,45,49,37,50,65
88,"ABC-SMC",4.66766548713317,0.0998103628444147,0.465881385907113,300,46,46,33,45,60
88,"ABC-SMC",4.66766548713317,0.0998103628444147,0.465881385907113,300,47,52,28.475,42,55.525
88,"ABC-SMC",4.66766548713317,0.0998103628444147,0.465881385907113,300,48,45,26.475,39,51
88,"ABC-SMC",4.66766548713317,0.0998103628444147,0.465881385907113,300,49,33,24,35,49
88,"ABC-SMC",4.66766548713317,0.0998103628444147,0.465881385907113,300,50,31,22.475,33,45
88,"ABC-SMC",4.66766548713317,0.0998103628444147,0.465881385907113,300,51,32,21,31,43
88,"ABC-SMC",4.66766548713317,0.0998103628444147,0.465881385907113,300,52,32,18.475,29,40.525
88,"ABC-SMC",4.66766548713317,0.0998103628444147,0.465881385907113,300,53,29,16.475,26,36.525
88,"ABC-SMC",4.66766548713317,0.0998103628444147,0.465881385907113,300,54,32,14.475,23,36
88,"ABC-SMC",4.66766548713317,0.0998103628444147,0.465881385907113,300,55,19,13,22,32
88,"ABC-SMC",4.66766548713317,0.0998103628444147,0.465881385907113,300,56,32,12,20,30.525
88,"ABC-SMC",4.66766548713317,0.0998103628444147,0.465881385907113,300,57,19,10,19,27
88,"ABC-SMC",4.66766548713317,0.0998103628444147,0.465881385907113,300,58,20,9,16.5,26
88,"ABC-SMC",4.66766548713317,0.0998103628444147,0.465881385907113,300,59,12,8,15,27.525
88,"ABC-SMC",4.66766548713317,0.0998103628444147,0.465881385907113,300,60,15,8,14,23
88,"ABC-SMC",4.66766548713317,0.0998103628444147,0.465881385907113,300,61,14,7,13,21
88,"ABC-SMC",4.66766548713317,0.0998103628444147,0.465881385907113,300,62,15,6,12,20
88,"ABC-SMC",4.66766548713317,0.0998103628444147,0.465881385907113,300,63,18,5,11,19
88,"ABC-SMC",4.66766548713317,0.0998103628444147,0.465881385907113,300,64,10,5,10,18
88,"ABC-SMC",4.66766548713317,0.0998103628444147,0.465881385907113,300,65,11,4,9,16.525
88,"ABC-SMC",4.66766548713317,0.0998103628444147,0.465881385907113,300,66,6,3,9,16
88,"ABC-SMC",4.66766548713317,0.0998103628444147,0.465881385907113,300,67,12,3,8,14
88,"ABC-SMC",4.66766548713317,0.0998103628444147,0.465881385907113,300,68,8,3,7,12
88,"ABC-SMC",4.66766548713317,0.0998103628444147,0.465881385907113,300,69,3,2,6,12
88,"ABC-SMC",4.66766548713317,0.0998103628444147,0.465881385907113,300,70,12,2,6,12
88,"ABC-SMC",4.66766548713317,0.0998103628444147,0.465881385907113,300,71,3,1,5,11
88,"ABC-SMC",4.66766548713317,0.0998103628444147,0.465881385907113,300,72,9,1,5,10
88,"ABC-SMC",4.66766548713317,0.0998103628444147,0.465881385907113,300,73,5,1,4,10
88,"ABC-SMC",4.66766548713317,0.0998103628444147,0.465881385907113,300,74,9,0.475000000000001,4,8
88,"ABC-SMC",4.66766548713317,0.0998103628444147,0.465881385907113,300,75,7,0,3,9
88,"ABC-SMC",4.66766548713317,0.0998103628444147,0.465881385907113,300,76,3,1,3,7
88,"ABC-SMC",4.66766548713317,0.0998103628444147,0.465881385907113,300,77,7,0,3,7
88,"ABC-SMC",4.66766548713317,0.0998103628444147,0.465881385907113,300,78,5,0,3,7
88,"ABC-SMC",4.66766548713317,0.0998103628444147,0.465881385907113,300,79,2,0,2,6
88,"ABC-SMC",4.66766548713317,0.0998103628444147,0.465881385907113,300,80,4,0,2,6
88,"ABC-SMC",4.66766548713317,0.0998103628444147,0.465881385907113,300,81,4,0,2,5.52499999999998
88,"ABC-SMC",4.66766548713317,0.0998103628444147,0.465881385907113,300,82,2,0,2,5
88,"ABC-SMC",4.66766548713317,0.0998103628444147,0.465881385907113,300,83,0,0,2,5
88,"ABC-SMC",4.66766548713317,0.0998103628444147,0.465881385907113,300,84,3,0,1,5
88,"ABC-SMC",4.66766548713317,0.0998103628444147,0.465881385907113,300,85,2,0,1,4.52499999999998
88,"ABC-SMC",4.66766548713317,0.0998103628444147,0.465881385907113,300,86,6,0,1,4
88,"ABC-SMC",4.66766548713317,0.0998103628444147,0.465881385907113,300,87,1,0,1,4
88,"ABC-SMC",4.66766548713317,0.0998103628444147,0.465881385907113,300,88,2,0,1,4.52499999999998
88,"ABC-SMC",4.66766548713317,0.0998103628444147,0.465881385907113,300,89,2,0,1,3
88,"ABC-SMC",4.66766548713317,0.0998103628444147,0.465881385907113,300,90,0,0,1,3
88,"ABC-SMC",4.66766548713317,0.0998103628444147,0.465881385907113,300,91,0,0,1,3.52499999999998
88,"ABC-SMC",4.66766548713317,0.0998103628444147,0.465881385907113,300,92,2,0,1,3
88,"ABC-SMC",4.66766548713317,0.0998103628444147,0.465881385907113,300,93,2,0,0,3
88,"ABC-SMC",4.66766548713317,0.0998103628444147,0.465881385907113,300,94,1,0,0,3
88,"ABC-SMC",4.66766548713317,0.0998103628444147,0.465881385907113,300,95,0,0,0,3
88,"ABC-SMC",4.66766548713317,0.0998103628444147,0.465881385907113,300,96,1,0,0,2
88,"ABC-SMC",4.66766548713317,0.0998103628444147,0.465881385907113,300,97,0,0,0,2
88,"ABC-SMC",4.66766548713317,0.0998103628444147,0.465881385907113,300,98,1,0,0,2
88,"ABC-SMC",4.66766548713317,0.0998103628444147,0.465881385907113,300,99,3,0,0,2
88,"ABC-SMC",4.66766548713317,0.0998103628444147,0.465881385907113,300,100,0,0,0,2
88,"ABC-SMC",4.66766548713317,0.0998103628444147,0.465881385907113,300,101,0,0,0,2
88,"ABC-SMC",4.66766548713317,0.0998103628444147,0.465881385907113,300,102,0,0,0,1
88,"ABC-SMC",4.66766548713317,0.0998103628444147,0.465881385907113,300,103,0,0,0,2
88,"ABC-SMC",4.66766548713317,0.0998103628444147,0.465881385907113,300,104,0,0,0,2
88,"ABC-SMC",4.66766548713317,0.0998103628444147,0.465881385907113,300,105,0,0,0,1
88,"ABC-SMC",4.66766548713317,0.0998103628444147,0.465881385907113,300,106,0,0,0,2
88,"ABC-SMC",4.66766548713317,0.0998103628444147,0.465881385907113,300,107,0,0,0,1
88,"ABC-SMC",4.66766548713317,0.0998103628444147,0.465881385907113,300,108,0,0,0,1
88,"ABC-SMC",4.66766548713317,0.0998103628444147,0.465881385907113,300,109,0,0,0,1
88,"ABC-SMC",4.66766548713317,0.0998103628444147,0.465881385907113,300,110,0,0,0,1
88,"ABC-SMC",4.66766548713317,0.0998103628444147,0.465881385907113,300,111,1,0,0,1
88,"ABC-SMC",4.66766548713317,0.0998103628444147,0.465881385907113,300,112,0,0,0,1
88,"ABC-SMC",4.66766548713317,0.0998103628444147,0.465881385907113,300,113,1,0,0,1
88,"ABC-SMC",4.66766548713317,0.0998103628444147,0.465881385907113,300,114,0,0,0,1
88,"ABC-SMC",4.66766548713317,0.0998103628444147,0.465881385907113,300,115,0,0,0,1
88,"ABC-SMC",4.66766548713317,0.0998103628444147,0.465881385907113,300,116,0,0,0,1
88,"ABC-SMC",4.66766548713317,0.0998103628444147,0.465881385907113,300,117,0,0,0,1
88,"ABC-SMC",4.66766548713317,0.0998103628444147,0.465881385907113,300,118,0,0,0,1
88,"ABC-SMC",4.66766548713317,0.0998103628444147,0.465881385907113,300,119,0,0,0,1
88,"ABC-SMC",4.66766548713317,0.0998103628444147,0.465881385907113,300,120,0,0,0,1
88,"ABC-SMC",4.66766548713317,0.0998103628444147,0.465881385907113,300,121,0,0,0,1
88,"ABC-SMC",4.66766548713317,0.0998103628444147,0.465881385907113,300,122,0,0,0,1
88,"ABC-SMC",4.66766548713317,0.0998103628444147,0.465881385907113,300,123,0,0,0,1
88,"ABC-SMC",4.66766548713317,0.0998103628444147,0.465881385907113,300,124,0,0,0,1
88,"ABC-SMC",4.66766548713317,0.0998103628444147,0.465881385907113,300,125,0,0,0,1
88,"ABC-SMC",4.66766548713317,0.0998103628444147,0.465881385907113,300,126,0,0,0,1
88,"ABC-SMC",4.66766548713317,0.0998103628444147,0.465881385907113,300,127,0,0,0,0
88,"ABC-SMC",4.66766548713317,0.0998103628444147,0.465881385907113,300,128,0,0,0,0
88,"ABC-SMC",4.66766548713317,0.0998103628444147,0.465881385907113,300,129,0,0,0,0
88,"ABC-SMC",4.66766548713317,0.0998103628444147,0.465881385907113,300,130,0,0,0,1
88,"ABC-SMC",4.66766548713317,0.0998103628444147,0.465881385907113,300,131,0,0,0,0.524999999999977
88,"ABC-SMC",4.66766548713317,0.0998103628444147,0.465881385907113,300,132,0,0,0,0
88,"ABC-SMC",4.66766548713317,0.0998103628444147,0.465881385907113,300,133,0,0,0,0
88,"ABC-SMC",4.66766548713317,0.0998103628444147,0.465881385907113,300,134,0,0,0,0
88,"ABC-SMC",4.66766548713317,0.0998103628444147,0.465881385907113,300,135,0,0,0,0
88,"ABC-SMC",4.66766548713317,0.0998103628444147,0.465881385907113,300,136,0,0,0,0
88,"ABC-SMC",4.66766548713317,0.0998103628444147,0.465881385907113,300,137,0,0,0,0
88,"ABC-SMC",4.66766548713317,0.0998103628444147,0.465881385907113,300,138,0,0,0,0
88,"ABC-SMC",4.66766548713317,0.0998103628444147,0.465881385907113,300,139,0,0,0,0
88,"ABC-SMC",4.66766548713317,0.0998103628444147,0.465881385907113,300,140,0,0,0,0
88,"ABC-SMC",4.66766548713317,0.0998103628444147,0.465881385907113,300,141,0,0,0,0
88,"ABC-SMC",4.66766548713317,0.0998103628444147,0.465881385907113,300,142,0,0,0,0
88,"ABC-SMC",4.66766548713317,0.0998103628444147,0.465881385907113,300,143,0,0,0,0
88,"ABC-SMC",4.66766548713317,0.0998103628444147,0.465881385907113,300,144,0,0,0,0
88,"ABC-SMC",4.66766548713317,0.0998103628444147,0.465881385907113,300,145,0,0,0,0
88,"ABC-SMC",4.66766548713317,0.0998103628444147,0.465881385907113,300,146,0,0,0,0
88,"ABC-SMC",4.66766548713317,0.0998103628444147,0.465881385907113,300,147,0,0,0,0
88,"ABC-SMC",4.66766548713317,0.0998103628444147,0.465881385907113,300,148,0,0,0,0
88,"ABC-SMC",4.66766548713317,0.0998103628444147,0.465881385907113,300,149,0,0,0,0
88,"ABC-SMC",4.66766548713317,0.0998103628444147,0.465881385907113,300,150,0,0,0,0
88,"ABC-SMC",4.66766548713317,0.0998103628444147,0.465881385907113,300,151,0,0,0,0
88,"ABC-SMC",4.66766548713317,0.0998103628444147,0.465881385907113,300,152,0,0,0,0
88,"ABC-SMC",4.66766548713317,0.0998103628444147,0.465881385907113,300,153,0,0,0,0
88,"ABC-SMC",4.66766548713317,0.0998103628444147,0.465881385907113,300,154,0,0,0,0
88,"ABC-SMC",4.66766548713317,0.0998103628444147,0.465881385907113,300,155,0,0,0,0
88,"ABC-SMC",4.66766548713317,0.0998103628444147,0.465881385907113,300,156,0,0,0,0
88,"ABC-SMC",4.66766548713317,0.0998103628444147,0.465881385907113,300,157,0,0,0,0
88,"ABC-SMC",4.66766548713317,0.0998103628444147,0.465881385907113,300,158,0,0,0,0
88,"ABC-SMC",4.66766548713317,0.0998103628444147,0.465881385907113,300,159,0,0,0,0
88,"ABC-SMC",4.66766548713317,0.0998103628444147,0.465881385907113,300,160,0,0,0,0
88,"ABC-SMC",4.66766548713317,0.0998103628444147,0.465881385907113,300,161,0,0,0,0
88,"ABC-SMC",4.66766548713317,0.0998103628444147,0.465881385907113,300,162,0,0,0,0
88,"ABC-SMC",4.66766548713317,0.0998103628444147,0.465881385907113,300,163,0,0,0,0
88,"ABC-SMC",4.66766548713317,0.0998103628444147,0.465881385907113,300,164,0,0,0,0
88,"ABC-SMC",4.66766548713317,0.0998103628444147,0.465881385907113,300,165,0,0,0,0
88,"ABC-SMC",4.66766548713317,0.0998103628444147,0.465881385907113,300,166,0,0,0,0
88,"ABC-SMC",4.66766548713317,0.0998103628444147,0.465881385907113,300,167,0,0,0,0
88,"ABC-SMC",4.66766548713317,0.0998103628444147,0.465881385907113,300,168,0,0,0,0
88,"ABC-SMC",4.66766548713317,0.0998103628444147,0.465881385907113,300,169,0,0,0,0
88,"ABC-SMC",4.66766548713317,0.0998103628444147,0.465881385907113,300,170,0,0,0,0
88,"ABC-SMC",4.66766548713317,0.0998103628444147,0.465881385907113,300,171,0,0,0,0
88,"ABC-SMC",4.66766548713317,0.0998103628444147,0.465881385907113,300,172,0,0,0,0
88,"ABC-SMC",4.66766548713317,0.0998103628444147,0.465881385907113,300,173,0,0,0,0
88,"ABC-SMC",4.66766548713317,0.0998103628444147,0.465881385907113,300,174,0,0,0,0
88,"ABC-SMC",4.66766548713317,0.0998103628444147,0.465881385907113,300,175,0,0,0,0
88,"ABC-SMC",4.66766548713317,0.0998103628444147,0.465881385907113,300,176,0,0,0,0
88,"ABC-SMC",4.66766548713317,0.0998103628444147,0.465881385907113,300,177,0,0,0,0
88,"ABC-SMC",4.66766548713317,0.0998103628444147,0.465881385907113,300,178,0,0,0,0
88,"ABC-SMC",4.66766548713317,0.0998103628444147,0.465881385907113,300,179,0,0,0,0
88,"ABC-SMC",4.66766548713317,0.0998103628444147,0.465881385907113,300,180,0,0,0,0
88,"ABC-SMC",4.66766548713317,0.0998103628444147,0.465881385907113,300,181,0,0,0,0
88,"ABC-SMC",4.66766548713317,0.0998103628444147,0.465881385907113,300,182,0,0,0,0
88,"ABC-SMC",4.66766548713317,0.0998103628444147,0.465881385907113,300,183,0,0,0,0
88,"ABC-SMC",4.66766548713317,0.0998103628444147,0.465881385907113,300,184,0,0,0,0
88,"ABC-SMC",4.66766548713317,0.0998103628444147,0.465881385907113,300,185,0,0,0,0
88,"ABC-SMC",4.66766548713317,0.0998103628444147,0.465881385907113,300,186,0,0,0,0
88,"ABC-SMC",4.66766548713317,0.0998103628444147,0.465881385907113,300,187,0,0,0,0
88,"ABC-SMC",4.66766548713317,0.0998103628444147,0.465881385907113,300,188,0,0,0,0
88,"ABC-SMC",4.66766548713317,0.0998103628444147,0.465881385907113,300,189,0,0,0,0
88,"ABC-SMC",4.66766548713317,0.0998103628444147,0.465881385907113,300,190,0,0,0,0
88,"ABC-SMC",4.66766548713317,0.0998103628444147,0.465881385907113,300,191,0,0,0,0
88,"ABC-SMC",4.66766548713317,0.0998103628444147,0.465881385907113,300,192,0,0,0,0
88,"ABC-SMC",4.66766548713317,0.0998103628444147,0.465881385907113,300,193,0,0,0,0
88,"ABC-SMC",4.66766548713317,0.0998103628444147,0.465881385907113,300,194,0,0,0,0
88,"ABC-SMC",4.66766548713317,0.0998103628444147,0.465881385907113,300,195,0,0,0,0
88,"ABC-SMC",4.66766548713317,0.0998103628444147,0.465881385907113,300,196,0,0,0,0
88,"ABC-SMC",4.66766548713317,0.0998103628444147,0.465881385907113,300,197,0,0,0,0
88,"ABC-SMC",4.66766548713317,0.0998103628444147,0.465881385907113,300,198,0,0,0,0
88,"ABC-SMC",4.66766548713317,0.0998103628444147,0.465881385907113,300,199,0,0,0,0
88,"ABC-SMC",4.66766548713317,0.0998103628444147,0.465881385907113,300,200,0,0,0,0
88,"ABC-SMC",4.66766548713317,0.0998103628444147,0.465881385907113,300,201,0,0,0,0
88,"ABC-SMC",4.66766548713317,0.0998103628444147,0.465881385907113,300,202,0,0,0,0
88,"ABC-SMC",4.66766548713317,0.0998103628444147,0.465881385907113,300,203,0,0,0,0
88,"ABC-SMC",4.66766548713317,0.0998103628444147,0.465881385907113,300,204,0,0,0,0
88,"ABC-SMC",4.66766548713317,0.0998103628444147,0.465881385907113,300,205,0,0,0,0
88,"ABC-SMC",4.66766548713317,0.0998103628444147,0.465881385907113,300,206,0,0,0,0
88,"ABC-SMC",4.66766548713317,0.0998103628444147,0.465881385907113,300,207,0,0,0,0
88,"ABC-SMC",4.66766548713317,0.0998103628444147,0.465881385907113,300,208,0,0,0,0
88,"ABC-SMC",4.66766548713317,0.0998103628444147,0.465881385907113,300,209,0,0,0,0
88,"ABC-SMC",4.66766548713317,0.0998103628444147,0.465881385907113,300,210,0,0,0,0
88,"ABC-SMC",4.66766548713317,0.0998103628444147,0.465881385907113,300,211,0,0,0,0
88,"ABC-SMC",4.66766548713317,0.0998103628444147,0.465881385907113,300,212,0,0,0,0
88,"ABC-SMC",4.66766548713317,0.0998103628444147,0.465881385907113,300,213,0,0,0,0
88,"ABC-SMC",4.66766548713317,0.0998103628444147,0.465881385907113,300,214,0,0,0,0
88,"ABC-SMC",4.66766548713317,0.0998103628444147,0.465881385907113,300,215,0,0,0,0
88,"ABC-SMC",4.66766548713317,0.0998103628444147,0.465881385907113,300,216,0,0,0,0
88,"ABC-SMC",4.66766548713317,0.0998103628444147,0.465881385907113,300,217,0,0,0,0
88,"ABC-SMC",4.66766548713317,0.0998103628444147,0.465881385907113,300,218,0,0,0,0
88,"ABC-SMC",4.66766548713317,0.0998103628444147,0.465881385907113,300,219,0,0,0,0
88,"ABC-SMC",4.66766548713317,0.0998103628444147,0.465881385907113,300,220,0,0,0,0
88,"ABC-SMC",4.66766548713317,0.0998103628444147,0.465881385907113,300,221,0,0,0,0
88,"ABC-SMC",4.66766548713317,0.0998103628444147,0.465881385907113,300,222,0,0,0,0
88,"ABC-SMC",4.66766548713317,0.0998103628444147,0.465881385907113,300,223,0,0,0,0
88,"ABC-SMC",4.66766548713317,0.0998103628444147,0.465881385907113,300,224,0,0,0,0
88,"ABC-SMC",4.66766548713317,0.0998103628444147,0.465881385907113,300,225,0,0,0,0
88,"ABC-SMC",4.66766548713317,0.0998103628444147,0.465881385907113,300,226,0,0,0,0
88,"ABC-SMC",4.66766548713317,0.0998103628444147,0.465881385907113,300,227,0,0,0,0
88,"ABC-SMC",4.66766548713317,0.0998103628444147,0.465881385907113,300,228,0,0,0,0
88,"ABC-SMC",4.66766548713317,0.0998103628444147,0.465881385907113,300,229,0,0,0,0
88,"ABC-SMC",4.66766548713317,0.0998103628444147,0.465881385907113,300,230,0,0,0,0
88,"ABC-SMC",4.66766548713317,0.0998103628444147,0.465881385907113,300,231,0,0,0,0
88,"ABC-SMC",4.66766548713317,0.0998103628444147,0.465881385907113,300,232,0,0,0,0
88,"ABC-SMC",4.66766548713317,0.0998103628444147,0.465881385907113,300,233,0,0,0,0
88,"ABC-SMC",4.66766548713317,0.0998103628444147,0.465881385907113,300,234,0,0,0,0
88,"ABC-SMC",4.66766548713317,0.0998103628444147,0.465881385907113,300,235,0,0,0,0
88,"ABC-SMC",4.66766548713317,0.0998103628444147,0.465881385907113,300,236,0,0,0,0
88,"ABC-SMC",4.66766548713317,0.0998103628444147,0.465881385907113,300,237,0,0,0,0
88,"ABC-SMC",4.66766548713317,0.0998103628444147,0.465881385907113,300,238,0,0,0,0
88,"ABC-SMC",4.66766548713317,0.0998103628444147,0.465881385907113,300,239,0,0,0,0
88,"ABC-SMC",4.66766548713317,0.0998103628444147,0.465881385907113,300,240,0,0,0,0
88,"ABC-SMC",4.66766548713317,0.0998103628444147,0.465881385907113,300,241,0,0,0,0
88,"ABC-SMC",4.66766548713317,0.0998103628444147,0.465881385907113,300,242,0,0,0,0
88,"ABC-SMC",4.66766548713317,0.0998103628444147,0.465881385907113,300,243,0,0,0,0
88,"ABC-SMC",4.66766548713317,0.0998103628444147,0.465881385907113,300,244,0,0,0,0
88,"ABC-SMC",4.66766548713317,0.0998103628444147,0.465881385907113,300,245,0,0,0,0
88,"ABC-SMC",4.66766548713317,0.0998103628444147,0.465881385907113,300,246,0,0,0,0
88,"ABC-SMC",4.66766548713317,0.0998103628444147,0.465881385907113,300,247,0,0,0,0
88,"ABC-SMC",4.66766548713317,0.0998103628444147,0.465881385907113,300,248,0,0,0,0
88,"ABC-SMC",4.66766548713317,0.0998103628444147,0.465881385907113,300,249,0,0,0,0
88,"ABC-SMC",4.66766548713317,0.0998103628444147,0.465881385907113,300,250,0,0,0,0
88,"ABC-SMC",4.66766548713317,0.0998103628444147,0.465881385907113,300,251,0,0,0,0
88,"ABC-SMC",4.66766548713317,0.0998103628444147,0.465881385907113,300,252,0,0,0,0
88,"ABC-SMC",4.66766548713317,0.0998103628444147,0.465881385907113,300,253,0,0,0,0
88,"ABC-SMC",4.66766548713317,0.0998103628444147,0.465881385907113,300,254,0,0,0,0
88,"ABC-SMC",4.66766548713317,0.0998103628444147,0.465881385907113,300,255,0,0,0,0
88,"ABC-SMC",4.66766548713317,0.0998103628444147,0.465881385907113,300,256,0,0,0,0
88,"ABC-SMC",4.66766548713317,0.0998103628444147,0.465881385907113,300,257,0,0,0,0
88,"ABC-SMC",4.66766548713317,0.0998103628444147,0.465881385907113,300,258,0,0,0,0
88,"ABC-SMC",4.66766548713317,0.0998103628444147,0.465881385907113,300,259,0,0,0,0
88,"ABC-SMC",4.66766548713317,0.0998103628444147,0.465881385907113,300,260,0,0,0,0
88,"ABC-SMC",4.66766548713317,0.0998103628444147,0.465881385907113,300,261,0,0,0,0
88,"ABC-SMC",4.66766548713317,0.0998103628444147,0.465881385907113,300,262,0,0,0,0
88,"ABC-SMC",4.66766548713317,0.0998103628444147,0.465881385907113,300,263,0,0,0,0
88,"ABC-SMC",4.66766548713317,0.0998103628444147,0.465881385907113,300,264,0,0,0,0
88,"ABC-SMC",4.66766548713317,0.0998103628444147,0.465881385907113,300,265,0,0,0,0
88,"ABC-SMC",4.66766548713317,0.0998103628444147,0.465881385907113,300,266,0,0,0,0
88,"ABC-SMC",4.66766548713317,0.0998103628444147,0.465881385907113,300,267,0,0,0,0
88,"ABC-SMC",4.66766548713317,0.0998103628444147,0.465881385907113,300,268,0,0,0,0
88,"ABC-SMC",4.66766548713317,0.0998103628444147,0.465881385907113,300,269,0,0,0,0
88,"ABC-SMC",4.66766548713317,0.0998103628444147,0.465881385907113,300,270,0,0,0,0
88,"ABC-SMC",4.66766548713317,0.0998103628444147,0.465881385907113,300,271,0,0,0,0
88,"ABC-SMC",4.66766548713317,0.0998103628444147,0.465881385907113,300,272,0,0,0,0
88,"ABC-SMC",4.66766548713317,0.0998103628444147,0.465881385907113,300,273,0,0,0,0
88,"ABC-SMC",4.66766548713317,0.0998103628444147,0.465881385907113,300,274,0,0,0,0
88,"ABC-SMC",4.66766548713317,0.0998103628444147,0.465881385907113,300,275,0,0,0,0
88,"ABC-SMC",4.66766548713317,0.0998103628444147,0.465881385907113,300,276,0,0,0,0
88,"ABC-SMC",4.66766548713317,0.0998103628444147,0.465881385907113,300,277,0,0,0,0
88,"ABC-SMC",4.66766548713317,0.0998103628444147,0.465881385907113,300,278,0,0,0,0
88,"ABC-SMC",4.66766548713317,0.0998103628444147,0.465881385907113,300,279,0,0,0,0
88,"ABC-SMC",4.66766548713317,0.0998103628444147,0.465881385907113,300,280,0,0,0,0
88,"ABC-SMC",4.66766548713317,0.0998103628444147,0.465881385907113,300,281,0,0,0,0
88,"ABC-SMC",4.66766548713317,0.0998103628444147,0.465881385907113,300,282,0,0,0,0
88,"ABC-SMC",4.66766548713317,0.0998103628444147,0.465881385907113,300,283,0,0,0,0
88,"ABC-SMC",4.66766548713317,0.0998103628444147,0.465881385907113,300,284,0,0,0,0
88,"ABC-SMC",4.66766548713317,0.0998103628444147,0.465881385907113,300,285,0,0,0,0
88,"ABC-SMC",4.66766548713317,0.0998103628444147,0.465881385907113,300,286,0,0,0,0
88,"ABC-SMC",4.66766548713317,0.0998103628444147,0.465881385907113,300,287,0,0,0,0
88,"ABC-SMC",4.66766548713317,0.0998103628444147,0.465881385907113,300,288,0,0,0,0
88,"ABC-SMC",4.66766548713317,0.0998103628444147,0.465881385907113,300,289,0,0,0,0
88,"ABC-SMC",4.66766548713317,0.0998103628444147,0.465881385907113,300,290,0,0,0,0
88,"ABC-SMC",4.66766548713317,0.0998103628444147,0.465881385907113,300,291,0,0,0,0
88,"ABC-SMC",4.66766548713317,0.0998103628444147,0.465881385907113,300,292,0,0,0,0
88,"ABC-SMC",4.66766548713317,0.0998103628444147,0.465881385907113,300,293,0,0,0,0
88,"ABC-SMC",4.66766548713317,0.0998103628444147,0.465881385907113,300,294,0,0,0,0
88,"ABC-SMC",4.66766548713317,0.0998103628444147,0.465881385907113,300,295,0,0,0,0
88,"ABC-SMC",4.66766548713317,0.0998103628444147,0.465881385907113,300,296,0,0,0,0
88,"ABC-SMC",4.66766548713317,0.0998103628444147,0.465881385907113,300,297,0,0,0,0
88,"ABC-SMC",4.66766548713317,0.0998103628444147,0.465881385907113,300,298,0,0,0,0
88,"ABC-SMC",4.66766548713317,0.0998103628444147,0.465881385907113,300,299,0,0,0,0
88,"ABC-SMC",4.66766548713317,0.0998103628444147,0.465881385907113,300,300,0,0,0,0
88,"ABC-SMC",4.66766548713317,0.0998103628444147,0.465881385907113,300,301,0,0,0,0
88,"ABC-SMC",4.66766548713317,0.0998103628444147,0.465881385907113,300,302,0,0,0,0
88,"ABC-SMC",4.66766548713317,0.0998103628444147,0.465881385907113,300,303,0,0,0,0
88,"ABC-SMC",4.66766548713317,0.0998103628444147,0.465881385907113,300,304,0,0,0,0
88,"ABC-SMC",4.66766548713317,0.0998103628444147,0.465881385907113,300,305,0,0,0,0
88,"ABC-SMC",4.66766548713317,0.0998103628444147,0.465881385907113,300,306,0,0,0,0
88,"ABC-SMC",4.66766548713317,0.0998103628444147,0.465881385907113,300,307,0,0,0,0
88,"ABC-SMC",4.66766548713317,0.0998103628444147,0.465881385907113,300,308,0,0,0,0
88,"ABC-SMC",4.66766548713317,0.0998103628444147,0.465881385907113,300,309,0,0,0,0
88,"ABC-SMC",4.66766548713317,0.0998103628444147,0.465881385907113,300,310,0,0,0,0
88,"ABC-SMC",4.66766548713317,0.0998103628444147,0.465881385907113,300,311,0,0,0,0
88,"ABC-SMC",4.66766548713317,0.0998103628444147,0.465881385907113,300,312,0,0,0,0
88,"ABC-SMC",4.66766548713317,0.0998103628444147,0.465881385907113,300,313,0,0,0,0
88,"ABC-SMC",4.66766548713317,0.0998103628444147,0.465881385907113,300,314,0,0,0,0
88,"ABC-SMC",4.66766548713317,0.0998103628444147,0.465881385907113,300,315,0,0,0,0
88,"ABC-SMC",4.66766548713317,0.0998103628444147,0.465881385907113,300,316,0,0,0,0
88,"ABC-SMC",4.66766548713317,0.0998103628444147,0.465881385907113,300,317,0,0,0,0
88,"ABC-SMC",4.66766548713317,0.0998103628444147,0.465881385907113,300,318,0,0,0,0
88,"ABC-SMC",4.66766548713317,0.0998103628444147,0.465881385907113,300,319,0,0,0,0
88,"ABC-SMC",4.66766548713317,0.0998103628444147,0.465881385907113,300,320,0,0,0,0
88,"ABC-SMC",4.66766548713317,0.0998103628444147,0.465881385907113,300,321,0,0,0,0
88,"ABC-SMC",4.66766548713317,0.0998103628444147,0.465881385907113,300,322,0,0,0,0
88,"ABC-SMC",4.66766548713317,0.0998103628444147,0.465881385907113,300,323,0,0,0,0
88,"ABC-SMC",4.66766548713317,0.0998103628444147,0.465881385907113,300,324,0,0,0,0
88,"ABC-SMC",4.66766548713317,0.0998103628444147,0.465881385907113,300,325,0,0,0,0
88,"ABC-SMC",4.66766548713317,0.0998103628444147,0.465881385907113,300,326,0,0,0,0
88,"ABC-SMC",4.66766548713317,0.0998103628444147,0.465881385907113,300,327,0,0,0,0
88,"ABC-SMC",4.66766548713317,0.0998103628444147,0.465881385907113,300,328,0,0,0,0
88,"ABC-SMC",4.66766548713317,0.0998103628444147,0.465881385907113,300,329,0,0,0,0
88,"ABC-SMC",4.66766548713317,0.0998103628444147,0.465881385907113,300,330,0,0,0,0
88,"ABC-SMC",4.66766548713317,0.0998103628444147,0.465881385907113,300,331,0,0,0,0
88,"ABC-SMC",4.66766548713317,0.0998103628444147,0.465881385907113,300,332,0,0,0,0
88,"ABC-SMC",4.66766548713317,0.0998103628444147,0.465881385907113,300,333,0,0,0,0
88,"ABC-SMC",4.66766548713317,0.0998103628444147,0.465881385907113,300,334,0,0,0,0
88,"ABC-SMC",4.66766548713317,0.0998103628444147,0.465881385907113,300,335,0,0,0,0
88,"ABC-SMC",4.66766548713317,0.0998103628444147,0.465881385907113,300,336,0,0,0,0
88,"ABC-SMC",4.66766548713317,0.0998103628444147,0.465881385907113,300,337,0,0,0,0
88,"ABC-SMC",4.66766548713317,0.0998103628444147,0.465881385907113,300,338,0,0,0,0
88,"ABC-SMC",4.66766548713317,0.0998103628444147,0.465881385907113,300,339,0,0,0,0
88,"ABC-SMC",4.66766548713317,0.0998103628444147,0.465881385907113,300,340,0,0,0,0
88,"ABC-SMC",4.66766548713317,0.0998103628444147,0.465881385907113,300,341,0,0,0,0
88,"ABC-SMC",4.66766548713317,0.0998103628444147,0.465881385907113,300,342,0,0,0,0
88,"ABC-SMC",4.66766548713317,0.0998103628444147,0.465881385907113,300,343,0,0,0,0
88,"ABC-SMC",4.66766548713317,0.0998103628444147,0.465881385907113,300,344,0,0,0,0
88,"ABC-SMC",4.66766548713317,0.0998103628444147,0.465881385907113,300,345,0,0,0,0
88,"ABC-SMC",4.66766548713317,0.0998103628444147,0.465881385907113,300,346,0,0,0,0
88,"ABC-SMC",4.66766548713317,0.0998103628444147,0.465881385907113,300,347,0,0,0,0
88,"ABC-SMC",4.66766548713317,0.0998103628444147,0.465881385907113,300,348,0,0,0,0
88,"ABC-SMC",4.66766548713317,0.0998103628444147,0.465881385907113,300,349,0,0,0,0
88,"ABC-SMC",4.66766548713317,0.0998103628444147,0.465881385907113,300,350,0,0,0,0
88,"ABC-SMC",4.66766548713317,0.0998103628444147,0.465881385907113,300,351,0,0,0,0
88,"ABC-SMC",4.66766548713317,0.0998103628444147,0.465881385907113,300,352,0,0,0,0
88,"ABC-SMC",4.66766548713317,0.0998103628444147,0.465881385907113,300,353,0,0,0,0
88,"ABC-SMC",4.66766548713317,0.0998103628444147,0.465881385907113,300,354,0,0,0,0
88,"ABC-SMC",4.66766548713317,0.0998103628444147,0.465881385907113,300,355,0,0,0,0
88,"ABC-SMC",4.66766548713317,0.0998103628444147,0.465881385907113,300,356,0,0,0,0
88,"ABC-SMC",4.66766548713317,0.0998103628444147,0.465881385907113,300,357,0,0,0,0
88,"ABC-SMC",4.66766548713317,0.0998103628444147,0.465881385907113,300,358,0,0,0,0
88,"ABC-SMC",4.66766548713317,0.0998103628444147,0.465881385907113,300,359,0,0,0,0
88,"ABC-SMC",4.66766548713317,0.0998103628444147,0.465881385907113,300,360,0,0,0,0
88,"ABC-SMC",4.66766548713317,0.0998103628444147,0.465881385907113,300,361,0,0,0,0
88,"ABC-SMC",4.66766548713317,0.0998103628444147,0.465881385907113,300,362,0,0,0,0
88,"ABC-SMC",4.66766548713317,0.0998103628444147,0.465881385907113,300,363,0,0,0,0
88,"ABC-SMC",4.66766548713317,0.0998103628444147,0.465881385907113,300,364,0,0,0,0
88,"ABC-SMC",4.66766548713317,0.0998103628444147,0.465881385907113,300,365,0,0,0,0
88,"NelderMead",10.5,0.5005,5.25525,300,1,75,79,95,114
88,"NelderMead",10.5,0.5005,5.25525,300,2,82,62.475,79,97
88,"NelderMead",10.5,0.5005,5.25525,300,3,84,114.475,140.5,163
88,"NelderMead",10.5,0.5005,5.25525,300,4,77,193.95,225,257
88,"NelderMead",10.5,0.5005,5.25525,300,5,58,296.95,337,380.525
88,"NelderMead",10.5,0.5005,5.25525,300,6,70,414.9,457,499.525
88,"NelderMead",10.5,0.5005,5.25525,300,7,72,507.475,552,594
88,"NelderMead",10.5,0.5005,5.25525,300,8,98,533,575,623.525
88,"NelderMead",10.5,0.5005,5.25525,300,9,88,499,547.5,585.525
88,"NelderMead",10.5,0.5005,5.25525,300,10,79,435.9,473.5,520.575
88,"NelderMead",10.5,0.5005,5.25525,300,11,96,355,400,444
88,"NelderMead",10.5,0.5005,5.25525,300,12,89,293.475,333,371
88,"NelderMead",10.5,0.5005,5.25525,300,13,114,244.475,278,314.05
88,"NelderMead",10.5,0.5005,5.25525,300,14,106,204,228,256.05
88,"NelderMead",10.5,0.5005,5.25525,300,15,121,163,187,212
88,"NelderMead",10.5,0.5005,5.25525,300,16,118,129.95,154,180.575
88,"NelderMead",10.5,0.5005,5.25525,300,17,119,105,127,149
88,"NelderMead",10.5,0.5005,5.25525,300,18,123,84,103,126.525
88,"NelderMead",10.5,0.5005,5.25525,300,19,125,70,86.5,107.525
88,"NelderMead",10.5,0.5005,5.25525,300,20,112,52.475,71,89
88,"NelderMead",10.5,0.5005,5.25525,300,21,134,43,58,73
88,"NelderMead",10.5,0.5005,5.25525,300,22,136,35,49,63
88,"NelderMead",10.5,0.5005,5.25525,300,23,131,28.475,39,51.525
88,"NelderMead",10.5,0.5005,5.25525,300,24,138,22.475,33,46
88,"NelderMead",10.5,0.5005,5.25525,300,25,135,17.475,27,38
88,"NelderMead",10.5,0.5005,5.25525,300,26,129,14.475,22,31.525
88,"NelderMead",10.5,0.5005,5.25525,300,27,134,11,18,27.525
88,"NelderMead",10.5,0.5005,5.25525,300,28,125,7.475,15,23.525
88,"NelderMead",10.5,0.5005,5.25525,300,29,119,7,12,20
88,"NelderMead",10.5,0.5005,5.25525,300,30,106,4,10,17
88,"NelderMead",10.5,0.5005,5.25525,300,31,95,4,8,14
88,"NelderMead",10.5,0.5005,5.25525,300,32,111,2.475,7,11.525
88,"NelderMead",10.5,0.5005,5.25525,300,33,110,1.475,5,11
88,"NelderMead",10.5,0.5005,5.25525,300,34,93,1,5,9.52499999999998
88,"NelderMead",10.5,0.5005,5.25525,300,35,90,1,4,8
88,"NelderMead",10.5,0.5005,5.25525,300,36,100,0,3,7
88,"NelderMead",10.5,0.5005,5.25525,300,37,68,0,3,6
88,"NelderMead",10.5,0.5005,5.25525,300,38,89,0,2,5
88,"NelderMead",10.5,0.5005,5.25525,300,39,94,0,2,6
88,"NelderMead",10.5,0.5005,5.25525,300,40,69,0,1,4
88,"NelderMead",10.5,0.5005,5.25525,300,41,71,0,1,4
88,"NelderMead",10.5,0.5005,5.25525,300,42,59,0,1,3
88,"NelderMead",10.5,0.5005,5.25525,300,43,49,0,1,3
88,"NelderMead",10.5,0.5005,5.25525,300,44,66,0,0,3
88,"NelderMead",10.5,0.5005,5.25525,300,45,49,0,0,2.52499999999998
88,"NelderMead",10.5,0.5005,5.25525,300,46,46,0,0,2
88,"NelderMead",10.5,0.5005,5.25525,300,47,52,0,0,2
88,"NelderMead",10.5,0.5005,5.25525,300,48,45,0,0,2
88,"NelderMead",10.5,0.5005,5.25525,300,49,33,0,0,1
88,"NelderMead",10.5,0.5005,5.25525,300,50,31,0,0,1.52499999999998
88,"NelderMead",10.5,0.5005,5.25525,300,51,32,0,0,1
88,"NelderMead",10.5,0.5005,5.25525,300,52,32,0,0,1
88,"NelderMead",10.5,0.5005,5.25525,300,53,29,0,0,1
88,"NelderMead",10.5,0.5005,5.25525,300,54,32,0,0,1
88,"NelderMead",10.5,0.5005,5.25525,300,55,19,0,0,1
88,"NelderMead",10.5,0.5005,5.25525,300,56,32,0,0,1
88,"NelderMead",10.5,0.5005,5.25525,300,57,19,0,0,1
88,"NelderMead",10.5,0.5005,5.25525,300,58,20,0,0,1
88,"NelderMead",10.5,0.5005,5.25525,300,59,12,0,0,1
88,"NelderMead",10.5,0.5005,5.25525,300,60,15,0,0,1
88,"NelderMead",10.5,0.5005,5.25525,300,61,14,0,0,1
88,"NelderMead",10.5,0.5005,5.25525,300,62,15,0,0,0
88,"NelderMead",10.5,0.5005,5.25525,300,63,18,0,0,0
88,"NelderMead",10.5,0.5005,5.25525,300,64,10,0,0,0
88,"NelderMead",10.5,0.5005,5.25525,300,65,11,0,0,0
88,"NelderMead",10.5,0.5005,5.25525,300,66,6,0,0,0
88,"NelderMead",10.5,0.5005,5.25525,300,67,12,0,0,0
88,"NelderMead",10.5,0.5005,5.25525,300,68,8,0,0,0
88,"NelderMead",10.5,0.5005,5.25525,300,69,3,0,0,0
88,"NelderMead",10.5,0.5005,5.25525,300,70,12,0,0,0
88,"NelderMead",10.5,0.5005,5.25525,300,71,3,0,0,0
88,"NelderMead",10.5,0.5005,5.25525,300,72,9,0,0,0
88,"NelderMead",10.5,0.5005,5.25525,300,73,5,0,0,0
88,"NelderMead",10.5,0.5005,5.25525,300,74,9,0,0,0
88,"NelderMead",10.5,0.5005,5.25525,300,75,7,0,0,0
88,"NelderMead",10.5,0.5005,5.25525,300,76,3,0,0,0
88,"NelderMead",10.5,0.5005,5.25525,300,77,7,0,0,0
88,"NelderMead",10.5,0.5005,5.25525,300,78,5,0,0,0
88,"NelderMead",10.5,0.5005,5.25525,300,79,2,0,0,0
88,"NelderMead",10.5,0.5005,5.25525,300,80,4,0,0,0
88,"NelderMead",10.5,0.5005,5.25525,300,81,4,0,0,0
88,"NelderMead",10.5,0.5005,5.25525,300,82,2,0,0,0
88,"NelderMead",10.5,0.5005,5.25525,300,83,0,0,0,0
88,"NelderMead",10.5,0.5005,5.25525,300,84,3,0,0,0
88,"NelderMead",10.5,0.5005,5.25525,300,85,2,0,0,0
88,"NelderMead",10.5,0.5005,5.25525,300,86,6,0,0,0
88,"NelderMead",10.5,0.5005,5.25525,300,87,1,0,0,0
88,"NelderMead",10.5,0.5005,5.25525,300,88,2,0,0,0
88,"NelderMead",10.5,0.5005,5.25525,300,89,2,0,0,0
88,"NelderMead",10.5,0.5005,5.25525,300,90,0,0,0,0
88,"NelderMead",10.5,0.5005,5.25525,300,91,0,0,0,0
88,"NelderMead",10.5,0.5005,5.25525,300,92,2,0,0,0
88,"NelderMead",10.5,0.5005,5.25525,300,93,2,0,0,0
88,"NelderMead",10.5,0.5005,5.25525,300,94,1,0,0,0
88,"NelderMead",10.5,0.5005,5.25525,300,95,0,0,0,0
88,"NelderMead",10.5,0.5005,5.25525,300,96,1,0,0,0
88,"NelderMead",10.5,0.5005,5.25525,300,97,0,0,0,0
88,"NelderMead",10.5,0.5005,5.25525,300,98,1,0,0,0
88,"NelderMead",10.5,0.5005,5.25525,300,99,3,0,0,0
88,"NelderMead",10.5,0.5005,5.25525,300,100,0,0,0,0
88,"NelderMead",10.5,0.5005,5.25525,300,101,0,0,0,0
88,"NelderMead",10.5,0.5005,5.25525,300,102,0,0,0,0
88,"NelderMead",10.5,0.5005,5.25525,300,103,0,0,0,0
88,"NelderMead",10.5,0.5005,5.25525,300,104,0,0,0,0
88,"NelderMead",10.5,0.5005,5.25525,300,105,0,0,0,0
88,"NelderMead",10.5,0.5005,5.25525,300,106,0,0,0,0
88,"NelderMead",10.5,0.5005,5.25525,300,107,0,0,0,0
88,"NelderMead",10.5,0.5005,5.25525,300,108,0,0,0,0
88,"NelderMead",10.5,0.5005,5.25525,300,109,0,0,0,0
88,"NelderMead",10.5,0.5005,5.25525,300,110,0,0,0,0
88,"NelderMead",10.5,0.5005,5.25525,300,111,1,0,0,0
88,"NelderMead",10.5,0.5005,5.25525,300,112,0,0,0,0
88,"NelderMead",10.5,0.5005,5.25525,300,113,1,0,0,0
88,"NelderMead",10.5,0.5005,5.25525,300,114,0,0,0,0
88,"NelderMead",10.5,0.5005,5.25525,300,115,0,0,0,0
88,"NelderMead",10.5,0.5005,5.25525,300,116,0,0,0,0
88,"NelderMead",10.5,0.5005,5.25525,300,117,0,0,0,0
88,"NelderMead",10.5,0.5005,5.25525,300,118,0,0,0,0
88,"NelderMead",10.5,0.5005,5.25525,300,119,0,0,0,0
88,"NelderMead",10.5,0.5005,5.25525,300,120,0,0,0,0
88,"NelderMead",10.5,0.5005,5.25525,300,121,0,0,0,0
88,"NelderMead",10.5,0.5005,5.25525,300,122,0,0,0,0
88,"NelderMead",10.5,0.5005,5.25525,300,123,0,0,0,0
88,"NelderMead",10.5,0.5005,5.25525,300,124,0,0,0,0
88,"NelderMead",10.5,0.5005,5.25525,300,125,0,0,0,0
88,"NelderMead",10.5,0.5005,5.25525,300,126,0,0,0,0
88,"NelderMead",10.5,0.5005,5.25525,300,127,0,0,0,0
88,"NelderMead",10.5,0.5005,5.25525,300,128,0,0,0,0
88,"NelderMead",10.5,0.5005,5.25525,300,129,0,0,0,0
88,"NelderMead",10.5,0.5005,5.25525,300,130,0,0,0,0
88,"NelderMead",10.5,0.5005,5.25525,300,131,0,0,0,0
88,"NelderMead",10.5,0.5005,5.25525,300,132,0,0,0,0
88,"NelderMead",10.5,0.5005,5.25525,300,133,0,0,0,0
88,"NelderMead",10.5,0.5005,5.25525,300,134,0,0,0,0
88,"NelderMead",10.5,0.5005,5.25525,300,135,0,0,0,0
88,"NelderMead",10.5,0.5005,5.25525,300,136,0,0,0,0
88,"NelderMead",10.5,0.5005,5.25525,300,137,0,0,0,0
88,"NelderMead",10.5,0.5005,5.25525,300,138,0,0,0,0
88,"NelderMead",10.5,0.5005,5.25525,300,139,0,0,0,0
88,"NelderMead",10.5,0.5005,5.25525,300,140,0,0,0,0
88,"NelderMead",10.5,0.5005,5.25525,300,141,0,0,0,0
88,"NelderMead",10.5,0.5005,5.25525,300,142,0,0,0,0
88,"NelderMead",10.5,0.5005,5.25525,300,143,0,0,0,0
88,"NelderMead",10.5,0.5005,5.25525,300,144,0,0,0,0
88,"NelderMead",10.5,0.5005,5.25525,300,145,0,0,0,0
88,"NelderMead",10.5,0.5005,5.25525,300,146,0,0,0,0
88,"NelderMead",10.5,0.5005,5.25525,300,147,0,0,0,0
88,"NelderMead",10.5,0.5005,5.25525,300,148,0,0,0,0
88,"NelderMead",10.5,0.5005,5.25525,300,149,0,0,0,0
88,"NelderMead",10.5,0.5005,5.25525,300,150,0,0,0,0
88,"NelderMead",10.5,0.5005,5.25525,300,151,0,0,0,0
88,"NelderMead",10.5,0.5005,5.25525,300,152,0,0,0,0
88,"NelderMead",10.5,0.5005,5.25525,300,153,0,0,0,0
88,"NelderMead",10.5,0.5005,5.25525,300,154,0,0,0,0
88,"NelderMead",10.5,0.5005,5.25525,300,155,0,0,0,0
88,"NelderMead",10.5,0.5005,5.25525,300,156,0,0,0,0
88,"NelderMead",10.5,0.5005,5.25525,300,157,0,0,0,0
88,"NelderMead",10.5,0.5005,5.25525,300,158,0,0,0,0
88,"NelderMead",10.5,0.5005,5.25525,300,159,0,0,0,0
88,"NelderMead",10.5,0.5005,5.25525,300,160,0,0,0,0
88,"NelderMead",10.5,0.5005,5.25525,300,161,0,0,0,0
88,"NelderMead",10.5,0.5005,5.25525,300,162,0,0,0,0
88,"NelderMead",10.5,0.5005,5.25525,300,163,0,0,0,0
88,"NelderMead",10.5,0.5005,5.25525,300,164,0,0,0,0
88,"NelderMead",10.5,0.5005,5.25525,300,165,0,0,0,0
88,"NelderMead",10.5,0.5005,5.25525,300,166,0,0,0,0
88,"NelderMead",10.5,0.5005,5.25525,300,167,0,0,0,0
88,"NelderMead",10.5,0.5005,5.25525,300,168,0,0,0,0
88,"NelderMead",10.5,0.5005,5.25525,300,169,0,0,0,0
88,"NelderMead",10.5,0.5005,5.25525,300,170,0,0,0,0
88,"NelderMead",10.5,0.5005,5.25525,300,171,0,0,0,0
88,"NelderMead",10.5,0.5005,5.25525,300,172,0,0,0,0
88,"NelderMead",10.5,0.5005,5.25525,300,173,0,0,0,0
88,"NelderMead",10.5,0.5005,5.25525,300,174,0,0,0,0
88,"NelderMead",10.5,0.5005,5.25525,300,175,0,0,0,0
88,"NelderMead",10.5,0.5005,5.25525,300,176,0,0,0,0
88,"NelderMead",10.5,0.5005,5.25525,300,177,0,0,0,0
88,"NelderMead",10.5,0.5005,5.25525,300,178,0,0,0,0
88,"NelderMead",10.5,0.5005,5.25525,300,179,0,0,0,0
88,"NelderMead",10.5,0.5005,5.25525,300,180,0,0,0,0
88,"NelderMead",10.5,0.5005,5.25525,300,181,0,0,0,0
88,"NelderMead",10.5,0.5005,5.25525,300,182,0,0,0,0
88,"NelderMead",10.5,0.5005,5.25525,300,183,0,0,0,0
88,"NelderMead",10.5,0.5005,5.25525,300,184,0,0,0,0
88,"NelderMead",10.5,0.5005,5.25525,300,185,0,0,0,0
88,"NelderMead",10.5,0.5005,5.25525,300,186,0,0,0,0
88,"NelderMead",10.5,0.5005,5.25525,300,187,0,0,0,0
88,"NelderMead",10.5,0.5005,5.25525,300,188,0,0,0,0
88,"NelderMead",10.5,0.5005,5.25525,300,189,0,0,0,0
88,"NelderMead",10.5,0.5005,5.25525,300,190,0,0,0,0
88,"NelderMead",10.5,0.5005,5.25525,300,191,0,0,0,0
88,"NelderMead",10.5,0.5005,5.25525,300,192,0,0,0,0
88,"NelderMead",10.5,0.5005,5.25525,300,193,0,0,0,0
88,"NelderMead",10.5,0.5005,5.25525,300,194,0,0,0,0
88,"NelderMead",10.5,0.5005,5.25525,300,195,0,0,0,0
88,"NelderMead",10.5,0.5005,5.25525,300,196,0,0,0,0
88,"NelderMead",10.5,0.5005,5.25525,300,197,0,0,0,0
88,"NelderMead",10.5,0.5005,5.25525,300,198,0,0,0,0
88,"NelderMead",10.5,0.5005,5.25525,300,199,0,0,0,0
88,"NelderMead",10.5,0.5005,5.25525,300,200,0,0,0,0
88,"NelderMead",10.5,0.5005,5.25525,300,201,0,0,0,0
88,"NelderMead",10.5,0.5005,5.25525,300,202,0,0,0,0
88,"NelderMead",10.5,0.5005,5.25525,300,203,0,0,0,0
88,"NelderMead",10.5,0.5005,5.25525,300,204,0,0,0,0
88,"NelderMead",10.5,0.5005,5.25525,300,205,0,0,0,0
88,"NelderMead",10.5,0.5005,5.25525,300,206,0,0,0,0
88,"NelderMead",10.5,0.5005,5.25525,300,207,0,0,0,0
88,"NelderMead",10.5,0.5005,5.25525,300,208,0,0,0,0
88,"NelderMead",10.5,0.5005,5.25525,300,209,0,0,0,0
88,"NelderMead",10.5,0.5005,5.25525,300,210,0,0,0,0
88,"NelderMead",10.5,0.5005,5.25525,300,211,0,0,0,0
88,"NelderMead",10.5,0.5005,5.25525,300,212,0,0,0,0
88,"NelderMead",10.5,0.5005,5.25525,300,213,0,0,0,0
88,"NelderMead",10.5,0.5005,5.25525,300,214,0,0,0,0
88,"NelderMead",10.5,0.5005,5.25525,300,215,0,0,0,0
88,"NelderMead",10.5,0.5005,5.25525,300,216,0,0,0,0
88,"NelderMead",10.5,0.5005,5.25525,300,217,0,0,0,0
88,"NelderMead",10.5,0.5005,5.25525,300,218,0,0,0,0
88,"NelderMead",10.5,0.5005,5.25525,300,219,0,0,0,0
88,"NelderMead",10.5,0.5005,5.25525,300,220,0,0,0,0
88,"NelderMead",10.5,0.5005,5.25525,300,221,0,0,0,0
88,"NelderMead",10.5,0.5005,5.25525,300,222,0,0,0,0
88,"NelderMead",10.5,0.5005,5.25525,300,223,0,0,0,0
88,"NelderMead",10.5,0.5005,5.25525,300,224,0,0,0,0
88,"NelderMead",10.5,0.5005,5.25525,300,225,0,0,0,0
88,"NelderMead",10.5,0.5005,5.25525,300,226,0,0,0,0
88,"NelderMead",10.5,0.5005,5.25525,300,227,0,0,0,0
88,"NelderMead",10.5,0.5005,5.25525,300,228,0,0,0,0
88,"NelderMead",10.5,0.5005,5.25525,300,229,0,0,0,0
88,"NelderMead",10.5,0.5005,5.25525,300,230,0,0,0,0
88,"NelderMead",10.5,0.5005,5.25525,300,231,0,0,0,0
88,"NelderMead",10.5,0.5005,5.25525,300,232,0,0,0,0
88,"NelderMead",10.5,0.5005,5.25525,300,233,0,0,0,0
88,"NelderMead",10.5,0.5005,5.25525,300,234,0,0,0,0
88,"NelderMead",10.5,0.5005,5.25525,300,235,0,0,0,0
88,"NelderMead",10.5,0.5005,5.25525,300,236,0,0,0,0
88,"NelderMead",10.5,0.5005,5.25525,300,237,0,0,0,0
88,"NelderMead",10.5,0.5005,5.25525,300,238,0,0,0,0
88,"NelderMead",10.5,0.5005,5.25525,300,239,0,0,0,0
88,"NelderMead",10.5,0.5005,5.25525,300,240,0,0,0,0
88,"NelderMead",10.5,0.5005,5.25525,300,241,0,0,0,0
88,"NelderMead",10.5,0.5005,5.25525,300,242,0,0,0,0
88,"NelderMead",10.5,0.5005,5.25525,300,243,0,0,0,0
88,"NelderMead",10.5,0.5005,5.25525,300,244,0,0,0,0
88,"NelderMead",10.5,0.5005,5.25525,300,245,0,0,0,0
88,"NelderMead",10.5,0.5005,5.25525,300,246,0,0,0,0
88,"NelderMead",10.5,0.5005,5.25525,300,247,0,0,0,0
88,"NelderMead",10.5,0.5005,5.25525,300,248,0,0,0,0
88,"NelderMead",10.5,0.5005,5.25525,300,249,0,0,0,0
88,"NelderMead",10.5,0.5005,5.25525,300,250,0,0,0,0
88,"NelderMead",10.5,0.5005,5.25525,300,251,0,0,0,0
88,"NelderMead",10.5,0.5005,5.25525,300,252,0,0,0,0
88,"NelderMead",10.5,0.5005,5.25525,300,253,0,0,0,0
88,"NelderMead",10.5,0.5005,5.25525,300,254,0,0,0,0
88,"NelderMead",10.5,0.5005,5.25525,300,255,0,0,0,0
88,"NelderMead",10.5,0.5005,5.25525,300,256,0,0,0,0
88,"NelderMead",10.5,0.5005,5.25525,300,257,0,0,0,0
88,"NelderMead",10.5,0.5005,5.25525,300,258,0,0,0,0
88,"NelderMead",10.5,0.5005,5.25525,300,259,0,0,0,0
88,"NelderMead",10.5,0.5005,5.25525,300,260,0,0,0,0
88,"NelderMead",10.5,0.5005,5.25525,300,261,0,0,0,0
88,"NelderMead",10.5,0.5005,5.25525,300,262,0,0,0,0
88,"NelderMead",10.5,0.5005,5.25525,300,263,0,0,0,0
88,"NelderMead",10.5,0.5005,5.25525,300,264,0,0,0,0
88,"NelderMead",10.5,0.5005,5.25525,300,265,0,0,0,0
88,"NelderMead",10.5,0.5005,5.25525,300,266,0,0,0,0
88,"NelderMead",10.5,0.5005,5.25525,300,267,0,0,0,0
88,"NelderMead",10.5,0.5005,5.25525,300,268,0,0,0,0
88,"NelderMead",10.5,0.5005,5.25525,300,269,0,0,0,0
88,"NelderMead",10.5,0.5005,5.25525,300,270,0,0,0,0
88,"NelderMead",10.5,0.5005,5.25525,300,271,0,0,0,0
88,"NelderMead",10.5,0.5005,5.25525,300,272,0,0,0,0
88,"NelderMead",10.5,0.5005,5.25525,300,273,0,0,0,0
88,"NelderMead",10.5,0.5005,5.25525,300,274,0,0,0,0
88,"NelderMead",10.5,0.5005,5.25525,300,275,0,0,0,0
88,"NelderMead",10.5,0.5005,5.25525,300,276,0,0,0,0
88,"NelderMead",10.5,0.5005,5.25525,300,277,0,0,0,0
88,"NelderMead",10.5,0.5005,5.25525,300,278,0,0,0,0
88,"NelderMead",10.5,0.5005,5.25525,300,279,0,0,0,0
88,"NelderMead",10.5,0.5005,5.25525,300,280,0,0,0,0
88,"NelderMead",10.5,0.5005,5.25525,300,281,0,0,0,0
88,"NelderMead",10.5,0.5005,5.25525,300,282,0,0,0,0
88,"NelderMead",10.5,0.5005,5.25525,300,283,0,0,0,0
88,"NelderMead",10.5,0.5005,5.25525,300,284,0,0,0,0
88,"NelderMead",10.5,0.5005,5.25525,300,285,0,0,0,0
88,"NelderMead",10.5,0.5005,5.25525,300,286,0,0,0,0
88,"NelderMead",10.5,0.5005,5.25525,300,287,0,0,0,0
88,"NelderMead",10.5,0.5005,5.25525,300,288,0,0,0,0
88,"NelderMead",10.5,0.5005,5.25525,300,289,0,0,0,0
88,"NelderMead",10.5,0.5005,5.25525,300,290,0,0,0,0
88,"NelderMead",10.5,0.5005,5.25525,300,291,0,0,0,0
88,"NelderMead",10.5,0.5005,5.25525,300,292,0,0,0,0
88,"NelderMead",10.5,0.5005,5.25525,300,293,0,0,0,0
88,"NelderMead",10.5,0.5005,5.25525,300,294,0,0,0,0
88,"NelderMead",10.5,0.5005,5.25525,300,295,0,0,0,0
88,"NelderMead",10.5,0.5005,5.25525,300,296,0,0,0,0
88,"NelderMead",10.5,0.5005,5.25525,300,297,0,0,0,0
88,"NelderMead",10.5,0.5005,5.25525,300,298,0,0,0,0
88,"NelderMead",10.5,0.5005,5.25525,300,299,0,0,0,0
88,"NelderMead",10.5,0.5005,5.25525,300,300,0,0,0,0
88,"NelderMead",10.5,0.5005,5.25525,300,301,0,0,0,0
88,"NelderMead",10.5,0.5005,5.25525,300,302,0,0,0,0
88,"NelderMead",10.5,0.5005,5.25525,300,303,0,0,0,0
88,"NelderMead",10.5,0.5005,5.25525,300,304,0,0,0,0
88,"NelderMead",10.5,0.5005,5.25525,300,305,0,0,0,0
88,"NelderMead",10.5,0.5005,5.25525,300,306,0,0,0,0
88,"NelderMead",10.5,0.5005,5.25525,300,307,0,0,0,0
88,"NelderMead",10.5,0.5005,5.25525,300,308,0,0,0,0
88,"NelderMead",10.5,0.5005,5.25525,300,309,0,0,0,0
88,"NelderMead",10.5,0.5005,5.25525,300,310,0,0,0,0
88,"NelderMead",10.5,0.5005,5.25525,300,311,0,0,0,0
88,"NelderMead",10.5,0.5005,5.25525,300,312,0,0,0,0
88,"NelderMead",10.5,0.5005,5.25525,300,313,0,0,0,0
88,"NelderMead",10.5,0.5005,5.25525,300,314,0,0,0,0
88,"NelderMead",10.5,0.5005,5.25525,300,315,0,0,0,0
88,"NelderMead",10.5,0.5005,5.25525,300,316,0,0,0,0
88,"NelderMead",10.5,0.5005,5.25525,300,317,0,0,0,0
88,"NelderMead",10.5,0.5005,5.25525,300,318,0,0,0,0
88,"NelderMead",10.5,0.5005,5.25525,300,319,0,0,0,0
88,"NelderMead",10.5,0.5005,5.25525,300,320,0,0,0,0
88,"NelderMead",10.5,0.5005,5.25525,300,321,0,0,0,0
88,"NelderMead",10.5,0.5005,5.25525,300,322,0,0,0,0
88,"NelderMead",10.5,0.5005,5.25525,300,323,0,0,0,0
88,"NelderMead",10.5,0.5005,5.25525,300,324,0,0,0,0
88,"NelderMead",10.5,0.5005,5.25525,300,325,0,0,0,0
88,"NelderMead",10.5,0.5005,5.25525,300,326,0,0,0,0
88,"NelderMead",10.5,0.5005,5.25525,300,327,0,0,0,0
88,"NelderMead",10.5,0.5005,5.25525,300,328,0,0,0,0
88,"NelderMead",10.5,0.5005,5.25525,300,329,0,0,0,0
88,"NelderMead",10.5,0.5005,5.25525,300,330,0,0,0,0
88,"NelderMead",10.5,0.5005,5.25525,300,331,0,0,0,0
88,"NelderMead",10.5,0.5005,5.25525,300,332,0,0,0,0
88,"NelderMead",10.5,0.5005,5.25525,300,333,0,0,0,0
88,"NelderMead",10.5,0.5005,5.25525,300,334,0,0,0,0
88,"NelderMead",10.5,0.5005,5.25525,300,335,0,0,0,0
88,"NelderMead",10.5,0.5005,5.25525,300,336,0,0,0,0
88,"NelderMead",10.5,0.5005,5.25525,300,337,0,0,0,0
88,"NelderMead",10.5,0.5005,5.25525,300,338,0,0,0,0
88,"NelderMead",10.5,0.5005,5.25525,300,339,0,0,0,0
88,"NelderMead",10.5,0.5005,5.25525,300,340,0,0,0,0
88,"NelderMead",10.5,0.5005,5.25525,300,341,0,0,0,0
88,"NelderMead",10.5,0.5005,5.25525,300,342,0,0,0,0
88,"NelderMead",10.5,0.5005,5.25525,300,343,0,0,0,0
88,"NelderMead",10.5,0.5005,5.25525,300,344,0,0,0,0
88,"NelderMead",10.5,0.5005,5.25525,300,345,0,0,0,0
88,"NelderMead",10.5,0.5005,5.25525,300,346,0,0,0,0
88,"NelderMead",10.5,0.5005,5.25525,300,347,0,0,0,0
88,"NelderMead",10.5,0.5005,5.25525,300,348,0,0,0,0
88,"NelderMead",10.5,0.5005,5.25525,300,349,0,0,0,0
88,"NelderMead",10.5,0.5005,5.25525,300,350,0,0,0,0
88,"NelderMead",10.5,0.5005,5.25525,300,351,0,0,0,0
88,"NelderMead",10.5,0.5005,5.25525,300,352,0,0,0,0
88,"NelderMead",10.5,0.5005,5.25525,300,353,0,0,0,0
88,"NelderMead",10.5,0.5005,5.25525,300,354,0,0,0,0
88,"NelderMead",10.5,0.5005,5.25525,300,355,0,0,0,0
88,"NelderMead",10.5,0.5005,5.25525,300,356,0,0,0,0
88,"NelderMead",10.5,0.5005,5.25525,300,357,0,0,0,0
88,"NelderMead",10.5,0.5005,5.25525,300,358,0,0,0,0
88,"NelderMead",10.5,0.5005,5.25525,300,359,0,0,0,0
88,"NelderMead",10.5,0.5005,5.25525,300,360,0,0,0,0
88,"NelderMead",10.5,0.5005,5.25525,300,361,0,0,0,0
88,"NelderMead",10.5,0.5005,5.25525,300,362,0,0,0,0
88,"NelderMead",10.5,0.5005,5.25525,300,363,0,0,0,0
88,"NelderMead",10.5,0.5005,5.25525,300,364,0,0,0,0
88,"NelderMead",10.5,0.5005,5.25525,300,365,0,0,0,0
88,"DE",10.5242139252751,0.043301453224702,0.455713757012057,300,1,75,79,95,114
88,"DE",10.5242139252751,0.043301453224702,0.455713757012057,300,2,82,64.475,79,94
88,"DE",10.5242139252751,0.043301453224702,0.455713757012057,300,3,84,58.475,71.5,88
88,"DE",10.5242139252751,0.043301453224702,0.455713757012057,300,4,77,55.475,70,86
88,"DE",10.5242139252751,0.043301453224702,0.455713757012057,300,5,58,55,71,89
88,"DE",10.5242139252751,0.043301453224702,0.455713757012057,300,6,70,58.475,75,90.05
88,"DE",10.5242139252751,0.043301453224702,0.455713757012057,300,7,72,62.475,78,95.525
88,"DE",10.5242139252751,0.043301453224702,0.455713757012057,300,8,98,66.475,83,101.05
88,"DE",10.5242139252751,0.043301453224702,0.455713757012057,300,9,88,68,87,107.525
88,"DE",10.5242139252751,0.043301453224702,0.455713757012057,300,10,79,75,92,112.525
88,"DE",10.5242139252751,0.043301453224702,0.455713757012057,300,11,96,77.475,97,118
88,"DE",10.5242139252751,0.043301453224702,0.455713757012057,300,12,89,84,101,125.05
88,"DE",10.5242139252751,0.043301453224702,0.455713757012057,300,13,114,85,105,126
88,"DE",10.5242139252751,0.043301453224702,0.455713757012057,300,14,106,91,109.5,130.525
88,"DE",10.5242139252751,0.043301453224702,0.455713757012057,300,15,121,97,114,138.525
88,"DE",10.5242139252751,0.043301453224702,0.455713757012057,300,16,118,94,118.5,139.525
88,"DE",10.5242139252751,0.043301453224702,0.455713757012057,300,17,119,98,120,144
88,"DE",10.5242139252751,0.043301453224702,0.455713757012057,300,18,123,101,123,144
88,"DE",10.5242139252751,0.043301453224702,0.455713757012057,300,19,125,103.9,126,150.05
88,"DE",10.5242139252751,0.043301453224702,0.455713757012057,300,20,112,108,126.5,150.525
88,"DE",10.5242139252751,0.043301453224702,0.455713757012057,300,21,134,106,128,148
88,"DE",10.5242139252751,0.043301453224702,0.455713757012057,300,22,136,108,128.5,154
88,"DE",10.5242139252751,0.043301453224702,0.455713757012057,300,23,131,108.475,128,153.525
88,"DE",10.5242139252751,0.043301453224702,0.455713757012057,300,24,138,106,128,151.525
88,"DE",10.5242139252751,0.043301453224702,0.455713757012057,300,25,135,108,127,147.525
88,"DE",10.5242139252751,0.043301453224702,0.455713757012057,300,26,129,105,125,146.525
88,"DE",10.5242139252751,0.043301453224702,0.455713757012057,300,27,134,102,123,146.525
88,"DE",10.5242139252751,0.043301453224702,0.455713757012057,300,28,125,99.475,120,140.525
88,"DE",10.5242139252751,0.043301453224702,0.455713757012057,300,29,119,98,118,139.575
88,"DE",10.5242139252751,0.043301453224702,0.455713757012057,300,30,106,92.475,114,142
88,"DE",10.5242139252751,0.043301453224702,0.455713757012057,300,31,95,88.475,110,131.525
88,"DE",10.5242139252751,0.043301453224702,0.455713757012057,300,32,111,84,106,129
88,"DE",10.5242139252751,0.043301453224702,0.455713757012057,300,33,110,81.475,102,122
88,"DE",10.5242139252751,0.043301453224702,0.455713757012057,300,34,93,78.475,97,115
88,"DE",10.5242139252751,0.043301453224702,0.455713757012057,300,35,90,73,93,110.525
88,"DE",10.5242139252751,0.043301453224702,0.455713757012057,300,36,100,71,88,106.525
88,"DE",10.5242139252751,0.043301453224702,0.455713757012057,300,37,68,67,84,103
88,"DE",10.5242139252751,0.043301453224702,0.455713757012057,300,38,89,66,79,96
88,"DE",10.5242139252751,0.043301453224702,0.455713757012057,300,39,94,60.475,74,90.525
88,"DE",10.5242139252751,0.043301453224702,0.455713757012057,300,40,69,52.475,69,87.525
88,"DE",10.5242139252751,0.043301453224702,0.455713757012057,300,41,71,50,65,81
88,"DE",10.5242139252751,0.043301453224702,0.455713757012057,300,42,59,48,61,78.525
88,"DE",10.5242139252751,0.043301453224702,0.455713757012057,300,43,49,42,57,75
88,"DE",10.5242139252751,0.043301453224702,0.455713757012057,300,44,66,39,54,70
88,"DE",10.5242139252751,0.043301453224702,0.455713757012057,300,45,49,38,49.5,65
88,"DE",10.5242139252751,0.043301453224702,0.455713757012057,300,46,46,33,47,61.525
88,"DE",10.5242139252751,0.043301453224702,0.455713757012057,300,47,52,31.475,44,58
88,"DE",10.5242139252751,0.043301453224702,0.455713757012057,300,48,45,27,40,56.525
88,"DE",10.5242139252751,0.043301453224702,0.455713757012057,300,49,33,24.475,37,50
88,"DE",10.5242139252751,0.043301453224702,0.455713757012057,300,50,31,23,34,47
88,"DE",10.5242139252751,0.043301453224702,0.455713757012057,300,51,32,20,32,45
88,"DE",10.5242139252751,0.043301453224702,0.455713757012057,300,52,32,19,29,41
88,"DE",10.5242139252751,0.043301453224702,0.455713757012057,300,53,29,17.475,28,39
88,"DE",10.5242139252751,0.043301453224702,0.455713757012057,300,54,32,16,25,35.525
88,"DE",10.5242139252751,0.043301453224702,0.455713757012057,300,55,19,15.475,24,34
88,"DE",10.5242139252751,0.043301453224702,0.455713757012057,300,56,32,12,21,31
88,"DE",10.5242139252751,0.043301453224702,0.455713757012057,300,57,19,11,19,30.525
88,"DE",10.5242139252751,0.043301453224702,0.455713757012057,300,58,20,10,18,28
88,"DE",10.5242139252751,0.043301453224702,0.455713757012057,300,59,12,9,16,25.525
88,"DE",10.5242139252751,0.043301453224702,0.455713757012057,300,60,15,7.475,15,25
88,"DE",10.5242139252751,0.043301453224702,0.455713757012057,300,61,14,7,14,22
88,"DE",10.5242139252751,0.043301453224702,0.455713757012057,300,62,15,6,13,21
88,"DE",10.5242139252751,0.043301453224702,0.455713757012057,300,63,18,6,12,19
88,"DE",10.5242139252751,0.043301453224702,0.455713757012057,300,64,10,5,11,17.525
88,"DE",10.5242139252751,0.043301453224702,0.455713757012057,300,65,11,4,10,18
88,"DE",10.5242139252751,0.043301453224702,0.455713757012057,300,66,6,4,9,16
88,"DE",10.5242139252751,0.043301453224702,0.455713757012057,300,67,12,4,8,15.525
88,"DE",10.5242139252751,0.043301453224702,0.455713757012057,300,68,8,3,8,14
88,"DE",10.5242139252751,0.043301453224702,0.455713757012057,300,69,3,2,7,12
88,"DE",10.5242139252751,0.043301453224702,0.455713757012057,300,70,12,2,7,12
88,"DE",10.5242139252751,0.043301453224702,0.455713757012057,300,71,3,2,5,12
88,"DE",10.5242139252751,0.043301453224702,0.455713757012057,300,72,9,2,5,10
88,"DE",10.5242139252751,0.043301453224702,0.455713757012057,300,73,5,1,5,10
88,"DE",10.5242139252751,0.043301453224702,0.455713757012057,300,74,9,1,4,9.52499999999998
88,"DE",10.5242139252751,0.043301453224702,0.455713757012057,300,75,7,1,4,9
88,"DE",10.5242139252751,0.043301453224702,0.455713757012057,300,76,3,1,4,9
88,"DE",10.5242139252751,0.043301453224702,0.455713757012057,300,77,7,0,3,8
88,"DE",10.5242139252751,0.043301453224702,0.455713757012057,300,78,5,0,3,7
88,"DE",10.5242139252751,0.043301453224702,0.455713757012057,300,79,2,0,3,7
88,"DE",10.5242139252751,0.043301453224702,0.455713757012057,300,80,4,0,3,6.52499999999998
88,"DE",10.5242139252751,0.043301453224702,0.455713757012057,300,81,4,0,2,7
88,"DE",10.5242139252751,0.043301453224702,0.455713757012057,300,82,2,0,2,5
88,"DE",10.5242139252751,0.043301453224702,0.455713757012057,300,83,0,0,2,5
88,"DE",10.5242139252751,0.043301453224702,0.455713757012057,300,84,3,0,2,5
88,"DE",10.5242139252751,0.043301453224702,0.455713757012057,300,85,2,0,2,5
88,"DE",10.5242139252751,0.043301453224702,0.455713757012057,300,86,6,0,1,4
88,"DE",10.5242139252751,0.043301453224702,0.455713757012057,300,87,1,0,1,4
88,"DE",10.5242139252751,0.043301453224702,0.455713757012057,300,88,2,0,1,4
88,"DE",10.5242139252751,0.043301453224702,0.455713757012057,300,89,2,0,1,3.52499999999998
88,"DE",10.5242139252751,0.043301453224702,0.455713757012057,300,90,0,0,1,4
88,"DE",10.5242139252751,0.043301453224702,0.455713757012057,300,91,0,0,1,3
88,"DE",10.5242139252751,0.043301453224702,0.455713757012057,300,92,2,0,1,3
88,"DE",10.5242139252751,0.043301453224702,0.455713757012057,300,93,2,0,1,3
88,"DE",10.5242139252751,0.043301453224702,0.455713757012057,300,94,1,0,1,3
88,"DE",10.5242139252751,0.043301453224702,0.455713757012057,300,95,0,0,1,3
88,"DE",10.5242139252751,0.043301453224702,0.455713757012057,300,96,1,0,0.5,2.52499999999998
88,"DE",10.5242139252751,0.043301453224702,0.455713757012057,300,97,0,0,0,3
88,"DE",10.5242139252751,0.043301453224702,0.455713757012057,300,98,1,0,0,3
88,"DE",10.5242139252751,0.043301453224702,0.455713757012057,300,99,3,0,0,2
88,"DE",10.5242139252751,0.043301453224702,0.455713757012057,300,100,0,0,0,2
88,"DE",10.5242139252751,0.043301453224702,0.455713757012057,300,101,0,0,0,2
88,"DE",10.5242139252751,0.043301453224702,0.455713757012057,300,102,0,0,0,2
88,"DE",10.5242139252751,0.043301453224702,0.455713757012057,300,103,0,0,0,2
88,"DE",10.5242139252751,0.043301453224702,0.455713757012057,300,104,0,0,0,2
88,"DE",10.5242139252751,0.043301453224702,0.455713757012057,300,105,0,0,0,2
88,"DE",10.5242139252751,0.043301453224702,0.455713757012057,300,106,0,0,0,2
88,"DE",10.5242139252751,0.043301453224702,0.455713757012057,300,107,0,0,0,1.52499999999998
88,"DE",10.5242139252751,0.043301453224702,0.455713757012057,300,108,0,0,0,2
88,"DE",10.5242139252751,0.043301453224702,0.455713757012057,300,109,0,0,0,2
88,"DE",10.5242139252751,0.043301453224702,0.455713757012057,300,110,0,0,0,2
88,"DE",10.5242139252751,0.043301453224702,0.455713757012057,300,111,1,0,0,1
88,"DE",10.5242139252751,0.043301453224702,0.455713757012057,300,112,0,0,0,1
88,"DE",10.5242139252751,0.043301453224702,0.455713757012057,300,113,1,0,0,1
88,"DE",10.5242139252751,0.043301453224702,0.455713757012057,300,114,0,0,0,1.52499999999998
88,"DE",10.5242139252751,0.043301453224702,0.455713757012057,300,115,0,0,0,1
88,"DE",10.5242139252751,0.043301453224702,0.455713757012057,300,116,0,0,0,1
88,"DE",10.5242139252751,0.043301453224702,0.455713757012057,300,117,0,0,0,1
88,"DE",10.5242139252751,0.043301453224702,0.455713757012057,300,118,0,0,0,1
88,"DE",10.5242139252751,0.043301453224702,0.455713757012057,300,119,0,0,0,1
88,"DE",10.5242139252751,0.043301453224702,0.455713757012057,300,120,0,0,0,1
88,"DE",10.5242139252751,0.043301453224702,0.455713757012057,300,121,0,0,0,1
88,"DE",10.5242139252751,0.043301453224702,0.455713757012057,300,122,0,0,0,1
88,"DE",10.5242139252751,0.043301453224702,0.455713757012057,300,123,0,0,0,1
88,"DE",10.5242139252751,0.043301453224702,0.455713757012057,300,124,0,0,0,1
88,"DE",10.5242139252751,0.043301453224702,0.455713757012057,300,125,0,0,0,1
88,"DE",10.5242139252751,0.043301453224702,0.455713757012057,300,126,0,0,0,1
88,"DE",10.5242139252751,0.043301453224702,0.455713757012057,300,127,0,0,0,1
88,"DE",10.5242139252751,0.043301453224702,0.455713757012057,300,128,0,0,0,1
88,"DE",10.5242139252751,0.043301453224702,0.455713757012057,300,129,0,0,0,1
88,"DE",10.5242139252751,0.043301453224702,0.455713757012057,300,130,0,0,0,0
88,"DE",10.5242139252751,0.043301453224702,0.455713757012057,300,131,0,0,0,1
88,"DE",10.5242139252751,0.043301453224702,0.455713757012057,300,132,0,0,0,1
88,"DE",10.5242139252751,0.043301453224702,0.455713757012057,300,133,0,0,0,1
88,"DE",10.5242139252751,0.043301453224702,0.455713757012057,300,134,0,0,0,1
88,"DE",10.5242139252751,0.043301453224702,0.455713757012057,300,135,0,0,0,0
88,"DE",10.5242139252751,0.043301453224702,0.455713757012057,300,136,0,0,0,0
88,"DE",10.5242139252751,0.043301453224702,0.455713757012057,300,137,0,0,0,0
88,"DE",10.5242139252751,0.043301453224702,0.455713757012057,300,138,0,0,0,0
88,"DE",10.5242139252751,0.043301453224702,0.455713757012057,300,139,0,0,0,0
88,"DE",10.5242139252751,0.043301453224702,0.455713757012057,300,140,0,0,0,0
88,"DE",10.5242139252751,0.043301453224702,0.455713757012057,300,141,0,0,0,0
88,"DE",10.5242139252751,0.043301453224702,0.455713757012057,300,142,0,0,0,0
88,"DE",10.5242139252751,0.043301453224702,0.455713757012057,300,143,0,0,0,0
88,"DE",10.5242139252751,0.043301453224702,0.455713757012057,300,144,0,0,0,0
88,"DE",10.5242139252751,0.043301453224702,0.455713757012057,300,145,0,0,0,0
88,"DE",10.5242139252751,0.043301453224702,0.455713757012057,300,146,0,0,0,0
88,"DE",10.5242139252751,0.043301453224702,0.455713757012057,300,147,0,0,0,0
88,"DE",10.5242139252751,0.043301453224702,0.455713757012057,300,148,0,0,0,0
88,"DE",10.5242139252751,0.043301453224702,0.455713757012057,300,149,0,0,0,0
88,"DE",10.5242139252751,0.043301453224702,0.455713757012057,300,150,0,0,0,0
88,"DE",10.5242139252751,0.043301453224702,0.455713757012057,300,151,0,0,0,0
88,"DE",10.5242139252751,0.043301453224702,0.455713757012057,300,152,0,0,0,0
88,"DE",10.5242139252751,0.043301453224702,0.455713757012057,300,153,0,0,0,0
88,"DE",10.5242139252751,0.043301453224702,0.455713757012057,300,154,0,0,0,0
88,"DE",10.5242139252751,0.043301453224702,0.455713757012057,300,155,0,0,0,0
88,"DE",10.5242139252751,0.043301453224702,0.455713757012057,300,156,0,0,0,0
88,"DE",10.5242139252751,0.043301453224702,0.455713757012057,300,157,0,0,0,0
88,"DE",10.5242139252751,0.043301453224702,0.455713757012057,300,158,0,0,0,0
88,"DE",10.5242139252751,0.043301453224702,0.455713757012057,300,159,0,0,0,0
88,"DE",10.5242139252751,0.043301453224702,0.455713757012057,300,160,0,0,0,0
88,"DE",10.5242139252751,0.043301453224702,0.455713757012057,300,161,0,0,0,0
88,"DE",10.5242139252751,0.043301453224702,0.455713757012057,300,162,0,0,0,0
88,"DE",10.5242139252751,0.043301453224702,0.455713757012057,300,163,0,0,0,0
88,"DE",10.5242139252751,0.043301453224702,0.455713757012057,300,164,0,0,0,0
88,"DE",10.5242139252751,0.043301453224702,0.455713757012057,300,165,0,0,0,0
88,"DE",10.5242139252751,0.043301453224702,0.455713757012057,300,166,0,0,0,0
88,"DE",10.5242139252751,0.043301453224702,0.455713757012057,300,167,0,0,0,0
88,"DE",10.5242139252751,0.043301453224702,0.455713757012057,300,168,0,0,0,0
88,"DE",10.5242139252751,0.043301453224702,0.455713757012057,300,169,0,0,0,0
88,"DE",10.5242139252751,0.043301453224702,0.455713757012057,300,170,0,0,0,0
88,"DE",10.5242139252751,0.043301453224702,0.455713757012057,300,171,0,0,0,0
88,"DE",10.5242139252751,0.043301453224702,0.455713757012057,300,172,0,0,0,0
88,"DE",10.5242139252751,0.043301453224702,0.455713757012057,300,173,0,0,0,0
88,"DE",10.5242139252751,0.043301453224702,0.455713757012057,300,174,0,0,0,0
88,"DE",10.5242139252751,0.043301453224702,0.455713757012057,300,175,0,0,0,0
88,"DE",10.5242139252751,0.043301453224702,0.455713757012057,300,176,0,0,0,0
88,"DE",10.5242139252751,0.043301453224702,0.455713757012057,300,177,0,0,0,0
88,"DE",10.5242139252751,0.043301453224702,0.455713757012057,300,178,0,0,0,0
88,"DE",10.5242139252751,0.043301453224702,0.455713757012057,300,179,0,0,0,0
88,"DE",10.5242139252751,0.043301453224702,0.455713757012057,300,180,0,0,0,0
88,"DE",10.5242139252751,0.043301453224702,0.455713757012057,300,181,0,0,0,0
88,"DE",10.5242139252751,0.043301453224702,0.455713757012057,300,182,0,0,0,0
88,"DE",10.5242139252751,0.043301453224702,0.455713757012057,300,183,0,0,0,0
88,"DE",10.5242139252751,0.043301453224702,0.455713757012057,300,184,0,0,0,0
88,"DE",10.5242139252751,0.043301453224702,0.455713757012057,300,185,0,0,0,0
88,"DE",10.5242139252751,0.043301453224702,0.455713757012057,300,186,0,0,0,0
88,"DE",10.5242139252751,0.043301453224702,0.455713757012057,300,187,0,0,0,0
88,"DE",10.5242139252751,0.043301453224702,0.455713757012057,300,188,0,0,0,0
88,"DE",10.5242139252751,0.043301453224702,0.455713757012057,300,189,0,0,0,0
88,"DE",10.5242139252751,0.043301453224702,0.455713757012057,300,190,0,0,0,0
88,"DE",10.5242139252751,0.043301453224702,0.455713757012057,300,191,0,0,0,0
88,"DE",10.5242139252751,0.043301453224702,0.455713757012057,300,192,0,0,0,0
88,"DE",10.5242139252751,0.043301453224702,0.455713757012057,300,193,0,0,0,0
88,"DE",10.5242139252751,0.043301453224702,0.455713757012057,300,194,0,0,0,0
88,"DE",10.5242139252751,0.043301453224702,0.455713757012057,300,195,0,0,0,0
88,"DE",10.5242139252751,0.043301453224702,0.455713757012057,300,196,0,0,0,0
88,"DE",10.5242139252751,0.043301453224702,0.455713757012057,300,197,0,0,0,0
88,"DE",10.5242139252751,0.043301453224702,0.455713757012057,300,198,0,0,0,0
88,"DE",10.5242139252751,0.043301453224702,0.455713757012057,300,199,0,0,0,0
88,"DE",10.5242139252751,0.043301453224702,0.455713757012057,300,200,0,0,0,0
88,"DE",10.5242139252751,0.043301453224702,0.455713757012057,300,201,0,0,0,0
88,"DE",10.5242139252751,0.043301453224702,0.455713757012057,300,202,0,0,0,0
88,"DE",10.5242139252751,0.043301453224702,0.455713757012057,300,203,0,0,0,0
88,"DE",10.5242139252751,0.043301453224702,0.455713757012057,300,204,0,0,0,0
88,"DE",10.5242139252751,0.043301453224702,0.455713757012057,300,205,0,0,0,0
88,"DE",10.5242139252751,0.043301453224702,0.455713757012057,300,206,0,0,0,0
88,"DE",10.5242139252751,0.043301453224702,0.455713757012057,300,207,0,0,0,0
88,"DE",10.5242139252751,0.043301453224702,0.455713757012057,300,208,0,0,0,0
88,"DE",10.5242139252751,0.043301453224702,0.455713757012057,300,209,0,0,0,0
88,"DE",10.5242139252751,0.043301453224702,0.455713757012057,300,210,0,0,0,0
88,"DE",10.5242139252751,0.043301453224702,0.455713757012057,300,211,0,0,0,0
88,"DE",10.5242139252751,0.043301453224702,0.455713757012057,300,212,0,0,0,0
88,"DE",10.5242139252751,0.043301453224702,0.455713757012057,300,213,0,0,0,0
88,"DE",10.5242139252751,0.043301453224702,0.455713757012057,300,214,0,0,0,0
88,"DE",10.5242139252751,0.043301453224702,0.455713757012057,300,215,0,0,0,0
88,"DE",10.5242139252751,0.043301453224702,0.455713757012057,300,216,0,0,0,0
88,"DE",10.5242139252751,0.043301453224702,0.455713757012057,300,217,0,0,0,0
88,"DE",10.5242139252751,0.043301453224702,0.455713757012057,300,218,0,0,0,0
88,"DE",10.5242139252751,0.043301453224702,0.455713757012057,300,219,0,0,0,0
88,"DE",10.5242139252751,0.043301453224702,0.455713757012057,300,220,0,0,0,0
88,"DE",10.5242139252751,0.043301453224702,0.455713757012057,300,221,0,0,0,0
88,"DE",10.5242139252751,0.043301453224702,0.455713757012057,300,222,0,0,0,0
88,"DE",10.5242139252751,0.043301453224702,0.455713757012057,300,223,0,0,0,0
88,"DE",10.5242139252751,0.043301453224702,0.455713757012057,300,224,0,0,0,0
88,"DE",10.5242139252751,0.043301453224702,0.455713757012057,300,225,0,0,0,0
88,"DE",10.5242139252751,0.043301453224702,0.455713757012057,300,226,0,0,0,0
88,"DE",10.5242139252751,0.043301453224702,0.455713757012057,300,227,0,0,0,0
88,"DE",10.5242139252751,0.043301453224702,0.455713757012057,300,228,0,0,0,0
88,"DE",10.5242139252751,0.043301453224702,0.455713757012057,300,229,0,0,0,0
88,"DE",10.5242139252751,0.043301453224702,0.455713757012057,300,230,0,0,0,0
88,"DE",10.5242139252751,0.043301453224702,0.455713757012057,300,231,0,0,0,0
88,"DE",10.5242139252751,0.043301453224702,0.455713757012057,300,232,0,0,0,0
88,"DE",10.5242139252751,0.043301453224702,0.455713757012057,300,233,0,0,0,0
88,"DE",10.5242139252751,0.043301453224702,0.455713757012057,300,234,0,0,0,0
88,"DE",10.5242139252751,0.043301453224702,0.455713757012057,300,235,0,0,0,0
88,"DE",10.5242139252751,0.043301453224702,0.455713757012057,300,236,0,0,0,0
88,"DE",10.5242139252751,0.043301453224702,0.455713757012057,300,237,0,0,0,0
88,"DE",10.5242139252751,0.043301453224702,0.455713757012057,300,238,0,0,0,0
88,"DE",10.5242139252751,0.043301453224702,0.455713757012057,300,239,0,0,0,0
88,"DE",10.5242139252751,0.043301453224702,0.455713757012057,300,240,0,0,0,0
88,"DE",10.5242139252751,0.043301453224702,0.455713757012057,300,241,0,0,0,0
88,"DE",10.5242139252751,0.043301453224702,0.455713757012057,300,242,0,0,0,0
88,"DE",10.5242139252751,0.043301453224702,0.455713757012057,300,243,0,0,0,0
88,"DE",10.5242139252751,0.043301453224702,0.455713757012057,300,244,0,0,0,0
88,"DE",10.5242139252751,0.043301453224702,0.455713757012057,300,245,0,0,0,0
88,"DE",10.5242139252751,0.043301453224702,0.455713757012057,300,246,0,0,0,0
88,"DE",10.5242139252751,0.043301453224702,0.455713757012057,300,247,0,0,0,0
88,"DE",10.5242139252751,0.043301453224702,0.455713757012057,300,248,0,0,0,0
88,"DE",10.5242139252751,0.043301453224702,0.455713757012057,300,249,0,0,0,0
88,"DE",10.5242139252751,0.043301453224702,0.455713757012057,300,250,0,0,0,0
88,"DE",10.5242139252751,0.043301453224702,0.455713757012057,300,251,0,0,0,0
88,"DE",10.5242139252751,0.043301453224702,0.455713757012057,300,252,0,0,0,0
88,"DE",10.5242139252751,0.043301453224702,0.455713757012057,300,253,0,0,0,0
88,"DE",10.5242139252751,0.043301453224702,0.455713757012057,300,254,0,0,0,0
88,"DE",10.5242139252751,0.043301453224702,0.455713757012057,300,255,0,0,0,0
88,"DE",10.5242139252751,0.043301453224702,0.455713757012057,300,256,0,0,0,0
88,"DE",10.5242139252751,0.043301453224702,0.455713757012057,300,257,0,0,0,0
88,"DE",10.5242139252751,0.043301453224702,0.455713757012057,300,258,0,0,0,0
88,"DE",10.5242139252751,0.043301453224702,0.455713757012057,300,259,0,0,0,0
88,"DE",10.5242139252751,0.043301453224702,0.455713757012057,300,260,0,0,0,0
88,"DE",10.5242139252751,0.043301453224702,0.455713757012057,300,261,0,0,0,0
88,"DE",10.5242139252751,0.043301453224702,0.455713757012057,300,262,0,0,0,0
88,"DE",10.5242139252751,0.043301453224702,0.455713757012057,300,263,0,0,0,0
88,"DE",10.5242139252751,0.043301453224702,0.455713757012057,300,264,0,0,0,0
88,"DE",10.5242139252751,0.043301453224702,0.455713757012057,300,265,0,0,0,0
88,"DE",10.5242139252751,0.043301453224702,0.455713757012057,300,266,0,0,0,0
88,"DE",10.5242139252751,0.043301453224702,0.455713757012057,300,267,0,0,0,0
88,"DE",10.5242139252751,0.043301453224702,0.455713757012057,300,268,0,0,0,0
88,"DE",10.5242139252751,0.043301453224702,0.455713757012057,300,269,0,0,0,0
88,"DE",10.5242139252751,0.043301453224702,0.455713757012057,300,270,0,0,0,0
88,"DE",10.5242139252751,0.043301453224702,0.455713757012057,300,271,0,0,0,0
88,"DE",10.5242139252751,0.043301453224702,0.455713757012057,300,272,0,0,0,0
88,"DE",10.5242139252751,0.043301453224702,0.455713757012057,300,273,0,0,0,0
88,"DE",10.5242139252751,0.043301453224702,0.455713757012057,300,274,0,0,0,0
88,"DE",10.5242139252751,0.043301453224702,0.455713757012057,300,275,0,0,0,0
88,"DE",10.5242139252751,0.043301453224702,0.455713757012057,300,276,0,0,0,0
88,"DE",10.5242139252751,0.043301453224702,0.455713757012057,300,277,0,0,0,0
88,"DE",10.5242139252751,0.043301453224702,0.455713757012057,300,278,0,0,0,0
88,"DE",10.5242139252751,0.043301453224702,0.455713757012057,300,279,0,0,0,0
88,"DE",10.5242139252751,0.043301453224702,0.455713757012057,300,280,0,0,0,0
88,"DE",10.5242139252751,0.043301453224702,0.455713757012057,300,281,0,0,0,0
88,"DE",10.5242139252751,0.043301453224702,0.455713757012057,300,282,0,0,0,0
88,"DE",10.5242139252751,0.043301453224702,0.455713757012057,300,283,0,0,0,0
88,"DE",10.5242139252751,0.043301453224702,0.455713757012057,300,284,0,0,0,0
88,"DE",10.5242139252751,0.043301453224702,0.455713757012057,300,285,0,0,0,0
88,"DE",10.5242139252751,0.043301453224702,0.455713757012057,300,286,0,0,0,0
88,"DE",10.5242139252751,0.043301453224702,0.455713757012057,300,287,0,0,0,0
88,"DE",10.5242139252751,0.043301453224702,0.455713757012057,300,288,0,0,0,0
88,"DE",10.5242139252751,0.043301453224702,0.455713757012057,300,289,0,0,0,0
88,"DE",10.5242139252751,0.043301453224702,0.455713757012057,300,290,0,0,0,0
88,"DE",10.5242139252751,0.043301453224702,0.455713757012057,300,291,0,0,0,0
88,"DE",10.5242139252751,0.043301453224702,0.455713757012057,300,292,0,0,0,0
88,"DE",10.5242139252751,0.043301453224702,0.455713757012057,300,293,0,0,0,0
88,"DE",10.5242139252751,0.043301453224702,0.455713757012057,300,294,0,0,0,0
88,"DE",10.5242139252751,0.043301453224702,0.455713757012057,300,295,0,0,0,0
88,"DE",10.5242139252751,0.043301453224702,0.455713757012057,300,296,0,0,0,0
88,"DE",10.5242139252751,0.043301453224702,0.455713757012057,300,297,0,0,0,0
88,"DE",10.5242139252751,0.043301453224702,0.455713757012057,300,298,0,0,0,0
88,"DE",10.5242139252751,0.043301453224702,0.455713757012057,300,299,0,0,0,0
88,"DE",10.5242139252751,0.043301453224702,0.455713757012057,300,300,0,0,0,0
88,"DE",10.5242139252751,0.043301453224702,0.455713757012057,300,301,0,0,0,0
88,"DE",10.5242139252751,0.043301453224702,0.455713757012057,300,302,0,0,0,0
88,"DE",10.5242139252751,0.043301453224702,0.455713757012057,300,303,0,0,0,0
88,"DE",10.5242139252751,0.043301453224702,0.455713757012057,300,304,0,0,0,0
88,"DE",10.5242139252751,0.043301453224702,0.455713757012057,300,305,0,0,0,0
88,"DE",10.5242139252751,0.043301453224702,0.455713757012057,300,306,0,0,0,0
88,"DE",10.5242139252751,0.043301453224702,0.455713757012057,300,307,0,0,0,0
88,"DE",10.5242139252751,0.043301453224702,0.455713757012057,300,308,0,0,0,0
88,"DE",10.5242139252751,0.043301453224702,0.455713757012057,300,309,0,0,0,0
88,"DE",10.5242139252751,0.043301453224702,0.455713757012057,300,310,0,0,0,0
88,"DE",10.5242139252751,0.043301453224702,0.455713757012057,300,311,0,0,0,0
88,"DE",10.5242139252751,0.043301453224702,0.455713757012057,300,312,0,0,0,0
88,"DE",10.5242139252751,0.043301453224702,0.455713757012057,300,313,0,0,0,0
88,"DE",10.5242139252751,0.043301453224702,0.455713757012057,300,314,0,0,0,0
88,"DE",10.5242139252751,0.043301453224702,0.455713757012057,300,315,0,0,0,0
88,"DE",10.5242139252751,0.043301453224702,0.455713757012057,300,316,0,0,0,0
88,"DE",10.5242139252751,0.043301453224702,0.455713757012057,300,317,0,0,0,0
88,"DE",10.5242139252751,0.043301453224702,0.455713757012057,300,318,0,0,0,0
88,"DE",10.5242139252751,0.043301453224702,0.455713757012057,300,319,0,0,0,0
88,"DE",10.5242139252751,0.043301453224702,0.455713757012057,300,320,0,0,0,0
88,"DE",10.5242139252751,0.043301453224702,0.455713757012057,300,321,0,0,0,0
88,"DE",10.5242139252751,0.043301453224702,0.455713757012057,300,322,0,0,0,0
88,"DE",10.5242139252751,0.043301453224702,0.455713757012057,300,323,0,0,0,0
88,"DE",10.5242139252751,0.043301453224702,0.455713757012057,300,324,0,0,0,0
88,"DE",10.5242139252751,0.043301453224702,0.455713757012057,300,325,0,0,0,0
88,"DE",10.5242139252751,0.043301453224702,0.455713757012057,300,326,0,0,0,0
88,"DE",10.5242139252751,0.043301453224702,0.455713757012057,300,327,0,0,0,0
88,"DE",10.5242139252751,0.043301453224702,0.455713757012057,300,328,0,0,0,0
88,"DE",10.5242139252751,0.043301453224702,0.455713757012057,300,329,0,0,0,0
88,"DE",10.5242139252751,0.043301453224702,0.455713757012057,300,330,0,0,0,0
88,"DE",10.5242139252751,0.043301453224702,0.455713757012057,300,331,0,0,0,0
88,"DE",10.5242139252751,0.043301453224702,0.455713757012057,300,332,0,0,0,0
88,"DE",10.5242139252751,0.043301453224702,0.455713757012057,300,333,0,0,0,0
88,"DE",10.5242139252751,0.043301453224702,0.455713757012057,300,334,0,0,0,0
88,"DE",10.5242139252751,0.043301453224702,0.455713757012057,300,335,0,0,0,0
88,"DE",10.5242139252751,0.043301453224702,0.455713757012057,300,336,0,0,0,0
88,"DE",10.5242139252751,0.043301453224702,0.455713757012057,300,337,0,0,0,0
88,"DE",10.5242139252751,0.043301453224702,0.455713757012057,300,338,0,0,0,0
88,"DE",10.5242139252751,0.043301453224702,0.455713757012057,300,339,0,0,0,0
88,"DE",10.5242139252751,0.043301453224702,0.455713757012057,300,340,0,0,0,0
88,"DE",10.5242139252751,0.043301453224702,0.455713757012057,300,341,0,0,0,0
88,"DE",10.5242139252751,0.043301453224702,0.455713757012057,300,342,0,0,0,0
88,"DE",10.5242139252751,0.043301453224702,0.455713757012057,300,343,0,0,0,0
88,"DE",10.5242139252751,0.043301453224702,0.455713757012057,300,344,0,0,0,0
88,"DE",10.5242139252751,0.043301453224702,0.455713757012057,300,345,0,0,0,0
88,"DE",10.5242139252751,0.043301453224702,0.455713757012057,300,346,0,0,0,0
88,"DE",10.5242139252751,0.043301453224702,0.455713757012057,300,347,0,0,0,0
88,"DE",10.5242139252751,0.043301453224702,0.455713757012057,300,348,0,0,0,0
88,"DE",10.5242139252751,0.043301453224702,0.455713757012057,300,349,0,0,0,0
88,"DE",10.5242139252751,0.043301453224702,0.455713757012057,300,350,0,0,0,0
88,"DE",10.5242139252751,0.043301453224702,0.455713757012057,300,351,0,0,0,0
88,"DE",10.5242139252751,0.043301453224702,0.455713757012057,300,352,0,0,0,0
88,"DE",10.5242139252751,0.043301453224702,0.455713757012057,300,353,0,0,0,0
88,"DE",10.5242139252751,0.043301453224702,0.455713757012057,300,354,0,0,0,0
88,"DE",10.5242139252751,0.043301453224702,0.455713757012057,300,355,0,0,0,0
88,"DE",10.5242139252751,0.043301453224702,0.455713757012057,300,356,0,0,0,0
88,"DE",10.5242139252751,0.043301453224702,0.455713757012057,300,357,0,0,0,0
88,"DE",10.5242139252751,0.043301453224702,0.455713757012057,300,358,0,0,0,0
88,"DE",10.5242139252751,0.043301453224702,0.455713757012057,300,359,0,0,0,0
88,"DE",10.5242139252751,0.043301453224702,0.455713757012057,300,360,0,0,0,0
88,"DE",10.5242139252751,0.043301453224702,0.455713757012057,300,361,0,0,0,0
88,"DE",10.5242139252751,0.043301453224702,0.455713757012057,300,362,0,0,0,0
88,"DE",10.5242139252751,0.043301453224702,0.455713757012057,300,363,0,0,0,0
88,"DE",10.5242139252751,0.043301453224702,0.455713757012057,300,364,0,0,0,0
88,"DE",10.5242139252751,0.043301453224702,0.455713757012057,300,365,0,0,0,0
88,"BiLSTM",9.87201980431564,0.0445077350438784,0.439381241798401,300,1,75,79,95,114
88,"BiLSTM",9.87201980431564,0.0445077350438784,0.439381241798401,300,2,82,63,78,96
88,"BiLSTM",9.87201980431564,0.0445077350438784,0.439381241798401,300,3,84,57,71,90
88,"BiLSTM",9.87201980431564,0.0445077350438784,0.439381241798401,300,4,77,54.475,69,84.525
88,"BiLSTM",9.87201980431564,0.0445077350438784,0.439381241798401,300,5,58,56,70,88
88,"BiLSTM",9.87201980431564,0.0445077350438784,0.439381241798401,300,6,70,58,74,90.525
88,"BiLSTM",9.87201980431564,0.0445077350438784,0.439381241798401,300,7,72,62.475,78,94.525
88,"BiLSTM",9.87201980431564,0.0445077350438784,0.439381241798401,300,8,98,62.475,80.5,99
88,"BiLSTM",9.87201980431564,0.0445077350438784,0.439381241798401,300,9,88,69,85,102.525
88,"BiLSTM",9.87201980431564,0.0445077350438784,0.439381241798401,300,10,79,70.475,89,105
88,"BiLSTM",9.87201980431564,0.0445077350438784,0.439381241798401,300,11,96,77,94,117.525
88,"BiLSTM",9.87201980431564,0.0445077350438784,0.439381241798401,300,12,89,76.475,97,118
88,"BiLSTM",9.87201980431564,0.0445077350438784,0.439381241798401,300,13,114,80,101,124.525
88,"BiLSTM",9.87201980431564,0.0445077350438784,0.439381241798401,300,14,106,86,105,126.525
88,"BiLSTM",9.87201980431564,0.0445077350438784,0.439381241798401,300,15,121,88.475,109,129
88,"BiLSTM",9.87201980431564,0.0445077350438784,0.439381241798401,300,16,118,92,114,135
88,"BiLSTM",9.87201980431564,0.0445077350438784,0.439381241798401,300,17,119,93,115,137
88,"BiLSTM",9.87201980431564,0.0445077350438784,0.439381241798401,300,18,123,99.475,117,139.525
88,"BiLSTM",9.87201980431564,0.0445077350438784,0.439381241798401,300,19,125,98,120,142.525
88,"BiLSTM",9.87201980431564,0.0445077350438784,0.439381241798401,300,20,112,102,120,145.525
88,"BiLSTM",9.87201980431564,0.0445077350438784,0.439381241798401,300,21,134,101,122,142
88,"BiLSTM",9.87201980431564,0.0445077350438784,0.439381241798401,300,22,136,100.475,122.5,146
88,"BiLSTM",9.87201980431564,0.0445077350438784,0.439381241798401,300,23,131,98.475,121,143.525
88,"BiLSTM",9.87201980431564,0.0445077350438784,0.439381241798401,300,24,138,102,121,148
88,"BiLSTM",9.87201980431564,0.0445077350438784,0.439381241798401,300,25,135,103,122,146
88,"BiLSTM",9.87201980431564,0.0445077350438784,0.439381241798401,300,26,129,97.475,120,140.525
88,"BiLSTM",9.87201980431564,0.0445077350438784,0.439381241798401,300,27,134,98,119,138
88,"BiLSTM",9.87201980431564,0.0445077350438784,0.439381241798401,300,28,125,96.475,115,140.525
88,"BiLSTM",9.87201980431564,0.0445077350438784,0.439381241798401,300,29,119,96,113,137
88,"BiLSTM",9.87201980431564,0.0445077350438784,0.439381241798401,300,30,106,87.475,109,130
88,"BiLSTM",9.87201980431564,0.0445077350438784,0.439381241798401,300,31,95,89.475,106,125.525
88,"BiLSTM",9.87201980431564,0.0445077350438784,0.439381241798401,300,32,111,84.475,103,124.525
88,"BiLSTM",9.87201980431564,0.0445077350438784,0.439381241798401,300,33,110,81,99.5,119.525
88,"BiLSTM",9.87201980431564,0.0445077350438784,0.439381241798401,300,34,93,78,95,113
88,"BiLSTM",9.87201980431564,0.0445077350438784,0.439381241798401,300,35,90,74,91,108
88,"BiLSTM",9.87201980431564,0.0445077350438784,0.439381241798401,300,36,100,70,87,105
88,"BiLSTM",9.87201980431564,0.0445077350438784,0.439381241798401,300,37,68,65,83,101.525
88,"BiLSTM",9.87201980431564,0.0445077350438784,0.439381241798401,300,38,89,63.475,78,95
88,"BiLSTM",9.87201980431564,0.0445077350438784,0.439381241798401,300,39,94,58,73,90.525
88,"BiLSTM",9.87201980431564,0.0445077350438784,0.439381241798401,300,40,69,54.475,71,88
88,"BiLSTM",9.87201980431564,0.0445077350438784,0.439381241798401,300,41,71,49.475,65,82.525
88,"BiLSTM",9.87201980431564,0.0445077350438784,0.439381241798401,300,42,59,47,63,81.525
88,"BiLSTM",9.87201980431564,0.0445077350438784,0.439381241798401,300,43,49,45,59,75
88,"BiLSTM",9.87201980431564,0.0445077350438784,0.439381241798401,300,44,66,40,55,72
88,"BiLSTM",9.87201980431564,0.0445077350438784,0.439381241798401,300,45,49,37,51,67
88,"BiLSTM",9.87201980431564,0.0445077350438784,0.439381241798401,300,46,46,35,48,63.525
88,"BiLSTM",9.87201980431564,0.0445077350438784,0.439381241798401,300,47,52,32,45,58
88,"BiLSTM",9.87201980431564,0.0445077350438784,0.439381241798401,300,48,45,29,41,56.525
88,"BiLSTM",9.87201980431564,0.0445077350438784,0.439381241798401,300,49,33,28,39,52.525
88,"BiLSTM",9.87201980431564,0.0445077350438784,0.439381241798401,300,50,31,25,36,49.525
88,"BiLSTM",9.87201980431564,0.0445077350438784,0.439381241798401,300,51,32,24,33.5,46.05
88,"BiLSTM",9.87201980431564,0.0445077350438784,0.439381241798401,300,52,32,20.475,30,44
88,"BiLSTM",9.87201980431564,0.0445077350438784,0.439381241798401,300,53,29,19,29,43
88,"BiLSTM",9.87201980431564,0.0445077350438784,0.439381241798401,300,54,32,16,27,38
88,"BiLSTM",9.87201980431564,0.0445077350438784,0.439381241798401,300,55,19,14,25,36.05
88,"BiLSTM",9.87201980431564,0.0445077350438784,0.439381241798401,300,56,32,14,22,33
88,"BiLSTM",9.87201980431564,0.0445077350438784,0.439381241798401,300,57,19,12,21,33
88,"BiLSTM",9.87201980431564,0.0445077350438784,0.439381241798401,300,58,20,12,19,28
88,"BiLSTM",9.87201980431564,0.0445077350438784,0.439381241798401,300,59,12,10.475,18,27.525
88,"BiLSTM",9.87201980431564,0.0445077350438784,0.439381241798401,300,60,15,8,17,27
88,"BiLSTM",9.87201980431564,0.0445077350438784,0.439381241798401,300,61,14,9,15,25
88,"BiLSTM",9.87201980431564,0.0445077350438784,0.439381241798401,300,62,15,7,14,22.525
88,"BiLSTM",9.87201980431564,0.0445077350438784,0.439381241798401,300,63,18,7,13,21
88,"BiLSTM",9.87201980431564,0.0445077350438784,0.439381241798401,300,64,10,6,12,19
88,"BiLSTM",9.87201980431564,0.0445077350438784,0.439381241798401,300,65,11,4,11,18
88,"BiLSTM",9.87201980431564,0.0445077350438784,0.439381241798401,300,66,6,5,10,16
88,"BiLSTM",9.87201980431564,0.0445077350438784,0.439381241798401,300,67,12,3,9,16
88,"BiLSTM",9.87201980431564,0.0445077350438784,0.439381241798401,300,68,8,3,9,15
88,"BiLSTM",9.87201980431564,0.0445077350438784,0.439381241798401,300,69,3,3,8,14
88,"BiLSTM",9.87201980431564,0.0445077350438784,0.439381241798401,300,70,12,3,8,14
88,"BiLSTM",9.87201980431564,0.0445077350438784,0.439381241798401,300,71,3,2,7,12
88,"BiLSTM",9.87201980431564,0.0445077350438784,0.439381241798401,300,72,9,2,6,12
88,"BiLSTM",9.87201980431564,0.0445077350438784,0.439381241798401,300,73,5,1,5,11
88,"BiLSTM",9.87201980431564,0.0445077350438784,0.439381241798401,300,74,9,1,5,11
88,"BiLSTM",9.87201980431564,0.0445077350438784,0.439381241798401,300,75,7,1,5,10
88,"BiLSTM",9.87201980431564,0.0445077350438784,0.439381241798401,300,76,3,1,4,9
88,"BiLSTM",9.87201980431564,0.0445077350438784,0.439381241798401,300,77,7,1,4,8
88,"BiLSTM",9.87201980431564,0.0445077350438784,0.439381241798401,300,78,5,0,4,8
88,"BiLSTM",9.87201980431564,0.0445077350438784,0.439381241798401,300,79,2,1,3.5,8.52499999999998
88,"BiLSTM",9.87201980431564,0.0445077350438784,0.439381241798401,300,80,4,0,3,7
88,"BiLSTM",9.87201980431564,0.0445077350438784,0.439381241798401,300,81,4,0,3,7
88,"BiLSTM",9.87201980431564,0.0445077350438784,0.439381241798401,300,82,2,0,3,7
88,"BiLSTM",9.87201980431564,0.0445077350438784,0.439381241798401,300,83,0,0,2,6.52499999999998
88,"BiLSTM",9.87201980431564,0.0445077350438784,0.439381241798401,300,84,3,0,2,6
88,"BiLSTM",9.87201980431564,0.0445077350438784,0.439381241798401,300,85,2,0,2,5
88,"BiLSTM",9.87201980431564,0.0445077350438784,0.439381241798401,300,86,6,0,2,5
88,"BiLSTM",9.87201980431564,0.0445077350438784,0.439381241798401,300,87,1,0,2,5
88,"BiLSTM",9.87201980431564,0.0445077350438784,0.439381241798401,300,88,2,0,1,4
88,"BiLSTM",9.87201980431564,0.0445077350438784,0.439381241798401,300,89,2,0,1,4
88,"BiLSTM",9.87201980431564,0.0445077350438784,0.439381241798401,300,90,0,0,1,4
88,"BiLSTM",9.87201980431564,0.0445077350438784,0.439381241798401,300,91,0,0,1,4
88,"BiLSTM",9.87201980431564,0.0445077350438784,0.439381241798401,300,92,2,0,1,3
88,"BiLSTM",9.87201980431564,0.0445077350438784,0.439381241798401,300,93,2,0,1,3
88,"BiLSTM",9.87201980431564,0.0445077350438784,0.439381241798401,300,94,1,0,1,3
88,"BiLSTM",9.87201980431564,0.0445077350438784,0.439381241798401,300,95,0,0,1,3
88,"BiLSTM",9.87201980431564,0.0445077350438784,0.439381241798401,300,96,1,0,1,3
88,"BiLSTM",9.87201980431564,0.0445077350438784,0.439381241798401,300,97,0,0,0,3
88,"BiLSTM",9.87201980431564,0.0445077350438784,0.439381241798401,300,98,1,0,0,3
88,"BiLSTM",9.87201980431564,0.0445077350438784,0.439381241798401,300,99,3,0,0.5,3
88,"BiLSTM",9.87201980431564,0.0445077350438784,0.439381241798401,300,100,0,0,0,3
88,"BiLSTM",9.87201980431564,0.0445077350438784,0.439381241798401,300,101,0,0,0,3
88,"BiLSTM",9.87201980431564,0.0445077350438784,0.439381241798401,300,102,0,0,0,2
88,"BiLSTM",9.87201980431564,0.0445077350438784,0.439381241798401,300,103,0,0,0,2.52499999999998
88,"BiLSTM",9.87201980431564,0.0445077350438784,0.439381241798401,300,104,0,0,0,2
88,"BiLSTM",9.87201980431564,0.0445077350438784,0.439381241798401,300,105,0,0,0,2
88,"BiLSTM",9.87201980431564,0.0445077350438784,0.439381241798401,300,106,0,0,0,2
88,"BiLSTM",9.87201980431564,0.0445077350438784,0.439381241798401,300,107,0,0,0,2
88,"BiLSTM",9.87201980431564,0.0445077350438784,0.439381241798401,300,108,0,0,0,2
88,"BiLSTM",9.87201980431564,0.0445077350438784,0.439381241798401,300,109,0,0,0,2
88,"BiLSTM",9.87201980431564,0.0445077350438784,0.439381241798401,300,110,0,0,0,2
88,"BiLSTM",9.87201980431564,0.0445077350438784,0.439381241798401,300,111,1,0,0,2
88,"BiLSTM",9.87201980431564,0.0445077350438784,0.439381241798401,300,112,0,0,0,1
88,"BiLSTM",9.87201980431564,0.0445077350438784,0.439381241798401,300,113,1,0,0,2
88,"BiLSTM",9.87201980431564,0.0445077350438784,0.439381241798401,300,114,0,0,0,1
88,"BiLSTM",9.87201980431564,0.0445077350438784,0.439381241798401,300,115,0,0,0,1
88,"BiLSTM",9.87201980431564,0.0445077350438784,0.439381241798401,300,116,0,0,0,1
88,"BiLSTM",9.87201980431564,0.0445077350438784,0.439381241798401,300,117,0,0,0,1
88,"BiLSTM",9.87201980431564,0.0445077350438784,0.439381241798401,300,118,0,0,0,1
88,"BiLSTM",9.87201980431564,0.0445077350438784,0.439381241798401,300,119,0,0,0,1
88,"BiLSTM",9.87201980431564,0.0445077350438784,0.439381241798401,300,120,0,0,0,1
88,"BiLSTM",9.87201980431564,0.0445077350438784,0.439381241798401,300,121,0,0,0,1
88,"BiLSTM",9.87201980431564,0.0445077350438784,0.439381241798401,300,122,0,0,0,1
88,"BiLSTM",9.87201980431564,0.0445077350438784,0.439381241798401,300,123,0,0,0,1
88,"BiLSTM",9.87201980431564,0.0445077350438784,0.439381241798401,300,124,0,0,0,1
88,"BiLSTM",9.87201980431564,0.0445077350438784,0.439381241798401,300,125,0,0,0,1
88,"BiLSTM",9.87201980431564,0.0445077350438784,0.439381241798401,300,126,0,0,0,1
88,"BiLSTM",9.87201980431564,0.0445077350438784,0.439381241798401,300,127,0,0,0,1
88,"BiLSTM",9.87201980431564,0.0445077350438784,0.439381241798401,300,128,0,0,0,1
88,"BiLSTM",9.87201980431564,0.0445077350438784,0.439381241798401,300,129,0,0,0,1
88,"BiLSTM",9.87201980431564,0.0445077350438784,0.439381241798401,300,130,0,0,0,1
88,"BiLSTM",9.87201980431564,0.0445077350438784,0.439381241798401,300,131,0,0,0,1
88,"BiLSTM",9.87201980431564,0.0445077350438784,0.439381241798401,300,132,0,0,0,1
88,"BiLSTM",9.87201980431564,0.0445077350438784,0.439381241798401,300,133,0,0,0,1
88,"BiLSTM",9.87201980431564,0.0445077350438784,0.439381241798401,300,134,0,0,0,1
88,"BiLSTM",9.87201980431564,0.0445077350438784,0.439381241798401,300,135,0,0,0,1
88,"BiLSTM",9.87201980431564,0.0445077350438784,0.439381241798401,300,136,0,0,0,1
88,"BiLSTM",9.87201980431564,0.0445077350438784,0.439381241798401,300,137,0,0,0,0
88,"BiLSTM",9.87201980431564,0.0445077350438784,0.439381241798401,300,138,0,0,0,0
88,"BiLSTM",9.87201980431564,0.0445077350438784,0.439381241798401,300,139,0,0,0,1
88,"BiLSTM",9.87201980431564,0.0445077350438784,0.439381241798401,300,140,0,0,0,1
88,"BiLSTM",9.87201980431564,0.0445077350438784,0.439381241798401,300,141,0,0,0,0.524999999999977
88,"BiLSTM",9.87201980431564,0.0445077350438784,0.439381241798401,300,142,0,0,0,1
88,"BiLSTM",9.87201980431564,0.0445077350438784,0.439381241798401,300,143,0,0,0,0
88,"BiLSTM",9.87201980431564,0.0445077350438784,0.439381241798401,300,144,0,0,0,0
88,"BiLSTM",9.87201980431564,0.0445077350438784,0.439381241798401,300,145,0,0,0,0
88,"BiLSTM",9.87201980431564,0.0445077350438784,0.439381241798401,300,146,0,0,0,0
88,"BiLSTM",9.87201980431564,0.0445077350438784,0.439381241798401,300,147,0,0,0,0
88,"BiLSTM",9.87201980431564,0.0445077350438784,0.439381241798401,300,148,0,0,0,0
88,"BiLSTM",9.87201980431564,0.0445077350438784,0.439381241798401,300,149,0,0,0,0
88,"BiLSTM",9.87201980431564,0.0445077350438784,0.439381241798401,300,150,0,0,0,0
88,"BiLSTM",9.87201980431564,0.0445077350438784,0.439381241798401,300,151,0,0,0,0
88,"BiLSTM",9.87201980431564,0.0445077350438784,0.439381241798401,300,152,0,0,0,0
88,"BiLSTM",9.87201980431564,0.0445077350438784,0.439381241798401,300,153,0,0,0,0
88,"BiLSTM",9.87201980431564,0.0445077350438784,0.439381241798401,300,154,0,0,0,0
88,"BiLSTM",9.87201980431564,0.0445077350438784,0.439381241798401,300,155,0,0,0,0
88,"BiLSTM",9.87201980431564,0.0445077350438784,0.439381241798401,300,156,0,0,0,0
88,"BiLSTM",9.87201980431564,0.0445077350438784,0.439381241798401,300,157,0,0,0,0
88,"BiLSTM",9.87201980431564,0.0445077350438784,0.439381241798401,300,158,0,0,0,0
88,"BiLSTM",9.87201980431564,0.0445077350438784,0.439381241798401,300,159,0,0,0,0
88,"BiLSTM",9.87201980431564,0.0445077350438784,0.439381241798401,300,160,0,0,0,0
88,"BiLSTM",9.87201980431564,0.0445077350438784,0.439381241798401,300,161,0,0,0,0
88,"BiLSTM",9.87201980431564,0.0445077350438784,0.439381241798401,300,162,0,0,0,0
88,"BiLSTM",9.87201980431564,0.0445077350438784,0.439381241798401,300,163,0,0,0,0
88,"BiLSTM",9.87201980431564,0.0445077350438784,0.439381241798401,300,164,0,0,0,0
88,"BiLSTM",9.87201980431564,0.0445077350438784,0.439381241798401,300,165,0,0,0,0
88,"BiLSTM",9.87201980431564,0.0445077350438784,0.439381241798401,300,166,0,0,0,0
88,"BiLSTM",9.87201980431564,0.0445077350438784,0.439381241798401,300,167,0,0,0,0
88,"BiLSTM",9.87201980431564,0.0445077350438784,0.439381241798401,300,168,0,0,0,0
88,"BiLSTM",9.87201980431564,0.0445077350438784,0.439381241798401,300,169,0,0,0,0
88,"BiLSTM",9.87201980431564,0.0445077350438784,0.439381241798401,300,170,0,0,0,0
88,"BiLSTM",9.87201980431564,0.0445077350438784,0.439381241798401,300,171,0,0,0,0
88,"BiLSTM",9.87201980431564,0.0445077350438784,0.439381241798401,300,172,0,0,0,0
88,"BiLSTM",9.87201980431564,0.0445077350438784,0.439381241798401,300,173,0,0,0,0
88,"BiLSTM",9.87201980431564,0.0445077350438784,0.439381241798401,300,174,0,0,0,0
88,"BiLSTM",9.87201980431564,0.0445077350438784,0.439381241798401,300,175,0,0,0,0
88,"BiLSTM",9.87201980431564,0.0445077350438784,0.439381241798401,300,176,0,0,0,0
88,"BiLSTM",9.87201980431564,0.0445077350438784,0.439381241798401,300,177,0,0,0,0
88,"BiLSTM",9.87201980431564,0.0445077350438784,0.439381241798401,300,178,0,0,0,0
88,"BiLSTM",9.87201980431564,0.0445077350438784,0.439381241798401,300,179,0,0,0,0
88,"BiLSTM",9.87201980431564,0.0445077350438784,0.439381241798401,300,180,0,0,0,0
88,"BiLSTM",9.87201980431564,0.0445077350438784,0.439381241798401,300,181,0,0,0,0
88,"BiLSTM",9.87201980431564,0.0445077350438784,0.439381241798401,300,182,0,0,0,0
88,"BiLSTM",9.87201980431564,0.0445077350438784,0.439381241798401,300,183,0,0,0,0
88,"BiLSTM",9.87201980431564,0.0445077350438784,0.439381241798401,300,184,0,0,0,0
88,"BiLSTM",9.87201980431564,0.0445077350438784,0.439381241798401,300,185,0,0,0,0
88,"BiLSTM",9.87201980431564,0.0445077350438784,0.439381241798401,300,186,0,0,0,0
88,"BiLSTM",9.87201980431564,0.0445077350438784,0.439381241798401,300,187,0,0,0,0
88,"BiLSTM",9.87201980431564,0.0445077350438784,0.439381241798401,300,188,0,0,0,0
88,"BiLSTM",9.87201980431564,0.0445077350438784,0.439381241798401,300,189,0,0,0,0
88,"BiLSTM",9.87201980431564,0.0445077350438784,0.439381241798401,300,190,0,0,0,0
88,"BiLSTM",9.87201980431564,0.0445077350438784,0.439381241798401,300,191,0,0,0,0
88,"BiLSTM",9.87201980431564,0.0445077350438784,0.439381241798401,300,192,0,0,0,0
88,"BiLSTM",9.87201980431564,0.0445077350438784,0.439381241798401,300,193,0,0,0,0
88,"BiLSTM",9.87201980431564,0.0445077350438784,0.439381241798401,300,194,0,0,0,0
88,"BiLSTM",9.87201980431564,0.0445077350438784,0.439381241798401,300,195,0,0,0,0
88,"BiLSTM",9.87201980431564,0.0445077350438784,0.439381241798401,300,196,0,0,0,0
88,"BiLSTM",9.87201980431564,0.0445077350438784,0.439381241798401,300,197,0,0,0,0
88,"BiLSTM",9.87201980431564,0.0445077350438784,0.439381241798401,300,198,0,0,0,0
88,"BiLSTM",9.87201980431564,0.0445077350438784,0.439381241798401,300,199,0,0,0,0
88,"BiLSTM",9.87201980431564,0.0445077350438784,0.439381241798401,300,200,0,0,0,0
88,"BiLSTM",9.87201980431564,0.0445077350438784,0.439381241798401,300,201,0,0,0,0
88,"BiLSTM",9.87201980431564,0.0445077350438784,0.439381241798401,300,202,0,0,0,0
88,"BiLSTM",9.87201980431564,0.0445077350438784,0.439381241798401,300,203,0,0,0,0
88,"BiLSTM",9.87201980431564,0.0445077350438784,0.439381241798401,300,204,0,0,0,0
88,"BiLSTM",9.87201980431564,0.0445077350438784,0.439381241798401,300,205,0,0,0,0
88,"BiLSTM",9.87201980431564,0.0445077350438784,0.439381241798401,300,206,0,0,0,0
88,"BiLSTM",9.87201980431564,0.0445077350438784,0.439381241798401,300,207,0,0,0,0
88,"BiLSTM",9.87201980431564,0.0445077350438784,0.439381241798401,300,208,0,0,0,0
88,"BiLSTM",9.87201980431564,0.0445077350438784,0.439381241798401,300,209,0,0,0,0
88,"BiLSTM",9.87201980431564,0.0445077350438784,0.439381241798401,300,210,0,0,0,0
88,"BiLSTM",9.87201980431564,0.0445077350438784,0.439381241798401,300,211,0,0,0,0
88,"BiLSTM",9.87201980431564,0.0445077350438784,0.439381241798401,300,212,0,0,0,0
88,"BiLSTM",9.87201980431564,0.0445077350438784,0.439381241798401,300,213,0,0,0,0
88,"BiLSTM",9.87201980431564,0.0445077350438784,0.439381241798401,300,214,0,0,0,0
88,"BiLSTM",9.87201980431564,0.0445077350438784,0.439381241798401,300,215,0,0,0,0
88,"BiLSTM",9.87201980431564,0.0445077350438784,0.439381241798401,300,216,0,0,0,0
88,"BiLSTM",9.87201980431564,0.0445077350438784,0.439381241798401,300,217,0,0,0,0
88,"BiLSTM",9.87201980431564,0.0445077350438784,0.439381241798401,300,218,0,0,0,0
88,"BiLSTM",9.87201980431564,0.0445077350438784,0.439381241798401,300,219,0,0,0,0
88,"BiLSTM",9.87201980431564,0.0445077350438784,0.439381241798401,300,220,0,0,0,0
88,"BiLSTM",9.87201980431564,0.0445077350438784,0.439381241798401,300,221,0,0,0,0
88,"BiLSTM",9.87201980431564,0.0445077350438784,0.439381241798401,300,222,0,0,0,0
88,"BiLSTM",9.87201980431564,0.0445077350438784,0.439381241798401,300,223,0,0,0,0
88,"BiLSTM",9.87201980431564,0.0445077350438784,0.439381241798401,300,224,0,0,0,0
88,"BiLSTM",9.87201980431564,0.0445077350438784,0.439381241798401,300,225,0,0,0,0
88,"BiLSTM",9.87201980431564,0.0445077350438784,0.439381241798401,300,226,0,0,0,0
88,"BiLSTM",9.87201980431564,0.0445077350438784,0.439381241798401,300,227,0,0,0,0
88,"BiLSTM",9.87201980431564,0.0445077350438784,0.439381241798401,300,228,0,0,0,0
88,"BiLSTM",9.87201980431564,0.0445077350438784,0.439381241798401,300,229,0,0,0,0
88,"BiLSTM",9.87201980431564,0.0445077350438784,0.439381241798401,300,230,0,0,0,0
88,"BiLSTM",9.87201980431564,0.0445077350438784,0.439381241798401,300,231,0,0,0,0
88,"BiLSTM",9.87201980431564,0.0445077350438784,0.439381241798401,300,232,0,0,0,0
88,"BiLSTM",9.87201980431564,0.0445077350438784,0.439381241798401,300,233,0,0,0,0
88,"BiLSTM",9.87201980431564,0.0445077350438784,0.439381241798401,300,234,0,0,0,0
88,"BiLSTM",9.87201980431564,0.0445077350438784,0.439381241798401,300,235,0,0,0,0
88,"BiLSTM",9.87201980431564,0.0445077350438784,0.439381241798401,300,236,0,0,0,0
88,"BiLSTM",9.87201980431564,0.0445077350438784,0.439381241798401,300,237,0,0,0,0
88,"BiLSTM",9.87201980431564,0.0445077350438784,0.439381241798401,300,238,0,0,0,0
88,"BiLSTM",9.87201980431564,0.0445077350438784,0.439381241798401,300,239,0,0,0,0
88,"BiLSTM",9.87201980431564,0.0445077350438784,0.439381241798401,300,240,0,0,0,0
88,"BiLSTM",9.87201980431564,0.0445077350438784,0.439381241798401,300,241,0,0,0,0
88,"BiLSTM",9.87201980431564,0.0445077350438784,0.439381241798401,300,242,0,0,0,0
88,"BiLSTM",9.87201980431564,0.0445077350438784,0.439381241798401,300,243,0,0,0,0
88,"BiLSTM",9.87201980431564,0.0445077350438784,0.439381241798401,300,244,0,0,0,0
88,"BiLSTM",9.87201980431564,0.0445077350438784,0.439381241798401,300,245,0,0,0,0
88,"BiLSTM",9.87201980431564,0.0445077350438784,0.439381241798401,300,246,0,0,0,0
88,"BiLSTM",9.87201980431564,0.0445077350438784,0.439381241798401,300,247,0,0,0,0
88,"BiLSTM",9.87201980431564,0.0445077350438784,0.439381241798401,300,248,0,0,0,0
88,"BiLSTM",9.87201980431564,0.0445077350438784,0.439381241798401,300,249,0,0,0,0
88,"BiLSTM",9.87201980431564,0.0445077350438784,0.439381241798401,300,250,0,0,0,0
88,"BiLSTM",9.87201980431564,0.0445077350438784,0.439381241798401,300,251,0,0,0,0
88,"BiLSTM",9.87201980431564,0.0445077350438784,0.439381241798401,300,252,0,0,0,0
88,"BiLSTM",9.87201980431564,0.0445077350438784,0.439381241798401,300,253,0,0,0,0
88,"BiLSTM",9.87201980431564,0.0445077350438784,0.439381241798401,300,254,0,0,0,0
88,"BiLSTM",9.87201980431564,0.0445077350438784,0.439381241798401,300,255,0,0,0,0
88,"BiLSTM",9.87201980431564,0.0445077350438784,0.439381241798401,300,256,0,0,0,0
88,"BiLSTM",9.87201980431564,0.0445077350438784,0.439381241798401,300,257,0,0,0,0
88,"BiLSTM",9.87201980431564,0.0445077350438784,0.439381241798401,300,258,0,0,0,0
88,"BiLSTM",9.87201980431564,0.0445077350438784,0.439381241798401,300,259,0,0,0,0
88,"BiLSTM",9.87201980431564,0.0445077350438784,0.439381241798401,300,260,0,0,0,0
88,"BiLSTM",9.87201980431564,0.0445077350438784,0.439381241798401,300,261,0,0,0,0
88,"BiLSTM",9.87201980431564,0.0445077350438784,0.439381241798401,300,262,0,0,0,0
88,"BiLSTM",9.87201980431564,0.0445077350438784,0.439381241798401,300,263,0,0,0,0
88,"BiLSTM",9.87201980431564,0.0445077350438784,0.439381241798401,300,264,0,0,0,0
88,"BiLSTM",9.87201980431564,0.0445077350438784,0.439381241798401,300,265,0,0,0,0
88,"BiLSTM",9.87201980431564,0.0445077350438784,0.439381241798401,300,266,0,0,0,0
88,"BiLSTM",9.87201980431564,0.0445077350438784,0.439381241798401,300,267,0,0,0,0
88,"BiLSTM",9.87201980431564,0.0445077350438784,0.439381241798401,300,268,0,0,0,0
88,"BiLSTM",9.87201980431564,0.0445077350438784,0.439381241798401,300,269,0,0,0,0
88,"BiLSTM",9.87201980431564,0.0445077350438784,0.439381241798401,300,270,0,0,0,0
88,"BiLSTM",9.87201980431564,0.0445077350438784,0.439381241798401,300,271,0,0,0,0
88,"BiLSTM",9.87201980431564,0.0445077350438784,0.439381241798401,300,272,0,0,0,0
88,"BiLSTM",9.87201980431564,0.0445077350438784,0.439381241798401,300,273,0,0,0,0
88,"BiLSTM",9.87201980431564,0.0445077350438784,0.439381241798401,300,274,0,0,0,0
88,"BiLSTM",9.87201980431564,0.0445077350438784,0.439381241798401,300,275,0,0,0,0
88,"BiLSTM",9.87201980431564,0.0445077350438784,0.439381241798401,300,276,0,0,0,0
88,"BiLSTM",9.87201980431564,0.0445077350438784,0.439381241798401,300,277,0,0,0,0
88,"BiLSTM",9.87201980431564,0.0445077350438784,0.439381241798401,300,278,0,0,0,0
88,"BiLSTM",9.87201980431564,0.0445077350438784,0.439381241798401,300,279,0,0,0,0
88,"BiLSTM",9.87201980431564,0.0445077350438784,0.439381241798401,300,280,0,0,0,0
88,"BiLSTM",9.87201980431564,0.0445077350438784,0.439381241798401,300,281,0,0,0,0
88,"BiLSTM",9.87201980431564,0.0445077350438784,0.439381241798401,300,282,0,0,0,0
88,"BiLSTM",9.87201980431564,0.0445077350438784,0.439381241798401,300,283,0,0,0,0
88,"BiLSTM",9.87201980431564,0.0445077350438784,0.439381241798401,300,284,0,0,0,0
88,"BiLSTM",9.87201980431564,0.0445077350438784,0.439381241798401,300,285,0,0,0,0
88,"BiLSTM",9.87201980431564,0.0445077350438784,0.439381241798401,300,286,0,0,0,0
88,"BiLSTM",9.87201980431564,0.0445077350438784,0.439381241798401,300,287,0,0,0,0
88,"BiLSTM",9.87201980431564,0.0445077350438784,0.439381241798401,300,288,0,0,0,0
88,"BiLSTM",9.87201980431564,0.0445077350438784,0.439381241798401,300,289,0,0,0,0
88,"BiLSTM",9.87201980431564,0.0445077350438784,0.439381241798401,300,290,0,0,0,0
88,"BiLSTM",9.87201980431564,0.0445077350438784,0.439381241798401,300,291,0,0,0,0
88,"BiLSTM",9.87201980431564,0.0445077350438784,0.439381241798401,300,292,0,0,0,0
88,"BiLSTM",9.87201980431564,0.0445077350438784,0.439381241798401,300,293,0,0,0,0
88,"BiLSTM",9.87201980431564,0.0445077350438784,0.439381241798401,300,294,0,0,0,0
88,"BiLSTM",9.87201980431564,0.0445077350438784,0.439381241798401,300,295,0,0,0,0
88,"BiLSTM",9.87201980431564,0.0445077350438784,0.439381241798401,300,296,0,0,0,0
88,"BiLSTM",9.87201980431564,0.0445077350438784,0.439381241798401,300,297,0,0,0,0
88,"BiLSTM",9.87201980431564,0.0445077350438784,0.439381241798401,300,298,0,0,0,0
88,"BiLSTM",9.87201980431564,0.0445077350438784,0.439381241798401,300,299,0,0,0,0
88,"BiLSTM",9.87201980431564,0.0445077350438784,0.439381241798401,300,300,0,0,0,0
88,"BiLSTM",9.87201980431564,0.0445077350438784,0.439381241798401,300,301,0,0,0,0
88,"BiLSTM",9.87201980431564,0.0445077350438784,0.439381241798401,300,302,0,0,0,0
88,"BiLSTM",9.87201980431564,0.0445077350438784,0.439381241798401,300,303,0,0,0,0
88,"BiLSTM",9.87201980431564,0.0445077350438784,0.439381241798401,300,304,0,0,0,0
88,"BiLSTM",9.87201980431564,0.0445077350438784,0.439381241798401,300,305,0,0,0,0
88,"BiLSTM",9.87201980431564,0.0445077350438784,0.439381241798401,300,306,0,0,0,0
88,"BiLSTM",9.87201980431564,0.0445077350438784,0.439381241798401,300,307,0,0,0,0
88,"BiLSTM",9.87201980431564,0.0445077350438784,0.439381241798401,300,308,0,0,0,0
88,"BiLSTM",9.87201980431564,0.0445077350438784,0.439381241798401,300,309,0,0,0,0
88,"BiLSTM",9.87201980431564,0.0445077350438784,0.439381241798401,300,310,0,0,0,0
88,"BiLSTM",9.87201980431564,0.0445077350438784,0.439381241798401,300,311,0,0,0,0
88,"BiLSTM",9.87201980431564,0.0445077350438784,0.439381241798401,300,312,0,0,0,0
88,"BiLSTM",9.87201980431564,0.0445077350438784,0.439381241798401,300,313,0,0,0,0
88,"BiLSTM",9.87201980431564,0.0445077350438784,0.439381241798401,300,314,0,0,0,0
88,"BiLSTM",9.87201980431564,0.0445077350438784,0.439381241798401,300,315,0,0,0,0
88,"BiLSTM",9.87201980431564,0.0445077350438784,0.439381241798401,300,316,0,0,0,0
88,"BiLSTM",9.87201980431564,0.0445077350438784,0.439381241798401,300,317,0,0,0,0
88,"BiLSTM",9.87201980431564,0.0445077350438784,0.439381241798401,300,318,0,0,0,0
88,"BiLSTM",9.87201980431564,0.0445077350438784,0.439381241798401,300,319,0,0,0,0
88,"BiLSTM",9.87201980431564,0.0445077350438784,0.439381241798401,300,320,0,0,0,0
88,"BiLSTM",9.87201980431564,0.0445077350438784,0.439381241798401,300,321,0,0,0,0
88,"BiLSTM",9.87201980431564,0.0445077350438784,0.439381241798401,300,322,0,0,0,0
88,"BiLSTM",9.87201980431564,0.0445077350438784,0.439381241798401,300,323,0,0,0,0
88,"BiLSTM",9.87201980431564,0.0445077350438784,0.439381241798401,300,324,0,0,0,0
88,"BiLSTM",9.87201980431564,0.0445077350438784,0.439381241798401,300,325,0,0,0,0
88,"BiLSTM",9.87201980431564,0.0445077350438784,0.439381241798401,300,326,0,0,0,0
88,"BiLSTM",9.87201980431564,0.0445077350438784,0.439381241798401,300,327,0,0,0,0
88,"BiLSTM",9.87201980431564,0.0445077350438784,0.439381241798401,300,328,0,0,0,0
88,"BiLSTM",9.87201980431564,0.0445077350438784,0.439381241798401,300,329,0,0,0,0
88,"BiLSTM",9.87201980431564,0.0445077350438784,0.439381241798401,300,330,0,0,0,0
88,"BiLSTM",9.87201980431564,0.0445077350438784,0.439381241798401,300,331,0,0,0,0
88,"BiLSTM",9.87201980431564,0.0445077350438784,0.439381241798401,300,332,0,0,0,0
88,"BiLSTM",9.87201980431564,0.0445077350438784,0.439381241798401,300,333,0,0,0,0
88,"BiLSTM",9.87201980431564,0.0445077350438784,0.439381241798401,300,334,0,0,0,0
88,"BiLSTM",9.87201980431564,0.0445077350438784,0.439381241798401,300,335,0,0,0,0
88,"BiLSTM",9.87201980431564,0.0445077350438784,0.439381241798401,300,336,0,0,0,0
88,"BiLSTM",9.87201980431564,0.0445077350438784,0.439381241798401,300,337,0,0,0,0
88,"BiLSTM",9.87201980431564,0.0445077350438784,0.439381241798401,300,338,0,0,0,0
88,"BiLSTM",9.87201980431564,0.0445077350438784,0.439381241798401,300,339,0,0,0,0
88,"BiLSTM",9.87201980431564,0.0445077350438784,0.439381241798401,300,340,0,0,0,0
88,"BiLSTM",9.87201980431564,0.0445077350438784,0.439381241798401,300,341,0,0,0,0
88,"BiLSTM",9.87201980431564,0.0445077350438784,0.439381241798401,300,342,0,0,0,0
88,"BiLSTM",9.87201980431564,0.0445077350438784,0.439381241798401,300,343,0,0,0,0
88,"BiLSTM",9.87201980431564,0.0445077350438784,0.439381241798401,300,344,0,0,0,0
88,"BiLSTM",9.87201980431564,0.0445077350438784,0.439381241798401,300,345,0,0,0,0
88,"BiLSTM",9.87201980431564,0.0445077350438784,0.439381241798401,300,346,0,0,0,0
88,"BiLSTM",9.87201980431564,0.0445077350438784,0.439381241798401,300,347,0,0,0,0
88,"BiLSTM",9.87201980431564,0.0445077350438784,0.439381241798401,300,348,0,0,0,0
88,"BiLSTM",9.87201980431564,0.0445077350438784,0.439381241798401,300,349,0,0,0,0
88,"BiLSTM",9.87201980431564,0.0445077350438784,0.439381241798401,300,350,0,0,0,0
88,"BiLSTM",9.87201980431564,0.0445077350438784,0.439381241798401,300,351,0,0,0,0
88,"BiLSTM",9.87201980431564,0.0445077350438784,0.439381241798401,300,352,0,0,0,0
88,"BiLSTM",9.87201980431564,0.0445077350438784,0.439381241798401,300,353,0,0,0,0
88,"BiLSTM",9.87201980431564,0.0445077350438784,0.439381241798401,300,354,0,0,0,0
88,"BiLSTM",9.87201980431564,0.0445077350438784,0.439381241798401,300,355,0,0,0,0
88,"BiLSTM",9.87201980431564,0.0445077350438784,0.439381241798401,300,356,0,0,0,0
88,"BiLSTM",9.87201980431564,0.0445077350438784,0.439381241798401,300,357,0,0,0,0
88,"BiLSTM",9.87201980431564,0.0445077350438784,0.439381241798401,300,358,0,0,0,0
88,"BiLSTM",9.87201980431564,0.0445077350438784,0.439381241798401,300,359,0,0,0,0
88,"BiLSTM",9.87201980431564,0.0445077350438784,0.439381241798401,300,360,0,0,0,0
88,"BiLSTM",9.87201980431564,0.0445077350438784,0.439381241798401,300,361,0,0,0,0
88,"BiLSTM",9.87201980431564,0.0445077350438784,0.439381241798401,300,362,0,0,0,0
88,"BiLSTM",9.87201980431564,0.0445077350438784,0.439381241798401,300,363,0,0,0,0
88,"BiLSTM",9.87201980431564,0.0445077350438784,0.439381241798401,300,364,0,0,0,0
88,"BiLSTM",9.87201980431564,0.0445077350438784,0.439381241798401,300,365,0,0,0,0
