"method","day","mean_smape","sd_smape","n","window","lo","hi"
"Oracle",2,8.40010769052484,4.63672591041488,4,"All sims (days 2-365)",3.76338178010996,13.0368336009397
"Oracle",3,6.73448188349051,6.56585890782634,4,"All sims (days 2-365)",0.168622975664166,13.3003407913168
"Oracle",4,7.14239400835192,2.18087869426661,4,"All sims (days 2-365)",4.96151531408531,9.32327270261853
"Oracle",5,11.2232439094937,6.51892553057713,4,"All sims (days 2-365)",4.70431837891662,17.7421694400709
"Oracle",6,6.87492553335561,3.83630015185098,4,"All sims (days 2-365)",3.03862538150463,10.7112256852066
"Oracle",7,16.4787492139896,6.54674899228278,4,"All sims (days 2-365)",9.93200022170677,23.0254982062723
"Oracle",8,12.7118042325435,8.64988073948468,4,"All sims (days 2-365)",4.06192349305883,21.3616849720282
"Oracle",9,6.87852117680926,4.75860393292563,4,"All sims (days 2-365)",2.11991724388363,11.6371251097349
"Oracle",10,14.4457175851408,0.533446126762283,4,"All sims (days 2-365)",13.9122714583785,14.9791637119031
"Oracle",11,7.43137248739331,7.68877503183971,4,"All sims (days 2-365)",0,15.120147519233
"Oracle",12,6.24870251812913,4.88361024693851,4,"All sims (days 2-365)",1.36509227119062,11.1323127650676
"Oracle",13,8.65589100889439,6.39433475138587,4,"All sims (days 2-365)",2.26155625750852,15.0502257602803
"Oracle",14,10.1875667913331,5.67882190496021,4,"All sims (days 2-365)",4.50874488637286,15.8663886962933
"Oracle",15,8.69100699653734,7.95938231491368,4,"All sims (days 2-365)",0.731624681623662,16.650389311451
"Oracle",16,8.72436423789313,8.58894979238706,4,"All sims (days 2-365)",0.13541444550607,17.3133140302802
"Oracle",17,5.73940155807267,5.35627305079123,4,"All sims (days 2-365)",0.383128507281438,11.0956746088639
"Oracle",18,7.38682078123525,4.56894312570333,4,"All sims (days 2-365)",2.81787765553192,11.9557639069386
"Oracle",19,4.61211463075295,4.92634050183633,4,"All sims (days 2-365)",0,9.53845513258928
"Oracle",20,6.44766650933204,6.37658956572594,4,"All sims (days 2-365)",0.0710769436061014,12.824256075058
"Oracle",21,2.8873879000796,3.35089710744227,4,"All sims (days 2-365)",0,6.23828500752186
"Oracle",22,7.00200991525115,1.87520727054011,4,"All sims (days 2-365)",5.12680264471104,8.87721718579126
"Oracle",23,4.46688804353315,2.18662423196601,4,"All sims (days 2-365)",2.28026381156715,6.65351227549916
"Oracle",24,6.47261548460555,4.07404768288108,4,"All sims (days 2-365)",2.39856780172447,10.5466631674866
"Oracle",25,5.10801864106548,3.65513504187123,4,"All sims (days 2-365)",1.45288359919425,8.76315368293671
"Oracle",26,6.27920234132539,3.38633651909131,4,"All sims (days 2-365)",2.89286582223408,9.6655388604167
"Oracle",27,5.74422841545342,2.99513897439521,4,"All sims (days 2-365)",2.74908944105821,8.73936738984863
"Oracle",28,4.89547456479666,5.93122210118845,4,"All sims (days 2-365)",0,10.8266966659851
"Oracle",29,4.94381601314883,5.09331271610033,4,"All sims (days 2-365)",0,10.0371287292492
"Oracle",30,8.39003494599281,5.90103458385482,4,"All sims (days 2-365)",2.48900036213798,14.2910695298476
"Oracle",31,7.55852570143082,7.19398654323198,4,"All sims (days 2-365)",0.364539158198833,14.7525122446628
"Oracle",32,5.03190027519626,3.02436641157945,4,"All sims (days 2-365)",2.0075338636168,8.05626668677571
"Oracle",33,6.31001342765328,2.38910802024205,4,"All sims (days 2-365)",3.92090540741123,8.69912144789532
"Oracle",34,7.8959936687562,3.21862396974468,4,"All sims (days 2-365)",4.67736969901152,11.1146176385009
"Oracle",35,5.835085350231,3.91085527505468,4,"All sims (days 2-365)",1.92423007517632,9.74594062528568
"Oracle",36,4.76681901328493,5.35574433626068,4,"All sims (days 2-365)",0,10.1225633495456
"Oracle",37,11.6156498455464,7.09647599269739,4,"All sims (days 2-365)",4.51917385284897,18.7121258382437
"Oracle",38,8.48807419946255,7.41054242943529,4,"All sims (days 2-365)",1.07753177002726,15.8986166288978
"Oracle",39,16.9000009929286,13.9613811474197,4,"All sims (days 2-365)",2.93861984550894,30.8613821403483
"Oracle",40,9.41877065976071,8.42554725365617,4,"All sims (days 2-365)",0.993223406104544,17.8443179134169
"Oracle",41,9.62683837485409,7.52921209829622,4,"All sims (days 2-365)",2.09762627655787,17.1560504731503
"Oracle",42,11.9431342140043,11.6431044458248,4,"All sims (days 2-365)",0.300029768179527,23.5862386598291
"Oracle",43,15.8223066543138,11.783919930598,4,"All sims (days 2-365)",4.03838672371576,27.6062265849118
"Oracle",44,6.69532906980715,8.98431085586125,4,"All sims (days 2-365)",0,15.6796399256684
"Oracle",45,7.05670050546061,6.34420386033513,4,"All sims (days 2-365)",0.712496645125481,13.4009043657957
"Oracle",46,4.98477651719615,6.01947155955015,4,"All sims (days 2-365)",0,11.0042480767463
"Oracle",47,16.7708926829453,3.87206565552347,4,"All sims (days 2-365)",12.8988270274218,20.6429583384687
"Oracle",48,11.0947478579533,6.17800126277238,4,"All sims (days 2-365)",4.91674659518092,17.2727491207257
"Oracle",49,12.5907021992794,5.52658358206446,4,"All sims (days 2-365)",7.06411861721495,18.1172857813439
"Oracle",50,8.7170022349876,5.43190867543269,4,"All sims (days 2-365)",3.28509355955492,14.1489109104203
"Oracle",51,9.27972021285002,11.8089699982291,4,"All sims (days 2-365)",0,21.0886902110791
"Oracle",52,8.63571226606381,7.03053107885004,4,"All sims (days 2-365)",1.60518118721377,15.6662433449139
"Oracle",53,11.1628717163391,8.52481285796597,4,"All sims (days 2-365)",2.63805885837313,19.6876845743051
"Oracle",54,13.7113460228515,10.8538186011013,4,"All sims (days 2-365)",2.85752742175025,24.5651646239528
"Oracle",55,7.2759416487078,11.0041523436014,4,"All sims (days 2-365)",0,18.2800939923092
"Oracle",56,17.599038808025,13.3499953321563,4,"All sims (days 2-365)",4.24904347586872,30.9490341401812
"Oracle",57,6.8135966048667,6.19304203655004,4,"All sims (days 2-365)",0.620554568316658,13.0066386414167
"Oracle",58,13.4939834637724,12.4121657237389,4,"All sims (days 2-365)",1.08181774003357,25.9061491875113
"Oracle",59,11.1750371570271,15.7242478269402,4,"All sims (days 2-365)",0,26.8992849839672
"Oracle",60,6.45281377283036,4.87029938654453,4,"All sims (days 2-365)",1.58251438628583,11.3231131593749
"Oracle",61,10.5553434594443,8.71301731447968,4,"All sims (days 2-365)",1.84232614496463,19.268360773924
"Oracle",62,14.3531364284775,8.55304315819729,4,"All sims (days 2-365)",5.80009327028025,22.9061795866748
"Oracle",63,22.0323124813323,14.8636045322334,4,"All sims (days 2-365)",7.16870794909894,36.8959170135657
"Oracle",64,10.6933065022302,10.2414060595647,4,"All sims (days 2-365)",0.45190044266549,20.9347125617949
"Oracle",65,6.82858791497446,2.93727213322447,4,"All sims (days 2-365)",3.89131578174999,9.76586004819893
"Oracle",66,22.2464690340188,12.5287679975927,4,"All sims (days 2-365)",9.71770103642614,34.7752370316115
"Oracle",67,18.6854184400895,15.8622836768571,4,"All sims (days 2-365)",2.82313476323241,34.5477021169466
"Oracle",68,5.77437754797924,4.34890505461396,4,"All sims (days 2-365)",1.42547249336528,10.1232826025932
"Oracle",69,27.702640084813,35.3217350770668,4,"All sims (days 2-365)",0,63.0243751618798
"Oracle",70,25.6504608469538,29.2878172218396,4,"All sims (days 2-365)",0,54.9382780687934
"Oracle",71,19.9999981037039,31.7396782867265,4,"All sims (days 2-365)",0,51.7396763904304
"Oracle",72,16.1667293591849,17.2136311792986,4,"All sims (days 2-365)",0,33.3803605384836
"Oracle",73,12.233716880898,10.252381657062,4,"All sims (days 2-365)",1.98133522383603,22.48609853796
"Oracle",74,20.148000930601,24.7294820716917,4,"All sims (days 2-365)",0,44.8774830022926
"Oracle",75,22.2444208699956,22.3208881574364,4,"All sims (days 2-365)",0,44.565309027432
"Oracle",76,16.2698400974743,12.3207721669249,4,"All sims (days 2-365)",3.94906793054939,28.5906122643993
"Oracle",77,20.3516540458789,24.2093571448549,4,"All sims (days 2-365)",0,44.5610111907339
"Oracle",78,33.2491562750101,19.3909852687391,4,"All sims (days 2-365)",13.858171006271,52.6401415437491
"Oracle",79,15.7630828078614,16.6144844307544,4,"All sims (days 2-365)",0,32.3775672386158
"Oracle",80,11.0786765135568,11.8643096199881,4,"All sims (days 2-365)",0,22.9429861335449
"Oracle",81,38.7043065798768,28.5890738784069,4,"All sims (days 2-365)",10.1152327014699,67.2933804582837
"Oracle",82,16.9606705867803,15.5141933676229,4,"All sims (days 2-365)",1.44647721915744,32.4748639544032
"Oracle",83,66.0714952826605,90.9629976794353,4,"All sims (days 2-365)",0,157.034492962096
"Oracle",84,12.3317414524681,18.585918297753,4,"All sims (days 2-365)",0,30.9176597502211
"Oracle",85,20.660057577086,15.1949065402951,4,"All sims (days 2-365)",5.46515103679094,35.8549641173811
"Oracle",86,57.3709437662857,50.9917943188246,4,"All sims (days 2-365)",6.37914944746102,108.36273808511
"Oracle",87,9.56107578206457,8.96695871618156,4,"All sims (days 2-365)",0.59411706588301,18.5280344982461
"Oracle",88,27.6852284333918,26.5034725103037,4,"All sims (days 2-365)",1.18175592308811,54.1887009436956
"Oracle",89,35.8519959149551,25.8942788836286,4,"All sims (days 2-365)",9.95771703132645,61.7462747985837
"Oracle",90,62.7993723819384,91.9991546411619,4,"All sims (days 2-365)",0,154.7985270231
"Oracle",91,68.3907537446474,92.7051700331821,4,"All sims (days 2-365)",0,161.095923777829
"Oracle",92,30.0402516162586,25.6266366282948,4,"All sims (days 2-365)",4.41361498796379,55.6668882445535
"Oracle",93,50.1724068277092,27.7760812268215,4,"All sims (days 2-365)",22.3963256008877,77.9484880545307
"Oracle",94,8.93939366551883,12.5711926193425,4,"All sims (days 2-365)",0,21.5105862848613
"Oracle",95,71.1514643835578,86.5181891027862,4,"All sims (days 2-365)",0,157.669653486344
"Oracle",96,64.3772388484345,91.9709020315745,4,"All sims (days 2-365)",0,156.348140880009
"Oracle",97,11.906906311742,10.8926244155569,4,"All sims (days 2-365)",1.01428189618501,22.7995307272989
"Oracle",98,67.7082826931924,89.7768246815455,4,"All sims (days 2-365)",0,157.485107374738
"Oracle",99,72.4999822187556,87.7021155717856,4,"All sims (days 2-365)",0,160.202097790541
"Oracle",100,9.19117599345807,11.9093430221925,4,"All sims (days 2-365)",0,21.1005190156505
"Oracle",101,7.48663070529137,9.03305454625638,4,"All sims (days 2-365)",0,16.5196852515477
"Oracle",102,9.99999955555558,12.7656943058774,4,"All sims (days 2-365)",0,22.765693861433
"Oracle",103,18.2890011948384,13.2629360253823,4,"All sims (days 2-365)",5.02606516945607,31.5519372202207
"Oracle",104,25.1070530013051,19.3871811293061,4,"All sims (days 2-365)",5.71987187199909,44.4942341306112
"Oracle",105,11.6113046289087,10.9411705475044,4,"All sims (days 2-365)",0.670134081404356,22.5524751764131
"Oracle",106,22.1794857891848,18.0746488444875,4,"All sims (days 2-365)",4.1048369446973,40.2541346336724
"Oracle",107,13.247862450386,9.40170896052352,4,"All sims (days 2-365)",3.84615348986249,22.6495714109095
"Oracle",108,31.3725473609052,36.3671294572843,4,"All sims (days 2-365)",0,67.7396768181895
"Oracle",109,8.86699450423455,13.532608399039,4,"All sims (days 2-365)",0,22.3996029032735
"Oracle",110,4.54545413223144,9.09090826446289,4,"All sims (days 2-365)",0,13.6363623966943
"Oracle",111,70.2856630253562,89.5933924318846,4,"All sims (days 2-365)",0,159.879055457241
"Oracle",112,31.7099545818811,23.6406826814797,4,"All sims (days 2-365)",8.06927190040143,55.3506372633608
"Oracle",113,81.6666131389394,84.3931667785621,4,"All sims (days 2-365)",0,166.059779917502
"Oracle",114,34.7268633866579,28.4682819334366,4,"All sims (days 2-365)",6.25858145322133,63.1951453200945
"Oracle",115,60.9889973206771,93.4065691711657,4,"All sims (days 2-365)",0,154.395566491843
"Oracle",116,30.5128165871143,29.1947547285111,4,"All sims (days 2-365)",1.31806185860318,59.7075713156254
"Oracle",117,40.9722176552861,35.816098951097,4,"All sims (days 2-365)",5.15611870418906,76.7883166063831
"Oracle",118,25.1082229287309,44.0963823608392,4,"All sims (days 2-365)",0,69.2046052895701
"Oracle",119,32.3809462675749,58.5849652341932,4,"All sims (days 2-365)",0,90.9659115017681
"Oracle",120,25.0375905490423,17.3784512859681,4,"All sims (days 2-365)",7.65913926307421,42.4160418350105
"Oracle",121,34.5238021400244,45.2380834392559,4,"All sims (days 2-365)",0,79.7618855792803
"Oracle",122,59.9999813333393,95.2190136008256,4,"All sims (days 2-365)",0,155.218994934165
"Oracle",123,24.9999937500016,49.9999875000031,4,"All sims (days 2-365)",0,74.9999812500047
"Oracle",124,27.6315725588658,48.5001137597794,4,"All sims (days 2-365)",0,76.1316863186452
"Oracle",125,34.9999930833349,47.2581447066168,4,"All sims (days 2-365)",0,82.2581377899517
"Oracle",126,56.2499746093875,96.5552024278997,4,"All sims (days 2-365)",0,152.805177037287
"Oracle",127,48.0952315895701,37.1428513507771,4,"All sims (days 2-365)",10.952380238793,85.2380829403472
"Oracle",128,69.9999692222366,91.327608952844,4,"All sims (days 2-365)",0,161.327578175081
"Oracle",129,29.6078354086912,29.8683414300465,4,"All sims (days 2-365)",0,59.4761768387377
"Oracle",130,41.4285625895715,41.2466270095312,4,"All sims (days 2-365)",0.18193558004026,82.6751895991027
"Oracle",131,49.3939297722706,38.9438097579026,4,"All sims (days 2-365)",10.450120014368,88.3377395301731
"Oracle",132,39.3939317722702,46.5523910838022,4,"All sims (days 2-365)",0,85.9463228560724
"Oracle",133,39.5833218316009,32.8964304849049,4,"All sims (days 2-365)",6.68689134669602,72.4797523165059
"Oracle",134,16.2499976093754,19.7378620309324,4,"All sims (days 2-365)",0,35.9878596403078
"Oracle",135,70.3006991464128,89.1021430218671,4,"All sims (days 2-365)",0,159.40284216828
"Oracle",136,53.8461035503459,97.7053306017998,4,"All sims (days 2-365)",0,151.551434152146
"Oracle",137,103.333233111211,111.753582334006,4,"All sims (days 2-365)",0,200
"Oracle",138,91.6666085648666,83.3332465741701,4,"All sims (days 2-365)",8.33336199069653,174.999855139037
"Oracle",139,66.666614814865,94.2808098774011,4,"All sims (days 2-365)",0,160.947424692266
"Oracle",140,3.84615355029588,7.69230710059176,4,"All sims (days 2-365)",0,11.5384606508876
"Oracle",141,4.54545413223144,9.09090826446289,4,"All sims (days 2-365)",0,13.6363623966943
"Oracle",142,54.5454041322814,97.3476484985571,4,"All sims (days 2-365)",0,151.893052630839
"Oracle",143,62.4999492188001,94.648375718075,4,"All sims (days 2-365)",0,157.148324936875
"Oracle",144,20.5128146614088,31.6123687516399,4,"All sims (days 2-365)",0,52.1251834130488
"Oracle",145,61.5384106509376,94.83704136644,4,"All sims (days 2-365)",0,156.375452017378
"Oracle",146,16.666661111113,33.3333222222259,4,"All sims (days 2-365)",0,49.9999833333389
"Oracle",147,11.5384606508876,23.0769213017753,4,"All sims (days 2-365)",0,34.6153819526629
"Oracle",148,5.55555493827167,11.1111098765433,4,"All sims (days 2-365)",0,16.666664814815
"Oracle",149,99.9999638889042,86.0662578525749,4,"All sims (days 2-365)",13.9337060363292,186.066221741479
"Oracle",150,99.9999388889417,86.0662191228127,4,"All sims (days 2-365)",13.933719766129,186.066158011754
"Oracle",151,112.4998984376,103.077528720471,4,"All sims (days 2-365)",9.42236971712902,200
"Oracle",152,57.1428061224991,96.1856627072214,4,"All sims (days 2-365)",0,153.32846882972
"Oracle",153,57.1428061224991,96.1856627072214,4,"All sims (days 2-365)",0,153.32846882972
"Oracle",154,49.99995000005,99.9999000001,4,"All sims (days 2-365)",0,149.99985000015
"Oracle",155,29.9999940000012,59.9999880000024,4,"All sims (days 2-365)",0,89.9999820000036
"Oracle",156,5.55555493827167,11.1111098765433,4,"All sims (days 2-365)",0,16.666664814815
"Oracle",157,5.55555493827167,11.1111098765433,4,"All sims (days 2-365)",0,16.666664814815
"Oracle",158,7.14285612244912,14.2857122448982,4,"All sims (days 2-365)",0,21.4285683673474
"Oracle",159,19.9999980000002,39.9999960000004,4,"All sims (days 2-365)",0,59.9999940000006
"Oracle",160,7.14285612244912,14.2857122448982,4,"All sims (days 2-365)",0,21.4285683673474
"Oracle",161,109.9998980001,105.198113291241,4,"All sims (days 2-365)",4.80178470885957,200
"Oracle",162,59.9999730000129,95.2189972642383,4,"All sims (days 2-365)",0,155.218970264251
"Oracle",163,124.999893750102,95.742608505122,4,"All sims (days 2-365)",29.2572852449796,200
"Oracle",164,57.1428311224616,96.1857122145236,4,"All sims (days 2-365)",0,153.328543336985
"Oracle",165,74.9999437500516,95.7426215609298,4,"All sims (days 2-365)",0,170.742565310981
"Oracle",166,112.4998984376,103.077528720471,4,"All sims (days 2-365)",9.42236971712902,200
"Oracle",167,59.9999480000504,95.2189482545101,4,"All sims (days 2-365)",0,155.21889625456
"Oracle",168,49.99995000005,99.9999000001,4,"All sims (days 2-365)",0,149.99985000015
"Oracle",169,0,0,4,"All sims (days 2-365)",0,0
"Oracle",170,5.55555432098793,11.1111086419759,4,"All sims (days 2-365)",0,16.6666629629638
"Oracle",171,49.9999750000125,99.999950000025,4,"All sims (days 2-365)",0,149.999925000037
"Oracle",172,116.666561111213,99.9998925927047,4,"All sims (days 2-365)",16.6666685185083,200
"Oracle",173,9.9999980000004,19.9999960000008,4,"All sims (days 2-365)",0,29.9999940000012
"Oracle",174,66.666611111163,94.2808098773991,4,"All sims (days 2-365)",0,160.947420988562
"Oracle",175,9.9999980000004,19.9999960000008,4,"All sims (days 2-365)",0,29.9999940000012
"Oracle",176,0,0,4,"All sims (days 2-365)",0,0
"Oracle",177,16.6666638888894,33.3333277777787,4,"All sims (days 2-365)",0,49.9999916666681
"Oracle",178,9.9999980000004,19.9999960000008,4,"All sims (days 2-365)",0,29.9999940000012
"Oracle",179,59.9999480000504,95.2189482545101,4,"All sims (days 2-365)",0,155.21889625456
"Oracle",180,49.99995000005,99.9999000001,4,"All sims (days 2-365)",0,149.99985000015
"Oracle",181,49.9999750000125,99.999950000025,4,"All sims (days 2-365)",0,149.999925000037
"Oracle",182,49.9999750000125,99.999950000025,4,"All sims (days 2-365)",0,149.999925000037
"Oracle",183,9.9999980000004,19.9999960000008,4,"All sims (days 2-365)",0,29.9999940000012
"Oracle",184,99.9999250000625,115.469967235464,4,"All sims (days 2-365)",0,200
"Oracle",185,49.9999750000125,99.999950000025,4,"All sims (days 2-365)",0,149.999925000037
"Oracle",186,49.99995000005,99.9999000001,4,"All sims (days 2-365)",0,149.99985000015
"Oracle",187,49.99995000005,99.9999000001,4,"All sims (days 2-365)",0,149.99985000015
"Oracle",188,49.99995000005,99.9999000001,4,"All sims (days 2-365)",0,149.99985000015
"Oracle",189,66.666611111163,94.2808098773991,4,"All sims (days 2-365)",0,160.947420988562
"Oracle",190,0,0,4,"All sims (days 2-365)",0,0
"Oracle",191,0,0,4,"All sims (days 2-365)",0,0
"Oracle",192,0,0,4,"All sims (days 2-365)",0,0
"Oracle",193,66.666611111163,94.2808098773991,4,"All sims (days 2-365)",0,160.947420988562
"Oracle",194,24.9999937500016,49.9999875000031,4,"All sims (days 2-365)",0,74.9999812500047
"Oracle",195,79.9999440000512,97.9795047957759,4,"All sims (days 2-365)",0,177.979448795827
"Oracle",196,0,0,4,"All sims (days 2-365)",0,0
"Oracle",197,24.9999937500016,49.9999875000031,4,"All sims (days 2-365)",0,74.9999812500047
"Oracle",198,49.99995000005,99.9999000001,4,"All sims (days 2-365)",0,149.99985000015
"Oracle",199,16.666661111113,33.3333222222259,4,"All sims (days 2-365)",0,49.9999833333389
"Oracle",200,0,0,4,"All sims (days 2-365)",0,0
"Oracle",201,49.99995000005,99.9999000001,4,"All sims (days 2-365)",0,149.99985000015
"Oracle",202,24.9999937500016,49.9999875000031,4,"All sims (days 2-365)",0,74.9999812500047
"Oracle",203,0,0,4,"All sims (days 2-365)",0,0
"Oracle",204,0,0,4,"All sims (days 2-365)",0,0
"Oracle",205,49.99995000005,99.9999000001,4,"All sims (days 2-365)",0,149.99985000015
"Oracle",206,0,0,4,"All sims (days 2-365)",0,0
"Oracle",207,16.666661111113,33.3333222222259,4,"All sims (days 2-365)",0,49.9999833333389
"Oracle",208,99.9999000001,115.469938367987,4,"All sims (days 2-365)",0,200
"Oracle",209,0,0,4,"All sims (days 2-365)",0,0
"Oracle",210,0,0,4,"All sims (days 2-365)",0,0
"Oracle",211,99.9999000001,115.469938367987,4,"All sims (days 2-365)",0,200
"Oracle",212,0,0,4,"All sims (days 2-365)",0,0
"Oracle",213,0,0,4,"All sims (days 2-365)",0,0
"Oracle",214,49.9999750000125,99.999950000025,4,"All sims (days 2-365)",0,149.999925000037
"Oracle",215,16.666661111113,33.3333222222259,4,"All sims (days 2-365)",0,49.9999833333389
"Oracle",216,49.99995000005,99.9999000001,4,"All sims (days 2-365)",0,149.99985000015
"Oracle",217,49.99995000005,99.9999000001,4,"All sims (days 2-365)",0,149.99985000015
"Oracle",218,0,0,4,"All sims (days 2-365)",0,0
"Oracle",219,0,0,4,"All sims (days 2-365)",0,0
"Oracle",220,49.99995000005,99.9999000001,4,"All sims (days 2-365)",0,149.99985000015
"Oracle",221,0,0,4,"All sims (days 2-365)",0,0
"Oracle",222,0,0,4,"All sims (days 2-365)",0,0
"Oracle",223,49.9999750000125,99.999950000025,4,"All sims (days 2-365)",0,149.999925000037
"Oracle",224,0,0,4,"All sims (days 2-365)",0,0
"Oracle",225,49.9999750000125,99.999950000025,4,"All sims (days 2-365)",0,149.999925000037
"Oracle",226,0,0,4,"All sims (days 2-365)",0,0
"Oracle",227,0,0,4,"All sims (days 2-365)",0,0
"Oracle",228,0,0,4,"All sims (days 2-365)",0,0
"Oracle",229,49.99995000005,99.9999000001,4,"All sims (days 2-365)",0,149.99985000015
"Oracle",230,0,0,4,"All sims (days 2-365)",0,0
"Oracle",231,0,0,4,"All sims (days 2-365)",0,0
"Oracle",232,49.99995000005,99.9999000001,4,"All sims (days 2-365)",0,149.99985000015
"Oracle",233,0,0,4,"All sims (days 2-365)",0,0
"Oracle",234,0,0,4,"All sims (days 2-365)",0,0
"Oracle",235,49.99995000005,99.9999000001,4,"All sims (days 2-365)",0,149.99985000015
"Oracle",236,0,0,4,"All sims (days 2-365)",0,0
"Oracle",237,49.99995000005,99.9999000001,4,"All sims (days 2-365)",0,149.99985000015
"Oracle",238,0,0,4,"All sims (days 2-365)",0,0
"Oracle",239,0,0,4,"All sims (days 2-365)",0,0
"Oracle",240,49.99995000005,99.9999000001,4,"All sims (days 2-365)",0,149.99985000015
"Oracle",241,0,0,4,"All sims (days 2-365)",0,0
"Oracle",242,0,0,4,"All sims (days 2-365)",0,0
"Oracle",243,49.9999750000125,99.999950000025,4,"All sims (days 2-365)",0,149.999925000037
"Oracle",244,49.99995000005,99.9999000001,4,"All sims (days 2-365)",0,149.99985000015
"Oracle",245,0,0,4,"All sims (days 2-365)",0,0
"Oracle",246,0,0,4,"All sims (days 2-365)",0,0
"Oracle",247,0,0,4,"All sims (days 2-365)",0,0
"Oracle",248,0,0,4,"All sims (days 2-365)",0,0
"Oracle",249,0,0,4,"All sims (days 2-365)",0,0
"Oracle",250,0,0,4,"All sims (days 2-365)",0,0
"Oracle",251,0,0,4,"All sims (days 2-365)",0,0
"Oracle",252,0,0,4,"All sims (days 2-365)",0,0
"Oracle",253,49.99995000005,99.9999000001,4,"All sims (days 2-365)",0,149.99985000015
"Oracle",254,0,0,4,"All sims (days 2-365)",0,0
"Oracle",255,0,0,4,"All sims (days 2-365)",0,0
"Oracle",256,0,0,4,"All sims (days 2-365)",0,0
"Oracle",257,0,0,4,"All sims (days 2-365)",0,0
"Oracle",258,49.99995000005,99.9999000001,4,"All sims (days 2-365)",0,149.99985000015
"Oracle",259,0,0,4,"All sims (days 2-365)",0,0
"Oracle",260,0,0,4,"All sims (days 2-365)",0,0
"Oracle",261,0,0,4,"All sims (days 2-365)",0,0
"Oracle",262,0,0,4,"All sims (days 2-365)",0,0
"Oracle",263,0,0,4,"All sims (days 2-365)",0,0
"Oracle",264,0,0,4,"All sims (days 2-365)",0,0
"Oracle",265,49.99995000005,99.9999000001,4,"All sims (days 2-365)",0,149.99985000015
"Oracle",266,0,0,4,"All sims (days 2-365)",0,0
"Oracle",267,0,0,4,"All sims (days 2-365)",0,0
"Oracle",268,0,0,4,"All sims (days 2-365)",0,0
"Oracle",269,0,0,4,"All sims (days 2-365)",0,0
"Oracle",270,0,0,4,"All sims (days 2-365)",0,0
"Oracle",271,0,0,4,"All sims (days 2-365)",0,0
"Oracle",272,0,0,4,"All sims (days 2-365)",0,0
"Oracle",273,0,0,4,"All sims (days 2-365)",0,0
"Oracle",274,0,0,4,"All sims (days 2-365)",0,0
"Oracle",275,0,0,4,"All sims (days 2-365)",0,0
"Oracle",276,0,0,4,"All sims (days 2-365)",0,0
"Oracle",277,0,0,4,"All sims (days 2-365)",0,0
"Oracle",278,0,0,4,"All sims (days 2-365)",0,0
"Oracle",279,0,0,4,"All sims (days 2-365)",0,0
"Oracle",280,0,0,4,"All sims (days 2-365)",0,0
"Oracle",281,0,0,4,"All sims (days 2-365)",0,0
"Oracle",282,0,0,4,"All sims (days 2-365)",0,0
"Oracle",283,0,0,4,"All sims (days 2-365)",0,0
"Oracle",284,0,0,4,"All sims (days 2-365)",0,0
"Oracle",285,0,0,4,"All sims (days 2-365)",0,0
"Oracle",286,0,0,4,"All sims (days 2-365)",0,0
"Oracle",287,0,0,4,"All sims (days 2-365)",0,0
"Oracle",288,0,0,4,"All sims (days 2-365)",0,0
"Oracle",289,0,0,4,"All sims (days 2-365)",0,0
"Oracle",290,0,0,4,"All sims (days 2-365)",0,0
"Oracle",291,0,0,4,"All sims (days 2-365)",0,0
"Oracle",292,0,0,4,"All sims (days 2-365)",0,0
"Oracle",293,0,0,4,"All sims (days 2-365)",0,0
"Oracle",294,0,0,4,"All sims (days 2-365)",0,0
"Oracle",295,0,0,4,"All sims (days 2-365)",0,0
"Oracle",296,0,0,4,"All sims (days 2-365)",0,0
"Oracle",297,0,0,4,"All sims (days 2-365)",0,0
"Oracle",298,0,0,4,"All sims (days 2-365)",0,0
"Oracle",299,0,0,4,"All sims (days 2-365)",0,0
"Oracle",300,0,0,4,"All sims (days 2-365)",0,0
"Oracle",301,0,0,4,"All sims (days 2-365)",0,0
"Oracle",302,0,0,4,"All sims (days 2-365)",0,0
"Oracle",303,0,0,4,"All sims (days 2-365)",0,0
"Oracle",304,0,0,4,"All sims (days 2-365)",0,0
"Oracle",305,0,0,4,"All sims (days 2-365)",0,0
"Oracle",306,0,0,4,"All sims (days 2-365)",0,0
"Oracle",307,0,0,4,"All sims (days 2-365)",0,0
"Oracle",308,0,0,4,"All sims (days 2-365)",0,0
"Oracle",309,0,0,4,"All sims (days 2-365)",0,0
"Oracle",310,0,0,4,"All sims (days 2-365)",0,0
"Oracle",311,0,0,4,"All sims (days 2-365)",0,0
"Oracle",312,0,0,4,"All sims (days 2-365)",0,0
"Oracle",313,0,0,4,"All sims (days 2-365)",0,0
"Oracle",314,0,0,4,"All sims (days 2-365)",0,0
"Oracle",315,49.99995000005,99.9999000001,4,"All sims (days 2-365)",0,149.99985000015
"Oracle",316,0,0,4,"All sims (days 2-365)",0,0
"Oracle",317,0,0,4,"All sims (days 2-365)",0,0
"Oracle",318,0,0,4,"All sims (days 2-365)",0,0
"Oracle",319,0,0,4,"All sims (days 2-365)",0,0
"Oracle",320,0,0,4,"All sims (days 2-365)",0,0
"Oracle",321,0,0,4,"All sims (days 2-365)",0,0
"Oracle",322,0,0,4,"All sims (days 2-365)",0,0
"Oracle",323,0,0,4,"All sims (days 2-365)",0,0
"Oracle",324,0,0,4,"All sims (days 2-365)",0,0
"Oracle",325,0,0,4,"All sims (days 2-365)",0,0
"Oracle",326,0,0,4,"All sims (days 2-365)",0,0
"Oracle",327,0,0,4,"All sims (days 2-365)",0,0
"Oracle",328,0,0,4,"All sims (days 2-365)",0,0
"Oracle",329,0,0,4,"All sims (days 2-365)",0,0
"Oracle",330,0,0,4,"All sims (days 2-365)",0,0
"Oracle",331,0,0,4,"All sims (days 2-365)",0,0
"Oracle",332,0,0,4,"All sims (days 2-365)",0,0
"Oracle",333,0,0,4,"All sims (days 2-365)",0,0
"Oracle",334,0,0,4,"All sims (days 2-365)",0,0
"Oracle",335,0,0,4,"All sims (days 2-365)",0,0
"Oracle",336,0,0,4,"All sims (days 2-365)",0,0
"Oracle",337,0,0,4,"All sims (days 2-365)",0,0
"Oracle",338,0,0,4,"All sims (days 2-365)",0,0
"Oracle",339,0,0,4,"All sims (days 2-365)",0,0
"Oracle",340,0,0,4,"All sims (days 2-365)",0,0
"Oracle",341,0,0,4,"All sims (days 2-365)",0,0
"Oracle",342,0,0,4,"All sims (days 2-365)",0,0
"Oracle",343,0,0,4,"All sims (days 2-365)",0,0
"Oracle",344,0,0,4,"All sims (days 2-365)",0,0
"Oracle",345,0,0,4,"All sims (days 2-365)",0,0
"Oracle",346,0,0,4,"All sims (days 2-365)",0,0
"Oracle",347,0,0,4,"All sims (days 2-365)",0,0
"Oracle",348,0,0,4,"All sims (days 2-365)",0,0
"Oracle",349,0,0,4,"All sims (days 2-365)",0,0
"Oracle",350,0,0,4,"All sims (days 2-365)",0,0
"Oracle",351,0,0,4,"All sims (days 2-365)",0,0
"Oracle",352,0,0,4,"All sims (days 2-365)",0,0
"Oracle",353,0,0,4,"All sims (days 2-365)",0,0
"Oracle",354,0,0,4,"All sims (days 2-365)",0,0
"Oracle",355,0,0,4,"All sims (days 2-365)",0,0
"Oracle",356,0,0,4,"All sims (days 2-365)",0,0
"Oracle",357,0,0,4,"All sims (days 2-365)",0,0
"Oracle",358,0,0,4,"All sims (days 2-365)",0,0
"Oracle",359,0,0,4,"All sims (days 2-365)",0,0
"Oracle",360,0,0,4,"All sims (days 2-365)",0,0
"Oracle",361,0,0,4,"All sims (days 2-365)",0,0
"Oracle",362,0,0,4,"All sims (days 2-365)",0,0
"Oracle",363,0,0,4,"All sims (days 2-365)",0,0
"Oracle",364,0,0,4,"All sims (days 2-365)",0,0
"Oracle",365,0,0,4,"All sims (days 2-365)",0,0
"ABC",2,7.4029465205583,4.62708716779867,4,"All sims (days 2-365)",2.77585935275963,12.030033688357
"ABC",3,8.15875543256947,5.1417608329315,4,"All sims (days 2-365)",3.01699459963798,13.300516265501
"ABC",4,4.60395833698058,3.99660912983032,4,"All sims (days 2-365)",0.607349207150266,8.6005674668109
"ABC",5,9.61513561622484,8.62343160273078,4,"All sims (days 2-365)",0.991704013494054,18.2385672189556
"ABC",6,10.2264133415528,9.92316941292506,4,"All sims (days 2-365)",0.303243928627735,20.1495827544779
"ABC",7,11.4212611078502,6.93716187928919,4,"All sims (days 2-365)",4.48409922856106,18.3584229871394
"ABC",8,19.6517254127876,12.2245214697981,4,"All sims (days 2-365)",7.42720394298955,31.8762468825857
"ABC",9,18.7787451909922,17.9268843328362,4,"All sims (days 2-365)",0.851860858155945,36.7056295238284
"ABC",10,12.1447096796785,8.36941642834044,4,"All sims (days 2-365)",3.7752932513381,20.514126108019
"ABC",11,19.8041174725533,15.3207332449768,4,"All sims (days 2-365)",4.48338422757653,35.1248507175301
"ABC",12,21.1020758290099,14.7138095834043,4,"All sims (days 2-365)",6.3882662456056,35.8158854124142
"ABC",13,21.2110755386971,18.2222695275383,4,"All sims (days 2-365)",2.98880601115881,39.4333450662355
"ABC",14,18.4654340458639,24.420350598358,4,"All sims (days 2-365)",0,42.8857846442219
"ABC",15,20.505225489221,17.3027672885551,4,"All sims (days 2-365)",3.20245820066589,37.807992777776
"ABC",16,25.8715914566216,19.4530597212346,4,"All sims (days 2-365)",6.41853173538702,45.3246511778562
"ABC",17,22.0113650354389,19.1548264836723,4,"All sims (days 2-365)",2.85653855176652,41.1661915191112
"ABC",18,17.782458670055,24.5052397878373,4,"All sims (days 2-365)",0,42.2876984578923
"ABC",19,19.5976688596467,21.7935034650682,4,"All sims (days 2-365)",0,41.3911723247149
"ABC",20,22.8004671109715,21.3232007524288,4,"All sims (days 2-365)",1.47726635854266,44.1236678634003
"ABC",21,18.7434001899883,14.3099273636195,4,"All sims (days 2-365)",4.43347282636883,33.0533275536079
"ABC",22,15.3636089723767,8.1426678422113,4,"All sims (days 2-365)",7.22094113016538,23.506276814588
"ABC",23,15.1759362337659,16.0517976707063,4,"All sims (days 2-365)",0,31.2277339044722
"ABC",24,15.3808506748573,12.2372224137237,4,"All sims (days 2-365)",3.14362826113362,27.618073088581
"ABC",25,12.7565919644552,9.6740748289817,4,"All sims (days 2-365)",3.08251713547347,22.4306667934369
"ABC",26,15.7252827821463,13.4314382134852,4,"All sims (days 2-365)",2.29384456866109,29.1567209956316
"ABC",27,13.1307898332317,3.96980659675673,4,"All sims (days 2-365)",9.16098323647497,17.1005964299884
"ABC",28,15.373056517062,13.3594273016988,4,"All sims (days 2-365)",2.01362921536322,28.7324838187607
"ABC",29,14.7158482067867,8.9958542464501,4,"All sims (days 2-365)",5.71999396033659,23.7117024532368
"ABC",30,16.4127065153621,7.6034762016008,4,"All sims (days 2-365)",8.80923031376125,24.0161827169629
"ABC",31,10.3353972731405,7.43861813784953,4,"All sims (days 2-365)",2.89677913529094,17.77401541099
"ABC",32,6.44528407793213,6.37482892919133,4,"All sims (days 2-365)",0.0704551487408009,12.8201130071235
"ABC",33,8.37464926912386,8.8242217386867,4,"All sims (days 2-365)",0,17.1988710078106
"ABC",34,7.98717857527471,7.84710850121169,4,"All sims (days 2-365)",0.14007007406302,15.8342870764864
"ABC",35,6.24898589398304,6.95665001321242,4,"All sims (days 2-365)",0,13.2056359071955
"ABC",36,10.7807679758734,3.97991225784046,4,"All sims (days 2-365)",6.80085571803298,14.7606802337139
"ABC",37,10.8558899427443,8.05577963488979,4,"All sims (days 2-365)",2.80011030785446,18.911669577634
"ABC",38,11.406096099631,1.06298809990569,4,"All sims (days 2-365)",10.3431079997254,12.4690841995367
"ABC",39,20.3194989939383,9.31488048281805,4,"All sims (days 2-365)",11.0046185111203,29.6343794767564
"ABC",40,10.2485054400015,5.95359081774142,4,"All sims (days 2-365)",4.29491462226009,16.2020962577429
"ABC",41,5.80070083318485,1.63711386726715,4,"All sims (days 2-365)",4.1635869659177,7.437814700452
"ABC",42,13.8441060586674,13.8327160642239,4,"All sims (days 2-365)",0.0113899944435012,27.6768221228913
"ABC",43,22.6352070367435,10.5558245600069,4,"All sims (days 2-365)",12.0793824767366,33.1910315967503
"ABC",44,15.9832700845541,9.98326300970286,4,"All sims (days 2-365)",6.00000707485124,25.966533094257
"ABC",45,17.1429750595069,12.8239383519635,4,"All sims (days 2-365)",4.31903670754342,29.9669134114704
"ABC",46,13.6805284529565,14.7390090981063,4,"All sims (days 2-365)",0,28.4195375510628
"ABC",47,24.8659683967188,18.8865448155309,4,"All sims (days 2-365)",5.9794235811879,43.7525132122497
"ABC",48,17.7449565732113,12.1675168537053,4,"All sims (days 2-365)",5.57743971950594,29.9124734269166
"ABC",49,20.0734104302819,20.3898362255987,4,"All sims (days 2-365)",0,40.4632466558806
"ABC",50,18.1609702854636,14.3772178305688,4,"All sims (days 2-365)",3.78375245489474,32.5381881160324
"ABC",51,7.84806716802124,5.99129253867073,4,"All sims (days 2-365)",1.85677462935051,13.839359706692
"ABC",52,13.9158496441034,16.5644910163976,4,"All sims (days 2-365)",0,30.480340660501
"ABC",53,22.3275728088348,21.315761236871,4,"All sims (days 2-365)",1.01181157196383,43.6433340457057
"ABC",54,16.2068758941844,8.57506217237346,4,"All sims (days 2-365)",7.63181372181091,24.7819380665578
"ABC",55,21.0941368014295,15.4423184103013,4,"All sims (days 2-365)",5.65181839112816,36.5364552117308
"ABC",56,30.6432619860626,18.5629386012407,4,"All sims (days 2-365)",12.0803233848219,49.2062005873034
"ABC",57,16.4441107926862,17.4860624986729,4,"All sims (days 2-365)",0,33.9301732913591
"ABC",58,25.8692181712938,17.7440798744237,4,"All sims (days 2-365)",8.12513829687011,43.6132980457175
"ABC",59,29.163456981935,12.1449333509696,4,"All sims (days 2-365)",17.0185236309654,41.3083903329047
"ABC",60,23.3288660238865,24.2653775861485,4,"All sims (days 2-365)",0,47.594243610035
"ABC",61,25.818018592766,30.5471164779323,4,"All sims (days 2-365)",0,56.3651350706983
"ABC",62,23.7332077950948,18.4151275611705,4,"All sims (days 2-365)",5.31808023392437,42.1483353562653
"ABC",63,36.1188805171178,18.4227799409129,4,"All sims (days 2-365)",17.6961005762049,54.5416604580307
"ABC",64,30.31675075206,30.7505404740726,4,"All sims (days 2-365)",0,61.0672912261326
"ABC",65,19.3729662445529,18.9698432614287,4,"All sims (days 2-365)",0.403122983124295,38.3428095059816
"ABC",66,39.5869434769173,23.9230584508664,4,"All sims (days 2-365)",15.6638850260509,63.5100019277837
"ABC",67,33.1966763883706,8.46848584151043,4,"All sims (days 2-365)",24.7281905468602,41.665162229881
"ABC",68,24.3376064862973,24.6311451524502,4,"All sims (days 2-365)",0,48.9687516387475
"ABC",69,42.4002426413482,31.0373559908914,4,"All sims (days 2-365)",11.3628866504568,73.4375986322396
"ABC",70,44.3880522876919,8.3333995181592,4,"All sims (days 2-365)",36.0546527695327,52.7214518058511
"ABC",71,44.4113536827432,27.9497132979566,4,"All sims (days 2-365)",16.4616403847866,72.3610669806998
"ABC",72,32.2135945350102,25.2280069121386,4,"All sims (days 2-365)",6.98558762287165,57.4416014471488
"ABC",73,32.6625381731909,32.1807719175163,4,"All sims (days 2-365)",0.481766255674593,64.8433100907072
"ABC",74,46.62207160816,33.0430750476676,4,"All sims (days 2-365)",13.5789965604924,79.6651466558276
"ABC",75,37.3268546499617,31.292096175967,4,"All sims (days 2-365)",6.03475847399465,68.6189508259287
"ABC",76,42.0036302808665,25.8048635381224,4,"All sims (days 2-365)",16.1987667427441,67.8084938189889
"ABC",77,45.8062992383141,29.24952045766,4,"All sims (days 2-365)",16.5567787806541,75.0558196959741
"ABC",78,37.3903102824032,29.9194261528991,4,"All sims (days 2-365)",7.47088412950412,67.3097364353022
"ABC",79,34.9013021743538,21.5952930739829,4,"All sims (days 2-365)",13.3060091003709,56.4965952483366
"ABC",80,36.4329110007155,25.0195004484378,4,"All sims (days 2-365)",11.4134105522776,61.4524114491533
"ABC",81,43.7899215460656,28.5349667586092,4,"All sims (days 2-365)",15.2549547874564,72.3248883046748
"ABC",82,41.0506415566077,39.5538370773141,4,"All sims (days 2-365)",1.49680447929354,80.6044786339218
"ABC",83,84.9900534011241,77.9303596850272,4,"All sims (days 2-365)",7.05969371609689,162.920413086151
"ABC",84,38.2270112038253,19.3524823701878,4,"All sims (days 2-365)",18.8745288336374,57.5794935740131
"ABC",85,45.97222103723,40.7122153229978,4,"All sims (days 2-365)",5.26000571423221,86.6844363602277
"ABC",86,88.5737560512462,44.062106805702,4,"All sims (days 2-365)",44.5116492455441,132.635862856948
"ABC",87,45.3033322036517,24.0511800067706,4,"All sims (days 2-365)",21.2521521968811,69.3545122104223
"ABC",88,45.1768140983396,28.6930031489738,4,"All sims (days 2-365)",16.4838109493658,73.8698172473134
"ABC",89,59.3735573066125,28.03434739296,4,"All sims (days 2-365)",31.3392099136525,87.4079046995725
"ABC",90,77.6092332234924,89.4424084296317,4,"All sims (days 2-365)",0,167.051641653124
"ABC",91,60.685528764152,94.4377508928477,4,"All sims (days 2-365)",0,155.123279657
"ABC",92,40.6786595084213,18.1503040909998,4,"All sims (days 2-365)",22.5283554174215,58.8289635994211
"ABC",93,55.9962486417794,28.3702449826401,4,"All sims (days 2-365)",27.6260036591393,84.3664936244195
"ABC",94,36.9393922418152,37.65197366877,4,"All sims (days 2-365)",0,74.5913659105852
"ABC",95,90.5881834291158,75.3552714099721,4,"All sims (days 2-365)",15.2329120191438,165.943454839088
"ABC",96,88.5962048633415,85.3410215716794,4,"All sims (days 2-365)",3.25518329166214,173.937226435021
"ABC",97,24.1700388623374,22.3920906987295,4,"All sims (days 2-365)",1.77794816360788,46.5621295610669
"ABC",98,96.7902187832433,72.5750609661294,4,"All sims (days 2-365)",24.2151578171139,169.365279749373
"ABC",99,82.7188754477394,85.6675816746663,4,"All sims (days 2-365)",0,168.386457122406
"ABC",100,31.8498145536337,32.9873943839733,4,"All sims (days 2-365)",0,64.837208937607
"ABC",101,35.3146828100806,33.6125335974048,4,"All sims (days 2-365)",1.70214921267574,68.9272164074854
"ABC",102,31.8414894920264,24.2278937667404,4,"All sims (days 2-365)",7.61359572528602,56.0693832587668
"ABC",103,54.8387059499036,54.0173904902357,4,"All sims (days 2-365)",0.821315459667957,108.856096440139
"ABC",104,51.4285681201816,45.4223449552913,4,"All sims (days 2-365)",6.00622316489029,96.850913075473
"ABC",105,36.5151483859048,45.8377744891363,4,"All sims (days 2-365)",0,82.3529228750411
"ABC",106,39.1666628523152,28.3333301245647,4,"All sims (days 2-365)",10.8333327277506,67.4999929768799
"ABC",107,39.1919157464888,35.2373233708161,4,"All sims (days 2-365)",3.95459237567263,74.4292391173049
"ABC",108,63.4199087007994,47.2813653205713,4,"All sims (days 2-365)",16.1385433802281,110.701274021371
"ABC",109,41.1180733475537,44.6978126356036,4,"All sims (days 2-365)",0,85.8158859831573
"ABC",110,29.1666632523152,34.3592095887676,4,"All sims (days 2-365)",0,63.5258728410829
"ABC",111,100.31812712317,79.6227709752311,4,"All sims (days 2-365)",20.6953561479393,179.940898098401
"ABC",112,68.6868622946644,60.5386767639167,4,"All sims (days 2-365)",8.14818553074777,129.225539058581
"ABC",113,86.4285176173974,83.7999635766473,4,"All sims (days 2-365)",2.62855404075016,170.228481194045
"ABC",114,36.5217358468812,56.9946711085449,4,"All sims (days 2-365)",0,93.5164069554261
"ABC",115,63.8461266982378,92.2520716206171,4,"All sims (days 2-365)",0,156.098198318855
"ABC",116,28.8461505732253,47.9870894468975,4,"All sims (days 2-365)",0,76.8332400201228
"ABC",117,40.1785671954724,46.5999532393756,4,"All sims (days 2-365)",0,86.778520434848
"ABC",118,49.0476131564634,55.7149578862113,4,"All sims (days 2-365)",0,104.762571042675
"ABC",119,27.3809460175753,48.6204110771729,4,"All sims (days 2-365)",0,76.0013570947481
"ABC",120,32.8947301765944,47.14860096321,4,"All sims (days 2-365)",0,80.0433311398044
"ABC",121,29.9999940000012,59.9999880000024,4,"All sims (days 2-365)",0,89.9999820000036
"ABC",122,67.8861232467965,93.1558799741403,4,"All sims (days 2-365)",0,161.042003220937
"ABC",123,24.9999937500016,49.9999875000031,4,"All sims (days 2-365)",0,74.9999812500047
"ABC",124,16.666661111113,33.3333222222259,4,"All sims (days 2-365)",0,49.9999833333389
"ABC",125,26.6666604444463,32.6598538020409,4,"All sims (days 2-365)",0,59.3265142464872
"ABC",126,81.2499433594266,89.8493215302835,4,"All sims (days 2-365)",0,171.09926488971
"ABC",127,70.476178410433,66.1476268470571,4,"All sims (days 2-365)",4.32855156337594,136.62380525749
"ABC",128,56.249949609425,96.5551528018117,4,"All sims (days 2-365)",0,152.805102411237
"ABC",129,27.9411700475794,48.358271797442,4,"All sims (days 2-365)",0,76.2994418450214
"ABC",130,36.6666608888898,64.7502214229523,4,"All sims (days 2-365)",0,101.416882311842
"ABC",131,47.7272644111588,55.2355236980671,4,"All sims (days 2-365)",0,102.962788109226
"ABC",132,19.9999980000002,39.9999960000004,4,"All sims (days 2-365)",0,59.9999940000006
"ABC",133,56.2499746093875,96.5552024278997,4,"All sims (days 2-365)",0,152.805177037287
"ABC",134,31.2499933593766,47.3242241775906,4,"All sims (days 2-365)",0,78.5742175369672
"ABC",135,63.1578690443339,94.5416612258858,4,"All sims (days 2-365)",0,157.69953027022
"ABC",136,103.846003550546,111.206229653198,4,"All sims (days 2-365)",0,200
"ABC",137,57.1428066327031,96.1856625051506,4,"All sims (days 2-365)",0,153.328469137854
"ABC",138,66.6666481481539,94.280872731249,4,"All sims (days 2-365)",0,160.947520879403
"ABC",139,66.666614814865,94.2808098774011,4,"All sims (days 2-365)",0,160.947424692266
"ABC",140,103.846053550396,111.206287295867,4,"All sims (days 2-365)",0,200
"ABC",141,104.545354132331,110.470952697852,4,"All sims (days 2-365)",0,200
"ABC",142,49.99995000005,99.9999000001,4,"All sims (days 2-365)",0,149.99985000015
"ABC",143,66.6666155556056,94.2808098774016,4,"All sims (days 2-365)",0,160.947425433007
"ABC",144,108.333257638951,106.718652045782,4,"All sims (days 2-365)",1.61460559316922,200
"ABC",145,61.5384106509376,94.83704136644,4,"All sims (days 2-365)",0,156.375452017378
"ABC",146,99.9999250000625,115.469967235464,4,"All sims (days 2-365)",0,200
"ABC",147,61.5384106509376,94.83704136644,4,"All sims (days 2-365)",0,156.375452017378
"ABC",148,49.99995000005,99.9999000001,4,"All sims (days 2-365)",0,149.99985000015
"ABC",149,129.999944000026,94.5162639973,4,"All sims (days 2-365)",35.4836800027262,200
"ABC",150,129.999919000064,94.5162393102533,4,"All sims (days 2-365)",35.4836796898104,200
"ABC",151,57.1428061224991,96.1856627072214,4,"All sims (days 2-365)",0,153.32846882972
"ABC",152,7.14285612244912,14.2857122448982,4,"All sims (days 2-365)",0,21.4285683673474
"ABC",153,7.14285612244912,14.2857122448982,4,"All sims (days 2-365)",0,21.4285683673474
"ABC",154,99.9999000001,115.469938367987,4,"All sims (days 2-365)",0,200
"ABC",155,29.9999940000012,59.9999880000024,4,"All sims (days 2-365)",0,89.9999820000036
"ABC",156,12.4999984375002,24.9999968750004,4,"All sims (days 2-365)",0,37.4999953125006
"ABC",157,12.4999984375002,24.9999968750004,4,"All sims (days 2-365)",0,37.4999953125006
"ABC",158,7.14285612244912,14.2857122448982,4,"All sims (days 2-365)",0,21.4285683673474
"ABC",159,19.9999980000002,39.9999960000004,4,"All sims (days 2-365)",0,59.9999940000006
"ABC",160,7.14285612244912,14.2857122448982,4,"All sims (days 2-365)",0,21.4285683673474
"ABC",161,109.9998980001,105.198113291241,4,"All sims (days 2-365)",4.80178470885957,200
"ABC",162,59.9999730000129,95.2189972642383,4,"All sims (days 2-365)",0,155.218970264251
"ABC",163,124.999893750102,95.742608505122,4,"All sims (days 2-365)",29.2572852449796,200
"ABC",164,57.1428311224616,96.1857122145236,4,"All sims (days 2-365)",0,153.328543336985
"ABC",165,74.9999437500516,95.7426215609298,4,"All sims (days 2-365)",0,170.742565310981
"ABC",166,121.428468367447,97.240740701225,4,"All sims (days 2-365)",24.1877276662224,200
"ABC",167,49.99995000005,99.9999000001,4,"All sims (days 2-365)",0,149.99985000015
"ABC",168,59.9999480000504,95.2189482545101,4,"All sims (days 2-365)",0,155.21889625456
"ABC",169,9.9999980000004,19.9999960000008,4,"All sims (days 2-365)",0,29.9999940000012
"ABC",170,0,0,4,"All sims (days 2-365)",0,0
"ABC",171,49.9999750000125,99.999950000025,4,"All sims (days 2-365)",0,149.999925000037
"ABC",172,116.666561111213,99.9998925927047,4,"All sims (days 2-365)",16.6666685185083,200
"ABC",173,9.9999980000004,19.9999960000008,4,"All sims (days 2-365)",0,29.9999940000012
"ABC",174,66.666611111163,94.2808098773991,4,"All sims (days 2-365)",0,160.947420988562
"ABC",175,9.9999980000004,19.9999960000008,4,"All sims (days 2-365)",0,29.9999940000012
"ABC",176,0,0,4,"All sims (days 2-365)",0,0
"ABC",177,16.6666638888894,33.3333277777787,4,"All sims (days 2-365)",0,49.9999916666681
"ABC",178,9.9999980000004,19.9999960000008,4,"All sims (days 2-365)",0,29.9999940000012
"ABC",179,59.9999480000504,95.2189482545101,4,"All sims (days 2-365)",0,155.21889625456
"ABC",180,49.99995000005,99.9999000001,4,"All sims (days 2-365)",0,149.99985000015
"ABC",181,49.99995000005,99.9999000001,4,"All sims (days 2-365)",0,149.99985000015
"ABC",182,49.9999750000125,99.999950000025,4,"All sims (days 2-365)",0,149.999925000037
"ABC",183,24.9999937500016,49.9999875000031,4,"All sims (days 2-365)",0,74.9999812500047
"ABC",184,99.9999000001,115.469938367987,4,"All sims (days 2-365)",0,200
"ABC",185,49.99995000005,99.9999000001,4,"All sims (days 2-365)",0,149.99985000015
"ABC",186,49.99995000005,99.9999000001,4,"All sims (days 2-365)",0,149.99985000015
"ABC",187,49.99995000005,99.9999000001,4,"All sims (days 2-365)",0,149.99985000015
"ABC",188,49.99995000005,99.9999000001,4,"All sims (days 2-365)",0,149.99985000015
"ABC",189,66.666611111163,94.2808098773991,4,"All sims (days 2-365)",0,160.947420988562
"ABC",190,0,0,4,"All sims (days 2-365)",0,0
"ABC",191,0,0,4,"All sims (days 2-365)",0,0
"ABC",192,0,0,4,"All sims (days 2-365)",0,0
"ABC",193,66.666611111163,94.2808098773991,4,"All sims (days 2-365)",0,160.947420988562
"ABC",194,24.9999937500016,49.9999875000031,4,"All sims (days 2-365)",0,74.9999812500047
"ABC",195,79.9999440000512,97.9795047957759,4,"All sims (days 2-365)",0,177.979448795827
"ABC",196,0,0,4,"All sims (days 2-365)",0,0
"ABC",197,24.9999937500016,49.9999875000031,4,"All sims (days 2-365)",0,74.9999812500047
"ABC",198,49.99995000005,99.9999000001,4,"All sims (days 2-365)",0,149.99985000015
"ABC",199,16.666661111113,33.3333222222259,4,"All sims (days 2-365)",0,49.9999833333389
"ABC",200,0,0,4,"All sims (days 2-365)",0,0
"ABC",201,49.99995000005,99.9999000001,4,"All sims (days 2-365)",0,149.99985000015
"ABC",202,24.9999937500016,49.9999875000031,4,"All sims (days 2-365)",0,74.9999812500047
"ABC",203,0,0,4,"All sims (days 2-365)",0,0
"ABC",204,0,0,4,"All sims (days 2-365)",0,0
"ABC",205,49.99995000005,99.9999000001,4,"All sims (days 2-365)",0,149.99985000015
"ABC",206,0,0,4,"All sims (days 2-365)",0,0
"ABC",207,29.9999880000048,59.9999760000096,4,"All sims (days 2-365)",0,89.9999640000144
"ABC",208,99.9999000001,115.469938367987,4,"All sims (days 2-365)",0,200
"ABC",209,0,0,4,"All sims (days 2-365)",0,0
"ABC",210,16.666655555563,33.3333111111259,4,"All sims (days 2-365)",0,49.9999666666889
"ABC",211,49.99995000005,99.9999000001,4,"All sims (days 2-365)",0,149.99985000015
"ABC",212,49.99995000005,99.9999000001,4,"All sims (days 2-365)",0,149.99985000015
"ABC",213,49.99995000005,99.9999000001,4,"All sims (days 2-365)",0,149.99985000015
"ABC",214,49.9999750000125,99.999950000025,4,"All sims (days 2-365)",0,149.999925000037
"ABC",215,29.9999880000048,59.9999760000096,4,"All sims (days 2-365)",0,89.9999640000144
"ABC",216,49.99995000005,99.9999000001,4,"All sims (days 2-365)",0,149.99985000015
"ABC",217,49.99995000005,99.9999000001,4,"All sims (days 2-365)",0,149.99985000015
"ABC",218,0,0,4,"All sims (days 2-365)",0,0
"ABC",219,0,0,4,"All sims (days 2-365)",0,0
"ABC",220,49.99995000005,99.9999000001,4,"All sims (days 2-365)",0,149.99985000015
"ABC",221,0,0,4,"All sims (days 2-365)",0,0
"ABC",222,0,0,4,"All sims (days 2-365)",0,0
"ABC",223,49.9999750000125,99.999950000025,4,"All sims (days 2-365)",0,149.999925000037
"ABC",224,0,0,4,"All sims (days 2-365)",0,0
"ABC",225,49.9999750000125,99.999950000025,4,"All sims (days 2-365)",0,149.999925000037
"ABC",226,0,0,4,"All sims (days 2-365)",0,0
"ABC",227,0,0,4,"All sims (days 2-365)",0,0
"ABC",228,0,0,4,"All sims (days 2-365)",0,0
"ABC",229,49.99995000005,99.9999000001,4,"All sims (days 2-365)",0,149.99985000015
"ABC",230,0,0,4,"All sims (days 2-365)",0,0
"ABC",231,0,0,4,"All sims (days 2-365)",0,0
"ABC",232,49.99995000005,99.9999000001,4,"All sims (days 2-365)",0,149.99985000015
"ABC",233,0,0,4,"All sims (days 2-365)",0,0
"ABC",234,0,0,4,"All sims (days 2-365)",0,0
"ABC",235,49.99995000005,99.9999000001,4,"All sims (days 2-365)",0,149.99985000015
"ABC",236,0,0,4,"All sims (days 2-365)",0,0
"ABC",237,49.99995000005,99.9999000001,4,"All sims (days 2-365)",0,149.99985000015
"ABC",238,0,0,4,"All sims (days 2-365)",0,0
"ABC",239,0,0,4,"All sims (days 2-365)",0,0
"ABC",240,49.99995000005,99.9999000001,4,"All sims (days 2-365)",0,149.99985000015
"ABC",241,0,0,4,"All sims (days 2-365)",0,0
"ABC",242,0,0,4,"All sims (days 2-365)",0,0
"ABC",243,49.9999750000125,99.999950000025,4,"All sims (days 2-365)",0,149.999925000037
"ABC",244,49.99995000005,99.9999000001,4,"All sims (days 2-365)",0,149.99985000015
"ABC",245,0,0,4,"All sims (days 2-365)",0,0
"ABC",246,0,0,4,"All sims (days 2-365)",0,0
"ABC",247,0,0,4,"All sims (days 2-365)",0,0
"ABC",248,0,0,4,"All sims (days 2-365)",0,0
"ABC",249,0,0,4,"All sims (days 2-365)",0,0
"ABC",250,0,0,4,"All sims (days 2-365)",0,0
"ABC",251,0,0,4,"All sims (days 2-365)",0,0
"ABC",252,0,0,4,"All sims (days 2-365)",0,0
"ABC",253,49.99995000005,99.9999000001,4,"All sims (days 2-365)",0,149.99985000015
"ABC",254,0,0,4,"All sims (days 2-365)",0,0
"ABC",255,0,0,4,"All sims (days 2-365)",0,0
"ABC",256,0,0,4,"All sims (days 2-365)",0,0
"ABC",257,0,0,4,"All sims (days 2-365)",0,0
"ABC",258,49.99995000005,99.9999000001,4,"All sims (days 2-365)",0,149.99985000015
"ABC",259,0,0,4,"All sims (days 2-365)",0,0
"ABC",260,0,0,4,"All sims (days 2-365)",0,0
"ABC",261,0,0,4,"All sims (days 2-365)",0,0
"ABC",262,0,0,4,"All sims (days 2-365)",0,0
"ABC",263,0,0,4,"All sims (days 2-365)",0,0
"ABC",264,0,0,4,"All sims (days 2-365)",0,0
"ABC",265,49.99995000005,99.9999000001,4,"All sims (days 2-365)",0,149.99985000015
"ABC",266,0,0,4,"All sims (days 2-365)",0,0
"ABC",267,0,0,4,"All sims (days 2-365)",0,0
"ABC",268,0,0,4,"All sims (days 2-365)",0,0
"ABC",269,0,0,4,"All sims (days 2-365)",0,0
"ABC",270,0,0,4,"All sims (days 2-365)",0,0
"ABC",271,0,0,4,"All sims (days 2-365)",0,0
"ABC",272,0,0,4,"All sims (days 2-365)",0,0
"ABC",273,0,0,4,"All sims (days 2-365)",0,0
"ABC",274,0,0,4,"All sims (days 2-365)",0,0
"ABC",275,0,0,4,"All sims (days 2-365)",0,0
"ABC",276,0,0,4,"All sims (days 2-365)",0,0
"ABC",277,0,0,4,"All sims (days 2-365)",0,0
"ABC",278,0,0,4,"All sims (days 2-365)",0,0
"ABC",279,0,0,4,"All sims (days 2-365)",0,0
"ABC",280,0,0,4,"All sims (days 2-365)",0,0
"ABC",281,0,0,4,"All sims (days 2-365)",0,0
"ABC",282,0,0,4,"All sims (days 2-365)",0,0
"ABC",283,0,0,4,"All sims (days 2-365)",0,0
"ABC",284,0,0,4,"All sims (days 2-365)",0,0
"ABC",285,0,0,4,"All sims (days 2-365)",0,0
"ABC",286,0,0,4,"All sims (days 2-365)",0,0
"ABC",287,0,0,4,"All sims (days 2-365)",0,0
"ABC",288,0,0,4,"All sims (days 2-365)",0,0
"ABC",289,0,0,4,"All sims (days 2-365)",0,0
"ABC",290,0,0,4,"All sims (days 2-365)",0,0
"ABC",291,0,0,4,"All sims (days 2-365)",0,0
"ABC",292,0,0,4,"All sims (days 2-365)",0,0
"ABC",293,0,0,4,"All sims (days 2-365)",0,0
"ABC",294,0,0,4,"All sims (days 2-365)",0,0
"ABC",295,0,0,4,"All sims (days 2-365)",0,0
"ABC",296,0,0,4,"All sims (days 2-365)",0,0
"ABC",297,0,0,4,"All sims (days 2-365)",0,0
"ABC",298,0,0,4,"All sims (days 2-365)",0,0
"ABC",299,0,0,4,"All sims (days 2-365)",0,0
"ABC",300,0,0,4,"All sims (days 2-365)",0,0
"ABC",301,0,0,4,"All sims (days 2-365)",0,0
"ABC",302,0,0,4,"All sims (days 2-365)",0,0
"ABC",303,0,0,4,"All sims (days 2-365)",0,0
"ABC",304,0,0,4,"All sims (days 2-365)",0,0
"ABC",305,0,0,4,"All sims (days 2-365)",0,0
"ABC",306,0,0,4,"All sims (days 2-365)",0,0
"ABC",307,0,0,4,"All sims (days 2-365)",0,0
"ABC",308,0,0,4,"All sims (days 2-365)",0,0
"ABC",309,0,0,4,"All sims (days 2-365)",0,0
"ABC",310,0,0,4,"All sims (days 2-365)",0,0
"ABC",311,0,0,4,"All sims (days 2-365)",0,0
"ABC",312,0,0,4,"All sims (days 2-365)",0,0
"ABC",313,0,0,4,"All sims (days 2-365)",0,0
"ABC",314,0,0,4,"All sims (days 2-365)",0,0
"ABC",315,49.99995000005,99.9999000001,4,"All sims (days 2-365)",0,149.99985000015
"ABC",316,0,0,4,"All sims (days 2-365)",0,0
"ABC",317,0,0,4,"All sims (days 2-365)",0,0
"ABC",318,0,0,4,"All sims (days 2-365)",0,0
"ABC",319,0,0,4,"All sims (days 2-365)",0,0
"ABC",320,0,0,4,"All sims (days 2-365)",0,0
"ABC",321,0,0,4,"All sims (days 2-365)",0,0
"ABC",322,0,0,4,"All sims (days 2-365)",0,0
"ABC",323,0,0,4,"All sims (days 2-365)",0,0
"ABC",324,0,0,4,"All sims (days 2-365)",0,0
"ABC",325,0,0,4,"All sims (days 2-365)",0,0
"ABC",326,0,0,4,"All sims (days 2-365)",0,0
"ABC",327,0,0,4,"All sims (days 2-365)",0,0
"ABC",328,0,0,4,"All sims (days 2-365)",0,0
"ABC",329,0,0,4,"All sims (days 2-365)",0,0
"ABC",330,0,0,4,"All sims (days 2-365)",0,0
"ABC",331,0,0,4,"All sims (days 2-365)",0,0
"ABC",332,0,0,4,"All sims (days 2-365)",0,0
"ABC",333,0,0,4,"All sims (days 2-365)",0,0
"ABC",334,0,0,4,"All sims (days 2-365)",0,0
"ABC",335,0,0,4,"All sims (days 2-365)",0,0
"ABC",336,0,0,4,"All sims (days 2-365)",0,0
"ABC",337,0,0,4,"All sims (days 2-365)",0,0
"ABC",338,0,0,4,"All sims (days 2-365)",0,0
"ABC",339,0,0,4,"All sims (days 2-365)",0,0
"ABC",340,0,0,4,"All sims (days 2-365)",0,0
"ABC",341,0,0,4,"All sims (days 2-365)",0,0
"ABC",342,0,0,4,"All sims (days 2-365)",0,0
"ABC",343,0,0,4,"All sims (days 2-365)",0,0
"ABC",344,0,0,4,"All sims (days 2-365)",0,0
"ABC",345,0,0,4,"All sims (days 2-365)",0,0
"ABC",346,0,0,4,"All sims (days 2-365)",0,0
"ABC",347,0,0,4,"All sims (days 2-365)",0,0
"ABC",348,0,0,4,"All sims (days 2-365)",0,0
"ABC",349,0,0,4,"All sims (days 2-365)",0,0
"ABC",350,0,0,4,"All sims (days 2-365)",0,0
"ABC",351,0,0,4,"All sims (days 2-365)",0,0
"ABC",352,0,0,4,"All sims (days 2-365)",0,0
"ABC",353,0,0,4,"All sims (days 2-365)",0,0
"ABC",354,0,0,4,"All sims (days 2-365)",0,0
"ABC",355,0,0,4,"All sims (days 2-365)",0,0
"ABC",356,0,0,4,"All sims (days 2-365)",0,0
"ABC",357,0,0,4,"All sims (days 2-365)",0,0
"ABC",358,0,0,4,"All sims (days 2-365)",0,0
"ABC",359,0,0,4,"All sims (days 2-365)",0,0
"ABC",360,0,0,4,"All sims (days 2-365)",0,0
"ABC",361,0,0,4,"All sims (days 2-365)",0,0
"ABC",362,0,0,4,"All sims (days 2-365)",0,0
"ABC",363,0,0,4,"All sims (days 2-365)",0,0
"ABC",364,0,0,4,"All sims (days 2-365)",0,0
"ABC",365,0,0,4,"All sims (days 2-365)",0,0
"ABC-SMC",2,7.82792725815606,4.06218058996949,4,"All sims (days 2-365)",3.76574666818657,11.8901078481255
"ABC-SMC",3,6.42773341911473,6.92762472505373,4,"All sims (days 2-365)",0,13.3553581441685
"ABC-SMC",4,6.78422701358449,2.39234898505519,4,"All sims (days 2-365)",4.3918780285293,9.17657599863967
"ABC-SMC",5,12.9669440741712,7.48057782426701,4,"All sims (days 2-365)",5.48636624990415,20.4475218984382
"ABC-SMC",6,7.41011181184819,4.48138690313409,4,"All sims (days 2-365)",2.92872490871409,11.8914987149823
"ABC-SMC",7,16.3354868034589,6.58245151142398,4,"All sims (days 2-365)",9.75303529203494,22.9179383148829
"ABC-SMC",8,12.1842409246765,9.18763106910406,4,"All sims (days 2-365)",2.99660985557247,21.3718719937806
"ABC-SMC",9,6.79187278318192,4.39552281637008,4,"All sims (days 2-365)",2.39634996681184,11.187395599552
"ABC-SMC",10,15.6854033245975,2.35596558494187,4,"All sims (days 2-365)",13.3294377396557,18.0413689095394
"ABC-SMC",11,8.01598395095643,7.68344453420594,4,"All sims (days 2-365)",0.332539416750491,15.6994284851624
"ABC-SMC",12,6.37673222480231,6.22513054788247,4,"All sims (days 2-365)",0.151601676919843,12.6018627726848
"ABC-SMC",13,8.7498450264476,7.30433613121785,4,"All sims (days 2-365)",1.44550889522975,16.0541811576655
"ABC-SMC",14,11.7353218517114,4.215049694214,4,"All sims (days 2-365)",7.52027215749736,15.9503715459254
"ABC-SMC",15,7.55327971581185,7.46002050522976,4,"All sims (days 2-365)",0.0932592105820937,15.0133002210416
"ABC-SMC",16,9.01532389619578,6.94173252497299,4,"All sims (days 2-365)",2.0735913712228,15.9570564211688
"ABC-SMC",17,6.39768359760012,5.19318936558117,4,"All sims (days 2-365)",1.20449423201895,11.5908729631813
"ABC-SMC",18,9.87866064750522,4.23458019050601,4,"All sims (days 2-365)",5.64408045699922,14.1132408380112
"ABC-SMC",19,6.17118846707669,4.54609111010728,4,"All sims (days 2-365)",1.62509735696941,10.717279577184
"ABC-SMC",20,9.48928765227804,7.19293182019889,4,"All sims (days 2-365)",2.29635583207915,16.6822194724769
"ABC-SMC",21,2.38079275629041,1.40073824756066,4,"All sims (days 2-365)",0.98005450872975,3.78153100385107
"ABC-SMC",22,5.00313812240709,2.30090739517945,4,"All sims (days 2-365)",2.70223072722764,7.30404551758654
"ABC-SMC",23,5.55989063648744,3.12050439400213,4,"All sims (days 2-365)",2.4393862424853,8.68039503048957
"ABC-SMC",24,5.90467391094172,5.26628682273298,4,"All sims (days 2-365)",0.638387088208742,11.1709607336747
"ABC-SMC",25,4.4077333678842,3.08956334370842,4,"All sims (days 2-365)",1.31817002417578,7.49729671159263
"ABC-SMC",26,5.64529695353447,4.70512102714946,4,"All sims (days 2-365)",0.940175926385006,10.3504179806839
"ABC-SMC",27,3.56896960002301,1.35860117962285,4,"All sims (days 2-365)",2.21036842040015,4.92757077964586
"ABC-SMC",28,4.7546314797906,4.80309245082015,4,"All sims (days 2-365)",0,9.55772393061074
"ABC-SMC",29,3.03130901391176,3.83370762754814,4,"All sims (days 2-365)",0,6.8650166414599
"ABC-SMC",30,8.44789728033251,5.04312707799668,4,"All sims (days 2-365)",3.40477020233584,13.4910243583292
"ABC-SMC",31,9.1101609303273,8.94755388650869,4,"All sims (days 2-365)",0.162607043818603,18.057714816836
"ABC-SMC",32,4.97600680038928,3.4123796471593,4,"All sims (days 2-365)",1.56362715322998,8.38838644754858
"ABC-SMC",33,6.71047978671226,2.00732876379975,4,"All sims (days 2-365)",4.7031510229125,8.71780855051201
"ABC-SMC",34,7.86558715378751,3.07125772265471,4,"All sims (days 2-365)",4.7943294311328,10.9368448764422
"ABC-SMC",35,7.7289382757211,3.76483150306128,4,"All sims (days 2-365)",3.96410677265981,11.4937697787824
"ABC-SMC",36,4.9035706671035,5.4066697559193,4,"All sims (days 2-365)",0,10.3102404230228
"ABC-SMC",37,12.2302260699433,6.47226810095294,4,"All sims (days 2-365)",5.75795796899033,18.7024941708962
"ABC-SMC",38,8.0794886589794,7.95777863472465,4,"All sims (days 2-365)",0.121710024254758,16.0372672937041
"ABC-SMC",39,17.8593237601715,15.2939770828913,4,"All sims (days 2-365)",2.56534667728028,33.1533008430628
"ABC-SMC",40,9.40655432331775,11.2747229828773,4,"All sims (days 2-365)",0,20.6812773061951
"ABC-SMC",41,10.7031827639639,7.60896795350667,4,"All sims (days 2-365)",3.09421481045728,18.3121507174706
"ABC-SMC",42,12.5981661889497,11.4790047762192,4,"All sims (days 2-365)",1.11916141273052,24.0771709651689
"ABC-SMC",43,14.4016817579789,11.2997404807047,4,"All sims (days 2-365)",3.10194127727422,25.7014222386837
"ABC-SMC",44,6.43677186100945,10.2925895996745,4,"All sims (days 2-365)",0,16.7293614606839
"ABC-SMC",45,6.3616519289786,7.62977005675402,4,"All sims (days 2-365)",0,13.9914219857326
"ABC-SMC",46,4.73964614833969,4.69009856817631,4,"All sims (days 2-365)",0.0495475801633782,9.42974471651601
"ABC-SMC",47,17.3854895660083,4.01637041365421,4,"All sims (days 2-365)",13.3691191523541,21.4018599796625
"ABC-SMC",48,12.8604883465213,6.97254608746875,4,"All sims (days 2-365)",5.88794225905255,19.83303443399
"ABC-SMC",49,11.8683165476356,7.47915668957564,4,"All sims (days 2-365)",4.38915985805997,19.3474732372113
"ABC-SMC",50,7.56365551619631,4.94233996367657,4,"All sims (days 2-365)",2.62131555251973,12.5059954798729
"ABC-SMC",51,8.93700737045277,12.0103384861441,4,"All sims (days 2-365)",0,20.9473458565969
"ABC-SMC",52,10.3619486609764,7.11085189454395,4,"All sims (days 2-365)",3.25109676643249,17.4728005555204
"ABC-SMC",53,13.4862802926393,9.61943584213024,4,"All sims (days 2-365)",3.86684445050909,23.1057161347696
"ABC-SMC",54,15.3568502690704,13.3547628629983,4,"All sims (days 2-365)",2.00208740607203,28.7116131320687
"ABC-SMC",55,6.21523381724036,6.01244624559988,4,"All sims (days 2-365)",0.202787571640486,12.2276800628402
"ABC-SMC",56,21.4352069973527,17.1525826736174,4,"All sims (days 2-365)",4.28262432373526,38.5877896709701
"ABC-SMC",57,4.2483659853048,8.49673197060959,4,"All sims (days 2-365)",0,12.7450979559144
"ABC-SMC",58,15.3776797290194,11.3577758630557,4,"All sims (days 2-365)",4.01990386596378,26.7354555920751
"ABC-SMC",59,8.15070928144642,9.46302427158314,4,"All sims (days 2-365)",0,17.6137335530296
"ABC-SMC",60,6.74084720077215,5.09452430011602,4,"All sims (days 2-365)",1.64632290065613,11.8353715008882
"ABC-SMC",61,13.9754455501035,6.30449153417366,4,"All sims (days 2-365)",7.67095401592983,20.2799370842771
"ABC-SMC",62,17.5755024927982,8.81672609571652,4,"All sims (days 2-365)",8.75877639708168,26.3922285885147
"ABC-SMC",63,23.9896903153969,19.1637483589688,4,"All sims (days 2-365)",4.82594195642809,43.1534386743657
"ABC-SMC",64,8.68945860991388,14.1678822151268,4,"All sims (days 2-365)",0,22.8573408250407
"ABC-SMC",65,9.56504671885459,7.18970356755006,4,"All sims (days 2-365)",2.37534315130454,16.7547502864047
"ABC-SMC",66,23.6184202348944,12.429625338338,4,"All sims (days 2-365)",11.1887948965565,36.0480455732324
"ABC-SMC",67,16.0474111209287,17.1671894936983,4,"All sims (days 2-365)",0,33.2146006146271
"ABC-SMC",68,8.0591131375121,4.25017066025187,4,"All sims (days 2-365)",3.80894247726023,12.309283797764
"ABC-SMC",69,24.1691622217235,29.0423940112932,4,"All sims (days 2-365)",0,53.2115562330168
"ABC-SMC",70,25.6504608469538,29.2878172218396,4,"All sims (days 2-365)",0,54.9382780687934
"ABC-SMC",71,17.128765073842,23.0555226810404,4,"All sims (days 2-365)",0,40.1842877548824
"ABC-SMC",72,23.1720594440781,24.295277227525,4,"All sims (days 2-365)",0,47.4673366716031
"ABC-SMC",73,18.0515079911215,10.4393304754868,4,"All sims (days 2-365)",7.6121775156347,28.4908384666082
"ABC-SMC",74,27.5451140975058,33.2104544003876,4,"All sims (days 2-365)",0,60.7555684978933
"ABC-SMC",75,29.7391031872374,34.2186999750073,4,"All sims (days 2-365)",0,63.9578031622446
"ABC-SMC",76,10.8375776345015,12.960807176758,4,"All sims (days 2-365)",0,23.7983848112595
"ABC-SMC",77,29.3235147119331,34.2188500469345,4,"All sims (days 2-365)",0,63.5423647588676
"ABC-SMC",78,34.0144623871552,20.3110432091661,4,"All sims (days 2-365)",13.7034191779891,54.3255055963212
"ABC-SMC",79,4.74550851028221,3.85522735549806,4,"All sims (days 2-365)",0.890281154784143,8.60073586578027
"ABC-SMC",80,21.5109398889402,30.1722725217155,4,"All sims (days 2-365)",0,51.6832124106556
"ABC-SMC",81,38.955665919246,28.3733026332537,4,"All sims (days 2-365)",10.5823632859924,67.3289685524997
"ABC-SMC",82,15.9624854884111,14.3444891331966,4,"All sims (days 2-365)",1.61799635521454,30.3069746216077
"ABC-SMC",83,65.2887509045912,90.8388627806464,4,"All sims (days 2-365)",0,156.127613685238
"ABC-SMC",84,25.4950432451491,49.6787253719877,4,"All sims (days 2-365)",0,75.1737686171368
"ABC-SMC",85,36.3553958576407,21.6591294594854,4,"All sims (days 2-365)",14.6962663981554,58.0145253171261
"ABC-SMC",86,68.0852275035309,65.4012159307712,4,"All sims (days 2-365)",2.68401157275973,133.486443434302
"ABC-SMC",87,6.99186971835548,8.09096257126277,4,"All sims (days 2-365)",0,15.0828322896183
"ABC-SMC",88,27.145467729847,26.3795458943466,4,"All sims (days 2-365)",0.765921835500418,53.5250136241936
"ABC-SMC",89,35.3099905064477,26.2346140959935,4,"All sims (days 2-365)",9.07537641045418,61.5446046024412
"ABC-SMC",90,63.3928066924926,91.9540730871554,4,"All sims (days 2-365)",0,155.346879779648
"ABC-SMC",91,66.7240871216315,92.8063698490272,4,"All sims (days 2-365)",0,159.530456970659
"ABC-SMC",92,30.0402516162586,25.6266366282948,4,"All sims (days 2-365)",4.41361498796379,55.6668882445535
"ABC-SMC",93,84.2856878265432,80.8626482102508,4,"All sims (days 2-365)",3.42303961629239,165.148336036794
"ABC-SMC",94,58.9393436655688,94.6894762918143,4,"All sims (days 2-365)",0,153.628819957383
"ABC-SMC",95,21.1515143835078,17.481880425098,4,"All sims (days 2-365)",3.66963395840988,38.6333948086058
"ABC-SMC",96,64.2026072624561,92.2739675554127,4,"All sims (days 2-365)",0,156.476574817869
"ABC-SMC",97,11.906906311742,10.8926244155569,4,"All sims (days 2-365)",1.01428189618501,22.7995307272989
"ABC-SMC",98,67.7082826931924,89.7768246815455,4,"All sims (days 2-365)",0,157.485107374738
"ABC-SMC",99,75.1315610276199,84.9151937265025,4,"All sims (days 2-365)",0,160.046754754122
"ABC-SMC",100,9.19117599345807,11.9093430221925,4,"All sims (days 2-365)",0,21.1005190156505
"ABC-SMC",101,9.00735249749948,6.01489735593821,4,"All sims (days 2-365)",2.99245514156127,15.0222498534377
"ABC-SMC",102,12.9411758531334,10.9148366325509,4,"All sims (days 2-365)",2.02633922058251,23.8560124856844
"ABC-SMC",103,16.7836248957286,13.4421529142958,4,"All sims (days 2-365)",3.34147198143289,30.2257778100244
"ABC-SMC",104,24.9496542853154,17.3065159142935,4,"All sims (days 2-365)",7.64313837102189,42.2561701996089
"ABC-SMC",105,13.2211530620147,10.3076139022207,4,"All sims (days 2-365)",2.91353915979393,23.5287669642354
"ABC-SMC",106,19.9300687772019,19.2233503105631,4,"All sims (days 2-365)",0.706718466638755,39.153419087765
"ABC-SMC",107,13.247862450386,9.40170896052352,4,"All sims (days 2-365)",3.84615348986249,22.6495714109095
"ABC-SMC",108,32.8876988432613,38.3973088556087,4,"All sims (days 2-365)",0,71.2850076988699
"ABC-SMC",109,8.86699450423455,13.532608399039,4,"All sims (days 2-365)",0,22.3996029032735
"ABC-SMC",110,4.54545413223144,9.09090826446289,4,"All sims (days 2-365)",0,13.6363623966943
"ABC-SMC",111,70.2856630253562,89.5933924318846,4,"All sims (days 2-365)",0,159.879055457241
"ABC-SMC",112,33.4886106489967,24.3640952562387,4,"All sims (days 2-365)",9.12451539275797,57.8527059052354
"ABC-SMC",113,89.0600962877576,80.2721550189094,4,"All sims (days 2-365)",8.7879412688482,169.332251306667
"ABC-SMC",114,39.8550680135482,32.7399354641982,4,"All sims (days 2-365)",7.11513254935002,72.5950034777463
"ABC-SMC",115,60.9889973206771,93.4065691711657,4,"All sims (days 2-365)",0,154.395566491843
"ABC-SMC",116,30.5128165871143,29.1947547285111,4,"All sims (days 2-365)",1.31806185860318,59.7075713156254
"ABC-SMC",117,42.8104529102061,38.2506497667776,4,"All sims (days 2-365)",4.55980314342848,81.0611026769837
"ABC-SMC",118,27.2727250000002,43.2813804228775,4,"All sims (days 2-365)",0,70.5541054228777
"ABC-SMC",119,27.3809460175753,48.6204110771729,4,"All sims (days 2-365)",0,76.0013570947481
"ABC-SMC",120,17.8947344265932,20.9471007630566,4,"All sims (days 2-365)",0,38.8418351896498
"ABC-SMC",121,34.5238021400244,45.2380834392559,4,"All sims (days 2-365)",0,79.7618855792803
"ABC-SMC",122,59.9999813333393,95.2190136008256,4,"All sims (days 2-365)",0,155.218994934165
"ABC-SMC",123,24.9999937500016,49.9999875000031,4,"All sims (days 2-365)",0,74.9999812500047
"ABC-SMC",124,16.666661111113,33.3333222222259,4,"All sims (days 2-365)",0,49.9999833333389
"ABC-SMC",125,29.166660329863,34.3592048306931,4,"All sims (days 2-365)",0,63.5258651605561
"ABC-SMC",126,68.8235018927465,89.2541993462887,4,"All sims (days 2-365)",0,158.077701239035
"ABC-SMC",127,48.0952315895701,37.1428513507771,4,"All sims (days 2-365)",10.952380238793,85.2380829403472
"ABC-SMC",128,69.9999692222366,91.327608952844,4,"All sims (days 2-365)",0,161.327578175081
"ABC-SMC",129,29.6078354086912,29.8683414300465,4,"All sims (days 2-365)",0,59.4761768387377
"ABC-SMC",130,41.4285625895715,41.2466270095312,4,"All sims (days 2-365)",0.18193558004026,82.6751895991027
"ABC-SMC",131,49.3939297722706,38.9438097579026,4,"All sims (days 2-365)",10.450120014368,88.3377395301731
"ABC-SMC",132,36.6666591111132,42.6874870034176,4,"All sims (days 2-365)",0,79.3541461145308
"ABC-SMC",133,19.6078374086908,31.8589632511547,4,"All sims (days 2-365)",0,51.4668006598456
"ABC-SMC",134,16.2499976093754,19.7378620309324,4,"All sims (days 2-365)",0,35.9878596403078
"ABC-SMC",135,63.1578440443714,94.5416129784355,4,"All sims (days 2-365)",0,157.699457022807
"ABC-SMC",136,53.8461035503459,97.7053306017998,4,"All sims (days 2-365)",0,151.551434152146
"ABC-SMC",137,107.142756632753,107.854663349609,4,"All sims (days 2-365)",0,200
"ABC-SMC",138,94.9999417500518,82.2596660785612,4,"All sims (days 2-365)",12.7402756714906,177.259607828613
"ABC-SMC",139,66.666614814865,94.2808098774011,4,"All sims (days 2-365)",0,160.947424692266
"ABC-SMC",140,3.84615355029588,7.69230710059176,4,"All sims (days 2-365)",0,11.5384606508876
"ABC-SMC",141,4.54545413223144,9.09090826446289,4,"All sims (days 2-365)",0,13.6363623966943
"ABC-SMC",142,54.5454041322814,97.3476484985571,4,"All sims (days 2-365)",0,151.893052630839
"ABC-SMC",143,66.6666155556056,94.2808098774016,4,"All sims (days 2-365)",0,160.947425433007
"ABC-SMC",144,20.5128146614088,31.6123687516399,4,"All sims (days 2-365)",0,52.1251834130488
"ABC-SMC",145,57.1428066327031,96.1856625051506,4,"All sims (days 2-365)",0,153.328469137854
"ABC-SMC",146,29.9999880000048,59.9999760000096,4,"All sims (days 2-365)",0,89.9999640000144
"ABC-SMC",147,11.5384606508876,23.0769213017753,4,"All sims (days 2-365)",0,34.6153819526629
"ABC-SMC",148,55.5555049383217,96.864321837415,4,"All sims (days 2-365)",0,152.419826775737
"ABC-SMC",149,66.6666500000046,54.4330963229994,4,"All sims (days 2-365)",12.2335536770052,121.099746323004
"ABC-SMC",150,99.9999388889417,86.0662191228127,4,"All sims (days 2-365)",13.933719766129,186.066158011754
"ABC-SMC",151,112.49984843775,103.07747212903,4,"All sims (days 2-365)",9.42237630871989,200
"ABC-SMC",152,7.14285612244912,14.2857122448982,4,"All sims (days 2-365)",0,21.4285683673474
"ABC-SMC",153,59.9999486667168,95.2189480678063,4,"All sims (days 2-365)",0,155.218896734523
"ABC-SMC",154,49.99995000005,99.9999000001,4,"All sims (days 2-365)",0,149.99985000015
"ABC-SMC",155,29.9999940000012,59.9999880000024,4,"All sims (days 2-365)",0,89.9999820000036
"ABC-SMC",156,5.55555493827167,11.1111098765433,4,"All sims (days 2-365)",0,16.666664814815
"ABC-SMC",157,5.55555493827167,11.1111098765433,4,"All sims (days 2-365)",0,16.666664814815
"ABC-SMC",158,0,0,4,"All sims (days 2-365)",0,0
"ABC-SMC",159,13.6363623966943,27.2727247933887,4,"All sims (days 2-365)",0,40.909087190083
"ABC-SMC",160,7.14285612244912,14.2857122448982,4,"All sims (days 2-365)",0,21.4285683673474
"ABC-SMC",161,116.666563888989,99.999890740855,4,"All sims (days 2-365)",16.6666731481344,200
"ABC-SMC",162,59.9999730000129,95.2189972642383,4,"All sims (days 2-365)",0,155.218970264251
"ABC-SMC",163,124.999893750102,95.742608505122,4,"All sims (days 2-365)",29.2572852449796,200
"ABC-SMC",164,57.1428311224616,96.1857122145236,4,"All sims (days 2-365)",0,153.328543336985
"ABC-SMC",165,74.9999437500516,95.7426215609298,4,"All sims (days 2-365)",0,170.742565310981
"ABC-SMC",166,112.4998984376,103.077528720471,4,"All sims (days 2-365)",9.42236971712902,200
"ABC-SMC",167,59.9999480000504,95.2189482545101,4,"All sims (days 2-365)",0,155.21889625456
"ABC-SMC",168,49.99995000005,99.9999000001,4,"All sims (days 2-365)",0,149.99985000015
"ABC-SMC",169,0,0,4,"All sims (days 2-365)",0,0
"ABC-SMC",170,9.9999980000004,19.9999960000008,4,"All sims (days 2-365)",0,29.9999940000012
"ABC-SMC",171,49.9999833333389,99.9999666666778,4,"All sims (days 2-365)",0,149.999950000017
"ABC-SMC",172,116.666561111213,99.9998925927047,4,"All sims (days 2-365)",16.6666685185083,200
"ABC-SMC",173,9.9999980000004,19.9999960000008,4,"All sims (days 2-365)",0,29.9999940000012
"ABC-SMC",174,66.666611111163,94.2808098773991,4,"All sims (days 2-365)",0,160.947420988562
"ABC-SMC",175,9.9999980000004,19.9999960000008,4,"All sims (days 2-365)",0,29.9999940000012
"ABC-SMC",176,0,0,4,"All sims (days 2-365)",0,0
"ABC-SMC",177,16.6666638888894,33.3333277777787,4,"All sims (days 2-365)",0,49.9999916666681
"ABC-SMC",178,9.9999980000004,19.9999960000008,4,"All sims (days 2-365)",0,29.9999940000012
"ABC-SMC",179,59.9999480000504,95.2189482545101,4,"All sims (days 2-365)",0,155.21889625456
"ABC-SMC",180,49.99995000005,99.9999000001,4,"All sims (days 2-365)",0,149.99985000015
"ABC-SMC",181,49.9999750000125,99.999950000025,4,"All sims (days 2-365)",0,149.999925000037
"ABC-SMC",182,49.9999750000125,99.999950000025,4,"All sims (days 2-365)",0,149.999925000037
"ABC-SMC",183,9.9999980000004,19.9999960000008,4,"All sims (days 2-365)",0,29.9999940000012
"ABC-SMC",184,99.9999250000625,115.469967235464,4,"All sims (days 2-365)",0,200
"ABC-SMC",185,49.9999750000125,99.999950000025,4,"All sims (days 2-365)",0,149.999925000037
"ABC-SMC",186,49.9999750000125,99.999950000025,4,"All sims (days 2-365)",0,149.999925000037
"ABC-SMC",187,49.9999750000125,99.999950000025,4,"All sims (days 2-365)",0,149.999925000037
"ABC-SMC",188,49.9999750000125,99.999950000025,4,"All sims (days 2-365)",0,149.999925000037
"ABC-SMC",189,66.666611111163,94.2808098773991,4,"All sims (days 2-365)",0,160.947420988562
"ABC-SMC",190,0,0,4,"All sims (days 2-365)",0,0
"ABC-SMC",191,0,0,4,"All sims (days 2-365)",0,0
"ABC-SMC",192,0,0,4,"All sims (days 2-365)",0,0
"ABC-SMC",193,66.666611111163,94.2808098773991,4,"All sims (days 2-365)",0,160.947420988562
"ABC-SMC",194,24.9999937500016,49.9999875000031,4,"All sims (days 2-365)",0,74.9999812500047
"ABC-SMC",195,79.9999440000512,97.9795047957759,4,"All sims (days 2-365)",0,177.979448795827
"ABC-SMC",196,0,0,4,"All sims (days 2-365)",0,0
"ABC-SMC",197,24.9999937500016,49.9999875000031,4,"All sims (days 2-365)",0,74.9999812500047
"ABC-SMC",198,49.99995000005,99.9999000001,4,"All sims (days 2-365)",0,149.99985000015
"ABC-SMC",199,16.666661111113,33.3333222222259,4,"All sims (days 2-365)",0,49.9999833333389
"ABC-SMC",200,0,0,4,"All sims (days 2-365)",0,0
"ABC-SMC",201,49.99995000005,99.9999000001,4,"All sims (days 2-365)",0,149.99985000015
"ABC-SMC",202,24.9999937500016,49.9999875000031,4,"All sims (days 2-365)",0,74.9999812500047
"ABC-SMC",203,0,0,4,"All sims (days 2-365)",0,0
"ABC-SMC",204,0,0,4,"All sims (days 2-365)",0,0
"ABC-SMC",205,49.99995000005,99.9999000001,4,"All sims (days 2-365)",0,149.99985000015
"ABC-SMC",206,0,0,4,"All sims (days 2-365)",0,0
"ABC-SMC",207,16.666661111113,33.3333222222259,4,"All sims (days 2-365)",0,49.9999833333389
"ABC-SMC",208,99.9999000001,115.469938367987,4,"All sims (days 2-365)",0,200
"ABC-SMC",209,0,0,4,"All sims (days 2-365)",0,0
"ABC-SMC",210,0,0,4,"All sims (days 2-365)",0,0
"ABC-SMC",211,99.9999000001,115.469938367987,4,"All sims (days 2-365)",0,200
"ABC-SMC",212,0,0,4,"All sims (days 2-365)",0,0
"ABC-SMC",213,0,0,4,"All sims (days 2-365)",0,0
"ABC-SMC",214,16.666661111113,33.3333222222259,4,"All sims (days 2-365)",0,49.9999833333389
"ABC-SMC",215,16.666661111113,33.3333222222259,4,"All sims (days 2-365)",0,49.9999833333389
"ABC-SMC",216,0,0,4,"All sims (days 2-365)",0,0
"ABC-SMC",217,0,0,4,"All sims (days 2-365)",0,0
"ABC-SMC",218,49.9999000002,99.9998000004,4,"All sims (days 2-365)",0,149.9997000006
"ABC-SMC",219,0,0,4,"All sims (days 2-365)",0,0
"ABC-SMC",220,49.99995000005,99.9999000001,4,"All sims (days 2-365)",0,149.99985000015
"ABC-SMC",221,49.99995000005,99.9999000001,4,"All sims (days 2-365)",0,149.99985000015
"ABC-SMC",222,0,0,4,"All sims (days 2-365)",0,0
"ABC-SMC",223,49.9999750000125,99.999950000025,4,"All sims (days 2-365)",0,149.999925000037
"ABC-SMC",224,0,0,4,"All sims (days 2-365)",0,0
"ABC-SMC",225,49.9999750000125,99.999950000025,4,"All sims (days 2-365)",0,149.999925000037
"ABC-SMC",226,0,0,4,"All sims (days 2-365)",0,0
"ABC-SMC",227,0,0,4,"All sims (days 2-365)",0,0
"ABC-SMC",228,0,0,4,"All sims (days 2-365)",0,0
"ABC-SMC",229,49.99995000005,99.9999000001,4,"All sims (days 2-365)",0,149.99985000015
"ABC-SMC",230,0,0,4,"All sims (days 2-365)",0,0
"ABC-SMC",231,0,0,4,"All sims (days 2-365)",0,0
"ABC-SMC",232,49.99995000005,99.9999000001,4,"All sims (days 2-365)",0,149.99985000015
"ABC-SMC",233,0,0,4,"All sims (days 2-365)",0,0
"ABC-SMC",234,0,0,4,"All sims (days 2-365)",0,0
"ABC-SMC",235,49.99995000005,99.9999000001,4,"All sims (days 2-365)",0,149.99985000015
"ABC-SMC",236,0,0,4,"All sims (days 2-365)",0,0
"ABC-SMC",237,49.99995000005,99.9999000001,4,"All sims (days 2-365)",0,149.99985000015
"ABC-SMC",238,0,0,4,"All sims (days 2-365)",0,0
"ABC-SMC",239,0,0,4,"All sims (days 2-365)",0,0
"ABC-SMC",240,49.99995000005,99.9999000001,4,"All sims (days 2-365)",0,149.99985000015
"ABC-SMC",241,0,0,4,"All sims (days 2-365)",0,0
"ABC-SMC",242,0,0,4,"All sims (days 2-365)",0,0
"ABC-SMC",243,49.9999750000125,99.999950000025,4,"All sims (days 2-365)",0,149.999925000037
"ABC-SMC",244,49.99995000005,99.9999000001,4,"All sims (days 2-365)",0,149.99985000015
"ABC-SMC",245,0,0,4,"All sims (days 2-365)",0,0
"ABC-SMC",246,0,0,4,"All sims (days 2-365)",0,0
"ABC-SMC",247,0,0,4,"All sims (days 2-365)",0,0
"ABC-SMC",248,0,0,4,"All sims (days 2-365)",0,0
"ABC-SMC",249,0,0,4,"All sims (days 2-365)",0,0
"ABC-SMC",250,0,0,4,"All sims (days 2-365)",0,0
"ABC-SMC",251,0,0,4,"All sims (days 2-365)",0,0
"ABC-SMC",252,0,0,4,"All sims (days 2-365)",0,0
"ABC-SMC",253,49.99995000005,99.9999000001,4,"All sims (days 2-365)",0,149.99985000015
"ABC-SMC",254,0,0,4,"All sims (days 2-365)",0,0
"ABC-SMC",255,0,0,4,"All sims (days 2-365)",0,0
"ABC-SMC",256,0,0,4,"All sims (days 2-365)",0,0
"ABC-SMC",257,0,0,4,"All sims (days 2-365)",0,0
"ABC-SMC",258,49.99995000005,99.9999000001,4,"All sims (days 2-365)",0,149.99985000015
"ABC-SMC",259,0,0,4,"All sims (days 2-365)",0,0
"ABC-SMC",260,0,0,4,"All sims (days 2-365)",0,0
"ABC-SMC",261,0,0,4,"All sims (days 2-365)",0,0
"ABC-SMC",262,0,0,4,"All sims (days 2-365)",0,0
"ABC-SMC",263,0,0,4,"All sims (days 2-365)",0,0
"ABC-SMC",264,0,0,4,"All sims (days 2-365)",0,0
"ABC-SMC",265,49.99995000005,99.9999000001,4,"All sims (days 2-365)",0,149.99985000015
"ABC-SMC",266,0,0,4,"All sims (days 2-365)",0,0
"ABC-SMC",267,0,0,4,"All sims (days 2-365)",0,0
"ABC-SMC",268,0,0,4,"All sims (days 2-365)",0,0
"ABC-SMC",269,0,0,4,"All sims (days 2-365)",0,0
"ABC-SMC",270,0,0,4,"All sims (days 2-365)",0,0
"ABC-SMC",271,0,0,4,"All sims (days 2-365)",0,0
"ABC-SMC",272,0,0,4,"All sims (days 2-365)",0,0
"ABC-SMC",273,0,0,4,"All sims (days 2-365)",0,0
"ABC-SMC",274,0,0,4,"All sims (days 2-365)",0,0
"ABC-SMC",275,0,0,4,"All sims (days 2-365)",0,0
"ABC-SMC",276,0,0,4,"All sims (days 2-365)",0,0
"ABC-SMC",277,0,0,4,"All sims (days 2-365)",0,0
"ABC-SMC",278,0,0,4,"All sims (days 2-365)",0,0
"ABC-SMC",279,0,0,4,"All sims (days 2-365)",0,0
"ABC-SMC",280,0,0,4,"All sims (days 2-365)",0,0
"ABC-SMC",281,0,0,4,"All sims (days 2-365)",0,0
"ABC-SMC",282,0,0,4,"All sims (days 2-365)",0,0
"ABC-SMC",283,0,0,4,"All sims (days 2-365)",0,0
"ABC-SMC",284,0,0,4,"All sims (days 2-365)",0,0
"ABC-SMC",285,0,0,4,"All sims (days 2-365)",0,0
"ABC-SMC",286,0,0,4,"All sims (days 2-365)",0,0
"ABC-SMC",287,0,0,4,"All sims (days 2-365)",0,0
"ABC-SMC",288,0,0,4,"All sims (days 2-365)",0,0
"ABC-SMC",289,0,0,4,"All sims (days 2-365)",0,0
"ABC-SMC",290,0,0,4,"All sims (days 2-365)",0,0
"ABC-SMC",291,0,0,4,"All sims (days 2-365)",0,0
"ABC-SMC",292,0,0,4,"All sims (days 2-365)",0,0
"ABC-SMC",293,0,0,4,"All sims (days 2-365)",0,0
"ABC-SMC",294,0,0,4,"All sims (days 2-365)",0,0
"ABC-SMC",295,0,0,4,"All sims (days 2-365)",0,0
"ABC-SMC",296,0,0,4,"All sims (days 2-365)",0,0
"ABC-SMC",297,0,0,4,"All sims (days 2-365)",0,0
"ABC-SMC",298,0,0,4,"All sims (days 2-365)",0,0
"ABC-SMC",299,0,0,4,"All sims (days 2-365)",0,0
"ABC-SMC",300,0,0,4,"All sims (days 2-365)",0,0
"ABC-SMC",301,0,0,4,"All sims (days 2-365)",0,0
"ABC-SMC",302,0,0,4,"All sims (days 2-365)",0,0
"ABC-SMC",303,0,0,4,"All sims (days 2-365)",0,0
"ABC-SMC",304,0,0,4,"All sims (days 2-365)",0,0
"ABC-SMC",305,0,0,4,"All sims (days 2-365)",0,0
"ABC-SMC",306,0,0,4,"All sims (days 2-365)",0,0
"ABC-SMC",307,0,0,4,"All sims (days 2-365)",0,0
"ABC-SMC",308,0,0,4,"All sims (days 2-365)",0,0
"ABC-SMC",309,0,0,4,"All sims (days 2-365)",0,0
"ABC-SMC",310,0,0,4,"All sims (days 2-365)",0,0
"ABC-SMC",311,0,0,4,"All sims (days 2-365)",0,0
"ABC-SMC",312,0,0,4,"All sims (days 2-365)",0,0
"ABC-SMC",313,0,0,4,"All sims (days 2-365)",0,0
"ABC-SMC",314,0,0,4,"All sims (days 2-365)",0,0
"ABC-SMC",315,49.99995000005,99.9999000001,4,"All sims (days 2-365)",0,149.99985000015
"ABC-SMC",316,0,0,4,"All sims (days 2-365)",0,0
"ABC-SMC",317,0,0,4,"All sims (days 2-365)",0,0
"ABC-SMC",318,0,0,4,"All sims (days 2-365)",0,0
"ABC-SMC",319,0,0,4,"All sims (days 2-365)",0,0
"ABC-SMC",320,0,0,4,"All sims (days 2-365)",0,0
"ABC-SMC",321,0,0,4,"All sims (days 2-365)",0,0
"ABC-SMC",322,0,0,4,"All sims (days 2-365)",0,0
"ABC-SMC",323,0,0,4,"All sims (days 2-365)",0,0
"ABC-SMC",324,0,0,4,"All sims (days 2-365)",0,0
"ABC-SMC",325,0,0,4,"All sims (days 2-365)",0,0
"ABC-SMC",326,0,0,4,"All sims (days 2-365)",0,0
"ABC-SMC",327,0,0,4,"All sims (days 2-365)",0,0
"ABC-SMC",328,0,0,4,"All sims (days 2-365)",0,0
"ABC-SMC",329,0,0,4,"All sims (days 2-365)",0,0
"ABC-SMC",330,0,0,4,"All sims (days 2-365)",0,0
"ABC-SMC",331,0,0,4,"All sims (days 2-365)",0,0
"ABC-SMC",332,0,0,4,"All sims (days 2-365)",0,0
"ABC-SMC",333,0,0,4,"All sims (days 2-365)",0,0
"ABC-SMC",334,0,0,4,"All sims (days 2-365)",0,0
"ABC-SMC",335,0,0,4,"All sims (days 2-365)",0,0
"ABC-SMC",336,0,0,4,"All sims (days 2-365)",0,0
"ABC-SMC",337,0,0,4,"All sims (days 2-365)",0,0
"ABC-SMC",338,0,0,4,"All sims (days 2-365)",0,0
"ABC-SMC",339,0,0,4,"All sims (days 2-365)",0,0
"ABC-SMC",340,0,0,4,"All sims (days 2-365)",0,0
"ABC-SMC",341,0,0,4,"All sims (days 2-365)",0,0
"ABC-SMC",342,0,0,4,"All sims (days 2-365)",0,0
"ABC-SMC",343,0,0,4,"All sims (days 2-365)",0,0
"ABC-SMC",344,0,0,4,"All sims (days 2-365)",0,0
"ABC-SMC",345,0,0,4,"All sims (days 2-365)",0,0
"ABC-SMC",346,0,0,4,"All sims (days 2-365)",0,0
"ABC-SMC",347,0,0,4,"All sims (days 2-365)",0,0
"ABC-SMC",348,0,0,4,"All sims (days 2-365)",0,0
"ABC-SMC",349,0,0,4,"All sims (days 2-365)",0,0
"ABC-SMC",350,0,0,4,"All sims (days 2-365)",0,0
"ABC-SMC",351,0,0,4,"All sims (days 2-365)",0,0
"ABC-SMC",352,0,0,4,"All sims (days 2-365)",0,0
"ABC-SMC",353,0,0,4,"All sims (days 2-365)",0,0
"ABC-SMC",354,0,0,4,"All sims (days 2-365)",0,0
"ABC-SMC",355,0,0,4,"All sims (days 2-365)",0,0
"ABC-SMC",356,0,0,4,"All sims (days 2-365)",0,0
"ABC-SMC",357,0,0,4,"All sims (days 2-365)",0,0
"ABC-SMC",358,0,0,4,"All sims (days 2-365)",0,0
"ABC-SMC",359,0,0,4,"All sims (days 2-365)",0,0
"ABC-SMC",360,0,0,4,"All sims (days 2-365)",0,0
"ABC-SMC",361,0,0,4,"All sims (days 2-365)",0,0
"ABC-SMC",362,0,0,4,"All sims (days 2-365)",0,0
"ABC-SMC",363,0,0,4,"All sims (days 2-365)",0,0
"ABC-SMC",364,0,0,4,"All sims (days 2-365)",0,0
"ABC-SMC",365,0,0,4,"All sims (days 2-365)",0,0
"NelderMead",2,7.7632743971409,4.15971140063581,4,"All sims (days 2-365)",3.60356299650508,11.9229857977767
"NelderMead",3,29.6785448938843,15.1984124242846,4,"All sims (days 2-365)",14.4801324695997,44.8769573181689
"NelderMead",4,56.3226629239475,28.5565026935858,4,"All sims (days 2-365)",27.7661602303617,84.8791656175332
"NelderMead",5,83.589516182226,39.6771570215265,4,"All sims (days 2-365)",43.9123591606996,123.266673203753
"NelderMead",6,103.399900126193,29.6843005720901,4,"All sims (days 2-365)",73.7155995541031,133.084200698283
"NelderMead",7,105.750057683263,34.2321404199556,4,"All sims (days 2-365)",71.5179172633077,139.982198103219
"NelderMead",8,122.252772283029,22.8114347226882,4,"All sims (days 2-365)",99.4413375603404,145.064207005717
"NelderMead",9,128.157454022455,18.2030810613976,4,"All sims (days 2-365)",109.954372961058,146.360535083853
"NelderMead",10,119.20592016908,24.7580339784664,4,"All sims (days 2-365)",94.4478861906139,143.963954147547
"NelderMead",11,120.066567994229,18.8893627861536,4,"All sims (days 2-365)",101.177205208075,138.955930780382
"NelderMead",12,118.854940720151,21.9531986357529,4,"All sims (days 2-365)",96.9017420843984,140.808139355904
"NelderMead",13,104.541319914571,21.6989593300295,4,"All sims (days 2-365)",82.842360584541,126.2402792446
"NelderMead",14,100.517707756566,29.6692768075951,4,"All sims (days 2-365)",70.8484309489713,130.186984564162
"NelderMead",15,83.8236394951451,34.4885924337134,4,"All sims (days 2-365)",49.3350470614317,118.312231928859
"NelderMead",16,84.7187173232984,48.8973186700615,4,"All sims (days 2-365)",35.8213986532369,133.61603599336
"NelderMead",17,72.3749014091226,54.2268742813195,4,"All sims (days 2-365)",18.1480271278031,126.601775690442
"NelderMead",18,66.1488870912284,40.6901185048524,4,"All sims (days 2-365)",25.458768586376,106.839005596081
"NelderMead",19,67.0443980522962,32.8972946491763,4,"All sims (days 2-365)",34.1471034031198,99.9416927014725
"NelderMead",20,66.7860087431359,31.1975582962885,4,"All sims (days 2-365)",35.5884504468474,97.9835670394243
"NelderMead",21,68.1298014286895,35.8915442979995,4,"All sims (days 2-365)",32.2382571306899,104.021345726689
"NelderMead",22,63.1169665378144,45.4078292862239,4,"All sims (days 2-365)",17.7091372515905,108.524795824038
"NelderMead",23,62.9188733668102,44.3170516962246,4,"All sims (days 2-365)",18.6018216705856,107.235925063035
"NelderMead",24,61.6517493169838,55.8214483200683,4,"All sims (days 2-365)",5.83030099691547,117.473197637052
"NelderMead",25,60.9818622302599,59.9308577691144,4,"All sims (days 2-365)",1.05100446114547,120.912719999374
"NelderMead",26,58.2339104389614,64.7144439646051,4,"All sims (days 2-365)",0,122.948354403566
"NelderMead",27,62.7601739964995,69.9714977022947,4,"All sims (days 2-365)",0,132.731671698794
"NelderMead",28,62.4141424551122,70.4844814350388,4,"All sims (days 2-365)",0,132.898623890151
"NelderMead",29,67.99043295178,70.253205409101,4,"All sims (days 2-365)",0,138.243638360881
"NelderMead",30,69.6591590439645,69.7469922083597,4,"All sims (days 2-365)",0,139.406151252324
"NelderMead",31,66.6459796014061,68.8058652636557,4,"All sims (days 2-365)",0,135.451844865062
"NelderMead",32,73.1856261474705,68.8720457194279,4,"All sims (days 2-365)",4.31358042804258,142.057671866898
"NelderMead",33,72.4953639212975,73.5656174004534,4,"All sims (days 2-365)",0,146.060981321751
"NelderMead",34,79.2498521364119,67.8653506278203,4,"All sims (days 2-365)",11.3845015085917,147.115202764232
"NelderMead",35,72.6636195085989,74.3740330824443,4,"All sims (days 2-365)",0,147.037652591043
"NelderMead",36,79.7851741054483,73.422543010769,4,"All sims (days 2-365)",6.36263109467937,153.207717116217
"NelderMead",37,72.7372803810848,76.3932599319399,4,"All sims (days 2-365)",0,149.130540313025
"NelderMead",38,85.911820948378,75.2251459546644,4,"All sims (days 2-365)",10.6866749937135,161.136966903042
"NelderMead",39,87.4145584525643,73.2940083457294,4,"All sims (days 2-365)",14.1205501068349,160.708566798294
"NelderMead",40,81.9946713312168,78.6171878764318,4,"All sims (days 2-365)",3.37748345478497,160.611859207649
"NelderMead",41,83.4847521395307,79.7444190791056,4,"All sims (days 2-365)",3.74033306042504,163.229171218636
"NelderMead",42,78.3193402555491,79.6320200826524,4,"All sims (days 2-365)",0,157.951360338202
"NelderMead",43,86.7423300588354,74.0903418273681,4,"All sims (days 2-365)",12.6519882314673,160.832671886204
"NelderMead",44,91.1045154882761,80.7853372567253,4,"All sims (days 2-365)",10.3191782315508,171.889852745001
"NelderMead",45,98.3602720303831,77.7006037012865,4,"All sims (days 2-365)",20.6596683290965,176.06087573167
"NelderMead",46,92.4403169193949,80.1470603652086,4,"All sims (days 2-365)",12.2932565541863,172.587377284604
"NelderMead",47,96.7162612709135,77.9462375398513,4,"All sims (days 2-365)",18.7700237310623,174.662498810765
"NelderMead",48,109.777149510936,66.4251825561828,4,"All sims (days 2-365)",43.3519669547527,176.202332067118
"NelderMead",49,111.726586342643,63.3299356604286,4,"All sims (days 2-365)",48.3966506822141,175.056522003071
"NelderMead",50,110.376075077121,65.8460973417264,4,"All sims (days 2-365)",44.5299777353946,176.222172418847
"NelderMead",51,100.72011165423,72.7710201726956,4,"All sims (days 2-365)",27.9490914815341,173.491131826925
"NelderMead",52,111.436431517449,61.4783553664154,4,"All sims (days 2-365)",49.9580761510332,172.914786883864
"NelderMead",53,120.749174523692,55.6000992935662,4,"All sims (days 2-365)",65.1490752301257,176.349273817258
"NelderMead",54,110.911402765661,66.2075419709914,4,"All sims (days 2-365)",44.70386079467,177.118944736653
"NelderMead",55,115.235115680842,60.2391262181085,4,"All sims (days 2-365)",54.995989462733,175.47424189895
"NelderMead",56,124.973225313436,54.4670270246417,4,"All sims (days 2-365)",70.5061982887948,179.440252338078
"NelderMead",57,115.837474277884,59.2335484041477,4,"All sims (days 2-365)",56.6039258737363,175.071022682032
"NelderMead",58,111.812893079905,65.0908940622879,4,"All sims (days 2-365)",46.7219990176174,176.903787142193
"NelderMead",59,119.45727411698,58.7230143699453,4,"All sims (days 2-365)",60.7342597470351,178.180288486926
"NelderMead",60,125.542779818746,54.170573252718,4,"All sims (days 2-365)",71.372206566028,179.713353071464
"NelderMead",61,133.108026079809,50.0424211398485,4,"All sims (days 2-365)",83.0656049399609,183.150447219658
"NelderMead",62,129.459317243495,49.600031094107,4,"All sims (days 2-365)",79.8592861493882,179.059348337602
"NelderMead",63,134.724545815653,50.4162096774403,4,"All sims (days 2-365)",84.308336138213,185.140755493094
"NelderMead",64,135.876937024226,45.2375987177546,4,"All sims (days 2-365)",90.6393383064713,181.11453574198
"NelderMead",65,129.677891970444,52.1059391524253,4,"All sims (days 2-365)",77.5719528180183,181.783831122869
"NelderMead",66,139.749230401255,43.8997281187541,4,"All sims (days 2-365)",95.849502282501,183.648958520009
"NelderMead",67,129.574774347557,54.2174323838892,4,"All sims (days 2-365)",75.3573419636676,183.792206731446
"NelderMead",68,132.491304607608,48.4563613318883,4,"All sims (days 2-365)",84.0349432757193,180.947665939496
"NelderMead",69,133.055537095427,48.1798029387005,4,"All sims (days 2-365)",84.8757341567269,181.235340034128
"NelderMead",70,130.772194854243,53.9489814993979,4,"All sims (days 2-365)",76.8232133548448,184.721176353641
"NelderMead",71,138.875585913419,44.1144073504079,4,"All sims (days 2-365)",94.7611785630106,182.989993263826
"NelderMead",72,139.487797223889,44.1991956187176,4,"All sims (days 2-365)",95.2886016051713,183.686992842606
"NelderMead",73,147.303909573904,38.9708281415837,4,"All sims (days 2-365)",108.33308143232,186.274737715488
"NelderMead",74,143.913035794392,43.1832092664644,4,"All sims (days 2-365)",100.729826527927,187.096245060856
"NelderMead",75,143.099405667718,41.0006048356081,4,"All sims (days 2-365)",102.09880083211,184.100010503326
"NelderMead",76,145.869863810899,39.0556548535294,4,"All sims (days 2-365)",106.81420895737,184.925518664429
"NelderMead",77,146.779112220502,42.6736110988577,4,"All sims (days 2-365)",104.105501121644,189.45272331936
"NelderMead",78,135.829094870997,43.2214643909848,4,"All sims (days 2-365)",92.6076304800118,179.050559261981
"NelderMead",79,142.396285646873,47.4124256228194,4,"All sims (days 2-365)",94.9838600240534,189.808711269692
"NelderMead",80,146.799226847272,40.1353094035027,4,"All sims (days 2-365)",106.663917443769,186.934536250775
"NelderMead",81,136.293958271662,44.0710130812687,4,"All sims (days 2-365)",92.2229451903932,180.364971352931
"NelderMead",82,155.651312818655,37.3680706501847,4,"All sims (days 2-365)",118.28324216847,193.01938346884
"NelderMead",83,92.9088987179262,64.943801994529,4,"All sims (days 2-365)",27.9650967233972,157.852700712455
"NelderMead",84,146.206876236549,45.8882574306702,4,"All sims (days 2-365)",100.318618805879,192.09513366722
"NelderMead",85,157.499971181102,33.0403381944828,4,"All sims (days 2-365)",124.45963298662,190.540309375585
"NelderMead",86,132.617369718237,54.5605360384693,4,"All sims (days 2-365)",78.0568336797678,187.177905756707
"NelderMead",87,150.128150912854,50.6375528293057,4,"All sims (days 2-365)",99.4905980835485,200
"NelderMead",88,149.380543738682,53.6297193292504,4,"All sims (days 2-365)",95.7508244094312,200
"NelderMead",89,152.501915082933,45.0272777154812,4,"All sims (days 2-365)",107.474637367452,197.529192798414
"NelderMead",90,102.436688481998,70.4332399271968,4,"All sims (days 2-365)",32.0034485548012,172.869928409195
"NelderMead",91,87.4999952256947,83.1943245628429,4,"All sims (days 2-365)",4.30567066285185,170.694319788538
"NelderMead",92,143.333302777791,55.9099478151732,4,"All sims (days 2-365)",87.4233549626175,199.243250592964
"NelderMead",93,153.94954598077,33.6514777883397,4,"All sims (days 2-365)",120.298068192431,187.60102376911
"NelderMead",94,156.473628890514,41.7080153674861,4,"All sims (days 2-365)",114.765613523028,198.181644258
"NelderMead",95,105.353527646873,73.5666984638609,4,"All sims (days 2-365)",31.7868291830125,178.920226110734
"NelderMead",96,162.337605217344,31.1166007244085,4,"All sims (days 2-365)",131.221004492936,193.454205941753
"NelderMead",97,102.727264661158,75.8351062244806,4,"All sims (days 2-365)",26.8921584366771,178.562370885638
"NelderMead",98,159.928640685712,30.1474449242717,4,"All sims (days 2-365)",129.78119576144,190.076085609984
"NelderMead",99,154.94502785091,39.2129415080723,4,"All sims (days 2-365)",115.732086342838,194.157969358983
"NelderMead",100,101.388879957563,72.0617812892096,4,"All sims (days 2-365)",29.327098668353,173.450661246772
"NelderMead",101,107.638879750194,78.4814335934973,4,"All sims (days 2-365)",29.1574461566964,186.120313343691
"NelderMead",102,101.746022363821,78.6898190011978,4,"All sims (days 2-365)",23.0562033626227,180.435841365018
"NelderMead",103,118.857799587191,80.5898746058436,4,"All sims (days 2-365)",38.267924981347,199.447674193034
"NelderMead",104,117.857133545919,80.3784447807412,4,"All sims (days 2-365)",37.4786887651779,198.23557832666
"NelderMead",105,111.976901513174,77.5803464516383,4,"All sims (days 2-365)",34.3965550615362,189.557247964813
"NelderMead",106,115.909074065085,87.6302503574279,4,"All sims (days 2-365)",28.2788237076575,200
"NelderMead",107,120.085456601757,88.1336979437365,4,"All sims (days 2-365)",31.9517586580205,200
"NelderMead",108,112.499987642047,85.3912480379429,4,"All sims (days 2-365)",27.1087396041039,197.89123567999
"NelderMead",109,118.749987890626,89.8494021048222,4,"All sims (days 2-365)",28.9005857858041,200
"NelderMead",110,114.76189047846,90.7564465236748,4,"All sims (days 2-365)",24.0054439547852,200
"NelderMead",111,173.484782120117,34.5839211267331,4,"All sims (days 2-365)",138.900860993384,200
"NelderMead",112,127.499985756946,87.7021377429092,4,"All sims (days 2-365)",39.7978480140369,200
"NelderMead",113,170.833248090342,34.359140533582,4,"All sims (days 2-365)",136.47410755676,200
"NelderMead",114,138.888854567915,94.9333481874715,4,"All sims (days 2-365)",43.9555063804432,200
"NelderMead",115,149.999929761961,99.9999531746709,4,"All sims (days 2-365)",49.9999765872896,200
"NelderMead",116,135.71425204083,94.4010573601464,4,"All sims (days 2-365)",41.3131946806834,200
"NelderMead",117,133.333292777793,94.2808711599075,4,"All sims (days 2-365)",39.0524216178857,200
"NelderMead",118,129.999982750002,94.5163022622747,4,"All sims (days 2-365)",35.4836804877278,200
"NelderMead",119,99.9999783333394,115.470028819422,4,"All sims (days 2-365)",0,200
"NelderMead",120,124.999962500015,95.7426803120623,4,"All sims (days 2-365)",29.2572821879525,200
"NelderMead",121,99.999982954549,115.470034155534,4,"All sims (days 2-365)",0,200
"NelderMead",122,66.6666561111135,94.2808947301172,4,"All sims (days 2-365)",0,160.947550841231
"NelderMead",123,99.9999783333394,115.470028819422,4,"All sims (days 2-365)",0,200
"NelderMead",124,99.9999694444576,115.470018555428,4,"All sims (days 2-365)",0,200
"NelderMead",125,99.9999666666805,115.470015347926,4,"All sims (days 2-365)",0,200
"NelderMead",126,74.9999866071454,95.7426961655473,4,"All sims (days 2-365)",0,170.742682772693
"NelderMead",127,129.999975666671,94.5162952675993,4,"All sims (days 2-365)",35.4836803990719,200
"NelderMead",128,49.9999928571439,99.9999857142878,4,"All sims (days 2-365)",0,149.999978571432
"NelderMead",129,99.999977777784,115.470028177922,4,"All sims (days 2-365)",0,200
"NelderMead",130,133.333270634973,94.2808502834819,4,"All sims (days 2-365)",39.0524203514907,200
"NelderMead",131,149.999916666728,99.9999444445049,4,"All sims (days 2-365)",49.9999722222228,200
"NelderMead",132,149.999883333439,99.9999222223123,4,"All sims (days 2-365)",49.9999611111266,200
"NelderMead",133,149.999919444508,99.9999462963649,4,"All sims (days 2-365)",49.9999731481427,200
"NelderMead",134,149.999927777834,99.9999518519178,4,"All sims (days 2-365)",49.9999759259161,200
"NelderMead",135,99.9999708333462,115.470020159179,4,"All sims (days 2-365)",0,200
"NelderMead",136,99.9999416667181,115.469986480473,4,"All sims (days 2-365)",0,200
"NelderMead",137,49.9999937500008,99.9999875000016,4,"All sims (days 2-365)",0,149.999981250002
"NelderMead",138,99.9999666666778,115.47001534792,4,"All sims (days 2-365)",0,200
"NelderMead",139,99.9999333333889,115.469976857966,4,"All sims (days 2-365)",0,200
"NelderMead",140,149.999892857244,99.9999285715286,4,"All sims (days 2-365)",49.9999642857153,200
"NelderMead",141,149.999890000102,99.9999266667631,4,"All sims (days 2-365)",49.9999633333389,200
"NelderMead",142,99.999940000052,115.469984555971,4,"All sims (days 2-365)",0,200
"NelderMead",143,99.9999450000505,115.469990329477,4,"All sims (days 2-365)",0,200
"NelderMead",144,149.999917857206,99.9999452381623,4,"All sims (days 2-365)",49.9999726190441,200
"NelderMead",145,99.9999437500508,115.469988886101,4,"All sims (days 2-365)",0,200
"NelderMead",146,149.999915000065,99.9999433333981,4,"All sims (days 2-365)",49.9999716666664,200
"NelderMead",147,99.9999437500508,115.469988886101,4,"All sims (days 2-365)",0,200
"NelderMead",148,99.9999375000531,115.469981669219,4,"All sims (days 2-365)",0,200
"NelderMead",149,149.999900000075,99.9999333333944,4,"All sims (days 2-365)",49.9999666666806,200
"NelderMead",150,149.999875000113,99.9999166667528,4,"All sims (days 2-365)",49.9999583333597,200
"NelderMead",151,99.9999333333889,115.469976857966,4,"All sims (days 2-365)",0,200
"NelderMead",152,49.9999833333389,99.9999666666778,4,"All sims (days 2-365)",0,149.999950000017
"NelderMead",153,49.9999833333389,99.9999666666778,4,"All sims (days 2-365)",0,149.999950000017
"NelderMead",154,149.999887500103,99.9999250000938,4,"All sims (days 2-365)",49.9999625000094,200
"NelderMead",155,49.99995000005,99.9999000001,4,"All sims (days 2-365)",0,149.99985000015
"NelderMead",156,49.999990000002,99.999980000004,4,"All sims (days 2-365)",0,149.999970000006
"NelderMead",157,49.999990000002,99.999980000004,4,"All sims (days 2-365)",0,149.999970000006
"NelderMead",158,49.9999875000031,99.9999750000062,4,"All sims (days 2-365)",0,149.999962500009
"NelderMead",159,49.9999928571439,99.9999857142878,4,"All sims (days 2-365)",0,149.999978571432
"NelderMead",160,49.9999875000031,99.9999750000062,4,"All sims (days 2-365)",0,149.999962500009
"NelderMead",161,149.999875000113,99.9999166667528,4,"All sims (days 2-365)",49.9999583333597,200
"NelderMead",162,99.999950000025,115.469996102927,4,"All sims (days 2-365)",0,200
"NelderMead",163,149.99985000015,99.9999000001,4,"All sims (days 2-365)",49.99995000005,200
"NelderMead",164,99.9999625000156,115.470010536675,4,"All sims (days 2-365)",0,200
"NelderMead",165,99.9999000001,115.469938367987,4,"All sims (days 2-365)",0,200
"NelderMead",166,149.999890000102,99.9999266667631,4,"All sims (days 2-365)",49.9999633333389,200
"NelderMead",167,99.9999250000625,115.469967235464,4,"All sims (days 2-365)",0,200
"NelderMead",168,99.9999333333889,115.469976857966,4,"All sims (days 2-365)",0,200
"NelderMead",169,49.9999833333389,99.9999666666778,4,"All sims (days 2-365)",0,149.999950000017
"NelderMead",170,49.9999750000125,99.999950000025,4,"All sims (days 2-365)",0,149.999925000037
"NelderMead",171,0,0,4,"All sims (days 2-365)",0,0
"NelderMead",172,149.99985000015,99.9999000001,4,"All sims (days 2-365)",49.99995000005,200
"NelderMead",173,49.9999833333389,99.9999666666778,4,"All sims (days 2-365)",0,149.999950000017
"NelderMead",174,99.9999000001,115.469938367987,4,"All sims (days 2-365)",0,200
"NelderMead",175,49.9999833333389,99.9999666666778,4,"All sims (days 2-365)",0,149.999950000017
"NelderMead",176,49.9999750000125,99.999950000025,4,"All sims (days 2-365)",0,149.999925000037
"NelderMead",177,49.9999875000031,99.9999750000062,4,"All sims (days 2-365)",0,149.999962500009
"NelderMead",178,49.9999833333389,99.9999666666778,4,"All sims (days 2-365)",0,149.999950000017
"NelderMead",179,99.9999333333889,115.469976857966,4,"All sims (days 2-365)",0,200
"NelderMead",180,99.9999250000625,115.469967235464,4,"All sims (days 2-365)",0,200
"NelderMead",181,0,0,4,"All sims (days 2-365)",0,0
"NelderMead",182,0,0,4,"All sims (days 2-365)",0,0
"NelderMead",183,49.9999833333389,99.9999666666778,4,"All sims (days 2-365)",0,149.999950000017
"NelderMead",184,49.99995000005,99.9999000001,4,"All sims (days 2-365)",0,149.99985000015
"NelderMead",185,0,0,4,"All sims (days 2-365)",0,0
"NelderMead",186,0,0,4,"All sims (days 2-365)",0,0
"NelderMead",187,0,0,4,"All sims (days 2-365)",0,0
"NelderMead",188,0,0,4,"All sims (days 2-365)",0,0
"NelderMead",189,99.9999250000625,115.469967235464,4,"All sims (days 2-365)",0,200
"NelderMead",190,49.99995000005,99.9999000001,4,"All sims (days 2-365)",0,149.99985000015
"NelderMead",191,49.99995000005,99.9999000001,4,"All sims (days 2-365)",0,149.99985000015
"NelderMead",192,49.99995000005,99.9999000001,4,"All sims (days 2-365)",0,149.99985000015
"NelderMead",193,99.9999250000625,115.469967235464,4,"All sims (days 2-365)",0,200
"NelderMead",194,49.9999833333389,99.9999666666778,4,"All sims (days 2-365)",0,149.999950000017
"NelderMead",195,99.9999375000531,115.469981669219,4,"All sims (days 2-365)",0,200
"NelderMead",196,49.99995000005,99.9999000001,4,"All sims (days 2-365)",0,149.99985000015
"NelderMead",197,49.9999833333389,99.9999666666778,4,"All sims (days 2-365)",0,149.999950000017
"NelderMead",198,0,0,4,"All sims (days 2-365)",0,0
"NelderMead",199,49.9999750000125,99.999950000025,4,"All sims (days 2-365)",0,149.999925000037
"NelderMead",200,49.99995000005,99.9999000001,4,"All sims (days 2-365)",0,149.99985000015
"NelderMead",201,0,0,4,"All sims (days 2-365)",0,0
"NelderMead",202,49.9999833333389,99.9999666666778,4,"All sims (days 2-365)",0,149.999950000017
"NelderMead",203,49.99995000005,99.9999000001,4,"All sims (days 2-365)",0,149.99985000015
"NelderMead",204,49.99995000005,99.9999000001,4,"All sims (days 2-365)",0,149.99985000015
"NelderMead",205,0,0,4,"All sims (days 2-365)",0,0
"NelderMead",206,49.99995000005,99.9999000001,4,"All sims (days 2-365)",0,149.99985000015
"NelderMead",207,49.9999750000125,99.999950000025,4,"All sims (days 2-365)",0,149.999925000037
"NelderMead",208,49.99995000005,99.9999000001,4,"All sims (days 2-365)",0,149.99985000015
"NelderMead",209,49.99995000005,99.9999000001,4,"All sims (days 2-365)",0,149.99985000015
"NelderMead",210,49.99995000005,99.9999000001,4,"All sims (days 2-365)",0,149.99985000015
"NelderMead",211,49.99995000005,99.9999000001,4,"All sims (days 2-365)",0,149.99985000015
"NelderMead",212,49.99995000005,99.9999000001,4,"All sims (days 2-365)",0,149.99985000015
"NelderMead",213,49.99995000005,99.9999000001,4,"All sims (days 2-365)",0,149.99985000015
"NelderMead",214,49.9999750000125,99.999950000025,4,"All sims (days 2-365)",0,149.999925000037
"NelderMead",215,49.9999750000125,99.999950000025,4,"All sims (days 2-365)",0,149.999925000037
"NelderMead",216,49.99995000005,99.9999000001,4,"All sims (days 2-365)",0,149.99985000015
"NelderMead",217,49.99995000005,99.9999000001,4,"All sims (days 2-365)",0,149.99985000015
"NelderMead",218,0,0,4,"All sims (days 2-365)",0,0
"NelderMead",219,0,0,4,"All sims (days 2-365)",0,0
"NelderMead",220,49.99995000005,99.9999000001,4,"All sims (days 2-365)",0,149.99985000015
"NelderMead",221,0,0,4,"All sims (days 2-365)",0,0
"NelderMead",222,0,0,4,"All sims (days 2-365)",0,0
"NelderMead",223,49.9999750000125,99.999950000025,4,"All sims (days 2-365)",0,149.999925000037
"NelderMead",224,0,0,4,"All sims (days 2-365)",0,0
"NelderMead",225,49.9999750000125,99.999950000025,4,"All sims (days 2-365)",0,149.999925000037
"NelderMead",226,0,0,4,"All sims (days 2-365)",0,0
"NelderMead",227,0,0,4,"All sims (days 2-365)",0,0
"NelderMead",228,0,0,4,"All sims (days 2-365)",0,0
"NelderMead",229,49.99995000005,99.9999000001,4,"All sims (days 2-365)",0,149.99985000015
"NelderMead",230,0,0,4,"All sims (days 2-365)",0,0
"NelderMead",231,0,0,4,"All sims (days 2-365)",0,0
"NelderMead",232,49.99995000005,99.9999000001,4,"All sims (days 2-365)",0,149.99985000015
"NelderMead",233,0,0,4,"All sims (days 2-365)",0,0
"NelderMead",234,0,0,4,"All sims (days 2-365)",0,0
"NelderMead",235,49.99995000005,99.9999000001,4,"All sims (days 2-365)",0,149.99985000015
"NelderMead",236,0,0,4,"All sims (days 2-365)",0,0
"NelderMead",237,49.99995000005,99.9999000001,4,"All sims (days 2-365)",0,149.99985000015
"NelderMead",238,0,0,4,"All sims (days 2-365)",0,0
"NelderMead",239,0,0,4,"All sims (days 2-365)",0,0
"NelderMead",240,49.99995000005,99.9999000001,4,"All sims (days 2-365)",0,149.99985000015
"NelderMead",241,0,0,4,"All sims (days 2-365)",0,0
"NelderMead",242,0,0,4,"All sims (days 2-365)",0,0
"NelderMead",243,49.9999750000125,99.999950000025,4,"All sims (days 2-365)",0,149.999925000037
"NelderMead",244,49.99995000005,99.9999000001,4,"All sims (days 2-365)",0,149.99985000015
"NelderMead",245,0,0,4,"All sims (days 2-365)",0,0
"NelderMead",246,0,0,4,"All sims (days 2-365)",0,0
"NelderMead",247,0,0,4,"All sims (days 2-365)",0,0
"NelderMead",248,0,0,4,"All sims (days 2-365)",0,0
"NelderMead",249,0,0,4,"All sims (days 2-365)",0,0
"NelderMead",250,0,0,4,"All sims (days 2-365)",0,0
"NelderMead",251,0,0,4,"All sims (days 2-365)",0,0
"NelderMead",252,0,0,4,"All sims (days 2-365)",0,0
"NelderMead",253,49.99995000005,99.9999000001,4,"All sims (days 2-365)",0,149.99985000015
"NelderMead",254,0,0,4,"All sims (days 2-365)",0,0
"NelderMead",255,0,0,4,"All sims (days 2-365)",0,0
"NelderMead",256,0,0,4,"All sims (days 2-365)",0,0
"NelderMead",257,0,0,4,"All sims (days 2-365)",0,0
"NelderMead",258,49.99995000005,99.9999000001,4,"All sims (days 2-365)",0,149.99985000015
"NelderMead",259,0,0,4,"All sims (days 2-365)",0,0
"NelderMead",260,0,0,4,"All sims (days 2-365)",0,0
"NelderMead",261,0,0,4,"All sims (days 2-365)",0,0
"NelderMead",262,0,0,4,"All sims (days 2-365)",0,0
"NelderMead",263,0,0,4,"All sims (days 2-365)",0,0
"NelderMead",264,0,0,4,"All sims (days 2-365)",0,0
"NelderMead",265,49.99995000005,99.9999000001,4,"All sims (days 2-365)",0,149.99985000015
"NelderMead",266,0,0,4,"All sims (days 2-365)",0,0
"NelderMead",267,0,0,4,"All sims (days 2-365)",0,0
"NelderMead",268,0,0,4,"All sims (days 2-365)",0,0
"NelderMead",269,0,0,4,"All sims (days 2-365)",0,0
"NelderMead",270,0,0,4,"All sims (days 2-365)",0,0
"NelderMead",271,0,0,4,"All sims (days 2-365)",0,0
"NelderMead",272,0,0,4,"All sims (days 2-365)",0,0
"NelderMead",273,0,0,4,"All sims (days 2-365)",0,0
"NelderMead",274,0,0,4,"All sims (days 2-365)",0,0
"NelderMead",275,0,0,4,"All sims (days 2-365)",0,0
"NelderMead",276,0,0,4,"All sims (days 2-365)",0,0
"NelderMead",277,0,0,4,"All sims (days 2-365)",0,0
"NelderMead",278,0,0,4,"All sims (days 2-365)",0,0
"NelderMead",279,0,0,4,"All sims (days 2-365)",0,0
"NelderMead",280,0,0,4,"All sims (days 2-365)",0,0
"NelderMead",281,0,0,4,"All sims (days 2-365)",0,0
"NelderMead",282,0,0,4,"All sims (days 2-365)",0,0
"NelderMead",283,0,0,4,"All sims (days 2-365)",0,0
"NelderMead",284,0,0,4,"All sims (days 2-365)",0,0
"NelderMead",285,0,0,4,"All sims (days 2-365)",0,0
"NelderMead",286,0,0,4,"All sims (days 2-365)",0,0
"NelderMead",287,0,0,4,"All sims (days 2-365)",0,0
"NelderMead",288,0,0,4,"All sims (days 2-365)",0,0
"NelderMead",289,0,0,4,"All sims (days 2-365)",0,0
"NelderMead",290,0,0,4,"All sims (days 2-365)",0,0
"NelderMead",291,0,0,4,"All sims (days 2-365)",0,0
"NelderMead",292,0,0,4,"All sims (days 2-365)",0,0
"NelderMead",293,0,0,4,"All sims (days 2-365)",0,0
"NelderMead",294,0,0,4,"All sims (days 2-365)",0,0
"NelderMead",295,0,0,4,"All sims (days 2-365)",0,0
"NelderMead",296,0,0,4,"All sims (days 2-365)",0,0
"NelderMead",297,0,0,4,"All sims (days 2-365)",0,0
"NelderMead",298,0,0,4,"All sims (days 2-365)",0,0
"NelderMead",299,0,0,4,"All sims (days 2-365)",0,0
"NelderMead",300,0,0,4,"All sims (days 2-365)",0,0
"NelderMead",301,0,0,4,"All sims (days 2-365)",0,0
"NelderMead",302,0,0,4,"All sims (days 2-365)",0,0
"NelderMead",303,0,0,4,"All sims (days 2-365)",0,0
"NelderMead",304,0,0,4,"All sims (days 2-365)",0,0
"NelderMead",305,0,0,4,"All sims (days 2-365)",0,0
"NelderMead",306,0,0,4,"All sims (days 2-365)",0,0
"NelderMead",307,0,0,4,"All sims (days 2-365)",0,0
"NelderMead",308,0,0,4,"All sims (days 2-365)",0,0
"NelderMead",309,0,0,4,"All sims (days 2-365)",0,0
"NelderMead",310,0,0,4,"All sims (days 2-365)",0,0
"NelderMead",311,0,0,4,"All sims (days 2-365)",0,0
"NelderMead",312,0,0,4,"All sims (days 2-365)",0,0
"NelderMead",313,0,0,4,"All sims (days 2-365)",0,0
"NelderMead",314,0,0,4,"All sims (days 2-365)",0,0
"NelderMead",315,49.99995000005,99.9999000001,4,"All sims (days 2-365)",0,149.99985000015
"NelderMead",316,0,0,4,"All sims (days 2-365)",0,0
"NelderMead",317,0,0,4,"All sims (days 2-365)",0,0
"NelderMead",318,0,0,4,"All sims (days 2-365)",0,0
"NelderMead",319,0,0,4,"All sims (days 2-365)",0,0
"NelderMead",320,0,0,4,"All sims (days 2-365)",0,0
"NelderMead",321,0,0,4,"All sims (days 2-365)",0,0
"NelderMead",322,0,0,4,"All sims (days 2-365)",0,0
"NelderMead",323,0,0,4,"All sims (days 2-365)",0,0
"NelderMead",324,0,0,4,"All sims (days 2-365)",0,0
"NelderMead",325,0,0,4,"All sims (days 2-365)",0,0
"NelderMead",326,0,0,4,"All sims (days 2-365)",0,0
"NelderMead",327,0,0,4,"All sims (days 2-365)",0,0
"NelderMead",328,0,0,4,"All sims (days 2-365)",0,0
"NelderMead",329,0,0,4,"All sims (days 2-365)",0,0
"NelderMead",330,0,0,4,"All sims (days 2-365)",0,0
"NelderMead",331,0,0,4,"All sims (days 2-365)",0,0
"NelderMead",332,0,0,4,"All sims (days 2-365)",0,0
"NelderMead",333,0,0,4,"All sims (days 2-365)",0,0
"NelderMead",334,0,0,4,"All sims (days 2-365)",0,0
"NelderMead",335,0,0,4,"All sims (days 2-365)",0,0
"NelderMead",336,0,0,4,"All sims (days 2-365)",0,0
"NelderMead",337,0,0,4,"All sims (days 2-365)",0,0
"NelderMead",338,0,0,4,"All sims (days 2-365)",0,0
"NelderMead",339,0,0,4,"All sims (days 2-365)",0,0
"NelderMead",340,0,0,4,"All sims (days 2-365)",0,0
"NelderMead",341,0,0,4,"All sims (days 2-365)",0,0
"NelderMead",342,0,0,4,"All sims (days 2-365)",0,0
"NelderMead",343,0,0,4,"All sims (days 2-365)",0,0
"NelderMead",344,0,0,4,"All sims (days 2-365)",0,0
"NelderMead",345,0,0,4,"All sims (days 2-365)",0,0
"NelderMead",346,0,0,4,"All sims (days 2-365)",0,0
"NelderMead",347,0,0,4,"All sims (days 2-365)",0,0
"NelderMead",348,0,0,4,"All sims (days 2-365)",0,0
"NelderMead",349,0,0,4,"All sims (days 2-365)",0,0
"NelderMead",350,0,0,4,"All sims (days 2-365)",0,0
"NelderMead",351,0,0,4,"All sims (days 2-365)",0,0
"NelderMead",352,0,0,4,"All sims (days 2-365)",0,0
"NelderMead",353,0,0,4,"All sims (days 2-365)",0,0
"NelderMead",354,0,0,4,"All sims (days 2-365)",0,0
"NelderMead",355,0,0,4,"All sims (days 2-365)",0,0
"NelderMead",356,0,0,4,"All sims (days 2-365)",0,0
"NelderMead",357,0,0,4,"All sims (days 2-365)",0,0
"NelderMead",358,0,0,4,"All sims (days 2-365)",0,0
"NelderMead",359,0,0,4,"All sims (days 2-365)",0,0
"NelderMead",360,0,0,4,"All sims (days 2-365)",0,0
"NelderMead",361,0,0,4,"All sims (days 2-365)",0,0
"NelderMead",362,0,0,4,"All sims (days 2-365)",0,0
"NelderMead",363,0,0,4,"All sims (days 2-365)",0,0
"NelderMead",364,0,0,4,"All sims (days 2-365)",0,0
"NelderMead",365,0,0,4,"All sims (days 2-365)",0,0
"DE",2,7.89538260970567,5.04963775728225,4,"All sims (days 2-365)",2.84574485242342,12.9450203669879
"DE",3,6.50817160801933,6.81301257286864,4,"All sims (days 2-365)",0,13.321184180888
"DE",4,6.45173002836522,2.13350416613132,4,"All sims (days 2-365)",4.31822586223389,8.58523419449654
"DE",5,11.797190166438,7.25746482763752,4,"All sims (days 2-365)",4.53972533880045,19.0546549940755
"DE",6,6.17548364418878,4.76166389090973,4,"All sims (days 2-365)",1.41381975327904,10.9371475350985
"DE",7,15.7129170038894,5.61233650801216,4,"All sims (days 2-365)",10.1005804958772,21.3252535119016
"DE",8,12.9525741441459,9.26192205887683,4,"All sims (days 2-365)",3.69065208526903,22.2144962030227
"DE",9,6.45425782088128,6.70974203056741,4,"All sims (days 2-365)",0,13.1639998514487
"DE",10,14.9749372447009,0.982247923915413,4,"All sims (days 2-365)",13.9926893207855,15.9571851686163
"DE",11,7.69043984356395,7.3655813761689,4,"All sims (days 2-365)",0.324858467395043,15.0560212197329
"DE",12,5.96202682959085,5.03545847986673,4,"All sims (days 2-365)",0.92656834972412,10.9974853094576
"DE",13,7.54804361094191,5.71702976784554,4,"All sims (days 2-365)",1.83101384309637,13.2650733787875
"DE",14,9.89805225427467,5.5871233093479,4,"All sims (days 2-365)",4.31092894492676,15.4851755636226
"DE",15,7.86789407972745,5.60661053574098,4,"All sims (days 2-365)",2.26128354398647,13.4745046154684
"DE",16,8.7641114001785,10.5263566244951,4,"All sims (days 2-365)",0,19.2904680246736
"DE",17,6.67180561698169,5.38567593205677,4,"All sims (days 2-365)",1.28612968492492,12.0574815490385
"DE",18,6.26376332969459,4.36158685118474,4,"All sims (days 2-365)",1.90217647850985,10.6253501808793
"DE",19,3.26118082766431,2.38275879600231,4,"All sims (days 2-365)",0.878422031662003,5.64393962366662
"DE",20,6.27563604493793,6.33819873407944,4,"All sims (days 2-365)",0,12.6138347790174
"DE",21,3.89099282291027,2.68598911923556,4,"All sims (days 2-365)",1.20500370367471,6.57698194214584
"DE",22,6.68533509844425,3.12752665623977,4,"All sims (days 2-365)",3.55780844220448,9.81286175468402
"DE",23,2.74984465198902,2.10498098882963,4,"All sims (days 2-365)",0.644863663159389,4.85482564081865
"DE",24,5.36836051901447,4.35107418113097,4,"All sims (days 2-365)",1.01728633788351,9.71943470014545
"DE",25,5.49703293659346,5.1505677582126,4,"All sims (days 2-365)",0.346465178380859,10.6476006948061
"DE",26,3.94079021954574,2.05299642923815,4,"All sims (days 2-365)",1.88779379030758,5.99378664878389
"DE",27,6.20668147002553,3.29779208800978,4,"All sims (days 2-365)",2.90888938201575,9.50447355803531
"DE",28,5.25518277209135,6.41249711248551,4,"All sims (days 2-365)",0,11.6676798845769
"DE",29,6.07876056987053,5.88520398666795,4,"All sims (days 2-365)",0.193556583202575,11.9639645565385
"DE",30,8.48250769009726,7.282010422486,4,"All sims (days 2-365)",1.20049726761126,15.7645181125833
"DE",31,7.74033912618697,6.96929587313206,4,"All sims (days 2-365)",0.771043253054904,14.709634999319
"DE",32,5.26464203700428,3.6927733686643,4,"All sims (days 2-365)",1.57186866833997,8.95741540566858
"DE",33,5.04129078984775,2.43717027580924,4,"All sims (days 2-365)",2.60412051403851,7.478461065657
"DE",34,7.6666834007823,3.88284777438497,4,"All sims (days 2-365)",3.78383562639733,11.5495311751673
"DE",35,5.76451028990516,3.31155267627993,4,"All sims (days 2-365)",2.45295761362524,9.07606296618509
"DE",36,4.60951159995573,5.69530236953947,4,"All sims (days 2-365)",0,10.3048139694952
"DE",37,11.5214364515498,6.71468040113534,4,"All sims (days 2-365)",4.80675605041451,18.2361168526852
"DE",38,8.9499406702373,7.66190113442078,4,"All sims (days 2-365)",1.28803953581652,16.6118418046581
"DE",39,16.3837249512868,13.1047107365797,4,"All sims (days 2-365)",3.27901421470706,29.4884356878665
"DE",40,8.09340744822333,9.54076114552289,4,"All sims (days 2-365)",0,17.6341685937462
"DE",41,8.57217681802061,6.14876229907771,4,"All sims (days 2-365)",2.4234145189429,14.7209391170983
"DE",42,11.1747602299511,12.7132472234237,4,"All sims (days 2-365)",0,23.8880074533748
"DE",43,16.1452805911185,12.7510727405177,4,"All sims (days 2-365)",3.39420785060082,28.8963533316362
"DE",44,7.56877016081267,9.01978737632092,4,"All sims (days 2-365)",0,16.5885575371336
"DE",45,6.57727728158774,6.6897068202792,4,"All sims (days 2-365)",0,13.2669841018669
"DE",46,5.8385095824461,6.62185178025846,4,"All sims (days 2-365)",0,12.4603613627046
"DE",47,17.5027052006082,4.38599862334253,4,"All sims (days 2-365)",13.1167065772657,21.8887038239507
"DE",48,10.8756110238475,6.01842068062254,4,"All sims (days 2-365)",4.857190343225,16.8940317044701
"DE",49,11.5622553722368,3.82525937516792,4,"All sims (days 2-365)",7.7369959970689,15.3875147474047
"DE",50,7.75328684367384,4.59501075283243,4,"All sims (days 2-365)",3.15827609084141,12.3482975965063
"DE",51,10.399751629442,12.0576008374872,4,"All sims (days 2-365)",0,22.4573524669292
"DE",52,9.18585919749989,6.38167699206799,4,"All sims (days 2-365)",2.80418220543191,15.5675361895679
"DE",53,9.92462111650914,9.11865082255134,4,"All sims (days 2-365)",0.805970293957802,19.0432719390605
"DE",54,13.1496854674987,11.5302574493868,4,"All sims (days 2-365)",1.61942801811191,24.6799429168855
"DE",55,7.56513657155102,10.6354397245237,4,"All sims (days 2-365)",0,18.2005762960747
"DE",56,17.4104551645518,16.4830361515553,4,"All sims (days 2-365)",0.927419012996435,33.8934913161071
"DE",57,5.22656104244394,6.53603776037202,4,"All sims (days 2-365)",0,11.762598802816
"DE",58,15.3754946775308,14.0285398002731,4,"All sims (days 2-365)",1.34695487725772,29.4040344778039
"DE",59,11.0544171004623,11.9966627471482,4,"All sims (days 2-365)",0,23.0510798476105
"DE",60,4.39873413234725,5.17325212402851,4,"All sims (days 2-365)",0,9.57198625637576
"DE",61,9.66227383584143,9.06118188156939,4,"All sims (days 2-365)",0.601091954272041,18.7234557174108
"DE",62,12.4056724354204,9.20693046092172,4,"All sims (days 2-365)",3.19874197449866,21.6126028963421
"DE",63,23.1599001285807,13.9433330537183,4,"All sims (days 2-365)",9.21656707486241,37.103233182299
"DE",64,9.87953618468906,9.51269387376878,4,"All sims (days 2-365)",0.366842310920275,19.3922300584578
"DE",65,7.03821213551015,3.92275662215129,4,"All sims (days 2-365)",3.11545551335887,10.9609687576614
"DE",66,20.4566930621736,13.2880982469365,4,"All sims (days 2-365)",7.16859481523714,33.7447913091102
"DE",67,19.3586070314515,15.8680640470986,4,"All sims (days 2-365)",3.49054298435286,35.2266710785501
"DE",68,4.90398219510195,4.38389171006132,4,"All sims (days 2-365)",0.520090485040629,9.28787390516328
"DE",69,27.4885666179805,35.7125009850227,4,"All sims (days 2-365)",0,63.2010676030032
"DE",70,24.5031907843186,22.3395937260812,4,"All sims (days 2-365)",2.16359705823733,46.8427845103998
"DE",71,16.4660812830179,22.6621738235015,4,"All sims (days 2-365)",0,39.1282551065194
"DE",72,21.1987119367358,24.570000924491,4,"All sims (days 2-365)",0,45.7687128612269
"DE",73,10.0800628040678,9.55189869854097,4,"All sims (days 2-365)",0.528164105526873,19.6319615026088
"DE",74,24.2165074306752,35.1507939338058,4,"All sims (days 2-365)",0,59.367301364481
"DE",75,20.6075161348485,23.5899948000459,4,"All sims (days 2-365)",0,44.1975109348944
"DE",76,16.9855516419373,10.5056712300977,4,"All sims (days 2-365)",6.47988041183968,27.491222872035
"DE",77,26.5914765997201,36.9969938133475,4,"All sims (days 2-365)",0,63.5884704130676
"DE",78,32.7221443110103,19.1163353071668,4,"All sims (days 2-365)",13.6058090038435,51.838479618177
"DE",79,15.8908024811695,17.4668174573518,4,"All sims (days 2-365)",0,33.3576199385213
"DE",80,9.94897851871631,12.7551000765483,4,"All sims (days 2-365)",0,22.7040785952646
"DE",81,36.6987146919692,29.1290691627148,4,"All sims (days 2-365)",7.5696455292544,65.8277838546839
"DE",82,17.7587597749782,15.4722916104027,4,"All sims (days 2-365)",2.28646816457545,33.2310513853809
"DE",83,64.7669151484231,92.2752721037917,4,"All sims (days 2-365)",0,157.042187252215
"DE",84,14.7747596863889,17.0747435051705,4,"All sims (days 2-365)",0,31.8495031915594
"DE",85,19.3469262977268,13.5201139547556,4,"All sims (days 2-365)",5.82681234297115,32.8670402524824
"DE",86,69.5056820089006,63.8344711696794,4,"All sims (days 2-365)",5.6712108392212,133.34015317858
"DE",87,13.3333329696181,11.3038829637373,4,"All sims (days 2-365)",2.02945000588075,24.6372159333554
"DE",88,28.2104809476292,25.9993276917033,4,"All sims (days 2-365)",2.2111532559259,54.2098086393324
"DE",89,39.9335486830848,23.6461661985967,4,"All sims (days 2-365)",16.2873824844881,63.5797148816816
"DE",90,61.6882612955186,92.960670246666,4,"All sims (days 2-365)",0,154.648931542185
"DE",91,69.5018648310671,91.6326773395564,4,"All sims (days 2-365)",0,161.134542170623
"DE",92,31.8518457554888,25.5098794477131,4,"All sims (days 2-365)",6.3419663077757,57.361725203202
"DE",93,47.325155340478,28.0560798904142,4,"All sims (days 2-365)",19.2690754500638,75.3812352308922
"DE",94,10.8934165789816,16.2996838965079,4,"All sims (days 2-365)",0,27.1931004754896
"DE",95,69.585587553714,87.9459485955293,4,"All sims (days 2-365)",0,157.531536149243
"DE",96,28.9503484302221,28.2725414927847,4,"All sims (days 2-365)",0.677806937437392,57.2228899230068
"DE",97,15.5263150547092,13.4631256088815,4,"All sims (days 2-365)",2.06318944582769,28.9894406635907
"DE",98,70.0892349607661,87.4794841480246,4,"All sims (days 2-365)",0,157.568719108791
"DE",99,71.2903048831135,88.1481420691352,4,"All sims (days 2-365)",0,159.438446952249
"DE",100,13.1672925815046,10.5856883389925,4,"All sims (days 2-365)",2.58160424251212,23.7529809204971
"DE",101,7.48663070529137,9.03305454625638,4,"All sims (days 2-365)",0,16.5196852515477
"DE",102,12.9166660538195,14.9303933615868,4,"All sims (days 2-365)",0,27.8470594154063
"DE",103,18.2890011948384,13.2629360253823,4,"All sims (days 2-365)",5.02606516945607,31.5519372202207
"DE",104,26.6013058310052,19.1622562387285,4,"All sims (days 2-365)",7.43904959227669,45.7635620697338
"DE",105,11.6113046289087,10.9411705475044,4,"All sims (days 2-365)",0.670134081404356,22.5524751764131
"DE",106,19.9300687772019,19.2233503105631,4,"All sims (days 2-365)",0.706718466638755,39.153419087765
"DE",107,9.40170890009013,11.2092960984051,4,"All sims (days 2-365)",0,20.6110049984953
"DE",108,31.3725473609052,36.3671294572843,4,"All sims (days 2-365)",0,67.7396768181895
"DE",109,10.989010182949,13.7837995355612,4,"All sims (days 2-365)",0,24.7728097185102
"DE",110,9.09090826446289,10.4972766673317,4,"All sims (days 2-365)",0,19.5881849317946
"DE",111,65.9999490933834,90.8330824817146,4,"All sims (days 2-365)",0,156.833031575098
"DE",112,31.7099545818811,23.6406826814797,4,"All sims (days 2-365)",8.06927190040143,55.3506372633608
"DE",113,86.4285176173974,83.7999635766473,4,"All sims (days 2-365)",2.62855404075016,170.228481194045
"DE",114,34.7268633866579,28.4682819334366,4,"All sims (days 2-365)",6.25858145322133,63.1951453200945
"DE",115,60.988999820676,93.4065741319478,4,"All sims (days 2-365)",0,154.395573952624
"DE",116,23.8461506982254,19.681885070933,4,"All sims (days 2-365)",4.16426562729237,43.5280357691584
"DE",117,42.8104529102061,38.2506497667776,4,"All sims (days 2-365)",4.55980314342848,81.0611026769837
"DE",118,25.1082229287309,44.0963823608392,4,"All sims (days 2-365)",0,69.2046052895701
"DE",119,34.5454483388442,57.6108228218125,4,"All sims (days 2-365)",0,92.1562711606567
"DE",120,25.0375905490423,17.3784512859681,4,"All sims (days 2-365)",7.65913926307421,42.4160418350105
"DE",121,39.523802390024,54.9499762060083,4,"All sims (days 2-365)",0,94.4737785960323
"DE",122,59.9999813333393,95.2190136008256,4,"All sims (days 2-365)",0,155.218994934165
"DE",123,24.9999937500016,49.9999875000031,4,"All sims (days 2-365)",0,74.9999812500047
"DE",124,24.9999937500016,49.9999875000031,4,"All sims (days 2-365)",0,74.9999812500047
"DE",125,26.6666604444463,32.6598538020409,4,"All sims (days 2-365)",0,59.3265142464872
"DE",126,56.2499746093875,96.5552024278997,4,"All sims (days 2-365)",0,152.805177037287
"DE",127,38.5714238231299,35.6475516571806,4,"All sims (days 2-365)",2.92387216594929,74.2189754803105
"DE",128,72.9166357205005,89.0731129357662,4,"All sims (days 2-365)",0,161.989748656267
"DE",129,29.6078354086912,29.8683414300465,4,"All sims (days 2-365)",0,59.4761768387377
"DE",130,41.4285625895715,41.2466270095312,4,"All sims (days 2-365)",0.18193558004026,82.6751895991027
"DE",131,32.7272686611576,43.1283518937361,4,"All sims (days 2-365)",0,75.8556205548937
"DE",132,49.3939277722718,38.9438104011497,4,"All sims (days 2-365)",10.4501173711221,88.3377381734215
"DE",133,36.2744985198038,35.4209649771049,4,"All sims (days 2-365)",0.853533542698877,71.6954634969087
"DE",134,16.2499976093754,19.7378620309324,4,"All sims (days 2-365)",0,35.9878596403078
"DE",135,79.8245051554843,85.101190354457,4,"All sims (days 2-365)",0,164.925695509941
"DE",136,53.8461285503084,97.7053804637935,4,"All sims (days 2-365)",0,151.551509014102
"DE",137,103.333258111174,111.75361116722,4,"All sims (days 2-365)",0,200
"DE",138,76.6666128148654,86.6665732080763,4,"All sims (days 2-365)",0,163.333186022942
"DE",139,66.666614814865,94.2808098774011,4,"All sims (days 2-365)",0,160.947424692266
"DE",140,3.84615355029588,7.69230710059176,4,"All sims (days 2-365)",0,11.5384606508876
"DE",141,4.54545413223144,9.09090826446289,4,"All sims (days 2-365)",0,13.6363623966943
"DE",142,52.380902154245,98.5149519763687,4,"All sims (days 2-365)",0,150.895854130614
"DE",143,62.4999492188001,94.648375718075,4,"All sims (days 2-365)",0,157.148324936875
"DE",144,20.5128146614088,31.6123687516399,4,"All sims (days 2-365)",0,52.1251834130488
"DE",145,61.5384106509376,94.83704136644,4,"All sims (days 2-365)",0,156.375452017378
"DE",146,49.9999750000125,99.999950000025,4,"All sims (days 2-365)",0,149.999925000037
"DE",147,11.5384606508876,23.0769213017753,4,"All sims (days 2-365)",0,34.6153819526629
"DE",148,55.5555049383217,96.864321837415,4,"All sims (days 2-365)",0,152.419826775737
"DE",149,99.9999638889042,86.0662578525749,4,"All sims (days 2-365)",13.9337060363292,186.066221741479
"DE",150,96.6666051111642,84.5904359186736,4,"All sims (days 2-365)",12.0761691924905,181.257041029838
"DE",151,107.142756122549,107.854663845183,4,"All sims (days 2-365)",0,200
"DE",152,57.1428061224991,96.1856627072214,4,"All sims (days 2-365)",0,153.32846882972
"DE",153,57.1428061224991,96.1856627072214,4,"All sims (days 2-365)",0,153.32846882972
"DE",154,49.99995000005,99.9999000001,4,"All sims (days 2-365)",0,149.99985000015
"DE",155,79.9999440000512,97.9795047957759,4,"All sims (days 2-365)",0,177.979448795827
"DE",156,55.5555049383217,96.864321837415,4,"All sims (days 2-365)",0,152.419826775737
"DE",157,55.5555049383217,96.864321837415,4,"All sims (days 2-365)",0,152.419826775737
"DE",158,0,0,4,"All sims (days 2-365)",0,0
"DE",159,13.6363623966943,27.2727247933887,4,"All sims (days 2-365)",0,40.909087190083
"DE",160,7.14285612244912,14.2857122448982,4,"All sims (days 2-365)",0,21.4285683673474
"DE",161,109.9998980001,105.198113291241,4,"All sims (days 2-365)",4.80178470885957,200
"DE",162,59.9999730000129,95.2189972642383,4,"All sims (days 2-365)",0,155.218970264251
"DE",163,124.999893750102,95.742608505122,4,"All sims (days 2-365)",29.2572852449796,200
"DE",164,57.1428311224616,96.1857122145236,4,"All sims (days 2-365)",0,153.328543336985
"DE",165,74.9999437500516,95.7426215609298,4,"All sims (days 2-365)",0,170.742565310981
"DE",166,112.4998984376,103.077528720471,4,"All sims (days 2-365)",9.42236971712902,200
"DE",167,59.9999480000504,95.2189482545101,4,"All sims (days 2-365)",0,155.21889625456
"DE",168,49.99995000005,99.9999000001,4,"All sims (days 2-365)",0,149.99985000015
"DE",169,0,0,4,"All sims (days 2-365)",0,0
"DE",170,0,0,4,"All sims (days 2-365)",0,0
"DE",171,49.9999750000125,99.999950000025,4,"All sims (days 2-365)",0,149.999925000037
"DE",172,124.999893750102,95.742608505122,4,"All sims (days 2-365)",29.2572852449796,200
"DE",173,9.9999980000004,19.9999960000008,4,"All sims (days 2-365)",0,29.9999940000012
"DE",174,66.666611111163,94.2808098773991,4,"All sims (days 2-365)",0,160.947420988562
"DE",175,9.9999980000004,19.9999960000008,4,"All sims (days 2-365)",0,29.9999940000012
"DE",176,0,0,4,"All sims (days 2-365)",0,0
"DE",177,16.6666638888894,33.3333277777787,4,"All sims (days 2-365)",0,49.9999916666681
"DE",178,9.9999980000004,19.9999960000008,4,"All sims (days 2-365)",0,29.9999940000012
"DE",179,59.9999480000504,95.2189482545101,4,"All sims (days 2-365)",0,155.21889625456
"DE",180,49.99995000005,99.9999000001,4,"All sims (days 2-365)",0,149.99985000015
"DE",181,49.9999750000125,99.999950000025,4,"All sims (days 2-365)",0,149.999925000037
"DE",182,49.9999750000125,99.999950000025,4,"All sims (days 2-365)",0,149.999925000037
"DE",183,9.9999980000004,19.9999960000008,4,"All sims (days 2-365)",0,29.9999940000012
"DE",184,99.9999250000625,115.469967235464,4,"All sims (days 2-365)",0,200
"DE",185,49.9999750000125,99.999950000025,4,"All sims (days 2-365)",0,149.999925000037
"DE",186,49.9999750000125,99.999950000025,4,"All sims (days 2-365)",0,149.999925000037
"DE",187,49.99995000005,99.9999000001,4,"All sims (days 2-365)",0,149.99985000015
"DE",188,49.99995000005,99.9999000001,4,"All sims (days 2-365)",0,149.99985000015
"DE",189,66.666611111163,94.2808098773991,4,"All sims (days 2-365)",0,160.947420988562
"DE",190,0,0,4,"All sims (days 2-365)",0,0
"DE",191,0,0,4,"All sims (days 2-365)",0,0
"DE",192,0,0,4,"All sims (days 2-365)",0,0
"DE",193,66.666611111163,94.2808098773991,4,"All sims (days 2-365)",0,160.947420988562
"DE",194,24.9999937500016,49.9999875000031,4,"All sims (days 2-365)",0,74.9999812500047
"DE",195,79.9999440000512,97.9795047957759,4,"All sims (days 2-365)",0,177.979448795827
"DE",196,0,0,4,"All sims (days 2-365)",0,0
"DE",197,24.9999937500016,49.9999875000031,4,"All sims (days 2-365)",0,74.9999812500047
"DE",198,49.99995000005,99.9999000001,4,"All sims (days 2-365)",0,149.99985000015
"DE",199,16.666661111113,33.3333222222259,4,"All sims (days 2-365)",0,49.9999833333389
"DE",200,0,0,4,"All sims (days 2-365)",0,0
"DE",201,49.99995000005,99.9999000001,4,"All sims (days 2-365)",0,149.99985000015
"DE",202,24.9999937500016,49.9999875000031,4,"All sims (days 2-365)",0,74.9999812500047
"DE",203,0,0,4,"All sims (days 2-365)",0,0
"DE",204,0,0,4,"All sims (days 2-365)",0,0
"DE",205,49.99995000005,99.9999000001,4,"All sims (days 2-365)",0,149.99985000015
"DE",206,0,0,4,"All sims (days 2-365)",0,0
"DE",207,16.666661111113,33.3333222222259,4,"All sims (days 2-365)",0,49.9999833333389
"DE",208,99.9999000001,115.469938367987,4,"All sims (days 2-365)",0,200
"DE",209,0,0,4,"All sims (days 2-365)",0,0
"DE",210,0,0,4,"All sims (days 2-365)",0,0
"DE",211,99.9999000001,115.469938367987,4,"All sims (days 2-365)",0,200
"DE",212,0,0,4,"All sims (days 2-365)",0,0
"DE",213,0,0,4,"All sims (days 2-365)",0,0
"DE",214,16.666661111113,33.3333222222259,4,"All sims (days 2-365)",0,49.9999833333389
"DE",215,49.9999750000125,99.999950000025,4,"All sims (days 2-365)",0,149.999925000037
"DE",216,49.99995000005,99.9999000001,4,"All sims (days 2-365)",0,149.99985000015
"DE",217,49.99995000005,99.9999000001,4,"All sims (days 2-365)",0,149.99985000015
"DE",218,0,0,4,"All sims (days 2-365)",0,0
"DE",219,0,0,4,"All sims (days 2-365)",0,0
"DE",220,49.99995000005,99.9999000001,4,"All sims (days 2-365)",0,149.99985000015
"DE",221,0,0,4,"All sims (days 2-365)",0,0
"DE",222,0,0,4,"All sims (days 2-365)",0,0
"DE",223,49.9999750000125,99.999950000025,4,"All sims (days 2-365)",0,149.999925000037
"DE",224,0,0,4,"All sims (days 2-365)",0,0
"DE",225,49.9999750000125,99.999950000025,4,"All sims (days 2-365)",0,149.999925000037
"DE",226,0,0,4,"All sims (days 2-365)",0,0
"DE",227,0,0,4,"All sims (days 2-365)",0,0
"DE",228,0,0,4,"All sims (days 2-365)",0,0
"DE",229,49.99995000005,99.9999000001,4,"All sims (days 2-365)",0,149.99985000015
"DE",230,0,0,4,"All sims (days 2-365)",0,0
"DE",231,0,0,4,"All sims (days 2-365)",0,0
"DE",232,49.99995000005,99.9999000001,4,"All sims (days 2-365)",0,149.99985000015
"DE",233,0,0,4,"All sims (days 2-365)",0,0
"DE",234,0,0,4,"All sims (days 2-365)",0,0
"DE",235,49.99995000005,99.9999000001,4,"All sims (days 2-365)",0,149.99985000015
"DE",236,0,0,4,"All sims (days 2-365)",0,0
"DE",237,49.99995000005,99.9999000001,4,"All sims (days 2-365)",0,149.99985000015
"DE",238,0,0,4,"All sims (days 2-365)",0,0
"DE",239,0,0,4,"All sims (days 2-365)",0,0
"DE",240,49.99995000005,99.9999000001,4,"All sims (days 2-365)",0,149.99985000015
"DE",241,0,0,4,"All sims (days 2-365)",0,0
"DE",242,0,0,4,"All sims (days 2-365)",0,0
"DE",243,49.9999750000125,99.999950000025,4,"All sims (days 2-365)",0,149.999925000037
"DE",244,49.99995000005,99.9999000001,4,"All sims (days 2-365)",0,149.99985000015
"DE",245,0,0,4,"All sims (days 2-365)",0,0
"DE",246,0,0,4,"All sims (days 2-365)",0,0
"DE",247,0,0,4,"All sims (days 2-365)",0,0
"DE",248,0,0,4,"All sims (days 2-365)",0,0
"DE",249,0,0,4,"All sims (days 2-365)",0,0
"DE",250,0,0,4,"All sims (days 2-365)",0,0
"DE",251,0,0,4,"All sims (days 2-365)",0,0
"DE",252,0,0,4,"All sims (days 2-365)",0,0
"DE",253,49.99995000005,99.9999000001,4,"All sims (days 2-365)",0,149.99985000015
"DE",254,0,0,4,"All sims (days 2-365)",0,0
"DE",255,0,0,4,"All sims (days 2-365)",0,0
"DE",256,0,0,4,"All sims (days 2-365)",0,0
"DE",257,0,0,4,"All sims (days 2-365)",0,0
"DE",258,49.99995000005,99.9999000001,4,"All sims (days 2-365)",0,149.99985000015
"DE",259,0,0,4,"All sims (days 2-365)",0,0
"DE",260,0,0,4,"All sims (days 2-365)",0,0
"DE",261,0,0,4,"All sims (days 2-365)",0,0
"DE",262,0,0,4,"All sims (days 2-365)",0,0
"DE",263,0,0,4,"All sims (days 2-365)",0,0
"DE",264,0,0,4,"All sims (days 2-365)",0,0
"DE",265,49.99995000005,99.9999000001,4,"All sims (days 2-365)",0,149.99985000015
"DE",266,0,0,4,"All sims (days 2-365)",0,0
"DE",267,0,0,4,"All sims (days 2-365)",0,0
"DE",268,0,0,4,"All sims (days 2-365)",0,0
"DE",269,0,0,4,"All sims (days 2-365)",0,0
"DE",270,0,0,4,"All sims (days 2-365)",0,0
"DE",271,0,0,4,"All sims (days 2-365)",0,0
"DE",272,0,0,4,"All sims (days 2-365)",0,0
"DE",273,0,0,4,"All sims (days 2-365)",0,0
"DE",274,0,0,4,"All sims (days 2-365)",0,0
"DE",275,0,0,4,"All sims (days 2-365)",0,0
"DE",276,0,0,4,"All sims (days 2-365)",0,0
"DE",277,0,0,4,"All sims (days 2-365)",0,0
"DE",278,0,0,4,"All sims (days 2-365)",0,0
"DE",279,0,0,4,"All sims (days 2-365)",0,0
"DE",280,0,0,4,"All sims (days 2-365)",0,0
"DE",281,0,0,4,"All sims (days 2-365)",0,0
"DE",282,0,0,4,"All sims (days 2-365)",0,0
"DE",283,0,0,4,"All sims (days 2-365)",0,0
"DE",284,0,0,4,"All sims (days 2-365)",0,0
"DE",285,0,0,4,"All sims (days 2-365)",0,0
"DE",286,0,0,4,"All sims (days 2-365)",0,0
"DE",287,0,0,4,"All sims (days 2-365)",0,0
"DE",288,0,0,4,"All sims (days 2-365)",0,0
"DE",289,0,0,4,"All sims (days 2-365)",0,0
"DE",290,0,0,4,"All sims (days 2-365)",0,0
"DE",291,0,0,4,"All sims (days 2-365)",0,0
"DE",292,0,0,4,"All sims (days 2-365)",0,0
"DE",293,0,0,4,"All sims (days 2-365)",0,0
"DE",294,0,0,4,"All sims (days 2-365)",0,0
"DE",295,0,0,4,"All sims (days 2-365)",0,0
"DE",296,0,0,4,"All sims (days 2-365)",0,0
"DE",297,0,0,4,"All sims (days 2-365)",0,0
"DE",298,0,0,4,"All sims (days 2-365)",0,0
"DE",299,0,0,4,"All sims (days 2-365)",0,0
"DE",300,0,0,4,"All sims (days 2-365)",0,0
"DE",301,0,0,4,"All sims (days 2-365)",0,0
"DE",302,0,0,4,"All sims (days 2-365)",0,0
"DE",303,0,0,4,"All sims (days 2-365)",0,0
"DE",304,0,0,4,"All sims (days 2-365)",0,0
"DE",305,0,0,4,"All sims (days 2-365)",0,0
"DE",306,0,0,4,"All sims (days 2-365)",0,0
"DE",307,0,0,4,"All sims (days 2-365)",0,0
"DE",308,0,0,4,"All sims (days 2-365)",0,0
"DE",309,0,0,4,"All sims (days 2-365)",0,0
"DE",310,0,0,4,"All sims (days 2-365)",0,0
"DE",311,0,0,4,"All sims (days 2-365)",0,0
"DE",312,0,0,4,"All sims (days 2-365)",0,0
"DE",313,0,0,4,"All sims (days 2-365)",0,0
"DE",314,0,0,4,"All sims (days 2-365)",0,0
"DE",315,49.99995000005,99.9999000001,4,"All sims (days 2-365)",0,149.99985000015
"DE",316,0,0,4,"All sims (days 2-365)",0,0
"DE",317,0,0,4,"All sims (days 2-365)",0,0
"DE",318,0,0,4,"All sims (days 2-365)",0,0
"DE",319,0,0,4,"All sims (days 2-365)",0,0
"DE",320,0,0,4,"All sims (days 2-365)",0,0
"DE",321,0,0,4,"All sims (days 2-365)",0,0
"DE",322,0,0,4,"All sims (days 2-365)",0,0
"DE",323,0,0,4,"All sims (days 2-365)",0,0
"DE",324,0,0,4,"All sims (days 2-365)",0,0
"DE",325,0,0,4,"All sims (days 2-365)",0,0
"DE",326,0,0,4,"All sims (days 2-365)",0,0
"DE",327,0,0,4,"All sims (days 2-365)",0,0
"DE",328,0,0,4,"All sims (days 2-365)",0,0
"DE",329,0,0,4,"All sims (days 2-365)",0,0
"DE",330,0,0,4,"All sims (days 2-365)",0,0
"DE",331,0,0,4,"All sims (days 2-365)",0,0
"DE",332,0,0,4,"All sims (days 2-365)",0,0
"DE",333,0,0,4,"All sims (days 2-365)",0,0
"DE",334,0,0,4,"All sims (days 2-365)",0,0
"DE",335,0,0,4,"All sims (days 2-365)",0,0
"DE",336,0,0,4,"All sims (days 2-365)",0,0
"DE",337,0,0,4,"All sims (days 2-365)",0,0
"DE",338,0,0,4,"All sims (days 2-365)",0,0
"DE",339,0,0,4,"All sims (days 2-365)",0,0
"DE",340,0,0,4,"All sims (days 2-365)",0,0
"DE",341,0,0,4,"All sims (days 2-365)",0,0
"DE",342,0,0,4,"All sims (days 2-365)",0,0
"DE",343,0,0,4,"All sims (days 2-365)",0,0
"DE",344,0,0,4,"All sims (days 2-365)",0,0
"DE",345,0,0,4,"All sims (days 2-365)",0,0
"DE",346,0,0,4,"All sims (days 2-365)",0,0
"DE",347,0,0,4,"All sims (days 2-365)",0,0
"DE",348,0,0,4,"All sims (days 2-365)",0,0
"DE",349,0,0,4,"All sims (days 2-365)",0,0
"DE",350,0,0,4,"All sims (days 2-365)",0,0
"DE",351,0,0,4,"All sims (days 2-365)",0,0
"DE",352,0,0,4,"All sims (days 2-365)",0,0
"DE",353,0,0,4,"All sims (days 2-365)",0,0
"DE",354,0,0,4,"All sims (days 2-365)",0,0
"DE",355,0,0,4,"All sims (days 2-365)",0,0
"DE",356,0,0,4,"All sims (days 2-365)",0,0
"DE",357,0,0,4,"All sims (days 2-365)",0,0
"DE",358,0,0,4,"All sims (days 2-365)",0,0
"DE",359,0,0,4,"All sims (days 2-365)",0,0
"DE",360,0,0,4,"All sims (days 2-365)",0,0
"DE",361,0,0,4,"All sims (days 2-365)",0,0
"DE",362,0,0,4,"All sims (days 2-365)",0,0
"DE",363,0,0,4,"All sims (days 2-365)",0,0
"DE",364,0,0,4,"All sims (days 2-365)",0,0
"DE",365,0,0,4,"All sims (days 2-365)",0,0
"BiLSTM",2,8.21370558904644,4.72922119828692,4,"All sims (days 2-365)",3.48448439075952,12.9429267873334
"BiLSTM",3,6.77512795765734,7.53473563619068,4,"All sims (days 2-365)",0,14.309863593848
"BiLSTM",4,7.70346449787401,2.49303586402228,4,"All sims (days 2-365)",5.21042863385173,10.1965003618963
"BiLSTM",5,10.6762209825707,6.24589314686921,4,"All sims (days 2-365)",4.43032783570148,16.9221141294399
"BiLSTM",6,7.33746650829148,3.9356258645493,4,"All sims (days 2-365)",3.40184064374219,11.2730923728408
"BiLSTM",7,16.6227777336633,6.52335669150848,4,"All sims (days 2-365)",10.0994210421548,23.1461344251718
"BiLSTM",8,12.2646915840316,9.18052179206778,4,"All sims (days 2-365)",3.08416979196386,21.4452133760994
"BiLSTM",9,6.62798267344849,4.43320685273385,4,"All sims (days 2-365)",2.19477582071463,11.0611895261823
"BiLSTM",10,14.993131462179,2.7027029222274,4,"All sims (days 2-365)",12.2904285399516,17.6958343844064
"BiLSTM",11,8.4016757650984,6.15452922984702,4,"All sims (days 2-365)",2.24714653525138,14.5562049949454
"BiLSTM",12,4.85819671122483,4.55965713110632,4,"All sims (days 2-365)",0.29853958011851,9.41785384233115
"BiLSTM",13,9.24959373221511,6.91796112083948,4,"All sims (days 2-365)",2.33163261137563,16.1675548530546
"BiLSTM",14,9.36895096916496,7.51989270321555,4,"All sims (days 2-365)",1.84905826594941,16.8888436723805
"BiLSTM",15,10.0083711828113,6.3307306063431,4,"All sims (days 2-365)",3.67764057646818,16.3391017891544
"BiLSTM",16,7.18418284663715,8.08799427749054,4,"All sims (days 2-365)",0,15.2721771241277
"BiLSTM",17,6.71353879787294,3.0799829092528,4,"All sims (days 2-365)",3.63355588862014,9.79352170712574
"BiLSTM",18,8.39853350677959,3.45703567668682,4,"All sims (days 2-365)",4.94149783009277,11.8555691834664
"BiLSTM",19,5.13016594194187,3.07239958843279,4,"All sims (days 2-365)",2.05776635350908,8.20256553037466
"BiLSTM",20,5.46044368303971,3.7414281989733,4,"All sims (days 2-365)",1.7190154840664,9.20187188201301
"BiLSTM",21,5.35680853324679,2.78751223452789,4,"All sims (days 2-365)",2.5692962987189,8.14432076777468
"BiLSTM",22,9.31436011655469,3.23020943229296,4,"All sims (days 2-365)",6.08415068426173,12.5445695488476
"BiLSTM",23,6.11096477245792,3.87933780608524,4,"All sims (days 2-365)",2.23162696637268,9.99030257854317
"BiLSTM",24,7.70337341633497,6.89043421609444,4,"All sims (days 2-365)",0.81293920024053,14.5938076324294
"BiLSTM",25,7.95737726283992,5.22251326531021,4,"All sims (days 2-365)",2.7348639975297,13.1798905281501
"BiLSTM",26,7.43127710706417,2.86615765464567,4,"All sims (days 2-365)",4.5651194524185,10.2974347617098
"BiLSTM",27,7.28768053557855,3.56200338758601,4,"All sims (days 2-365)",3.72567714799254,10.8496839231646
"BiLSTM",28,4.6952736134142,5.48992349064258,4,"All sims (days 2-365)",0,10.1851971040568
"BiLSTM",29,4.99611092997177,4.32358011732245,4,"All sims (days 2-365)",0.672530812649319,9.31969104729422
"BiLSTM",30,6.69790529056119,8.17501764668531,4,"All sims (days 2-365)",0,14.8729229372465
"BiLSTM",31,6.84907584908658,5.94771623621226,4,"All sims (days 2-365)",0.901359612874316,12.7967920852988
"BiLSTM",32,6.91232195009411,1.97009404163908,4,"All sims (days 2-365)",4.94222790845503,8.88241599173319
"BiLSTM",33,5.85967391287589,3.75242223347621,4,"All sims (days 2-365)",2.10725167939968,9.6120961463521
"BiLSTM",34,7.03177827099985,4.28789337370148,4,"All sims (days 2-365)",2.74388489729837,11.3196716447013
"BiLSTM",35,4.83828332972478,3.79190235457427,4,"All sims (days 2-365)",1.04638097515051,8.63018568429905
"BiLSTM",36,4.73343662941651,6.1545517751822,4,"All sims (days 2-365)",0,10.8879884045987
"BiLSTM",37,10.2749314787838,7.67759404464625,4,"All sims (days 2-365)",2.59733743413751,17.95252552343
"BiLSTM",38,9.64691381442861,7.79049868889322,4,"All sims (days 2-365)",1.85641512553539,17.4374125033218
"BiLSTM",39,18.0810381049931,14.3355495471091,4,"All sims (days 2-365)",3.74548855788406,32.4165876521022
"BiLSTM",40,9.34127387765825,9.61744963259465,4,"All sims (days 2-365)",0,18.9587235102529
"BiLSTM",41,10.5614087396601,6.43104387319436,4,"All sims (days 2-365)",4.13036486646574,16.9924526128545
"BiLSTM",42,12.714305938536,10.1965174952692,4,"All sims (days 2-365)",2.51778844326678,22.9108234338052
"BiLSTM",43,15.315238578414,11.5005187944805,4,"All sims (days 2-365)",3.81471978393347,26.8157573728945
"BiLSTM",44,6.1082413454928,8.09687818280597,4,"All sims (days 2-365)",0,14.2051195282988
"BiLSTM",45,6.73140358345262,7.32823277888982,4,"All sims (days 2-365)",0,14.0596363623424
"BiLSTM",46,6.09758033830757,5.04948332030639,4,"All sims (days 2-365)",1.04809701800119,11.147063658614
"BiLSTM",47,16.2124734451634,4.04912653707246,4,"All sims (days 2-365)",12.1633469080909,20.2615999822358
"BiLSTM",48,10.6849939113465,6.65544511927632,4,"All sims (days 2-365)",4.02954879207021,17.3404390306229
"BiLSTM",49,12.5152792286493,5.25684690564507,4,"All sims (days 2-365)",7.25843232300427,17.7721261342944
"BiLSTM",50,10.0889240420065,4.75870766203946,4,"All sims (days 2-365)",5.33021637996702,14.847631704046
"BiLSTM",51,11.0227810268121,11.9810033703259,4,"All sims (days 2-365)",0,23.0037843971381
"BiLSTM",52,8.76120246151491,7.10903976925408,4,"All sims (days 2-365)",1.65216269226082,15.870242230769
"BiLSTM",53,9.11810380273916,10.4829566310077,4,"All sims (days 2-365)",0,19.6010604337469
"BiLSTM",54,12.5152022087448,9.97369009398924,4,"All sims (days 2-365)",2.54151211475557,22.488892302734
"BiLSTM",55,8.92207992722212,12.5980530669262,4,"All sims (days 2-365)",0,21.5201329941483
"BiLSTM",56,17.5218443774244,13.8767256004894,4,"All sims (days 2-365)",3.64511877693501,31.3985699779138
"BiLSTM",57,8.21256865253991,5.97109728178211,4,"All sims (days 2-365)",2.2414713707578,14.183665934322
"BiLSTM",58,13.5813755096306,12.2499457192013,4,"All sims (days 2-365)",1.33142979042934,25.8313212288319
"BiLSTM",59,13.6320322997268,17.6650153953508,4,"All sims (days 2-365)",0,31.2970476950776
"BiLSTM",60,6.81799443719126,4.71918517766882,4,"All sims (days 2-365)",2.09880925952244,11.5371796148601
"BiLSTM",61,11.1147456052591,4.86134891411969,4,"All sims (days 2-365)",6.2533966911394,15.9760945193788
"BiLSTM",62,11.9361711150426,10.7835263692119,4,"All sims (days 2-365)",1.15264474583068,22.7196974842545
"BiLSTM",63,20.2036409990381,10.9117456877886,4,"All sims (days 2-365)",9.29189531124958,31.1153866868267
"BiLSTM",64,12.7628920395948,9.67375311726093,4,"All sims (days 2-365)",3.08913892233383,22.4366451568557
"BiLSTM",65,7.29234582561006,5.88957113753617,4,"All sims (days 2-365)",1.4027746880739,13.1819169631462
"BiLSTM",66,23.3879400073717,18.81238507498,4,"All sims (days 2-365)",4.57555493239172,42.2003250823517
"BiLSTM",67,13.4890105584534,11.9051698886449,4,"All sims (days 2-365)",1.5838406698085,25.3941804470982
"BiLSTM",68,7.5367644786936,5.83235472279141,4,"All sims (days 2-365)",1.70440975590219,13.369119201485
"BiLSTM",69,30.72405403621,40.7809060804747,4,"All sims (days 2-365)",0,71.5049601166847
"BiLSTM",70,19.7852903238724,16.642743181116,4,"All sims (days 2-365)",3.14254714275641,36.4280335049883
"BiLSTM",71,24.6543125715394,37.2407991484335,4,"All sims (days 2-365)",0,61.8951117199729
"BiLSTM",72,15.9480886562848,18.5593915376801,4,"All sims (days 2-365)",0,34.507480193965
"BiLSTM",73,9.44734676268934,10.0703220644441,4,"All sims (days 2-365)",0,19.5176688271334
"BiLSTM",74,18.8322114742298,25.8978765555785,4,"All sims (days 2-365)",0,44.7300880298082
"BiLSTM",75,18.2951163088993,11.6441966742422,4,"All sims (days 2-365)",6.65091963465709,29.9393129831414
"BiLSTM",76,16.4484386691411,9.3746707674422,4,"All sims (days 2-365)",7.07376790169888,25.8231094365833
"BiLSTM",77,20.3468886114463,23.4787581940605,4,"All sims (days 2-365)",0,43.8256468055068
"BiLSTM",78,25.1561433263171,19.2204434743874,4,"All sims (days 2-365)",5.93569985192969,44.3765868007045
"BiLSTM",79,18.9295738286695,24.0963926481577,4,"All sims (days 2-365)",0,43.0259664768272
"BiLSTM",80,9.90379883256941,12.8072660964295,4,"All sims (days 2-365)",0,22.7110649289989
"BiLSTM",81,28.6760843069204,27.2326115245045,4,"All sims (days 2-365)",1.44347278241591,55.9086958314249
"BiLSTM",82,22.9125933069245,14.7703180118014,4,"All sims (days 2-365)",8.14227529512304,37.6829113187259
"BiLSTM",83,65.9090655475332,91.3247582724591,4,"All sims (days 2-365)",0,157.233823819992
"BiLSTM",84,15.937654971594,16.8896629121605,4,"All sims (days 2-365)",0,32.8273178837545
"BiLSTM",85,15.9716056932997,11.2414572294101,4,"All sims (days 2-365)",4.73014846388955,27.2130629227098
"BiLSTM",86,58.9126518412841,49.5604540638606,4,"All sims (days 2-365)",9.35219777742345,108.473105905145
"BiLSTM",87,27.6390271765331,27.3620425550025,4,"All sims (days 2-365)",0.276984621530552,55.0010697315356
"BiLSTM",88,26.5528396809352,28.4202669520946,4,"All sims (days 2-365)",0,54.9731066330297
"BiLSTM",89,34.7932071451011,22.9830660655226,4,"All sims (days 2-365)",11.8101410795785,57.7762732106237
"BiLSTM",90,64.2772048520905,91.3109629849589,4,"All sims (days 2-365)",0,155.588167837049
"BiLSTM",91,71.1110601817079,90.2122743904359,4,"All sims (days 2-365)",0,161.323334572144
"BiLSTM",92,32.4175762886362,24.4453368883439,4,"All sims (days 2-365)",7.97223940029221,56.8629131769801
"BiLSTM",93,51.6009782358725,29.8881726256581,4,"All sims (days 2-365)",21.7128056102144,81.4891508615306
"BiLSTM",94,10.9393935855188,11.2409126979788,4,"All sims (days 2-365)",0,22.1803062834976
"BiLSTM",95,71.8989721766926,86.11204531456,4,"All sims (days 2-365)",0,158.011017491253
"BiLSTM",96,14.4481949459284,15.3941133785914,4,"All sims (days 2-365)",0,29.8423083245198
"BiLSTM",97,16.3889445441423,16.0040063497274,4,"All sims (days 2-365)",0.384938194414897,32.3929508938696
"BiLSTM",98,66.4454178965103,89.5306862006397,4,"All sims (days 2-365)",0,155.97610409715
"BiLSTM",99,58.2142743956237,60.4222481395195,4,"All sims (days 2-365)",0,118.636522535143
"BiLSTM",100,14.3962840856809,14.8982574017319,4,"All sims (days 2-365)",0,29.2945414874128
"BiLSTM",101,6.06617619992162,7.01104613438287,4,"All sims (days 2-365)",0,13.0772223343045
"BiLSTM",102,15.1233790956918,11.7132173741414,4,"All sims (days 2-365)",3.41016172155041,26.8365964698331
"BiLSTM",103,16.7836248957286,13.4421529142958,4,"All sims (days 2-365)",3.34147198143289,30.2257778100244
"BiLSTM",104,18.6227052882508,13.3153809579975,4,"All sims (days 2-365)",5.30732433025332,31.9380862462482
"BiLSTM",105,13.2090328325747,11.7341453169138,4,"All sims (days 2-365)",1.4748875156609,24.9431781494885
"BiLSTM",106,22.1794857891848,18.0746488444875,4,"All sims (days 2-365)",4.1048369446973,40.2541346336724
"BiLSTM",107,5.55555534979425,11.1111106995885,4,"All sims (days 2-365)",0,16.6666660493827
"BiLSTM",108,36.7338523935571,34.5863442720384,4,"All sims (days 2-365)",2.14750812151877,71.3201966655955
"BiLSTM",109,8.86699450423455,13.532608399039,4,"All sims (days 2-365)",0,22.3996029032735
"BiLSTM",110,10.9427600477276,8.88914310023476,4,"All sims (days 2-365)",2.05361694749288,19.8319031479624
"BiLSTM",111,70.5454032256148,86.7945515339526,4,"All sims (days 2-365)",0,157.339954759567
"BiLSTM",112,27.222775493288,24.8997183199633,4,"All sims (days 2-365)",2.32305717332477,52.1224938132513
"BiLSTM",113,84.5864124117188,84.6512351330824,4,"All sims (days 2-365)",0,169.237647544801
"BiLSTM",114,32.75057887862,29.5228553544646,4,"All sims (days 2-365)",3.22772352415536,62.2734342330846
"BiLSTM",115,60.9889973206771,93.4065691711657,4,"All sims (days 2-365)",0,154.395566491843
"BiLSTM",116,24.0423065935665,29.3884947305817,4,"All sims (days 2-365)",0,53.4308013241482
"BiLSTM",117,40.9722176552861,35.816098951097,4,"All sims (days 2-365)",5.15611870418906,76.7883166063831
"BiLSTM",118,19.0476175453516,32.0619177337397,4,"All sims (days 2-365)",0,51.1095352790913
"BiLSTM",119,32.3809462675749,58.5849652341932,4,"All sims (days 2-365)",0,90.9659115017681
"BiLSTM",120,30.5662764028652,27.4107056867997,4,"All sims (days 2-365)",3.15557071606548,57.9769820896648
"BiLSTM",121,39.523802390024,54.9499762060083,4,"All sims (days 2-365)",0,94.4737785960323
"BiLSTM",122,66.6666472222282,94.2808727312489,4,"All sims (days 2-365)",0,160.947519953477
"BiLSTM",123,24.9999937500016,49.9999875000031,4,"All sims (days 2-365)",0,74.9999812500047
"BiLSTM",124,37.6315705588662,44.8934191967693,4,"All sims (days 2-365)",0,82.5249897556356
"BiLSTM",125,47.499990968752,41.1298653834251,4,"All sims (days 2-365)",6.37012558532693,88.6298563521771
"BiLSTM",126,56.2499746093875,96.5552024278997,4,"All sims (days 2-365)",0,152.805177037287
"BiLSTM",127,38.5714238231299,35.6475516571806,4,"All sims (days 2-365)",2.92387216594929,74.2189754803105
"BiLSTM",128,81.2499683593891,89.8493655854063,4,"All sims (days 2-365)",0,171.099333944795
"BiLSTM",129,26.6666591111134,32.659853076266,4,"All sims (days 2-365)",0,59.3265121873794
"BiLSTM",130,41.4285625895715,41.2466270095312,4,"All sims (days 2-365)",0.18193558004026,82.6751895991027
"BiLSTM",131,49.3939297722706,38.9438097579026,4,"All sims (days 2-365)",10.450120014368,88.3377395301731
"BiLSTM",132,56.0605928833831,39.0818968002159,4,"All sims (days 2-365)",16.9786960831673,95.142489683599
"BiLSTM",133,37.8787764921984,34.0600186000576,4,"All sims (days 2-365)",3.81875789214077,71.938795092256
"BiLSTM",134,32.9166587204884,27.9011055818806,4,"All sims (days 2-365)",5.01555313860779,60.817764302369
"BiLSTM",135,63.1578440443714,94.5416129784355,4,"All sims (days 2-365)",0,157.699457022807
"BiLSTM",136,53.8461285503084,97.7053804637935,4,"All sims (days 2-365)",0,151.551509014102
"BiLSTM",137,103.333258111174,111.75361116722,4,"All sims (days 2-365)",0,200
"BiLSTM",138,76.6666128148654,86.6665732080763,4,"All sims (days 2-365)",0,163.333186022942
"BiLSTM",139,66.666614814865,94.2808098774011,4,"All sims (days 2-365)",0,160.947424692266
"BiLSTM",140,3.84615355029588,7.69230710059176,4,"All sims (days 2-365)",0,11.5384606508876
"BiLSTM",141,4.54545413223144,9.09090826446289,4,"All sims (days 2-365)",0,13.6363623966943
"BiLSTM",142,54.5454041322814,97.3476484985571,4,"All sims (days 2-365)",0,151.893052630839
"BiLSTM",143,62.4999492188001,94.648375718075,4,"All sims (days 2-365)",0,157.148324936875
"BiLSTM",144,20.5128146614088,31.6123687516399,4,"All sims (days 2-365)",0,52.1251834130488
"BiLSTM",145,57.1428066327031,96.1856625051506,4,"All sims (days 2-365)",0,153.328469137854
"BiLSTM",146,16.666661111113,33.3333222222259,4,"All sims (days 2-365)",0,49.9999833333389
"BiLSTM",147,61.5384106509376,94.83704136644,4,"All sims (days 2-365)",0,156.375452017378
"BiLSTM",148,55.5555049383217,96.864321837415,4,"All sims (days 2-365)",0,152.419826775737
"BiLSTM",149,66.6666500000046,54.4330963229994,4,"All sims (days 2-365)",12.2335536770052,121.099746323004
"BiLSTM",150,46.6666551111142,58.1186399371894,4,"All sims (days 2-365)",0,104.785295048304
"BiLSTM",151,57.1428061224991,96.1856627072214,4,"All sims (days 2-365)",0,153.32846882972
"BiLSTM",152,57.1428061224991,96.1856627072214,4,"All sims (days 2-365)",0,153.32846882972
"BiLSTM",153,57.1428061224991,96.1856627072214,4,"All sims (days 2-365)",0,153.32846882972
"BiLSTM",154,49.99995000005,99.9999000001,4,"All sims (days 2-365)",0,149.99985000015
"BiLSTM",155,79.9999440000512,97.9795047957759,4,"All sims (days 2-365)",0,177.979448795827
"BiLSTM",156,5.55555493827167,11.1111098765433,4,"All sims (days 2-365)",0,16.666664814815
"BiLSTM",157,5.55555493827167,11.1111098765433,4,"All sims (days 2-365)",0,16.666664814815
"BiLSTM",158,49.99995000005,99.9999000001,4,"All sims (days 2-365)",0,149.99985000015
"BiLSTM",159,13.6363623966943,27.2727247933887,4,"All sims (days 2-365)",0,40.909087190083
"BiLSTM",160,0,0,4,"All sims (days 2-365)",0,0
"BiLSTM",161,109.9998980001,105.198113291241,4,"All sims (days 2-365)",4.80178470885957,200
"BiLSTM",162,59.9999730000129,95.2189972642383,4,"All sims (days 2-365)",0,155.218970264251
"BiLSTM",163,127.77767160504,94.9332749573749,4,"All sims (days 2-365)",32.8443966476647,200
"BiLSTM",164,57.1428311224616,96.1857122145236,4,"All sims (days 2-365)",0,153.328543336985
"BiLSTM",165,74.9999437500516,95.7426215609298,4,"All sims (days 2-365)",0,170.742565310981
"BiLSTM",166,112.4998984376,103.077528720471,4,"All sims (days 2-365)",9.42236971712902,200
"BiLSTM",167,59.9999480000504,95.2189482545101,4,"All sims (days 2-365)",0,155.21889625456
"BiLSTM",168,49.99995000005,99.9999000001,4,"All sims (days 2-365)",0,149.99985000015
"BiLSTM",169,9.9999980000004,19.9999960000008,4,"All sims (days 2-365)",0,29.9999940000012
"BiLSTM",170,9.9999980000004,19.9999960000008,4,"All sims (days 2-365)",0,29.9999940000012
"BiLSTM",171,49.9999750000125,99.999950000025,4,"All sims (days 2-365)",0,149.999925000037
"BiLSTM",172,116.666561111213,99.9998925927047,4,"All sims (days 2-365)",16.6666685185083,200
"BiLSTM",173,9.9999980000004,19.9999960000008,4,"All sims (days 2-365)",0,29.9999940000012
"BiLSTM",174,66.666611111163,94.2808098773991,4,"All sims (days 2-365)",0,160.947420988562
"BiLSTM",175,9.9999980000004,19.9999960000008,4,"All sims (days 2-365)",0,29.9999940000012
"BiLSTM",176,0,0,4,"All sims (days 2-365)",0,0
"BiLSTM",177,16.6666638888894,33.3333277777787,4,"All sims (days 2-365)",0,49.9999916666681
"BiLSTM",178,9.9999980000004,19.9999960000008,4,"All sims (days 2-365)",0,29.9999940000012
"BiLSTM",179,59.9999480000504,95.2189482545101,4,"All sims (days 2-365)",0,155.21889625456
"BiLSTM",180,49.99995000005,99.9999000001,4,"All sims (days 2-365)",0,149.99985000015
"BiLSTM",181,49.9999750000125,99.999950000025,4,"All sims (days 2-365)",0,149.999925000037
"BiLSTM",182,49.9999750000125,99.999950000025,4,"All sims (days 2-365)",0,149.999925000037
"BiLSTM",183,9.9999980000004,19.9999960000008,4,"All sims (days 2-365)",0,29.9999940000012
"BiLSTM",184,99.9999250000625,115.469967235464,4,"All sims (days 2-365)",0,200
"BiLSTM",185,49.9999750000125,99.999950000025,4,"All sims (days 2-365)",0,149.999925000037
"BiLSTM",186,49.99995000005,99.9999000001,4,"All sims (days 2-365)",0,149.99985000015
"BiLSTM",187,49.99995000005,99.9999000001,4,"All sims (days 2-365)",0,149.99985000015
"BiLSTM",188,49.99995000005,99.9999000001,4,"All sims (days 2-365)",0,149.99985000015
"BiLSTM",189,66.666611111163,94.2808098773991,4,"All sims (days 2-365)",0,160.947420988562
"BiLSTM",190,0,0,4,"All sims (days 2-365)",0,0
"BiLSTM",191,0,0,4,"All sims (days 2-365)",0,0
"BiLSTM",192,0,0,4,"All sims (days 2-365)",0,0
"BiLSTM",193,66.666611111163,94.2808098773991,4,"All sims (days 2-365)",0,160.947420988562
"BiLSTM",194,24.9999937500016,49.9999875000031,4,"All sims (days 2-365)",0,74.9999812500047
"BiLSTM",195,79.9999440000512,97.9795047957759,4,"All sims (days 2-365)",0,177.979448795827
"BiLSTM",196,0,0,4,"All sims (days 2-365)",0,0
"BiLSTM",197,24.9999937500016,49.9999875000031,4,"All sims (days 2-365)",0,74.9999812500047
"BiLSTM",198,49.99995000005,99.9999000001,4,"All sims (days 2-365)",0,149.99985000015
"BiLSTM",199,16.666661111113,33.3333222222259,4,"All sims (days 2-365)",0,49.9999833333389
"BiLSTM",200,0,0,4,"All sims (days 2-365)",0,0
"BiLSTM",201,49.99995000005,99.9999000001,4,"All sims (days 2-365)",0,149.99985000015
"BiLSTM",202,24.9999937500016,49.9999875000031,4,"All sims (days 2-365)",0,74.9999812500047
"BiLSTM",203,0,0,4,"All sims (days 2-365)",0,0
"BiLSTM",204,0,0,4,"All sims (days 2-365)",0,0
"BiLSTM",205,49.99995000005,99.9999000001,4,"All sims (days 2-365)",0,149.99985000015
"BiLSTM",206,0,0,4,"All sims (days 2-365)",0,0
"BiLSTM",207,16.666661111113,33.3333222222259,4,"All sims (days 2-365)",0,49.9999833333389
"BiLSTM",208,99.9999000001,115.469938367987,4,"All sims (days 2-365)",0,200
"BiLSTM",209,0,0,4,"All sims (days 2-365)",0,0
"BiLSTM",210,0,0,4,"All sims (days 2-365)",0,0
"BiLSTM",211,99.9999000001,115.469938367987,4,"All sims (days 2-365)",0,200
"BiLSTM",212,0,0,4,"All sims (days 2-365)",0,0
"BiLSTM",213,0,0,4,"All sims (days 2-365)",0,0
"BiLSTM",214,16.666661111113,33.3333222222259,4,"All sims (days 2-365)",0,49.9999833333389
"BiLSTM",215,16.666661111113,33.3333222222259,4,"All sims (days 2-365)",0,49.9999833333389
"BiLSTM",216,0,0,4,"All sims (days 2-365)",0,0
"BiLSTM",217,0,0,4,"All sims (days 2-365)",0,0
"BiLSTM",218,49.99995000005,99.9999000001,4,"All sims (days 2-365)",0,149.99985000015
"BiLSTM",219,0,0,4,"All sims (days 2-365)",0,0
"BiLSTM",220,0,0,4,"All sims (days 2-365)",0,0
"BiLSTM",221,0,0,4,"All sims (days 2-365)",0,0
"BiLSTM",222,0,0,4,"All sims (days 2-365)",0,0
"BiLSTM",223,49.9999750000125,99.999950000025,4,"All sims (days 2-365)",0,149.999925000037
"BiLSTM",224,0,0,4,"All sims (days 2-365)",0,0
"BiLSTM",225,49.9999750000125,99.999950000025,4,"All sims (days 2-365)",0,149.999925000037
"BiLSTM",226,0,0,4,"All sims (days 2-365)",0,0
"BiLSTM",227,0,0,4,"All sims (days 2-365)",0,0
"BiLSTM",228,0,0,4,"All sims (days 2-365)",0,0
"BiLSTM",229,49.99995000005,99.9999000001,4,"All sims (days 2-365)",0,149.99985000015
"BiLSTM",230,0,0,4,"All sims (days 2-365)",0,0
"BiLSTM",231,0,0,4,"All sims (days 2-365)",0,0
"BiLSTM",232,49.99995000005,99.9999000001,4,"All sims (days 2-365)",0,149.99985000015
"BiLSTM",233,0,0,4,"All sims (days 2-365)",0,0
"BiLSTM",234,0,0,4,"All sims (days 2-365)",0,0
"BiLSTM",235,49.99995000005,99.9999000001,4,"All sims (days 2-365)",0,149.99985000015
"BiLSTM",236,0,0,4,"All sims (days 2-365)",0,0
"BiLSTM",237,49.99995000005,99.9999000001,4,"All sims (days 2-365)",0,149.99985000015
"BiLSTM",238,0,0,4,"All sims (days 2-365)",0,0
"BiLSTM",239,0,0,4,"All sims (days 2-365)",0,0
"BiLSTM",240,49.99995000005,99.9999000001,4,"All sims (days 2-365)",0,149.99985000015
"BiLSTM",241,0,0,4,"All sims (days 2-365)",0,0
"BiLSTM",242,0,0,4,"All sims (days 2-365)",0,0
"BiLSTM",243,49.9999750000125,99.999950000025,4,"All sims (days 2-365)",0,149.999925000037
"BiLSTM",244,49.99995000005,99.9999000001,4,"All sims (days 2-365)",0,149.99985000015
"BiLSTM",245,0,0,4,"All sims (days 2-365)",0,0
"BiLSTM",246,0,0,4,"All sims (days 2-365)",0,0
"BiLSTM",247,0,0,4,"All sims (days 2-365)",0,0
"BiLSTM",248,0,0,4,"All sims (days 2-365)",0,0
"BiLSTM",249,0,0,4,"All sims (days 2-365)",0,0
"BiLSTM",250,0,0,4,"All sims (days 2-365)",0,0
"BiLSTM",251,0,0,4,"All sims (days 2-365)",0,0
"BiLSTM",252,0,0,4,"All sims (days 2-365)",0,0
"BiLSTM",253,49.99995000005,99.9999000001,4,"All sims (days 2-365)",0,149.99985000015
"BiLSTM",254,0,0,4,"All sims (days 2-365)",0,0
"BiLSTM",255,0,0,4,"All sims (days 2-365)",0,0
"BiLSTM",256,0,0,4,"All sims (days 2-365)",0,0
"BiLSTM",257,0,0,4,"All sims (days 2-365)",0,0
"BiLSTM",258,49.99995000005,99.9999000001,4,"All sims (days 2-365)",0,149.99985000015
"BiLSTM",259,0,0,4,"All sims (days 2-365)",0,0
"BiLSTM",260,0,0,4,"All sims (days 2-365)",0,0
"BiLSTM",261,0,0,4,"All sims (days 2-365)",0,0
"BiLSTM",262,0,0,4,"All sims (days 2-365)",0,0
"BiLSTM",263,0,0,4,"All sims (days 2-365)",0,0
"BiLSTM",264,0,0,4,"All sims (days 2-365)",0,0
"BiLSTM",265,49.99995000005,99.9999000001,4,"All sims (days 2-365)",0,149.99985000015
"BiLSTM",266,0,0,4,"All sims (days 2-365)",0,0
"BiLSTM",267,0,0,4,"All sims (days 2-365)",0,0
"BiLSTM",268,0,0,4,"All sims (days 2-365)",0,0
"BiLSTM",269,0,0,4,"All sims (days 2-365)",0,0
"BiLSTM",270,0,0,4,"All sims (days 2-365)",0,0
"BiLSTM",271,0,0,4,"All sims (days 2-365)",0,0
"BiLSTM",272,0,0,4,"All sims (days 2-365)",0,0
"BiLSTM",273,0,0,4,"All sims (days 2-365)",0,0
"BiLSTM",274,0,0,4,"All sims (days 2-365)",0,0
"BiLSTM",275,0,0,4,"All sims (days 2-365)",0,0
"BiLSTM",276,0,0,4,"All sims (days 2-365)",0,0
"BiLSTM",277,0,0,4,"All sims (days 2-365)",0,0
"BiLSTM",278,0,0,4,"All sims (days 2-365)",0,0
"BiLSTM",279,0,0,4,"All sims (days 2-365)",0,0
"BiLSTM",280,0,0,4,"All sims (days 2-365)",0,0
"BiLSTM",281,0,0,4,"All sims (days 2-365)",0,0
"BiLSTM",282,0,0,4,"All sims (days 2-365)",0,0
"BiLSTM",283,0,0,4,"All sims (days 2-365)",0,0
"BiLSTM",284,0,0,4,"All sims (days 2-365)",0,0
"BiLSTM",285,0,0,4,"All sims (days 2-365)",0,0
"BiLSTM",286,0,0,4,"All sims (days 2-365)",0,0
"BiLSTM",287,0,0,4,"All sims (days 2-365)",0,0
"BiLSTM",288,0,0,4,"All sims (days 2-365)",0,0
"BiLSTM",289,0,0,4,"All sims (days 2-365)",0,0
"BiLSTM",290,0,0,4,"All sims (days 2-365)",0,0
"BiLSTM",291,0,0,4,"All sims (days 2-365)",0,0
"BiLSTM",292,0,0,4,"All sims (days 2-365)",0,0
"BiLSTM",293,0,0,4,"All sims (days 2-365)",0,0
"BiLSTM",294,0,0,4,"All sims (days 2-365)",0,0
"BiLSTM",295,0,0,4,"All sims (days 2-365)",0,0
"BiLSTM",296,0,0,4,"All sims (days 2-365)",0,0
"BiLSTM",297,0,0,4,"All sims (days 2-365)",0,0
"BiLSTM",298,0,0,4,"All sims (days 2-365)",0,0
"BiLSTM",299,0,0,4,"All sims (days 2-365)",0,0
"BiLSTM",300,0,0,4,"All sims (days 2-365)",0,0
"BiLSTM",301,0,0,4,"All sims (days 2-365)",0,0
"BiLSTM",302,0,0,4,"All sims (days 2-365)",0,0
"BiLSTM",303,0,0,4,"All sims (days 2-365)",0,0
"BiLSTM",304,0,0,4,"All sims (days 2-365)",0,0
"BiLSTM",305,0,0,4,"All sims (days 2-365)",0,0
"BiLSTM",306,0,0,4,"All sims (days 2-365)",0,0
"BiLSTM",307,0,0,4,"All sims (days 2-365)",0,0
"BiLSTM",308,0,0,4,"All sims (days 2-365)",0,0
"BiLSTM",309,0,0,4,"All sims (days 2-365)",0,0
"BiLSTM",310,0,0,4,"All sims (days 2-365)",0,0
"BiLSTM",311,0,0,4,"All sims (days 2-365)",0,0
"BiLSTM",312,0,0,4,"All sims (days 2-365)",0,0
"BiLSTM",313,0,0,4,"All sims (days 2-365)",0,0
"BiLSTM",314,0,0,4,"All sims (days 2-365)",0,0
"BiLSTM",315,49.99995000005,99.9999000001,4,"All sims (days 2-365)",0,149.99985000015
"BiLSTM",316,0,0,4,"All sims (days 2-365)",0,0
"BiLSTM",317,0,0,4,"All sims (days 2-365)",0,0
"BiLSTM",318,0,0,4,"All sims (days 2-365)",0,0
"BiLSTM",319,0,0,4,"All sims (days 2-365)",0,0
"BiLSTM",320,0,0,4,"All sims (days 2-365)",0,0
"BiLSTM",321,0,0,4,"All sims (days 2-365)",0,0
"BiLSTM",322,0,0,4,"All sims (days 2-365)",0,0
"BiLSTM",323,0,0,4,"All sims (days 2-365)",0,0
"BiLSTM",324,0,0,4,"All sims (days 2-365)",0,0
"BiLSTM",325,0,0,4,"All sims (days 2-365)",0,0
"BiLSTM",326,0,0,4,"All sims (days 2-365)",0,0
"BiLSTM",327,0,0,4,"All sims (days 2-365)",0,0
"BiLSTM",328,0,0,4,"All sims (days 2-365)",0,0
"BiLSTM",329,0,0,4,"All sims (days 2-365)",0,0
"BiLSTM",330,0,0,4,"All sims (days 2-365)",0,0
"BiLSTM",331,0,0,4,"All sims (days 2-365)",0,0
"BiLSTM",332,0,0,4,"All sims (days 2-365)",0,0
"BiLSTM",333,0,0,4,"All sims (days 2-365)",0,0
"BiLSTM",334,0,0,4,"All sims (days 2-365)",0,0
"BiLSTM",335,0,0,4,"All sims (days 2-365)",0,0
"BiLSTM",336,0,0,4,"All sims (days 2-365)",0,0
"BiLSTM",337,0,0,4,"All sims (days 2-365)",0,0
"BiLSTM",338,0,0,4,"All sims (days 2-365)",0,0
"BiLSTM",339,0,0,4,"All sims (days 2-365)",0,0
"BiLSTM",340,0,0,4,"All sims (days 2-365)",0,0
"BiLSTM",341,0,0,4,"All sims (days 2-365)",0,0
"BiLSTM",342,0,0,4,"All sims (days 2-365)",0,0
"BiLSTM",343,0,0,4,"All sims (days 2-365)",0,0
"BiLSTM",344,0,0,4,"All sims (days 2-365)",0,0
"BiLSTM",345,0,0,4,"All sims (days 2-365)",0,0
"BiLSTM",346,0,0,4,"All sims (days 2-365)",0,0
"BiLSTM",347,0,0,4,"All sims (days 2-365)",0,0
"BiLSTM",348,0,0,4,"All sims (days 2-365)",0,0
"BiLSTM",349,0,0,4,"All sims (days 2-365)",0,0
"BiLSTM",350,0,0,4,"All sims (days 2-365)",0,0
"BiLSTM",351,0,0,4,"All sims (days 2-365)",0,0
"BiLSTM",352,0,0,4,"All sims (days 2-365)",0,0
"BiLSTM",353,0,0,4,"All sims (days 2-365)",0,0
"BiLSTM",354,0,0,4,"All sims (days 2-365)",0,0
"BiLSTM",355,0,0,4,"All sims (days 2-365)",0,0
"BiLSTM",356,0,0,4,"All sims (days 2-365)",0,0
"BiLSTM",357,0,0,4,"All sims (days 2-365)",0,0
"BiLSTM",358,0,0,4,"All sims (days 2-365)",0,0
"BiLSTM",359,0,0,4,"All sims (days 2-365)",0,0
"BiLSTM",360,0,0,4,"All sims (days 2-365)",0,0
"BiLSTM",361,0,0,4,"All sims (days 2-365)",0,0
"BiLSTM",362,0,0,4,"All sims (days 2-365)",0,0
"BiLSTM",363,0,0,4,"All sims (days 2-365)",0,0
"BiLSTM",364,0,0,4,"All sims (days 2-365)",0,0
"BiLSTM",365,0,0,4,"All sims (days 2-365)",0,0
