"day","window","regime","win_len","mean_mae","sd_mae"
1,"early_015d","early",15,0,0
2,"early_015d","early",15,0,0
3,"early_015d","early",15,0.888888888888889,1.26929551764398
4,"early_015d","early",15,3,5.02493781056044
5,"early_015d","early",15,10,18.0069431053691
6,"early_015d","early",15,12.3333333333333,15.4029218007494
7,"early_015d","early",15,13,12.2270192606375
8,"early_015d","early",15,17.3333333333333,37.0540146272978
9,"early_015d","early",15,26,32.6036807738022
10,"early_015d","early",15,33.8888888888889,44.5994519149183
11,"early_015d","early",15,33.1111111111111,46.0528078526284
12,"early_015d","early",15,28.5555555555556,36.4901052037094
13,"early_015d","early",15,40.7777777777778,56.559211844265
14,"early_015d","early",15,44.5555555555556,63.8398604147736
15,"early_015d","early",15,39.1111111111111,61.9867817450714
16,"early_015d","early",15,40.3333333333333,65.7267069006199
17,"early_015d","early",15,44.3333333333333,52.9150262212918
18,"early_015d","early",15,48.6666666666667,67.7569184659397
19,"early_015d","early",15,49.6666666666667,68.3995614021026
20,"early_015d","early",15,48.1111111111111,68.6885078532873
21,"early_015d","early",15,53,67.446274915669
22,"early_015d","early",15,52.5555555555556,67.3184802099526
23,"early_015d","early",15,50.5555555555556,71.0248391605203
24,"early_015d","early",15,49.1111111111111,66.6679166549481
25,"early_015d","early",15,50.5555555555556,70.4327890813489
26,"early_015d","early",15,48.4444444444444,50.4383562160562
27,"early_015d","early",15,40.6666666666667,45.7984715902179
28,"early_015d","early",15,49.4444444444444,60.3574997641368
29,"early_015d","early",15,51.5555555555556,50.8284150626181
30,"early_015d","early",15,57.8888888888889,58.6993280294682
31,"early_015d","early",15,47.3333333333333,40.8380949604655
32,"early_015d","early",15,44.5555555555556,54.3440684691327
33,"early_015d","early",15,50.3333333333333,51.0881590977792
34,"early_015d","early",15,38.3333333333333,38.3731677086998
35,"early_015d","early",15,36.8888888888889,35.7261964265875
36,"early_015d","early",15,31.2222222222222,31.1479444657981
37,"early_015d","early",15,36.5555555555556,31.0890298622806
38,"early_015d","early",15,39.5555555555556,28.4038338570302
39,"early_015d","early",15,36.4444444444444,27.8303391603081
40,"early_015d","early",15,29.2222222222222,29.2052126245375
41,"early_015d","early",15,33.5555555555556,25.1699777071371
42,"early_015d","early",15,32.6666666666667,22.3327114341273
43,"early_015d","early",15,27.4444444444444,26.3538949261353
44,"early_015d","early",15,16.1111111111111,20.7993055439625
45,"early_015d","early",15,30.7777777777778,33.8997705662508
46,"early_015d","early",15,24.3333333333333,27.1154937259125
47,"early_015d","early",15,28.7777777777778,29.409937851761
48,"early_015d","early",15,26.5555555555556,32.2378314682886
49,"early_015d","early",15,22.1111111111111,28.6070115725343
50,"early_015d","early",15,18.5555555555556,26.0389665266842
51,"early_015d","early",15,23.4444444444444,39.9565736491228
52,"early_015d","early",15,19.8888888888889,21.239376429432
53,"early_015d","early",15,17,29.6395006705579
54,"early_015d","early",15,24.7777777777778,30.7927661057665
55,"early_015d","early",15,15.4444444444444,23.4793053086708
56,"early_015d","early",15,18.6666666666667,15.9687194226713
57,"early_015d","early",15,21.2222222222222,22.719912949755
58,"early_015d","early",15,22.6666666666667,36.6333181680284
59,"early_015d","early",15,16.5555555555556,20.2429686009186
60,"early_015d","early",15,14.5555555555556,19.5774813951585
61,"early_015d","early",15,17.7777777777778,16.7688534027954
62,"early_015d","early",15,10.8888888888889,6.37268476476839
63,"early_015d","early",15,12.1111111111111,12.1598154225758
64,"early_015d","early",15,12,19.2483765549202
65,"early_015d","early",15,13,7.68114574786861
66,"early_015d","early",15,11.2222222222222,15.2297224020809
67,"early_015d","early",15,10.3333333333333,8.8034084308295
68,"early_015d","early",15,9.55555555555556,9.0844800499411
69,"early_015d","early",15,9.11111111111111,7.3219608788296
70,"early_015d","early",15,11.6666666666667,8.5146931829632
71,"early_015d","early",15,12.6666666666667,11.0905365064094
72,"early_015d","early",15,9,8.32165848854662
73,"early_015d","early",15,9.88888888888889,7.88106027835793
74,"early_015d","early",15,10.6666666666667,4.76969600708473
75,"early_015d","early",15,10.2222222222222,5.38000413052299
76,"early_015d","early",15,11,8.84590300647707
77,"early_015d","early",15,7.88888888888889,6.47001631459389
78,"early_015d","early",15,12.1111111111111,9.43986817233753
79,"early_015d","early",15,10.5555555555556,10.3212294702607
80,"early_015d","early",15,13.3333333333333,13.7749773139559
81,"early_015d","early",15,9.22222222222222,7.20724943681322
82,"early_015d","early",15,9.22222222222222,8.70025542409213
83,"early_015d","early",15,9.33333333333333,9.9373034571759
84,"early_015d","early",15,11.6666666666667,13.3603892158874
85,"early_015d","early",15,13.7777777777778,15.6905845794363
86,"early_015d","early",15,16.8888888888889,16.6316298392885
87,"early_015d","early",15,8.77777777777778,8.2731157639939
88,"early_015d","early",15,12.4444444444444,13.766908795288
89,"early_015d","early",15,12.2222222222222,13.9174151495328
90,"early_015d","early",15,14.6666666666667,14.5773797371133
91,"early_015d","early",15,15.4444444444444,17.9032895797889
92,"early_015d","early",15,13.6666666666667,20.3592730715023
93,"early_015d","early",15,7.77777777777778,11.2558626699354
94,"early_015d","early",15,14.3333333333333,14.0089257261219
95,"early_015d","early",15,11.1111111111111,14.1989827491659
96,"early_015d","early",15,11.7777777777778,15.0812613678182
97,"early_015d","early",15,12.1111111111111,17.9822443290906
98,"early_015d","early",15,13.4444444444444,16.493264618558
99,"early_015d","early",15,13.8888888888889,16.2899082597512
100,"early_015d","early",15,13.7777777777778,14.0336896233473
101,"early_015d","early",15,9.66666666666667,16.5453921077743
102,"early_015d","early",15,9.88888888888889,10.4575862947007
103,"early_015d","early",15,15.1111111111111,21.1450020362049
104,"early_015d","early",15,13.5555555555556,19.3397977698263
105,"early_015d","early",15,9.88888888888889,13.8242942355518
106,"early_015d","early",15,12.2222222222222,16.9615578424992
107,"early_015d","early",15,12.2222222222222,14.6011795566127
108,"early_015d","early",15,10.4444444444444,15.4119362111896
109,"early_015d","early",15,10.3333333333333,13.9194109070751
110,"early_015d","early",15,12.6666666666667,15.2807067899361
111,"early_015d","early",15,6.66666666666667,7.36545993132812
112,"early_015d","early",15,8.66666666666667,14.6201915172134
113,"early_015d","early",15,10,11.0792599030802
114,"early_015d","early",15,9.55555555555556,11.0805134257298
115,"early_015d","early",15,6.66666666666667,12.2678441463853
116,"early_015d","early",15,10.6666666666667,13.9731886124821
117,"early_015d","early",15,6.44444444444444,10.8525470640665
118,"early_015d","early",15,7.11111111111111,11.8051307113099
119,"early_015d","early",15,6.33333333333333,12.4298028946561
120,"early_015d","early",15,4.77777777777778,8.10521094385855
121,"early_015d","early",15,5.44444444444444,7.79601037568433
122,"early_015d","early",15,8,9.79795897113271
123,"early_015d","early",15,4.77777777777778,8.24284201258549
124,"early_015d","early",15,6.33333333333333,10.3682206766639
125,"early_015d","early",15,5.66666666666667,7.08872343937891
126,"early_015d","early",15,6.11111111111111,9.79086876181634
127,"early_015d","early",15,3.55555555555556,4.66666666666667
128,"early_015d","early",15,4.22222222222222,6.45712354260351
129,"early_015d","early",15,4.55555555555556,8.61845564923193
130,"early_015d","early",15,5.33333333333333,6.9462219947249
131,"early_015d","early",15,3.66666666666667,4.69041575982343
132,"early_015d","early",15,4.88888888888889,7.11414865680435
133,"early_015d","early",15,4.55555555555556,6.74742749333239
134,"early_015d","early",15,2.88888888888889,3.48010216963685
135,"early_015d","early",15,3.88888888888889,7.35602549690464
136,"early_015d","early",15,2.11111111111111,3.48010216963685
137,"early_015d","early",15,3,4.21307488658818
138,"early_015d","early",15,2.55555555555556,3.67801274845232
139,"early_015d","early",15,5.22222222222222,8.49673139768726
140,"early_015d","early",15,3.44444444444444,6.32675096536744
141,"early_015d","early",15,2.44444444444444,3.67801274845232
142,"early_015d","early",15,4.33333333333333,7.17635004720366
143,"early_015d","early",15,4,5.52268050859363
144,"early_015d","early",15,3.77777777777778,4.63081466314993
145,"early_015d","early",15,3.88888888888889,6.07133520002899
146,"early_015d","early",15,4.33333333333333,6.65206734782504
147,"early_015d","early",15,3.11111111111111,4.13655788199695
148,"early_015d","early",15,2.11111111111111,4.19655943733806
149,"early_015d","early",15,3.88888888888889,5.25462759014482
150,"early_015d","early",15,1.55555555555556,2.50554939639548
151,"early_015d","early",15,1.77777777777778,2.58736244937667
152,"early_015d","early",15,2.44444444444444,2.69773567603977
153,"early_015d","early",15,2.55555555555556,2.50554939639548
154,"early_015d","early",15,4.22222222222222,7.10242525088751
155,"early_015d","early",15,4,6
156,"early_015d","early",15,2.44444444444444,3.35824027993498
157,"early_015d","early",15,2.66666666666667,3.87298334620742
158,"early_015d","early",15,4,7.51664818918645
159,"early_015d","early",15,3.44444444444444,6.50213640104372
160,"early_015d","early",15,3.11111111111111,5.15859584684739
161,"early_015d","early",15,3.22222222222222,5.44926090809061
162,"early_015d","early",15,1.22222222222222,2.22361067735439
163,"early_015d","early",15,1.11111111111111,1.45296631451356
164,"early_015d","early",15,1.77777777777778,1.85592145427667
165,"early_015d","early",15,2.11111111111111,3.82244831372657
166,"early_015d","early",15,2,2.73861278752583
167,"early_015d","early",15,2.66666666666667,4.44409720865779
168,"early_015d","early",15,2.88888888888889,4.72875365303704
169,"early_015d","early",15,3,4.60977222864644
170,"early_015d","early",15,2.88888888888889,4.7551142058957
171,"early_015d","early",15,1.66666666666667,2.54950975679639
172,"early_015d","early",15,3.66666666666667,6.70820393249937
173,"early_015d","early",15,1.55555555555556,1.66666666666667
174,"early_015d","early",15,1.11111111111111,2.31540733157497
175,"early_015d","early",15,2,3.60555127546399
176,"early_015d","early",15,2,2.73861278752583
177,"early_015d","early",15,1.88888888888889,3.29561998888086
178,"early_015d","early",15,3.22222222222222,6.11918658356194
179,"early_015d","early",15,2.22222222222222,3.86580450158107
180,"early_015d","early",15,0.888888888888889,1.36422546197874
181,"early_015d","early",15,2.11111111111111,4.59468291736341
182,"early_015d","early",15,1.88888888888889,2.93446947694317
183,"early_015d","early",15,0.444444444444444,0.726483157256779
184,"early_015d","early",15,1.44444444444444,2.06827894099848
185,"early_015d","early",15,1.88888888888889,3.55121262544375
186,"early_015d","early",15,0.444444444444444,0.726483157256779
187,"early_015d","early",15,0.777777777777778,1.20185042515466
188,"early_015d","early",15,0.888888888888889,1.61589328580544
189,"early_015d","early",15,1.11111111111111,2.08832734769028
190,"early_015d","early",15,0.666666666666667,0.707106781186548
191,"early_015d","early",15,1.33333333333333,2
192,"early_015d","early",15,1.11111111111111,2.61937227425028
193,"early_015d","early",15,0.444444444444444,0.726483157256779
194,"early_015d","early",15,1,1.4142135623731
195,"early_015d","early",15,2.33333333333333,5.1720402163943
196,"early_015d","early",15,0.777777777777778,1.30170827931778
197,"early_015d","early",15,1.11111111111111,2.08832734769028
198,"early_015d","early",15,0.444444444444444,0.726483157256779
199,"early_015d","early",15,0.555555555555556,1.33333333333333
200,"early_015d","early",15,2,3.77491721763537
201,"early_015d","early",15,0.666666666666667,1.11803398874989
202,"early_015d","early",15,0.888888888888889,1.61589328580544
203,"early_015d","early",15,0.666666666666667,1.6583123951777
204,"early_015d","early",15,1.11111111111111,1.61589328580544
205,"early_015d","early",15,1.11111111111111,1.83333333333333
206,"early_015d","early",15,0.666666666666667,0.866025403784439
207,"early_015d","early",15,1.11111111111111,2.61937227425028
208,"early_015d","early",15,0.777777777777778,1.64147630029935
209,"early_015d","early",15,0.555555555555556,1.0137937550497
210,"early_015d","early",15,0.444444444444444,0.726483157256779
211,"early_015d","early",15,1.55555555555556,4.30439052338165
212,"early_015d","early",15,0.555555555555556,1.33333333333333
213,"early_015d","early",15,0.111111111111111,0.333333333333333
214,"early_015d","early",15,1,2.12132034355964
215,"early_015d","early",15,1,2.64575131106459
216,"early_015d","early",15,0.333333333333333,0.5
217,"early_015d","early",15,0.777777777777778,1.71593835683117
218,"early_015d","early",15,0,0
219,"early_015d","early",15,0.555555555555556,1.13038833052088
220,"early_015d","early",15,0.555555555555556,1.33333333333333
221,"early_015d","early",15,0.888888888888889,1.36422546197874
222,"early_015d","early",15,0.222222222222222,0.440958551844098
223,"early_015d","early",15,0.111111111111111,0.333333333333333
224,"early_015d","early",15,0.666666666666667,1.11803398874989
225,"early_015d","early",15,0.222222222222222,0.666666666666667
226,"early_015d","early",15,0.666666666666667,1.11803398874989
227,"early_015d","early",15,0.111111111111111,0.333333333333333
228,"early_015d","early",15,0.111111111111111,0.333333333333333
229,"early_015d","early",15,0.444444444444444,0.726483157256779
230,"early_015d","early",15,0.444444444444444,1.0137937550497
231,"early_015d","early",15,0.444444444444444,1.0137937550497
232,"early_015d","early",15,0.555555555555556,1.66666666666667
233,"early_015d","early",15,0.555555555555556,1.33333333333333
234,"early_015d","early",15,0.222222222222222,0.440958551844098
235,"early_015d","early",15,0.111111111111111,0.333333333333333
236,"early_015d","early",15,0.333333333333333,1
237,"early_015d","early",15,0.333333333333333,0.707106781186548
238,"early_015d","early",15,0.222222222222222,0.666666666666667
239,"early_015d","early",15,0.222222222222222,0.666666666666667
240,"early_015d","early",15,0.333333333333333,1
241,"early_015d","early",15,0.222222222222222,0.440958551844098
242,"early_015d","early",15,0.555555555555556,1.66666666666667
243,"early_015d","early",15,0,0
244,"early_015d","early",15,0.111111111111111,0.333333333333333
245,"early_015d","early",15,0,0
246,"early_015d","early",15,0.222222222222222,0.440958551844098
247,"early_015d","early",15,0,0
248,"early_015d","early",15,0.333333333333333,0.707106781186548
249,"early_015d","early",15,0.111111111111111,0.333333333333333
250,"early_015d","early",15,0.222222222222222,0.440958551844098
251,"early_015d","early",15,0.777777777777778,1.98606254796883
252,"early_015d","early",15,0.222222222222222,0.666666666666667
253,"early_015d","early",15,0.333333333333333,1
254,"early_015d","early",15,0.444444444444444,1.33333333333333
255,"early_015d","early",15,0.111111111111111,0.333333333333333
256,"early_015d","early",15,0,0
257,"early_015d","early",15,0.666666666666667,1.6583123951777
258,"early_015d","early",15,0.444444444444444,1.33333333333333
259,"early_015d","early",15,0.444444444444444,0.881917103688197
260,"early_015d","early",15,0.333333333333333,1
261,"early_015d","early",15,0.333333333333333,1
262,"early_015d","early",15,0,0
263,"early_015d","early",15,0,0
264,"early_015d","early",15,0.222222222222222,0.666666666666667
265,"early_015d","early",15,0.111111111111111,0.333333333333333
266,"early_015d","early",15,0.555555555555556,1.33333333333333
267,"early_015d","early",15,0,0
268,"early_015d","early",15,0.222222222222222,0.666666666666667
269,"early_015d","early",15,0.333333333333333,0.707106781186548
270,"early_015d","early",15,0,0
271,"early_015d","early",15,0.222222222222222,0.666666666666667
272,"early_015d","early",15,0.333333333333333,0.707106781186548
273,"early_015d","early",15,0.222222222222222,0.666666666666667
274,"early_015d","early",15,0.111111111111111,0.333333333333333
275,"early_015d","early",15,0.111111111111111,0.333333333333333
276,"early_015d","early",15,0.111111111111111,0.333333333333333
277,"early_015d","early",15,0.111111111111111,0.333333333333333
278,"early_015d","early",15,0.222222222222222,0.666666666666667
279,"early_015d","early",15,0.222222222222222,0.440958551844098
280,"early_015d","early",15,0,0
281,"early_015d","early",15,0.111111111111111,0.333333333333333
282,"early_015d","early",15,0,0
283,"early_015d","early",15,0,0
284,"early_015d","early",15,0,0
285,"early_015d","early",15,0.111111111111111,0.333333333333333
286,"early_015d","early",15,0,0
287,"early_015d","early",15,0.111111111111111,0.333333333333333
288,"early_015d","early",15,0,0
289,"early_015d","early",15,0,0
290,"early_015d","early",15,0.111111111111111,0.333333333333333
291,"early_015d","early",15,0.222222222222222,0.440958551844098
292,"early_015d","early",15,0,0
293,"early_015d","early",15,0,0
294,"early_015d","early",15,0.222222222222222,0.666666666666667
295,"early_015d","early",15,0,0
296,"early_015d","early",15,0.111111111111111,0.333333333333333
297,"early_015d","early",15,0,0
298,"early_015d","early",15,0,0
299,"early_015d","early",15,0,0
300,"early_015d","early",15,0,0
301,"early_015d","early",15,0,0
302,"early_015d","early",15,0.111111111111111,0.333333333333333
303,"early_015d","early",15,0.111111111111111,0.333333333333333
304,"early_015d","early",15,0,0
305,"early_015d","early",15,0,0
306,"early_015d","early",15,0.111111111111111,0.333333333333333
307,"early_015d","early",15,0.333333333333333,1
308,"early_015d","early",15,0.222222222222222,0.666666666666667
309,"early_015d","early",15,0.111111111111111,0.333333333333333
310,"early_015d","early",15,0,0
311,"early_015d","early",15,0,0
312,"early_015d","early",15,0,0
313,"early_015d","early",15,0.111111111111111,0.333333333333333
314,"early_015d","early",15,0,0
315,"early_015d","early",15,0,0
316,"early_015d","early",15,0,0
317,"early_015d","early",15,0.111111111111111,0.333333333333333
318,"early_015d","early",15,0,0
319,"early_015d","early",15,0.111111111111111,0.333333333333333
320,"early_015d","early",15,0.111111111111111,0.333333333333333
321,"early_015d","early",15,0.111111111111111,0.333333333333333
322,"early_015d","early",15,0,0
323,"early_015d","early",15,0.111111111111111,0.333333333333333
324,"early_015d","early",15,0,0
325,"early_015d","early",15,0,0
326,"early_015d","early",15,0,0
327,"early_015d","early",15,0.111111111111111,0.333333333333333
328,"early_015d","early",15,0,0
329,"early_015d","early",15,0,0
330,"early_015d","early",15,0,0
331,"early_015d","early",15,0,0
332,"early_015d","early",15,0,0
333,"early_015d","early",15,0,0
334,"early_015d","early",15,0,0
335,"early_015d","early",15,0,0
336,"early_015d","early",15,0,0
337,"early_015d","early",15,0,0
338,"early_015d","early",15,0,0
339,"early_015d","early",15,0,0
340,"early_015d","early",15,0,0
341,"early_015d","early",15,0.111111111111111,0.333333333333333
342,"early_015d","early",15,0,0
343,"early_015d","early",15,0,0
344,"early_015d","early",15,0.111111111111111,0.333333333333333
345,"early_015d","early",15,0,0
346,"early_015d","early",15,0,0
347,"early_015d","early",15,0,0
348,"early_015d","early",15,0,0
349,"early_015d","early",15,0,0
350,"early_015d","early",15,0,0
351,"early_015d","early",15,0,0
352,"early_015d","early",15,0,0
353,"early_015d","early",15,0,0
354,"early_015d","early",15,0,0
355,"early_015d","early",15,0,0
356,"early_015d","early",15,0,0
357,"early_015d","early",15,0,0
358,"early_015d","early",15,0,0
359,"early_015d","early",15,0,0
360,"early_015d","early",15,0,0
361,"early_015d","early",15,0,0
362,"early_015d","early",15,0,0
363,"early_015d","early",15,0,0
364,"early_015d","early",15,0,0
365,"early_015d","early",15,0,0
1,"early_030d","early",30,0,0
2,"early_030d","early",30,0,0
3,"early_030d","early",30,0.777777777777778,0.97182531580755
4,"early_030d","early",30,1.88888888888889,3.33333333333333
5,"early_030d","early",30,7.44444444444444,13.1444961020869
6,"early_030d","early",30,10.5555555555556,13.5010287673858
7,"early_030d","early",30,10.8888888888889,15.4146395063625
8,"early_030d","early",30,18.3333333333333,30.0208261045561
9,"early_030d","early",30,26.1111111111111,31.9000174155299
10,"early_030d","early",30,27.5555555555556,37.3601094454738
11,"early_030d","early",30,33.6666666666667,42.3526858652435
12,"early_030d","early",30,33.6666666666667,41.0791918128875
13,"early_030d","early",30,31.2222222222222,40.0555170287995
14,"early_030d","early",30,35.6666666666667,46.9041575982343
15,"early_030d","early",30,32.7777777777778,53.3427075095035
16,"early_030d","early",30,45.8888888888889,56.4788554337914
17,"early_030d","early",30,43.1111111111111,54.4160923910484
18,"early_030d","early",30,43.4444444444444,63.1726030631775
19,"early_030d","early",30,47.4444444444444,65.9282016877283
20,"early_030d","early",30,47,57.2756492761104
21,"early_030d","early",30,47.2222222222222,60.9216254251677
22,"early_030d","early",30,57.1111111111111,63.7895846601239
23,"early_030d","early",30,55,63.8787914726007
24,"early_030d","early",30,49.8888888888889,71.2871735385203
25,"early_030d","early",30,47.6666666666667,59.1502324593911
26,"early_030d","early",30,49.6666666666667,60.0915967502945
27,"early_030d","early",30,45.5555555555556,56.502458156949
28,"early_030d","early",30,45.7777777777778,58.6297232165089
29,"early_030d","early",30,47.5555555555556,57.6738916475885
30,"early_030d","early",30,50.2222222222222,47.2355210032074
31,"early_030d","early",30,40.6666666666667,57.6888204074238
32,"early_030d","early",30,38.5555555555556,51.9978632039604
33,"early_030d","early",30,46.6666666666667,50.2767341819255
34,"early_030d","early",30,37.1111111111111,34.7435045887877
35,"early_030d","early",30,33.6666666666667,34.7275107083707
36,"early_030d","early",30,28.7777777777778,43.7229281320961
37,"early_030d","early",30,32.3333333333333,31.14080923804
38,"early_030d","early",30,23.7777777777778,22.6978951544949
39,"early_030d","early",30,31.3333333333333,29.9416098431597
40,"early_030d","early",30,25,33.9042770163294
41,"early_030d","early",30,18.8888888888889,17.7302315583049
42,"early_030d","early",30,29.1111111111111,20.4599880525652
43,"early_030d","early",30,19.4444444444444,17.0888202570505
44,"early_030d","early",30,21.1111111111111,19.0489136464816
45,"early_030d","early",30,21.3333333333333,16.7332005306815
46,"early_030d","early",30,20.6666666666667,11.651180197731
47,"early_030d","early",30,15.1111111111111,10.4336528172597
48,"early_030d","early",30,19.5555555555556,16.8085626327113
49,"early_030d","early",30,13.7777777777778,11.4649223479466
50,"early_030d","early",30,16.3333333333333,14.9248115565993
51,"early_030d","early",30,13.1111111111111,6.31356564162527
52,"early_030d","early",30,12.2222222222222,10.1461541701496
53,"early_030d","early",30,12.8888888888889,12.1186266181903
54,"early_030d","early",30,18.8888888888889,12.4543611281796
55,"early_030d","early",30,17,15.3785564992297
56,"early_030d","early",30,8.88888888888889,4.59468291736341
57,"early_030d","early",30,14.1111111111111,10.1050042608161
58,"early_030d","early",30,16.2222222222222,12.8235893744476
59,"early_030d","early",30,12.8888888888889,8.02253769770583
60,"early_030d","early",30,7.44444444444444,7.93900357587637
61,"early_030d","early",30,9.44444444444444,8.56024402559751
62,"early_030d","early",30,12.4444444444444,9.50146187582615
63,"early_030d","early",30,11.8888888888889,13.8152492236337
64,"early_030d","early",30,11.3333333333333,9.20597631976098
65,"early_030d","early",30,11.3333333333333,7.93725393319377
66,"early_030d","early",30,9.33333333333333,10.2225241501304
67,"early_030d","early",30,8.11111111111111,5.62237593114433
68,"early_030d","early",30,9.11111111111111,7.70461622088415
69,"early_030d","early",30,13,8.90224690738243
70,"early_030d","early",30,8.44444444444444,5.74697988318889
71,"early_030d","early",30,13.1111111111111,10.4096643130848
72,"early_030d","early",30,12,4.66368952654441
73,"early_030d","early",30,7.33333333333333,5.54526825320471
74,"early_030d","early",30,11,5.74456264653803
75,"early_030d","early",30,10.4444444444444,9.63212218453326
76,"early_030d","early",30,10.3333333333333,11.9478031453485
77,"early_030d","early",30,8.88888888888889,5.01109879279097
78,"early_030d","early",30,8.88888888888889,7.11414865680435
79,"early_030d","early",30,7.33333333333333,6.72681202353685
80,"early_030d","early",30,6.11111111111111,6.48930744464393
81,"early_030d","early",30,10.2222222222222,8.24284201258549
82,"early_030d","early",30,8.77777777777778,6.72268134336623
83,"early_030d","early",30,6.77777777777778,4.60374243897771
84,"early_030d","early",30,7.44444444444444,6.16666666666667
85,"early_030d","early",30,5.66666666666667,8.13941029804985
86,"early_030d","early",30,8.11111111111111,5.79750904364203
87,"early_030d","early",30,8.11111111111111,3.82244831372657
88,"early_030d","early",30,6.77777777777778,3.99304951690365
89,"early_030d","early",30,7.77777777777778,6.43773597194266
90,"early_030d","early",30,7.44444444444444,5.50252467307306
91,"early_030d","early",30,6.55555555555556,6.34647758821992
92,"early_030d","early",30,6.33333333333333,5.9791303715507
93,"early_030d","early",30,3.66666666666667,3.5
94,"early_030d","early",30,7.33333333333333,5.24404424085076
95,"early_030d","early",30,3.88888888888889,4.07567308687916
96,"early_030d","early",30,7.22222222222222,5.93249057685256
97,"early_030d","early",30,4,3.08220700148449
98,"early_030d","early",30,4.66666666666667,3.5
99,"early_030d","early",30,6.88888888888889,6.95421534834169
100,"early_030d","early",30,5.88888888888889,5.15859584684739
101,"early_030d","early",30,4.22222222222222,4.35252161906686
102,"early_030d","early",30,4,3.67423461417477
103,"early_030d","early",30,4.55555555555556,4.50308536203543
104,"early_030d","early",30,5,4.87339717240448
105,"early_030d","early",30,5.88888888888889,5.71061389967061
106,"early_030d","early",30,5.55555555555556,3.2829526005987
107,"early_030d","early",30,5.88888888888889,5.23078494215841
108,"early_030d","early",30,2.77777777777778,3.73422608373468
109,"early_030d","early",30,5.77777777777778,4.35252161906686
110,"early_030d","early",30,6.44444444444444,9.68389269755597
111,"early_030d","early",30,6.33333333333333,6.22494979899437
112,"early_030d","early",30,4.88888888888889,4.59468291736341
113,"early_030d","early",30,3.88888888888889,4.371625682868
114,"early_030d","early",30,3.88888888888889,3.01846171271247
115,"early_030d","early",30,5,3.8405728739343
116,"early_030d","early",30,7.77777777777778,11.5950180872841
117,"early_030d","early",30,3.33333333333333,2.5
118,"early_030d","early",30,2.77777777777778,4.32370725702428
119,"early_030d","early",30,2.33333333333333,3
120,"early_030d","early",30,3.77777777777778,3.86580450158107
121,"early_030d","early",30,3.44444444444444,3.24465372232196
122,"early_030d","early",30,4.11111111111111,3.65528536657688
123,"early_030d","early",30,5.33333333333333,7.28010988928052
124,"early_030d","early",30,4.55555555555556,5.54777232569775
125,"early_030d","early",30,4.22222222222222,4.71109800836752
126,"early_030d","early",30,3.22222222222222,3.45607355888795
127,"early_030d","early",30,3.33333333333333,2.73861278752583
128,"early_030d","early",30,3.11111111111111,3.37062473602611
129,"early_030d","early",30,1.66666666666667,1.87082869338697
130,"early_030d","early",30,3.66666666666667,3.77491721763537
131,"early_030d","early",30,2.55555555555556,3.04594448041618
132,"early_030d","early",30,3.33333333333333,5.65685424949238
133,"early_030d","early",30,2.11111111111111,1.45296631451356
134,"early_030d","early",30,2,1.4142135623731
135,"early_030d","early",30,2.55555555555556,1.74005108481842
136,"early_030d","early",30,1.22222222222222,1.71593835683117
137,"early_030d","early",30,2.88888888888889,2.02758751009941
138,"early_030d","early",30,2.22222222222222,2.68224615657185
139,"early_030d","early",30,1.22222222222222,1.56347191994114
140,"early_030d","early",30,1.66666666666667,2.39791576165636
141,"early_030d","early",30,2.33333333333333,3.3166247903554
142,"early_030d","early",30,3.11111111111111,2.75882422620781
143,"early_030d","early",30,2,2
144,"early_030d","early",30,1.66666666666667,1.11803398874989
145,"early_030d","early",30,2.77777777777778,4.02423215588321
146,"early_030d","early",30,1.44444444444444,2.24227067451229
147,"early_030d","early",30,1.44444444444444,1.23603308118261
148,"early_030d","early",30,2.77777777777778,3.52766841475279
149,"early_030d","early",30,1.44444444444444,1.13038833052088
150,"early_030d","early",30,1.88888888888889,1.96497102042527
151,"early_030d","early",30,1.22222222222222,1.92209376577847
152,"early_030d","early",30,1.33333333333333,1.93649167310371
153,"early_030d","early",30,0.444444444444444,0.52704627669473
154,"early_030d","early",30,1.77777777777778,2.63523138347365
155,"early_030d","early",30,1.77777777777778,1.98606254796883
156,"early_030d","early",30,0.777777777777778,0.833333333333333
157,"early_030d","early",30,0.666666666666667,1
158,"early_030d","early",30,1.33333333333333,2.29128784747792
159,"early_030d","early",30,1.11111111111111,1.26929551764398
160,"early_030d","early",30,0.777777777777778,1.092906420717
161,"early_030d","early",30,0.888888888888889,2.31540733157497
162,"early_030d","early",30,1.66666666666667,2.23606797749979
163,"early_030d","early",30,1.55555555555556,1.9436506316151
164,"early_030d","early",30,1.66666666666667,2.06155281280883
165,"early_030d","early",30,2.11111111111111,3.78960566696736
166,"early_030d","early",30,0.555555555555556,0.726483157256779
167,"early_030d","early",30,1,0.707106781186548
168,"early_030d","early",30,0.666666666666667,1
169,"early_030d","early",30,1,1.3228756555323
170,"early_030d","early",30,1.22222222222222,1.48136573621926
171,"early_030d","early",30,1.22222222222222,2.27913238852956
172,"early_030d","early",30,0.777777777777778,1.092906420717
173,"early_030d","early",30,0.666666666666667,0.707106781186548
174,"early_030d","early",30,0.333333333333333,0.707106781186548
175,"early_030d","early",30,1.22222222222222,2.22361067735439
176,"early_030d","early",30,0.777777777777778,1.30170827931778
177,"early_030d","early",30,1.88888888888889,2.84800124843918
178,"early_030d","early",30,0.666666666666667,1
179,"early_030d","early",30,1.22222222222222,2.63523138347365
180,"early_030d","early",30,1.11111111111111,2.31540733157497
181,"early_030d","early",30,0.333333333333333,0.5
182,"early_030d","early",30,1,1.93649167310371
183,"early_030d","early",30,0.555555555555556,0.726483157256779
184,"early_030d","early",30,1.33333333333333,2.54950975679639
185,"early_030d","early",30,1.22222222222222,1.92209376577847
186,"early_030d","early",30,0.444444444444444,0.52704627669473
187,"early_030d","early",30,1.22222222222222,1.7873008824606
188,"early_030d","early",30,0.444444444444444,1.0137937550497
189,"early_030d","early",30,0.888888888888889,1.36422546197874
190,"early_030d","early",30,0.777777777777778,0.833333333333333
191,"early_030d","early",30,0.888888888888889,1.36422546197874
192,"early_030d","early",30,0.333333333333333,0.5
193,"early_030d","early",30,0.555555555555556,1.13038833052088
194,"early_030d","early",30,0.555555555555556,1.0137937550497
195,"early_030d","early",30,1,1.3228756555323
196,"early_030d","early",30,0.444444444444444,1.0137937550497
197,"early_030d","early",30,0.333333333333333,0.5
198,"early_030d","early",30,0.444444444444444,1.0137937550497
199,"early_030d","early",30,0.333333333333333,0.707106781186548
200,"early_030d","early",30,0.444444444444444,0.726483157256779
201,"early_030d","early",30,0.444444444444444,0.726483157256779
202,"early_030d","early",30,0.666666666666667,1.6583123951777
203,"early_030d","early",30,0.222222222222222,0.666666666666667
204,"early_030d","early",30,0.111111111111111,0.333333333333333
205,"early_030d","early",30,0.888888888888889,1.83333333333333
206,"early_030d","early",30,1.22222222222222,2.63523138347365
207,"early_030d","early",30,0.666666666666667,1.6583123951777
208,"early_030d","early",30,1.11111111111111,2.26077666104176
209,"early_030d","early",30,0.666666666666667,1.3228756555323
210,"early_030d","early",30,0.555555555555556,0.726483157256779
211,"early_030d","early",30,0.111111111111111,0.333333333333333
212,"early_030d","early",30,0.555555555555556,1.33333333333333
213,"early_030d","early",30,0.222222222222222,0.440958551844098
214,"early_030d","early",30,0.111111111111111,0.333333333333333
215,"early_030d","early",30,0.222222222222222,0.440958551844098
216,"early_030d","early",30,0.666666666666667,1.4142135623731
217,"early_030d","early",30,0.333333333333333,1
218,"early_030d","early",30,0.222222222222222,0.440958551844098
219,"early_030d","early",30,0.222222222222222,0.440958551844098
220,"early_030d","early",30,0.222222222222222,0.440958551844098
221,"early_030d","early",30,0.555555555555556,1.0137937550497
222,"early_030d","early",30,0.444444444444444,0.52704627669473
223,"early_030d","early",30,0.111111111111111,0.333333333333333
224,"early_030d","early",30,0.222222222222222,0.666666666666667
225,"early_030d","early",30,0.222222222222222,0.666666666666667
226,"early_030d","early",30,0.222222222222222,0.666666666666667
227,"early_030d","early",30,0.333333333333333,0.5
228,"early_030d","early",30,0,0
229,"early_030d","early",30,0.555555555555556,1.33333333333333
230,"early_030d","early",30,0,0
231,"early_030d","early",30,0,0
232,"early_030d","early",30,0.111111111111111,0.333333333333333
233,"early_030d","early",30,0.333333333333333,0.707106781186548
234,"early_030d","early",30,0.333333333333333,0.707106781186548
235,"early_030d","early",30,0.555555555555556,1.33333333333333
236,"early_030d","early",30,0,0
237,"early_030d","early",30,0.222222222222222,0.440958551844098
238,"early_030d","early",30,0.333333333333333,0.707106781186548
239,"early_030d","early",30,0.111111111111111,0.333333333333333
240,"early_030d","early",30,0.111111111111111,0.333333333333333
241,"early_030d","early",30,0.444444444444444,1.33333333333333
242,"early_030d","early",30,0.222222222222222,0.666666666666667
243,"early_030d","early",30,0.222222222222222,0.440958551844098
244,"early_030d","early",30,0.111111111111111,0.333333333333333
245,"early_030d","early",30,0.111111111111111,0.333333333333333
246,"early_030d","early",30,0.222222222222222,0.666666666666667
247,"early_030d","early",30,0,0
248,"early_030d","early",30,0.111111111111111,0.333333333333333
249,"early_030d","early",30,0.111111111111111,0.333333333333333
250,"early_030d","early",30,0,0
251,"early_030d","early",30,0.111111111111111,0.333333333333333
252,"early_030d","early",30,0.222222222222222,0.666666666666667
253,"early_030d","early",30,0.111111111111111,0.333333333333333
254,"early_030d","early",30,0,0
255,"early_030d","early",30,0.111111111111111,0.333333333333333
256,"early_030d","early",30,0,0
257,"early_030d","early",30,0.111111111111111,0.333333333333333
258,"early_030d","early",30,0.111111111111111,0.333333333333333
259,"early_030d","early",30,0.333333333333333,0.707106781186548
260,"early_030d","early",30,0.222222222222222,0.440958551844098
261,"early_030d","early",30,0,0
262,"early_030d","early",30,0,0
263,"early_030d","early",30,0,0
264,"early_030d","early",30,0,0
265,"early_030d","early",30,0,0
266,"early_030d","early",30,0,0
267,"early_030d","early",30,0,0
268,"early_030d","early",30,0.111111111111111,0.333333333333333
269,"early_030d","early",30,0.111111111111111,0.333333333333333
270,"early_030d","early",30,0,0
271,"early_030d","early",30,0,0
272,"early_030d","early",30,0,0
273,"early_030d","early",30,0,0
274,"early_030d","early",30,0.111111111111111,0.333333333333333
275,"early_030d","early",30,0,0
276,"early_030d","early",30,0,0
277,"early_030d","early",30,0,0
278,"early_030d","early",30,0.111111111111111,0.333333333333333
279,"early_030d","early",30,0,0
280,"early_030d","early",30,0,0
281,"early_030d","early",30,0.111111111111111,0.333333333333333
282,"early_030d","early",30,0,0
283,"early_030d","early",30,0.111111111111111,0.333333333333333
284,"early_030d","early",30,0,0
285,"early_030d","early",30,0,0
286,"early_030d","early",30,0,0
287,"early_030d","early",30,0.111111111111111,0.333333333333333
288,"early_030d","early",30,0.222222222222222,0.666666666666667
289,"early_030d","early",30,0,0
290,"early_030d","early",30,0,0
291,"early_030d","early",30,0,0
292,"early_030d","early",30,0,0
293,"early_030d","early",30,0,0
294,"early_030d","early",30,0,0
295,"early_030d","early",30,0,0
296,"early_030d","early",30,0.111111111111111,0.333333333333333
297,"early_030d","early",30,0.111111111111111,0.333333333333333
298,"early_030d","early",30,0.111111111111111,0.333333333333333
299,"early_030d","early",30,0.111111111111111,0.333333333333333
300,"early_030d","early",30,0.111111111111111,0.333333333333333
301,"early_030d","early",30,0,0
302,"early_030d","early",30,0,0
303,"early_030d","early",30,0,0
304,"early_030d","early",30,0,0
305,"early_030d","early",30,0,0
306,"early_030d","early",30,0.111111111111111,0.333333333333333
307,"early_030d","early",30,0,0
308,"early_030d","early",30,0.222222222222222,0.666666666666667
309,"early_030d","early",30,0.111111111111111,0.333333333333333
310,"early_030d","early",30,0,0
311,"early_030d","early",30,0,0
312,"early_030d","early",30,0,0
313,"early_030d","early",30,0,0
314,"early_030d","early",30,0,0
315,"early_030d","early",30,0.111111111111111,0.333333333333333
316,"early_030d","early",30,0,0
317,"early_030d","early",30,0.222222222222222,0.440958551844098
318,"early_030d","early",30,0.111111111111111,0.333333333333333
319,"early_030d","early",30,0,0
320,"early_030d","early",30,0,0
321,"early_030d","early",30,0.111111111111111,0.333333333333333
322,"early_030d","early",30,0,0
323,"early_030d","early",30,0,0
324,"early_030d","early",30,0,0
325,"early_030d","early",30,0.111111111111111,0.333333333333333
326,"early_030d","early",30,0,0
327,"early_030d","early",30,0.111111111111111,0.333333333333333
328,"early_030d","early",30,0,0
329,"early_030d","early",30,0,0
330,"early_030d","early",30,0,0
331,"early_030d","early",30,0,0
332,"early_030d","early",30,0,0
333,"early_030d","early",30,0,0
334,"early_030d","early",30,0,0
335,"early_030d","early",30,0,0
336,"early_030d","early",30,0,0
337,"early_030d","early",30,0,0
338,"early_030d","early",30,0,0
339,"early_030d","early",30,0,0
340,"early_030d","early",30,0,0
341,"early_030d","early",30,0,0
342,"early_030d","early",30,0,0
343,"early_030d","early",30,0,0
344,"early_030d","early",30,0,0
345,"early_030d","early",30,0,0
346,"early_030d","early",30,0,0
347,"early_030d","early",30,0,0
348,"early_030d","early",30,0,0
349,"early_030d","early",30,0,0
350,"early_030d","early",30,0,0
351,"early_030d","early",30,0,0
352,"early_030d","early",30,0,0
353,"early_030d","early",30,0,0
354,"early_030d","early",30,0,0
355,"early_030d","early",30,0,0
356,"early_030d","early",30,0,0
357,"early_030d","early",30,0,0
358,"early_030d","early",30,0,0
359,"early_030d","early",30,0,0
360,"early_030d","early",30,0,0
361,"early_030d","early",30,0,0
362,"early_030d","early",30,0,0
363,"early_030d","early",30,0,0
364,"early_030d","early",30,0,0
365,"early_030d","early",30,0,0
1,"early_060d","early",60,0,0
2,"early_060d","early",60,0,0
3,"early_060d","early",60,0.222222222222222,0.666666666666667
4,"early_060d","early",60,0.777777777777778,1.092906420717
5,"early_060d","early",60,1.77777777777778,4.63081466314993
6,"early_060d","early",60,5.33333333333333,6.81909084849293
7,"early_060d","early",60,4.77777777777778,5.33333333333333
8,"early_060d","early",60,7,11.0113577727726
9,"early_060d","early",60,9.33333333333333,9.77241014284603
10,"early_060d","early",60,8.55555555555556,8.77654703045439
11,"early_060d","early",60,11.4444444444444,12.6304306251916
12,"early_060d","early",60,9,7.56637297521078
13,"early_060d","early",60,8.77777777777778,9.31098514897561
14,"early_060d","early",60,7.44444444444444,9.30203084158388
15,"early_060d","early",60,11.1111111111111,12.4944432093275
16,"early_060d","early",60,13.8888888888889,9.26612708261176
17,"early_060d","early",60,9.77777777777778,8.15134617375832
18,"early_060d","early",60,10.5555555555556,10.4176666186713
19,"early_060d","early",60,10.1111111111111,13.3270818678025
20,"early_060d","early",60,14.1111111111111,10.4814651223534
21,"early_060d","early",60,14.4444444444444,13.2769641777696
22,"early_060d","early",60,11.4444444444444,14.5353974069434
23,"early_060d","early",60,21.6666666666667,17.1537167984084
24,"early_060d","early",60,12.2222222222222,10.2564342948436
25,"early_060d","early",60,13.3333333333333,12.2474487139159
26,"early_060d","early",60,17.4444444444444,16.3791873356946
27,"early_060d","early",60,18.4444444444444,16.9418941614501
28,"early_060d","early",60,14.1111111111111,12.2315620879392
29,"early_060d","early",60,19.7777777777778,15.2707054337527
30,"early_060d","early",60,20.4444444444444,21.3313801189182
31,"early_060d","early",60,12.8888888888889,9.82909513185782
32,"early_060d","early",60,11.6666666666667,12.7573508221731
33,"early_060d","early",60,16.7777777777778,15.650701084758
34,"early_060d","early",60,18,13.555441711726
35,"early_060d","early",60,18.2222222222222,18.8532343231724
36,"early_060d","early",60,17.3333333333333,19.8997487421324
37,"early_060d","early",60,14,17.6705970470723
38,"early_060d","early",60,13.5555555555556,18.5547238669234
39,"early_060d","early",60,18.1111111111111,12.868998061664
40,"early_060d","early",60,20.5555555555556,16.3409846024583
41,"early_060d","early",60,12.3333333333333,9.9498743710662
42,"early_060d","early",60,12.3333333333333,11.8110118110177
43,"early_060d","early",60,15.5555555555556,16.0710229225702
44,"early_060d","early",60,18.3333333333333,20.8446635856758
45,"early_060d","early",60,14.4444444444444,13.6483617250488
46,"early_060d","early",60,15.7777777777778,18.8200543156614
47,"early_060d","early",60,11.1111111111111,12.6732439064003
48,"early_060d","early",60,15.4444444444444,13.9204086785474
49,"early_060d","early",60,8.88888888888889,7.84927455954441
50,"early_060d","early",60,17,15.2479506819769
51,"early_060d","early",60,17.3333333333333,13.490737563232
52,"early_060d","early",60,11.7777777777778,9.58876657576168
53,"early_060d","early",60,14.2222222222222,17.8590157747969
54,"early_060d","early",60,15.4444444444444,12.2179285387408
55,"early_060d","early",60,14.3333333333333,16.5453921077743
56,"early_060d","early",60,10.8888888888889,10.0055540132024
57,"early_060d","early",60,13,12.0104121494643
58,"early_060d","early",60,13.5555555555556,10.7367489389376
59,"early_060d","early",60,9.55555555555556,10.2116491213603
60,"early_060d","early",60,6.88888888888889,7.27056470372908
61,"early_060d","early",60,13,9.53939201416946
62,"early_060d","early",60,9.33333333333333,10.9201648339208
63,"early_060d","early",60,11.3333333333333,10.1734949746879
64,"early_060d","early",60,10.4444444444444,10.2361016885227
65,"early_060d","early",60,7.88888888888889,6.43126046052491
66,"early_060d","early",60,12.1111111111111,12.3333333333333
67,"early_060d","early",60,6.22222222222222,6.61017733835065
68,"early_060d","early",60,8.66666666666667,9.16515138991168
69,"early_060d","early",60,9.88888888888889,9.76530138352683
70,"early_060d","early",60,8.11111111111111,5.79750904364203
71,"early_060d","early",60,8.11111111111111,8.1615630311302
72,"early_060d","early",60,5.44444444444444,7.92324288266981
73,"early_060d","early",60,6.44444444444444,7.92324288266981
74,"early_060d","early",60,5.44444444444444,6.20707481651202
75,"early_060d","early",60,9.22222222222222,9.75676403550093
76,"early_060d","early",60,4.88888888888889,7.00793201387621
77,"early_060d","early",60,6.33333333333333,8.77496438739212
78,"early_060d","early",60,6.11111111111111,5.13430726691645
79,"early_060d","early",60,6.77777777777778,6.49572508996836
80,"early_060d","early",60,5.11111111111111,5.81903008336536
81,"early_060d","early",60,8,9.04157066001256
82,"early_060d","early",60,8.33333333333333,8.58778201865883
83,"early_060d","early",60,7.33333333333333,6.12372435695795
84,"early_060d","early",60,8.22222222222222,5.6740148435164
85,"early_060d","early",60,5.77777777777778,7.34468817884357
86,"early_060d","early",60,3.22222222222222,2.33333333333333
87,"early_060d","early",60,5.55555555555556,4.55826477705911
88,"early_060d","early",60,6.55555555555556,6.82112730989371
89,"early_060d","early",60,6.11111111111111,6.67915496983796
90,"early_060d","early",60,7.77777777777778,8.80025252162939
91,"early_060d","early",60,9.33333333333333,11.6189500386223
92,"early_060d","early",60,3.77777777777778,3.59783885748715
93,"early_060d","early",60,5.22222222222222,3.15348132140408
94,"early_060d","early",60,4.33333333333333,3.90512483795333
95,"early_060d","early",60,3.88888888888889,3.72305131728145
96,"early_060d","early",60,5.55555555555556,4.97772817435603
97,"early_060d","early",60,3.33333333333333,4.41588043316392
98,"early_060d","early",60,3.11111111111111,2.84800124843918
99,"early_060d","early",60,6.88888888888889,5.94652092497042
100,"early_060d","early",60,6.22222222222222,5.23874454850057
101,"early_060d","early",60,2.55555555555556,2.06827894099848
102,"early_060d","early",60,2.11111111111111,1.53659074288215
103,"early_060d","early",60,2.55555555555556,2.60341655863555
104,"early_060d","early",60,4.22222222222222,5.69600249687835
105,"early_060d","early",60,2.55555555555556,3.20589734361189
106,"early_060d","early",60,3.11111111111111,3.82244831372657
107,"early_060d","early",60,3.33333333333333,3.8405728739343
108,"early_060d","early",60,1.88888888888889,1.61589328580544
109,"early_060d","early",60,5.11111111111111,8.10006858681524
110,"early_060d","early",60,4.11111111111111,3.62092683040007
111,"early_060d","early",60,2.44444444444444,2.65099562009781
112,"early_060d","early",60,2.22222222222222,1.64147630029935
113,"early_060d","early",60,3.33333333333333,3.67423461417477
114,"early_060d","early",60,2.22222222222222,2.10818510677892
115,"early_060d","early",60,2.77777777777778,3.59783885748715
116,"early_060d","early",60,3.66666666666667,4.69041575982343
117,"early_060d","early",60,2.44444444444444,1.9436506316151
118,"early_060d","early",60,2.33333333333333,2.82842712474619
119,"early_060d","early",60,1.55555555555556,1.9436506316151
120,"early_060d","early",60,3.55555555555556,6.71027404639913
121,"early_060d","early",60,2.22222222222222,2.53859103528797
122,"early_060d","early",60,3.44444444444444,5.70331287742289
123,"early_060d","early",60,2.33333333333333,2.34520787991171
124,"early_060d","early",60,2.44444444444444,2.74367960552572
125,"early_060d","early",60,3.22222222222222,5.95352369983058
126,"early_060d","early",60,1,1
127,"early_060d","early",60,3.44444444444444,4.63980363569168
128,"early_060d","early",60,1.55555555555556,2.50554939639548
129,"early_060d","early",60,2.55555555555556,4.82470494204338
130,"early_060d","early",60,1.55555555555556,1.13038833052088
131,"early_060d","early",60,1.66666666666667,1.87082869338697
132,"early_060d","early",60,2.55555555555556,3.81153220867642
133,"early_060d","early",60,1.66666666666667,2.87228132326901
134,"early_060d","early",60,1,1.3228756555323
135,"early_060d","early",60,2.44444444444444,3.77859468291821
136,"early_060d","early",60,0.333333333333333,0.707106781186548
137,"early_060d","early",60,1.22222222222222,1.30170827931778
138,"early_060d","early",60,2.11111111111111,3.05959329178097
139,"early_060d","early",60,0.666666666666667,0.5
140,"early_060d","early",60,1,1
141,"early_060d","early",60,1.88888888888889,1.36422546197874
142,"early_060d","early",60,1.55555555555556,2.2973414586817
143,"early_060d","early",60,2,2.23606797749979
144,"early_060d","early",60,0.888888888888889,1.26929551764398
145,"early_060d","early",60,1.11111111111111,1.76383420737639
146,"early_060d","early",60,1.22222222222222,2.94863433549236
147,"early_060d","early",60,1.66666666666667,2.54950975679639
148,"early_060d","early",60,1.11111111111111,1.26929551764398
149,"early_060d","early",60,2,2.29128784747792
150,"early_060d","early",60,0.666666666666667,1
151,"early_060d","early",60,0.666666666666667,0.707106781186548
152,"early_060d","early",60,1,1.22474487139159
153,"early_060d","early",60,1.44444444444444,1.81046341520004
154,"early_060d","early",60,1.88888888888889,2.75882422620781
155,"early_060d","early",60,0.666666666666667,1
156,"early_060d","early",60,1.22222222222222,1.56347191994114
157,"early_060d","early",60,1.88888888888889,4.22624077770199
158,"early_060d","early",60,0.888888888888889,1.53659074288215
159,"early_060d","early",60,1.22222222222222,1.56347191994114
160,"early_060d","early",60,0.666666666666667,1.11803398874989
161,"early_060d","early",60,0.777777777777778,1.092906420717
162,"early_060d","early",60,1.22222222222222,1.92209376577847
163,"early_060d","early",60,0.555555555555556,1.33333333333333
164,"early_060d","early",60,1.22222222222222,2.53859103528797
165,"early_060d","early",60,1.44444444444444,2.00693242979872
166,"early_060d","early",60,1,1.93649167310371
167,"early_060d","early",60,0.666666666666667,0.866025403784439
168,"early_060d","early",60,2.11111111111111,4.85912657903775
169,"early_060d","early",60,0.666666666666667,1
170,"early_060d","early",60,0.777777777777778,1.092906420717
171,"early_060d","early",60,1.11111111111111,1.76383420737639
172,"early_060d","early",60,0.333333333333333,0.5
173,"early_060d","early",60,0.888888888888889,1.36422546197874
174,"early_060d","early",60,0.666666666666667,0.866025403784439
175,"early_060d","early",60,0.555555555555556,0.881917103688197
176,"early_060d","early",60,0.444444444444444,0.726483157256779
177,"early_060d","early",60,1.11111111111111,1.45296631451356
178,"early_060d","early",60,0.444444444444444,0.726483157256779
179,"early_060d","early",60,0.444444444444444,0.726483157256779
180,"early_060d","early",60,0.444444444444444,0.52704627669473
181,"early_060d","early",60,0.333333333333333,0.707106781186548
182,"early_060d","early",60,0.666666666666667,1.6583123951777
183,"early_060d","early",60,0.888888888888889,1.05409255338946
184,"early_060d","early",60,0.444444444444444,0.726483157256779
185,"early_060d","early",60,0.555555555555556,0.52704627669473
186,"early_060d","early",60,0.666666666666667,1
187,"early_060d","early",60,0.666666666666667,1.4142135623731
188,"early_060d","early",60,0.333333333333333,0.5
189,"early_060d","early",60,0.666666666666667,1.11803398874989
190,"early_060d","early",60,1.11111111111111,1.36422546197874
191,"early_060d","early",60,0.555555555555556,1.13038833052088
192,"early_060d","early",60,0.111111111111111,0.333333333333333
193,"early_060d","early",60,0.444444444444444,0.726483157256779
194,"early_060d","early",60,0.333333333333333,0.707106781186548
195,"early_060d","early",60,0.333333333333333,0.5
196,"early_060d","early",60,0.222222222222222,0.440958551844098
197,"early_060d","early",60,0.555555555555556,1.0137937550497
198,"early_060d","early",60,0.555555555555556,0.52704627669473
199,"early_060d","early",60,0.666666666666667,1.3228756555323
200,"early_060d","early",60,0.555555555555556,1.33333333333333
201,"early_060d","early",60,0.222222222222222,0.666666666666667
202,"early_060d","early",60,0.444444444444444,1.0137937550497
203,"early_060d","early",60,0.444444444444444,0.726483157256779
204,"early_060d","early",60,0.555555555555556,1.0137937550497
205,"early_060d","early",60,0.222222222222222,0.440958551844098
206,"early_060d","early",60,0.555555555555556,1.0137937550497
207,"early_060d","early",60,0.333333333333333,0.5
208,"early_060d","early",60,1,2.64575131106459
209,"early_060d","early",60,0,0
210,"early_060d","early",60,0.333333333333333,0.5
211,"early_060d","early",60,1,3
212,"early_060d","early",60,0.444444444444444,1.33333333333333
213,"early_060d","early",60,0.555555555555556,1.0137937550497
214,"early_060d","early",60,0.333333333333333,1
215,"early_060d","early",60,0.222222222222222,0.666666666666667
216,"early_060d","early",60,0.444444444444444,1.0137937550497
217,"early_060d","early",60,0.666666666666667,2
218,"early_060d","early",60,0.111111111111111,0.333333333333333
219,"early_060d","early",60,0.111111111111111,0.333333333333333
220,"early_060d","early",60,0.444444444444444,0.52704627669473
221,"early_060d","early",60,0.444444444444444,0.726483157256779
222,"early_060d","early",60,0.555555555555556,1.33333333333333
223,"early_060d","early",60,0,0
224,"early_060d","early",60,0,0
225,"early_060d","early",60,0.111111111111111,0.333333333333333
226,"early_060d","early",60,0,0
227,"early_060d","early",60,0.222222222222222,0.666666666666667
228,"early_060d","early",60,0.111111111111111,0.333333333333333
229,"early_060d","early",60,0.111111111111111,0.333333333333333
230,"early_060d","early",60,0.111111111111111,0.333333333333333
231,"early_060d","early",60,0.333333333333333,1
232,"early_060d","early",60,0.111111111111111,0.333333333333333
233,"early_060d","early",60,0.111111111111111,0.333333333333333
234,"early_060d","early",60,0.222222222222222,0.666666666666667
235,"early_060d","early",60,0.222222222222222,0.440958551844098
236,"early_060d","early",60,0.444444444444444,1.33333333333333
237,"early_060d","early",60,0.222222222222222,0.440958551844098
238,"early_060d","early",60,0.111111111111111,0.333333333333333
239,"early_060d","early",60,0.333333333333333,1
240,"early_060d","early",60,0.111111111111111,0.333333333333333
241,"early_060d","early",60,0.333333333333333,1
242,"early_060d","early",60,0,0
243,"early_060d","early",60,0.222222222222222,0.440958551844098
244,"early_060d","early",60,0.222222222222222,0.666666666666667
245,"early_060d","early",60,0,0
246,"early_060d","early",60,0.222222222222222,0.666666666666667
247,"early_060d","early",60,0.111111111111111,0.333333333333333
248,"early_060d","early",60,0,0
249,"early_060d","early",60,0,0
250,"early_060d","early",60,0.333333333333333,1
251,"early_060d","early",60,0,0
252,"early_060d","early",60,0,0
253,"early_060d","early",60,0.111111111111111,0.333333333333333
254,"early_060d","early",60,0.111111111111111,0.333333333333333
255,"early_060d","early",60,0.111111111111111,0.333333333333333
256,"early_060d","early",60,0.222222222222222,0.666666666666667
257,"early_060d","early",60,0.222222222222222,0.666666666666667
258,"early_060d","early",60,0.111111111111111,0.333333333333333
259,"early_060d","early",60,0.111111111111111,0.333333333333333
260,"early_060d","early",60,0,0
261,"early_060d","early",60,0.111111111111111,0.333333333333333
262,"early_060d","early",60,0.111111111111111,0.333333333333333
263,"early_060d","early",60,0.111111111111111,0.333333333333333
264,"early_060d","early",60,0,0
265,"early_060d","early",60,0.111111111111111,0.333333333333333
266,"early_060d","early",60,0.222222222222222,0.666666666666667
267,"early_060d","early",60,0,0
268,"early_060d","early",60,0.111111111111111,0.333333333333333
269,"early_060d","early",60,0,0
270,"early_060d","early",60,0.111111111111111,0.333333333333333
271,"early_060d","early",60,0,0
272,"early_060d","early",60,0,0
273,"early_060d","early",60,0,0
274,"early_060d","early",60,0.111111111111111,0.333333333333333
275,"early_060d","early",60,0.111111111111111,0.333333333333333
276,"early_060d","early",60,0.111111111111111,0.333333333333333
277,"early_060d","early",60,0.111111111111111,0.333333333333333
278,"early_060d","early",60,0,0
279,"early_060d","early",60,0.111111111111111,0.333333333333333
280,"early_060d","early",60,0.222222222222222,0.666666666666667
281,"early_060d","early",60,0,0
282,"early_060d","early",60,0,0
283,"early_060d","early",60,0.111111111111111,0.333333333333333
284,"early_060d","early",60,0,0
285,"early_060d","early",60,0,0
286,"early_060d","early",60,0,0
287,"early_060d","early",60,0.111111111111111,0.333333333333333
288,"early_060d","early",60,0,0
289,"early_060d","early",60,0,0
290,"early_060d","early",60,0.111111111111111,0.333333333333333
291,"early_060d","early",60,0,0
292,"early_060d","early",60,0,0
293,"early_060d","early",60,0.111111111111111,0.333333333333333
294,"early_060d","early",60,0.111111111111111,0.333333333333333
295,"early_060d","early",60,0,0
296,"early_060d","early",60,0.111111111111111,0.333333333333333
297,"early_060d","early",60,0.111111111111111,0.333333333333333
298,"early_060d","early",60,0,0
299,"early_060d","early",60,0.111111111111111,0.333333333333333
300,"early_060d","early",60,0,0
301,"early_060d","early",60,0,0
302,"early_060d","early",60,0,0
303,"early_060d","early",60,0,0
304,"early_060d","early",60,0,0
305,"early_060d","early",60,0.111111111111111,0.333333333333333
306,"early_060d","early",60,0,0
307,"early_060d","early",60,0,0
308,"early_060d","early",60,0.222222222222222,0.666666666666667
309,"early_060d","early",60,0,0
310,"early_060d","early",60,0,0
311,"early_060d","early",60,0,0
312,"early_060d","early",60,0,0
313,"early_060d","early",60,0,0
314,"early_060d","early",60,0,0
315,"early_060d","early",60,0,0
316,"early_060d","early",60,0.111111111111111,0.333333333333333
317,"early_060d","early",60,0,0
318,"early_060d","early",60,0,0
319,"early_060d","early",60,0,0
320,"early_060d","early",60,0,0
321,"early_060d","early",60,0.111111111111111,0.333333333333333
322,"early_060d","early",60,0,0
323,"early_060d","early",60,0,0
324,"early_060d","early",60,0,0
325,"early_060d","early",60,0,0
326,"early_060d","early",60,0,0
327,"early_060d","early",60,0.111111111111111,0.333333333333333
328,"early_060d","early",60,0,0
329,"early_060d","early",60,0,0
330,"early_060d","early",60,0,0
331,"early_060d","early",60,0,0
332,"early_060d","early",60,0,0
333,"early_060d","early",60,0,0
334,"early_060d","early",60,0,0
335,"early_060d","early",60,0,0
336,"early_060d","early",60,0,0
337,"early_060d","early",60,0,0
338,"early_060d","early",60,0,0
339,"early_060d","early",60,0,0
340,"early_060d","early",60,0,0
341,"early_060d","early",60,0,0
342,"early_060d","early",60,0,0
343,"early_060d","early",60,0,0
344,"early_060d","early",60,0.111111111111111,0.333333333333333
345,"early_060d","early",60,0,0
346,"early_060d","early",60,0,0
347,"early_060d","early",60,0,0
348,"early_060d","early",60,0,0
349,"early_060d","early",60,0,0
350,"early_060d","early",60,0,0
351,"early_060d","early",60,0,0
352,"early_060d","early",60,0,0
353,"early_060d","early",60,0,0
354,"early_060d","early",60,0,0
355,"early_060d","early",60,0,0
356,"early_060d","early",60,0,0
357,"early_060d","early",60,0,0
358,"early_060d","early",60,0,0
359,"early_060d","early",60,0,0
360,"early_060d","early",60,0,0
361,"early_060d","early",60,0,0
362,"early_060d","early",60,0,0
363,"early_060d","early",60,0,0
364,"early_060d","early",60,0,0
365,"early_060d","early",60,0,0
1,"early_090d","early",90,0,0
2,"early_090d","early",90,0,0
3,"early_090d","early",90,0.222222222222222,0.440958551844098
4,"early_090d","early",90,0.555555555555556,0.726483157256779
5,"early_090d","early",90,2.44444444444444,5.19882465349407
6,"early_090d","early",90,5.11111111111111,6.48930744464393
7,"early_090d","early",90,3,2.59807621135332
8,"early_090d","early",90,4.88888888888889,6.31356564162527
9,"early_090d","early",90,6.33333333333333,8.20060973342836
10,"early_090d","early",90,12.8888888888889,6.93621734889494
11,"early_090d","early",90,7.55555555555556,9.1393532472368
12,"early_090d","early",90,5.55555555555556,5.34114011965402
13,"early_090d","early",90,6.11111111111111,5.51009175160551
14,"early_090d","early",90,7.33333333333333,5.04975246918104
15,"early_090d","early",90,7.88888888888889,6.37268476476839
16,"early_090d","early",90,9.55555555555556,5.83333333333333
17,"early_090d","early",90,9.55555555555556,9.24812293267006
18,"early_090d","early",90,10.6666666666667,8.8175960442742
19,"early_090d","early",90,9,7.46659226153404
20,"early_090d","early",90,8.44444444444444,6.91214711777591
21,"early_090d","early",90,10.5555555555556,10.8870463293667
22,"early_090d","early",90,14,9.98749217771909
23,"early_090d","early",90,8.66666666666667,7.90569415042095
24,"early_090d","early",90,8,8.12403840463596
25,"early_090d","early",90,11.6666666666667,9.74679434480896
26,"early_090d","early",90,9.44444444444444,6.40529295019188
27,"early_090d","early",90,9.44444444444444,8.53098926137982
28,"early_090d","early",90,7.66666666666667,7.1239034243875
29,"early_090d","early",90,11.8888888888889,9.38675189355248
30,"early_090d","early",90,19.2222222222222,16.5134625213625
31,"early_090d","early",90,10.1111111111111,5.90432986130612
32,"early_090d","early",90,11.5555555555556,9.42219601673505
33,"early_090d","early",90,9,7.36545993132812
34,"early_090d","early",90,11.8888888888889,10.1050042608161
35,"early_090d","early",90,12.4444444444444,10.944303439588
36,"early_090d","early",90,11.3333333333333,9.9373034571759
37,"early_090d","early",90,7.88888888888889,9.25262725452134
38,"early_090d","early",90,8.33333333333333,6.98212002188447
39,"early_090d","early",90,11,8.95823643358446
40,"early_090d","early",90,10.3333333333333,7.66485485837795
41,"early_090d","early",90,7.66666666666667,6.38357266740185
42,"early_090d","early",90,11.7777777777778,9.05231707600018
43,"early_090d","early",90,8,6.53834841531101
44,"early_090d","early",90,11.2222222222222,8.54075198354597
45,"early_090d","early",90,8.33333333333333,9.63068014212911
46,"early_090d","early",90,10.2222222222222,7.71002233748025
47,"early_090d","early",90,6.33333333333333,4.52769256906871
48,"early_090d","early",90,7.66666666666667,10.2225241501304
49,"early_090d","early",90,8.55555555555556,7.51849571242664
50,"early_090d","early",90,10.7777777777778,8.92717449389472
51,"early_090d","early",90,9.33333333333333,8.18535277187245
52,"early_090d","early",90,11,8.45576726264388
53,"early_090d","early",90,8.11111111111111,6.69784376580337
54,"early_090d","early",90,8.88888888888889,8.82389432796603
55,"early_090d","early",90,8.22222222222222,7.06713834903806
56,"early_090d","early",90,4.33333333333333,4.47213595499958
57,"early_090d","early",90,8,5.59016994374947
58,"early_090d","early",90,9.55555555555556,6.83942817622773
59,"early_090d","early",90,5.77777777777778,3.76755151848577
60,"early_090d","early",90,4.33333333333333,5.07444578254611
61,"early_090d","early",90,5,5.52268050859363
62,"early_090d","early",90,5.44444444444444,3.97212509593766
63,"early_090d","early",90,8.77777777777778,6.51494009523069
64,"early_090d","early",90,5.55555555555556,5.00277700660121
65,"early_090d","early",90,4.55555555555556,5.36449231314369
66,"early_090d","early",90,6.55555555555556,5.83333333333333
67,"early_090d","early",90,4.88888888888889,4.83333333333333
68,"early_090d","early",90,5.11111111111111,4.48454134902457
69,"early_090d","early",90,4,4.52769256906871
70,"early_090d","early",90,3.66666666666667,1.93649167310371
71,"early_090d","early",90,11.3333333333333,5.74456264653803
72,"early_090d","early",90,5,3.3166247903554
73,"early_090d","early",90,8.33333333333333,7.71362431027076
74,"early_090d","early",90,6.22222222222222,5.56277308942621
75,"early_090d","early",90,6.11111111111111,6.3922696369217
76,"early_090d","early",90,4.11111111111111,5.3489355119604
77,"early_090d","early",90,2.66666666666667,2.23606797749979
78,"early_090d","early",90,6.66666666666667,4.60977222864644
79,"early_090d","early",90,6.22222222222222,5.95352369983058
80,"early_090d","early",90,4.11111111111111,3.29561998888086
81,"early_090d","early",90,5,3.24037034920393
82,"early_090d","early",90,5.66666666666667,4.79583152331272
83,"early_090d","early",90,3.22222222222222,4.08588355737709
84,"early_090d","early",90,3.88888888888889,3.44399638662864
85,"early_090d","early",90,4.66666666666667,4.18330013267038
86,"early_090d","early",90,4.55555555555556,4.36208410943413
87,"early_090d","early",90,5.44444444444444,3.67801274845232
88,"early_090d","early",90,4.66666666666667,3.90512483795333
89,"early_090d","early",90,4.11111111111111,3.40750805004348
90,"early_090d","early",90,3.55555555555556,2.78886675511359
91,"early_090d","early",90,6,8.67467578644874
92,"early_090d","early",90,4.77777777777778,8.04328567467577
93,"early_090d","early",90,6.33333333333333,4.63680924774785
94,"early_090d","early",90,3.33333333333333,3.20156211871642
95,"early_090d","early",90,5.77777777777778,6.49572508996836
96,"early_090d","early",90,4.77777777777778,4.23608834237961
97,"early_090d","early",90,4.66666666666667,4.94974746830583
98,"early_090d","early",90,5,8.48528137423857
99,"early_090d","early",90,5.11111111111111,4.67558671303518
100,"early_090d","early",90,4.11111111111111,4.31405970184826
101,"early_090d","early",90,4,2.44948974278318
102,"early_090d","early",90,4,3.8405728739343
103,"early_090d","early",90,3.77777777777778,6.30035272381193
104,"early_090d","early",90,6.88888888888889,8.29825952300307
105,"early_090d","early",90,5.33333333333333,6.16441400296898
106,"early_090d","early",90,3.11111111111111,2.42097317438899
107,"early_090d","early",90,3.44444444444444,2.87711275027201
108,"early_090d","early",90,2.11111111111111,2.75882422620781
109,"early_090d","early",90,4.33333333333333,9.3674969975976
110,"early_090d","early",90,4.88888888888889,7.4236858171067
111,"early_090d","early",90,2.55555555555556,4.09606857581484
112,"early_090d","early",90,2.33333333333333,3.42782730020052
113,"early_090d","early",90,4,4.79583152331272
114,"early_090d","early",90,2.88888888888889,4.34293807359846
115,"early_090d","early",90,4.77777777777778,8.16666666666667
116,"early_090d","early",90,4.33333333333333,6.80073525436772
117,"early_090d","early",90,2.44444444444444,2.45515331044271
118,"early_090d","early",90,3.88888888888889,4.4001262608147
119,"early_090d","early",90,2.33333333333333,2.59807621135332
120,"early_090d","early",90,1.33333333333333,1.80277563773199
121,"early_090d","early",90,1.44444444444444,1.0137937550497
122,"early_090d","early",90,1.88888888888889,1.45296631451356
123,"early_090d","early",90,2.22222222222222,2.22361067735439
124,"early_090d","early",90,1.66666666666667,1.58113883008419
125,"early_090d","early",90,1.55555555555556,1.33333333333333
126,"early_090d","early",90,1.66666666666667,2.82842712474619
127,"early_090d","early",90,3,3.77491721763537
128,"early_090d","early",90,1.88888888888889,2.08832734769028
129,"early_090d","early",90,1.44444444444444,2.2973414586817
130,"early_090d","early",90,2.55555555555556,1.9436506316151
131,"early_090d","early",90,1.33333333333333,2.23606797749979
132,"early_090d","early",90,2.22222222222222,2.38630351054606
133,"early_090d","early",90,1.44444444444444,2.60341655863555
134,"early_090d","early",90,2,2.44948974278318
135,"early_090d","early",90,3.11111111111111,5.41858940233629
136,"early_090d","early",90,1.44444444444444,1.33333333333333
137,"early_090d","early",90,1.33333333333333,1.11803398874989
138,"early_090d","early",90,1.22222222222222,1.48136573621926
139,"early_090d","early",90,3.22222222222222,6.77823313588758
140,"early_090d","early",90,2.11111111111111,2.42097317438899
141,"early_090d","early",90,1.44444444444444,1.50923085635624
142,"early_090d","early",90,2,1.93649167310371
143,"early_090d","early",90,2,1.93649167310371
144,"early_090d","early",90,1.33333333333333,2.59807621135332
145,"early_090d","early",90,3,4.9749371855331
146,"early_090d","early",90,2.44444444444444,4.06543697255016
147,"early_090d","early",90,1.33333333333333,2.23606797749979
148,"early_090d","early",90,1.55555555555556,1.9436506316151
149,"early_090d","early",90,1.22222222222222,1.71593835683117
150,"early_090d","early",90,1.33333333333333,1.4142135623731
151,"early_090d","early",90,2.44444444444444,3.20589734361189
152,"early_090d","early",90,1.55555555555556,1.23603308118261
153,"early_090d","early",90,1.55555555555556,1.66666666666667
154,"early_090d","early",90,2,3.96862696659689
155,"early_090d","early",90,1,1.11803398874989
156,"early_090d","early",90,1.11111111111111,1.05409255338946
157,"early_090d","early",90,1,1.3228756555323
158,"early_090d","early",90,1.55555555555556,2.35112266327765
159,"early_090d","early",90,1,1.58113883008419
160,"early_090d","early",90,1.11111111111111,1.45296631451356
161,"early_090d","early",90,0.555555555555556,1.0137937550497
162,"early_090d","early",90,1.11111111111111,2.26077666104176
163,"early_090d","early",90,0.888888888888889,1.69148192751537
164,"early_090d","early",90,1.33333333333333,1.58113883008419
165,"early_090d","early",90,0.777777777777778,0.833333333333333
166,"early_090d","early",90,0.444444444444444,0.726483157256779
167,"early_090d","early",90,0.555555555555556,1.0137937550497
168,"early_090d","early",90,1.55555555555556,2.50554939639548
169,"early_090d","early",90,0.888888888888889,1.26929551764398
170,"early_090d","early",90,0.888888888888889,1.26929551764398
171,"early_090d","early",90,1.66666666666667,3.90512483795333
172,"early_090d","early",90,1.55555555555556,2.185812841434
173,"early_090d","early",90,1,2
174,"early_090d","early",90,0.222222222222222,0.440958551844098
175,"early_090d","early",90,0.222222222222222,0.440958551844098
176,"early_090d","early",90,1,1.3228756555323
177,"early_090d","early",90,0.888888888888889,1.36422546197874
178,"early_090d","early",90,0.444444444444444,0.52704627669473
179,"early_090d","early",90,1.11111111111111,2.26077666104176
180,"early_090d","early",90,1.33333333333333,2.64575131106459
181,"early_090d","early",90,1,1.6583123951777
182,"early_090d","early",90,1.55555555555556,2.83333333333333
183,"early_090d","early",90,0.555555555555556,0.881917103688197
184,"early_090d","early",90,0.333333333333333,0.707106781186548
185,"early_090d","early",90,0.555555555555556,0.52704627669473
186,"early_090d","early",90,0.777777777777778,1.30170827931778
187,"early_090d","early",90,0.444444444444444,1.0137937550497
188,"early_090d","early",90,0.111111111111111,0.333333333333333
189,"early_090d","early",90,0.222222222222222,0.440958551844098
190,"early_090d","early",90,1,1.6583123951777
191,"early_090d","early",90,0.666666666666667,1
192,"early_090d","early",90,0.777777777777778,1.64147630029935
193,"early_090d","early",90,0.222222222222222,0.440958551844098
194,"early_090d","early",90,0.555555555555556,1.0137937550497
195,"early_090d","early",90,0.555555555555556,1.0137937550497
196,"early_090d","early",90,0.333333333333333,0.707106781186548
197,"early_090d","early",90,0.222222222222222,0.440958551844098
198,"early_090d","early",90,0.666666666666667,1.6583123951777
199,"early_090d","early",90,0.666666666666667,0.707106781186548
200,"early_090d","early",90,0.333333333333333,0.5
201,"early_090d","early",90,0.111111111111111,0.333333333333333
202,"early_090d","early",90,0.333333333333333,0.707106781186548
203,"early_090d","early",90,0.333333333333333,1
204,"early_090d","early",90,0.333333333333333,0.707106781186548
205,"early_090d","early",90,0.444444444444444,0.726483157256779
206,"early_090d","early",90,0.444444444444444,0.726483157256779
207,"early_090d","early",90,0.777777777777778,1.98606254796883
208,"early_090d","early",90,0.888888888888889,1.96497102042527
209,"early_090d","early",90,0.666666666666667,1.6583123951777
210,"early_090d","early",90,0.555555555555556,0.726483157256779
211,"early_090d","early",90,0.333333333333333,0.707106781186548
212,"early_090d","early",90,0,0
213,"early_090d","early",90,0.555555555555556,0.881917103688197
214,"early_090d","early",90,0.333333333333333,0.707106781186548
215,"early_090d","early",90,0.111111111111111,0.333333333333333
216,"early_090d","early",90,0.333333333333333,0.5
217,"early_090d","early",90,0.222222222222222,0.666666666666667
218,"early_090d","early",90,0.111111111111111,0.333333333333333
219,"early_090d","early",90,0.666666666666667,1.11803398874989
220,"early_090d","early",90,0.111111111111111,0.333333333333333
221,"early_090d","early",90,0.555555555555556,1.0137937550497
222,"early_090d","early",90,0.777777777777778,1.64147630029935
223,"early_090d","early",90,0.333333333333333,1
224,"early_090d","early",90,0.555555555555556,1.33333333333333
225,"early_090d","early",90,0.111111111111111,0.333333333333333
226,"early_090d","early",90,0.111111111111111,0.333333333333333
227,"early_090d","early",90,0.111111111111111,0.333333333333333
228,"early_090d","early",90,0.222222222222222,0.440958551844098
229,"early_090d","early",90,0.666666666666667,1.3228756555323
230,"early_090d","early",90,0,0
231,"early_090d","early",90,0,0
232,"early_090d","early",90,0,0
233,"early_090d","early",90,0.222222222222222,0.440958551844098
234,"early_090d","early",90,0,0
235,"early_090d","early",90,0,0
236,"early_090d","early",90,0,0
237,"early_090d","early",90,0.222222222222222,0.440958551844098
238,"early_090d","early",90,0.111111111111111,0.333333333333333
239,"early_090d","early",90,0.333333333333333,0.5
240,"early_090d","early",90,0.111111111111111,0.333333333333333
241,"early_090d","early",90,0.333333333333333,1
242,"early_090d","early",90,0,0
243,"early_090d","early",90,0,0
244,"early_090d","early",90,0.111111111111111,0.333333333333333
245,"early_090d","early",90,0.222222222222222,0.666666666666667
246,"early_090d","early",90,0.111111111111111,0.333333333333333
247,"early_090d","early",90,0.111111111111111,0.333333333333333
248,"early_090d","early",90,0,0
249,"early_090d","early",90,0.222222222222222,0.440958551844098
250,"early_090d","early",90,0.111111111111111,0.333333333333333
251,"early_090d","early",90,0.111111111111111,0.333333333333333
252,"early_090d","early",90,0.222222222222222,0.666666666666667
253,"early_090d","early",90,0.111111111111111,0.333333333333333
254,"early_090d","early",90,0.333333333333333,0.707106781186548
255,"early_090d","early",90,0.222222222222222,0.440958551844098
256,"early_090d","early",90,0.111111111111111,0.333333333333333
257,"early_090d","early",90,0.333333333333333,0.707106781186548
258,"early_090d","early",90,0.111111111111111,0.333333333333333
259,"early_090d","early",90,0.111111111111111,0.333333333333333
260,"early_090d","early",90,0,0
261,"early_090d","early",90,0.222222222222222,0.440958551844098
262,"early_090d","early",90,0,0
263,"early_090d","early",90,0.111111111111111,0.333333333333333
264,"early_090d","early",90,0,0
265,"early_090d","early",90,0.111111111111111,0.333333333333333
266,"early_090d","early",90,0.222222222222222,0.666666666666667
267,"early_090d","early",90,0.111111111111111,0.333333333333333
268,"early_090d","early",90,0.111111111111111,0.333333333333333
269,"early_090d","early",90,0,0
270,"early_090d","early",90,0,0
271,"early_090d","early",90,0.111111111111111,0.333333333333333
272,"early_090d","early",90,0,0
273,"early_090d","early",90,0,0
274,"early_090d","early",90,0.222222222222222,0.440958551844098
275,"early_090d","early",90,0.111111111111111,0.333333333333333
276,"early_090d","early",90,0.222222222222222,0.440958551844098
277,"early_090d","early",90,0,0
278,"early_090d","early",90,0,0
279,"early_090d","early",90,0.333333333333333,0.707106781186548
280,"early_090d","early",90,0.111111111111111,0.333333333333333
281,"early_090d","early",90,0,0
282,"early_090d","early",90,0,0
283,"early_090d","early",90,0.222222222222222,0.440958551844098
284,"early_090d","early",90,0,0
285,"early_090d","early",90,0,0
286,"early_090d","early",90,0,0
287,"early_090d","early",90,0.111111111111111,0.333333333333333
288,"early_090d","early",90,0.111111111111111,0.333333333333333
289,"early_090d","early",90,0.222222222222222,0.666666666666667
290,"early_090d","early",90,0.111111111111111,0.333333333333333
291,"early_090d","early",90,0,0
292,"early_090d","early",90,0.111111111111111,0.333333333333333
293,"early_090d","early",90,0,0
294,"early_090d","early",90,0,0
295,"early_090d","early",90,0.111111111111111,0.333333333333333
296,"early_090d","early",90,0.111111111111111,0.333333333333333
297,"early_090d","early",90,0.111111111111111,0.333333333333333
298,"early_090d","early",90,0,0
299,"early_090d","early",90,0.111111111111111,0.333333333333333
300,"early_090d","early",90,0.111111111111111,0.333333333333333
301,"early_090d","early",90,0.111111111111111,0.333333333333333
302,"early_090d","early",90,0,0
303,"early_090d","early",90,0.222222222222222,0.440958551844098
304,"early_090d","early",90,0,0
305,"early_090d","early",90,0,0
306,"early_090d","early",90,0.111111111111111,0.333333333333333
307,"early_090d","early",90,0,0
308,"early_090d","early",90,0.222222222222222,0.666666666666667
309,"early_090d","early",90,0,0
310,"early_090d","early",90,0.111111111111111,0.333333333333333
311,"early_090d","early",90,0,0
312,"early_090d","early",90,0.111111111111111,0.333333333333333
313,"early_090d","early",90,0,0
314,"early_090d","early",90,0,0
315,"early_090d","early",90,0,0
316,"early_090d","early",90,0,0
317,"early_090d","early",90,0,0
318,"early_090d","early",90,0.111111111111111,0.333333333333333
319,"early_090d","early",90,0,0
320,"early_090d","early",90,0.111111111111111,0.333333333333333
321,"early_090d","early",90,0.111111111111111,0.333333333333333
322,"early_090d","early",90,0,0
323,"early_090d","early",90,0,0
324,"early_090d","early",90,0,0
325,"early_090d","early",90,0,0
326,"early_090d","early",90,0,0
327,"early_090d","early",90,0.111111111111111,0.333333333333333
328,"early_090d","early",90,0,0
329,"early_090d","early",90,0,0
330,"early_090d","early",90,0,0
331,"early_090d","early",90,0,0
332,"early_090d","early",90,0,0
333,"early_090d","early",90,0,0
334,"early_090d","early",90,0,0
335,"early_090d","early",90,0,0
336,"early_090d","early",90,0,0
337,"early_090d","early",90,0,0
338,"early_090d","early",90,0.111111111111111,0.333333333333333
339,"early_090d","early",90,0,0
340,"early_090d","early",90,0,0
341,"early_090d","early",90,0,0
342,"early_090d","early",90,0,0
343,"early_090d","early",90,0,0
344,"early_090d","early",90,0,0
345,"early_090d","early",90,0,0
346,"early_090d","early",90,0,0
347,"early_090d","early",90,0,0
348,"early_090d","early",90,0,0
349,"early_090d","early",90,0,0
350,"early_090d","early",90,0,0
351,"early_090d","early",90,0,0
352,"early_090d","early",90,0,0
353,"early_090d","early",90,0,0
354,"early_090d","early",90,0,0
355,"early_090d","early",90,0,0
356,"early_090d","early",90,0,0
357,"early_090d","early",90,0,0
358,"early_090d","early",90,0,0
359,"early_090d","early",90,0,0
360,"early_090d","early",90,0,0
361,"early_090d","early",90,0,0
362,"early_090d","early",90,0,0
363,"early_090d","early",90,0,0
364,"early_090d","early",90,0,0
365,"early_090d","early",90,0,0
1,"early_180d","early",180,0,0
2,"early_180d","early",180,0,0
3,"early_180d","early",180,0.222222222222222,0.440958551844098
4,"early_180d","early",180,0.444444444444444,1.0137937550497
5,"early_180d","early",180,0.333333333333333,0.707106781186548
6,"early_180d","early",180,2.55555555555556,4.18661889569349
7,"early_180d","early",180,2.44444444444444,3.35824027993498
8,"early_180d","early",180,4.66666666666667,6.92820323027551
9,"early_180d","early",180,7.88888888888889,9.47951006703992
10,"early_180d","early",180,8,6.557438524302
11,"early_180d","early",180,8.11111111111111,7.88106027835793
12,"early_180d","early",180,8.44444444444444,6.06446846622008
13,"early_180d","early",180,6.88888888888889,4.13655788199695
14,"early_180d","early",180,8.44444444444444,7.51849571242664
15,"early_180d","early",180,9.55555555555556,7.40120110372484
16,"early_180d","early",180,10.4444444444444,10.9557189530299
17,"early_180d","early",180,14.4444444444444,12.914247085207
18,"early_180d","early",180,9.88888888888889,9.77809342924842
19,"early_180d","early",180,10.8888888888889,6.03001750504185
20,"early_180d","early",180,8.66666666666667,11
21,"early_180d","early",180,12.7777777777778,9.53647966727998
22,"early_180d","early",180,10.1111111111111,7.75313556640867
23,"early_180d","early",180,10.8888888888889,10.1543641411519
24,"early_180d","early",180,8.11111111111111,5.2068331172711
25,"early_180d","early",180,6.77777777777778,8.42285251232885
26,"early_180d","early",180,10.4444444444444,10.088497300281
27,"early_180d","early",180,8.77777777777778,6.86982128184165
28,"early_180d","early",180,11.5555555555556,10.2726714041567
29,"early_180d","early",180,9.77777777777778,8.7860369020648
30,"early_180d","early",180,17.6666666666667,12.5499003980111
31,"early_180d","early",180,9.77777777777778,8.87098892144751
32,"early_180d","early",180,8.11111111111111,7.27056470372908
33,"early_180d","early",180,10,11.5433963806152
34,"early_180d","early",180,7,4.27200187265877
35,"early_180d","early",180,10.8888888888889,7.99131472982457
36,"early_180d","early",180,14.3333333333333,9.23309265630969
37,"early_180d","early",180,7.55555555555556,6.28711203795334
38,"early_180d","early",180,4.33333333333333,3.20156211871642
39,"early_180d","early",180,14.8888888888889,11.9837853414984
40,"early_180d","early",180,8.77777777777778,7.46287105907937
41,"early_180d","early",180,9.11111111111111,11.4503760248784
42,"early_180d","early",180,7.77777777777778,9.0384979086375
43,"early_180d","early",180,6.33333333333333,7.0178344238091
44,"early_180d","early",180,10,5.43139024560011
45,"early_180d","early",180,9.77777777777778,8.22766336479832
46,"early_180d","early",180,9.11111111111111,9.80362744656849
47,"early_180d","early",180,8.33333333333333,6.46142399166004
48,"early_180d","early",180,10.2222222222222,9.94708220758451
49,"early_180d","early",180,5.88888888888889,4.371625682868
50,"early_180d","early",180,9.22222222222222,10.4016558510866
51,"early_180d","early",180,10.2222222222222,6.85160159703149
52,"early_180d","early",180,7.33333333333333,5.3851648071345
53,"early_180d","early",180,9.88888888888889,7.27056470372908
54,"early_180d","early",180,11,8.30662386291807
55,"early_180d","early",180,10.3333333333333,7.74596669241483
56,"early_180d","early",180,10.3333333333333,8.42614977317636
57,"early_180d","early",180,8.77777777777778,8.58454683978394
58,"early_180d","early",180,6.33333333333333,6.30476010645925
59,"early_180d","early",180,8.55555555555556,10.0138792571999
60,"early_180d","early",180,6.22222222222222,6.28048122713892
61,"early_180d","early",180,4,3.53553390593274
62,"early_180d","early",180,5.77777777777778,5.19080383413248
63,"early_180d","early",180,5.55555555555556,7.43490267439849
64,"early_180d","early",180,6,4.24264068711928
65,"early_180d","early",180,4.55555555555556,5.57025832235613
66,"early_180d","early",180,5,4.47213595499958
67,"early_180d","early",180,7.55555555555556,8.26303683749369
68,"early_180d","early",180,5.55555555555556,6.59755847096316
69,"early_180d","early",180,2.44444444444444,1.87823794493077
70,"early_180d","early",180,6.22222222222222,4.65772953749404
71,"early_180d","early",180,3.66666666666667,4.06201920231798
72,"early_180d","early",180,4.66666666666667,4.24264068711928
73,"early_180d","early",180,8.11111111111111,5.53273089089928
74,"early_180d","early",180,5.88888888888889,4.31405970184826
75,"early_180d","early",180,5.33333333333333,3.39116499156263
76,"early_180d","early",180,7.33333333333333,5.91607978309962
77,"early_180d","early",180,3.77777777777778,4.08588355737709
78,"early_180d","early",180,5.22222222222222,6.88799277325727
79,"early_180d","early",180,5.77777777777778,5.78311719096582
80,"early_180d","early",180,3.55555555555556,3.50396600693811
81,"early_180d","early",180,4.66666666666667,5.22015325445528
82,"early_180d","early",180,5.88888888888889,5.37225382042873
83,"early_180d","early",180,3.77777777777778,2.81858908754796
84,"early_180d","early",180,5.66666666666667,3.16227766016838
85,"early_180d","early",180,6.88888888888889,6.90008051482815
86,"early_180d","early",180,6.66666666666667,4.38748219369606
87,"early_180d","early",180,3.11111111111111,3.8873012632302
88,"early_180d","early",180,2.44444444444444,2.24227067451229
89,"early_180d","early",180,3.33333333333333,2.91547594742265
90,"early_180d","early",180,2.88888888888889,2.57120810342359
91,"early_180d","early",180,7.88888888888889,12.7812797133586
92,"early_180d","early",180,5.33333333333333,5.02493781056044
93,"early_180d","early",180,5.33333333333333,4.21307488658818
94,"early_180d","early",180,2.55555555555556,1.81046341520004
95,"early_180d","early",180,2.22222222222222,1.98606254796883
96,"early_180d","early",180,4.33333333333333,4.15331193145904
97,"early_180d","early",180,2.88888888888889,3.10017920628971
98,"early_180d","early",180,3.11111111111111,3.33333333333333
99,"early_180d","early",180,6.55555555555556,7.07303172464098
100,"early_180d","early",180,3.88888888888889,4.78132942926035
101,"early_180d","early",180,2.44444444444444,2.74367960552572
102,"early_180d","early",180,4.22222222222222,5.93249057685256
103,"early_180d","early",180,3,3.42782730020052
104,"early_180d","early",180,3.77777777777778,6.94222186655284
105,"early_180d","early",180,4.22222222222222,3.15348132140408
106,"early_180d","early",180,2.22222222222222,1.7873008824606
107,"early_180d","early",180,2.88888888888889,3.10017920628971
108,"early_180d","early",180,2.88888888888889,1.83333333333333
109,"early_180d","early",180,3.55555555555556,4.97772817435603
110,"early_180d","early",180,4.33333333333333,6.5
111,"early_180d","early",180,1.77777777777778,3.23178657161089
112,"early_180d","early",180,2.11111111111111,1.76383420737639
113,"early_180d","early",180,3,2.44948974278318
114,"early_180d","early",180,3.88888888888889,6.37268476476839
115,"early_180d","early",180,4.33333333333333,4.15331193145904
116,"early_180d","early",180,5,9.98749217771909
117,"early_180d","early",180,4.11111111111111,4.83333333333333
118,"early_180d","early",180,2.77777777777778,2.63523138347365
119,"early_180d","early",180,1.44444444444444,1.33333333333333
120,"early_180d","early",180,1.88888888888889,3.85501116874013
121,"early_180d","early",180,2.77777777777778,2.81858908754796
122,"early_180d","early",180,4.22222222222222,6.07819417627016
123,"early_180d","early",180,2.33333333333333,2.23606797749979
124,"early_180d","early",180,2.33333333333333,2.91547594742265
125,"early_180d","early",180,1.66666666666667,1.6583123951777
126,"early_180d","early",180,1.55555555555556,2.12785755580062
127,"early_180d","early",180,2.44444444444444,3.71184290855335
128,"early_180d","early",180,2.55555555555556,4.74634362196605
129,"early_180d","early",180,1.11111111111111,0.927960727138337
130,"early_180d","early",180,1.88888888888889,1.36422546197874
131,"early_180d","early",180,1.66666666666667,1.5
132,"early_180d","early",180,3.22222222222222,6.07819417627016
133,"early_180d","early",180,2.11111111111111,2.20479275922049
134,"early_180d","early",180,1.11111111111111,1.53659074288215
135,"early_180d","early",180,2.88888888888889,3.40750805004348
136,"early_180d","early",180,2.11111111111111,2.97676184991529
137,"early_180d","early",180,2.66666666666667,4.33012701892219
138,"early_180d","early",180,1.22222222222222,0.833333333333333
139,"early_180d","early",180,2.44444444444444,5.85472269008343
140,"early_180d","early",180,0.666666666666667,0.707106781186548
141,"early_180d","early",180,1.33333333333333,1
142,"early_180d","early",180,1.22222222222222,1.56347191994114
143,"early_180d","early",180,2.22222222222222,2.72845092395748
144,"early_180d","early",180,0.777777777777778,0.833333333333333
145,"early_180d","early",180,1.77777777777778,2.22361067735439
146,"early_180d","early",180,1.66666666666667,2.69258240356725
147,"early_180d","early",180,1.66666666666667,2.54950975679639
148,"early_180d","early",180,0.555555555555556,1.0137937550497
149,"early_180d","early",180,1.55555555555556,2.2973414586817
150,"early_180d","early",180,1.66666666666667,2.39791576165636
151,"early_180d","early",180,0.888888888888889,1.26929551764398
152,"early_180d","early",180,1.44444444444444,2.2973414586817
153,"early_180d","early",180,1.88888888888889,2.93446947694317
154,"early_180d","early",180,1.66666666666667,2.5
155,"early_180d","early",180,2.11111111111111,2.52212432507026
156,"early_180d","early",180,0.888888888888889,1.36422546197874
157,"early_180d","early",180,0.777777777777778,1.092906420717
158,"early_180d","early",180,1.11111111111111,1.36422546197874
159,"early_180d","early",180,1.11111111111111,1.90029237516523
160,"early_180d","early",180,0.777777777777778,0.666666666666667
161,"early_180d","early",180,0.777777777777778,0.440958551844098
162,"early_180d","early",180,0.444444444444444,0.726483157256779
163,"early_180d","early",180,0.777777777777778,1.30170827931778
164,"early_180d","early",180,1.22222222222222,1.64147630029935
165,"early_180d","early",180,0.555555555555556,0.52704627669473
166,"early_180d","early",180,1.33333333333333,1.22474487139159
167,"early_180d","early",180,1.88888888888889,3.85501116874013
168,"early_180d","early",180,1.77777777777778,3.86580450158107
169,"early_180d","early",180,1.77777777777778,3.56292638773866
170,"early_180d","early",180,0.777777777777778,1.092906420717
171,"early_180d","early",180,0.444444444444444,1.0137937550497
172,"early_180d","early",180,1.33333333333333,1.73205080756888
173,"early_180d","early",180,0.666666666666667,0.866025403784439
174,"early_180d","early",180,0.333333333333333,0.5
175,"early_180d","early",180,0.555555555555556,1.33333333333333
176,"early_180d","early",180,0.222222222222222,0.440958551844098
177,"early_180d","early",180,1.11111111111111,1.96497102042527
178,"early_180d","early",180,0.666666666666667,1.11803398874989
179,"early_180d","early",180,0.555555555555556,1.0137937550497
180,"early_180d","early",180,0.555555555555556,0.881917103688197
181,"early_180d","early",180,0.555555555555556,1.13038833052088
182,"early_180d","early",180,0.666666666666667,1
183,"early_180d","early",180,0.555555555555556,1.0137937550497
184,"early_180d","early",180,0.555555555555556,0.726483157256779
185,"early_180d","early",180,0.555555555555556,0.726483157256779
186,"early_180d","early",180,1.11111111111111,2.26077666104176
187,"early_180d","early",180,1,1.80277563773199
188,"early_180d","early",180,0.888888888888889,1.96497102042527
189,"early_180d","early",180,0.222222222222222,0.440958551844098
190,"early_180d","early",180,0.666666666666667,1.11803398874989
191,"early_180d","early",180,0.555555555555556,0.881917103688197
192,"early_180d","early",180,0.111111111111111,0.333333333333333
193,"early_180d","early",180,0.444444444444444,0.726483157256779
194,"early_180d","early",180,0.666666666666667,1.11803398874989
195,"early_180d","early",180,1.22222222222222,2.58736244937667
196,"early_180d","early",180,0.333333333333333,0.707106781186548
197,"early_180d","early",180,0.333333333333333,0.707106781186548
198,"early_180d","early",180,0.444444444444444,1.0137937550497
199,"early_180d","early",180,0.222222222222222,0.440958551844098
200,"early_180d","early",180,0.555555555555556,1.0137937550497
201,"early_180d","early",180,0.222222222222222,0.440958551844098
202,"early_180d","early",180,0.444444444444444,1.0137937550497
203,"early_180d","early",180,0.444444444444444,1.0137937550497
204,"early_180d","early",180,0.444444444444444,1.0137937550497
205,"early_180d","early",180,0.555555555555556,1.13038833052088
206,"early_180d","early",180,0.666666666666667,1.3228756555323
207,"early_180d","early",180,0.222222222222222,0.440958551844098
208,"early_180d","early",180,1,2.64575131106459
209,"early_180d","early",180,0,0
210,"early_180d","early",180,0.333333333333333,0.5
211,"early_180d","early",180,0.333333333333333,1
212,"early_180d","early",180,0.111111111111111,0.333333333333333
213,"early_180d","early",180,0.444444444444444,0.726483157256779
214,"early_180d","early",180,0,0
215,"early_180d","early",180,0.222222222222222,0.440958551844098
216,"early_180d","early",180,0.666666666666667,1.6583123951777
217,"early_180d","early",180,0.444444444444444,1.33333333333333
218,"early_180d","early",180,0.111111111111111,0.333333333333333
219,"early_180d","early",180,0.222222222222222,0.440958551844098
220,"early_180d","early",180,0.222222222222222,0.440958551844098
221,"early_180d","early",180,0.333333333333333,0.5
222,"early_180d","early",180,0.222222222222222,0.440958551844098
223,"early_180d","early",180,0.111111111111111,0.333333333333333
224,"early_180d","early",180,0.111111111111111,0.333333333333333
225,"early_180d","early",180,0.111111111111111,0.333333333333333
226,"early_180d","early",180,0.333333333333333,0.707106781186548
227,"early_180d","early",180,0.111111111111111,0.333333333333333
228,"early_180d","early",180,0.222222222222222,0.440958551844098
229,"early_180d","early",180,0.555555555555556,1.33333333333333
230,"early_180d","early",180,0.111111111111111,0.333333333333333
231,"early_180d","early",180,0.111111111111111,0.333333333333333
232,"early_180d","early",180,0.111111111111111,0.333333333333333
233,"early_180d","early",180,0.222222222222222,0.440958551844098
234,"early_180d","early",180,0.111111111111111,0.333333333333333
235,"early_180d","early",180,0,0
236,"early_180d","early",180,0.333333333333333,1
237,"early_180d","early",180,0.111111111111111,0.333333333333333
238,"early_180d","early",180,0.333333333333333,1
239,"early_180d","early",180,0,0
240,"early_180d","early",180,0.111111111111111,0.333333333333333
241,"early_180d","early",180,0.444444444444444,1.33333333333333
242,"early_180d","early",180,0.222222222222222,0.666666666666667
243,"early_180d","early",180,0.333333333333333,1
244,"early_180d","early",180,0.222222222222222,0.666666666666667
245,"early_180d","early",180,0,0
246,"early_180d","early",180,0.222222222222222,0.440958551844098
247,"early_180d","early",180,0.111111111111111,0.333333333333333
248,"early_180d","early",180,0.333333333333333,1
249,"early_180d","early",180,0.111111111111111,0.333333333333333
250,"early_180d","early",180,0,0
251,"early_180d","early",180,0.333333333333333,1
252,"early_180d","early",180,0,0
253,"early_180d","early",180,0.111111111111111,0.333333333333333
254,"early_180d","early",180,0.111111111111111,0.333333333333333
255,"early_180d","early",180,0.111111111111111,0.333333333333333
256,"early_180d","early",180,0.222222222222222,0.666666666666667
257,"early_180d","early",180,0.222222222222222,0.666666666666667
258,"early_180d","early",180,0.111111111111111,0.333333333333333
259,"early_180d","early",180,0,0
260,"early_180d","early",180,0.111111111111111,0.333333333333333
261,"early_180d","early",180,0.111111111111111,0.333333333333333
262,"early_180d","early",180,0,0
263,"early_180d","early",180,0.111111111111111,0.333333333333333
264,"early_180d","early",180,0,0
265,"early_180d","early",180,0,0
266,"early_180d","early",180,0,0
267,"early_180d","early",180,0.222222222222222,0.666666666666667
268,"early_180d","early",180,0,0
269,"early_180d","early",180,0.111111111111111,0.333333333333333
270,"early_180d","early",180,0.222222222222222,0.666666666666667
271,"early_180d","early",180,0,0
272,"early_180d","early",180,0,0
273,"early_180d","early",180,0,0
274,"early_180d","early",180,0.111111111111111,0.333333333333333
275,"early_180d","early",180,0.111111111111111,0.333333333333333
276,"early_180d","early",180,0.111111111111111,0.333333333333333
277,"early_180d","early",180,0.111111111111111,0.333333333333333
278,"early_180d","early",180,0.111111111111111,0.333333333333333
279,"early_180d","early",180,0.111111111111111,0.333333333333333
280,"early_180d","early",180,0,0
281,"early_180d","early",180,0,0
282,"early_180d","early",180,0.111111111111111,0.333333333333333
283,"early_180d","early",180,0,0
284,"early_180d","early",180,0.111111111111111,0.333333333333333
285,"early_180d","early",180,0,0
286,"early_180d","early",180,0,0
287,"early_180d","early",180,0.111111111111111,0.333333333333333
288,"early_180d","early",180,0,0
289,"early_180d","early",180,0,0
290,"early_180d","early",180,0,0
291,"early_180d","early",180,0.222222222222222,0.666666666666667
292,"early_180d","early",180,0,0
293,"early_180d","early",180,0,0
294,"early_180d","early",180,0,0
295,"early_180d","early",180,0,0
296,"early_180d","early",180,0.111111111111111,0.333333333333333
297,"early_180d","early",180,0.111111111111111,0.333333333333333
298,"early_180d","early",180,0,0
299,"early_180d","early",180,0.111111111111111,0.333333333333333
300,"early_180d","early",180,0,0
301,"early_180d","early",180,0.111111111111111,0.333333333333333
302,"early_180d","early",180,0,0
303,"early_180d","early",180,0,0
304,"early_180d","early",180,0,0
305,"early_180d","early",180,0.111111111111111,0.333333333333333
306,"early_180d","early",180,0,0
307,"early_180d","early",180,0,0
308,"early_180d","early",180,0.111111111111111,0.333333333333333
309,"early_180d","early",180,0,0
310,"early_180d","early",180,0,0
311,"early_180d","early",180,0,0
312,"early_180d","early",180,0,0
313,"early_180d","early",180,0,0
314,"early_180d","early",180,0,0
315,"early_180d","early",180,0,0
316,"early_180d","early",180,0,0
317,"early_180d","early",180,0,0
318,"early_180d","early",180,0,0
319,"early_180d","early",180,0,0
320,"early_180d","early",180,0,0
321,"early_180d","early",180,0.111111111111111,0.333333333333333
322,"early_180d","early",180,0,0
323,"early_180d","early",180,0,0
324,"early_180d","early",180,0,0
325,"early_180d","early",180,0,0
326,"early_180d","early",180,0,0
327,"early_180d","early",180,0.111111111111111,0.333333333333333
328,"early_180d","early",180,0,0
329,"early_180d","early",180,0,0
330,"early_180d","early",180,0,0
331,"early_180d","early",180,0,0
332,"early_180d","early",180,0,0
333,"early_180d","early",180,0,0
334,"early_180d","early",180,0,0
335,"early_180d","early",180,0,0
336,"early_180d","early",180,0,0
337,"early_180d","early",180,0,0
338,"early_180d","early",180,0,0
339,"early_180d","early",180,0,0
340,"early_180d","early",180,0,0
341,"early_180d","early",180,0,0
342,"early_180d","early",180,0,0
343,"early_180d","early",180,0,0
344,"early_180d","early",180,0,0
345,"early_180d","early",180,0,0
346,"early_180d","early",180,0,0
347,"early_180d","early",180,0,0
348,"early_180d","early",180,0,0
349,"early_180d","early",180,0,0
350,"early_180d","early",180,0,0
351,"early_180d","early",180,0,0
352,"early_180d","early",180,0,0
353,"early_180d","early",180,0,0
354,"early_180d","early",180,0,0
355,"early_180d","early",180,0,0
356,"early_180d","early",180,0,0
357,"early_180d","early",180,0,0
358,"early_180d","early",180,0,0
359,"early_180d","early",180,0,0
360,"early_180d","early",180,0,0
361,"early_180d","early",180,0,0
362,"early_180d","early",180,0,0
363,"early_180d","early",180,0,0
364,"early_180d","early",180,0,0
365,"early_180d","early",180,0,0
1,"early_365d","early",365,0,0
2,"early_365d","early",365,0,0
3,"early_365d","early",365,0.111111111111111,0.333333333333333
4,"early_365d","early",365,0.333333333333333,1
5,"early_365d","early",365,0.111111111111111,0.333333333333333
6,"early_365d","early",365,3.77777777777778,5.9113826169894
7,"early_365d","early",365,4.77777777777778,6.75976659689108
8,"early_365d","early",365,5.55555555555556,8.41295297608264
9,"early_365d","early",365,5.11111111111111,6.73506578372558
10,"early_365d","early",365,7.88888888888889,9.1712109947984
11,"early_365d","early",365,7.55555555555556,8.53098926137982
12,"early_365d","early",365,5.77777777777778,5.69600249687835
13,"early_365d","early",365,7.44444444444444,9.2210507957487
14,"early_365d","early",365,9.66666666666667,12.3895116933639
15,"early_365d","early",365,5.88888888888889,8.52121535410948
16,"early_365d","early",365,4.77777777777778,5.86893895388634
17,"early_365d","early",365,10.7777777777778,9.12109886167475
18,"early_365d","early",365,8.66666666666667,7.76208734813001
19,"early_365d","early",365,7.66666666666667,6.68954408012983
20,"early_365d","early",365,10.7777777777778,15.0812613678182
21,"early_365d","early",365,5.22222222222222,6.39878460681749
22,"early_365d","early",365,8.77777777777778,9.05231707600018
23,"early_365d","early",365,13,12.1963109176505
24,"early_365d","early",365,9,9.5524865872714
25,"early_365d","early",365,10.6666666666667,10.1118742080783
26,"early_365d","early",365,5.55555555555556,7.1956777149743
27,"early_365d","early",365,9.33333333333333,11.4891252930761
28,"early_365d","early",365,7.33333333333333,7.39932429347437
29,"early_365d","early",365,12.4444444444444,16.6891514996353
30,"early_365d","early",365,14.2222222222222,12.4777579894965
31,"early_365d","early",365,8,5.65685424949238
32,"early_365d","early",365,7.66666666666667,7.76208734813001
33,"early_365d","early",365,9.88888888888889,7.73699625895677
34,"early_365d","early",365,7.77777777777778,5.28625050905123
35,"early_365d","early",365,12.8888888888889,12.7126358836833
36,"early_365d","early",365,8.88888888888889,7.5901983578238
37,"early_365d","early",365,10.3333333333333,9.09670269933013
38,"early_365d","early",365,9.33333333333333,7.34846922834953
39,"early_365d","early",365,10.7777777777778,12.6172280808601
40,"early_365d","early",365,9.77777777777778,8.36327952686292
41,"early_365d","early",365,9,7.39932429347437
42,"early_365d","early",365,13.5555555555556,10.6549414722831
43,"early_365d","early",365,6.33333333333333,5.5
44,"early_365d","early",365,11.6666666666667,7.71362431027076
45,"early_365d","early",365,11.1111111111111,7.60664913816268
46,"early_365d","early",365,11.3333333333333,8.12403840463596
47,"early_365d","early",365,7.77777777777778,8.16666666666667
48,"early_365d","early",365,14.2222222222222,12.8040792111125
49,"early_365d","early",365,8.77777777777778,5.11805084426136
50,"early_365d","early",365,9.88888888888889,7.9599692908397
51,"early_365d","early",365,6.44444444444444,4.47524052736585
52,"early_365d","early",365,9.11111111111111,7.3219608788296
53,"early_365d","early",365,7.11111111111111,8.00694143297621
54,"early_365d","early",365,13.7777777777778,9.94708220758451
55,"early_365d","early",365,8.33333333333333,7.63216876123687
56,"early_365d","early",365,9.11111111111111,7.5901983578238
57,"early_365d","early",365,7.55555555555556,7.5018516232846
58,"early_365d","early",365,7.66666666666667,6.9462219947249
59,"early_365d","early",365,7.77777777777778,7.57921133393472
60,"early_365d","early",365,6.11111111111111,6.5849154217128
61,"early_365d","early",365,6.77777777777778,5.9113826169894
62,"early_365d","early",365,8.22222222222222,7.83865067753656
63,"early_365d","early",365,8.55555555555556,7.92324288266981
64,"early_365d","early",365,8.33333333333333,7.82623792124926
65,"early_365d","early",365,5.22222222222222,4.84194634877798
66,"early_365d","early",365,5.22222222222222,6.45712354260351
67,"early_365d","early",365,5.44444444444444,5.31768537784794
68,"early_365d","early",365,9,6.87386354243376
69,"early_365d","early",365,4.55555555555556,5.00277700660121
70,"early_365d","early",365,6,6.48074069840786
71,"early_365d","early",365,7.44444444444444,6.00231436845637
72,"early_365d","early",365,7.55555555555556,5.59265391185417
73,"early_365d","early",365,5.22222222222222,4.96935050529186
74,"early_365d","early",365,3.44444444444444,2.40370085030933
75,"early_365d","early",365,8.22222222222222,6.24054840894969
76,"early_365d","early",365,5.22222222222222,4.29469957557504
77,"early_365d","early",365,3.44444444444444,3.04594448041618
78,"early_365d","early",365,3.33333333333333,2.64575131106459
79,"early_365d","early",365,4.44444444444444,4.74634362196605
80,"early_365d","early",365,3.88888888888889,2.80376730687679
81,"early_365d","early",365,6.66666666666667,5.1478150704935
82,"early_365d","early",365,6.44444444444444,4.33333333333333
83,"early_365d","early",365,4.88888888888889,4.51232879022696
84,"early_365d","early",365,6,3.60555127546399
85,"early_365d","early",365,4.11111111111111,5.03598164324604
86,"early_365d","early",365,5.55555555555556,4.3906466241065
87,"early_365d","early",365,6.11111111111111,4.80740170061865
88,"early_365d","early",365,4.44444444444444,5.19882465349407
89,"early_365d","early",365,5.22222222222222,4.65772953749404
90,"early_365d","early",365,2.55555555555556,2.55495161945932
91,"early_365d","early",365,6.88888888888889,8.86629071884692
92,"early_365d","early",365,3.66666666666667,4
93,"early_365d","early",365,3.77777777777778,3.0731814857643
94,"early_365d","early",365,4.44444444444444,3.53946009693255
95,"early_365d","early",365,3.55555555555556,4.8762462794426
96,"early_365d","early",365,4.77777777777778,2.86259400621961
97,"early_365d","early",365,5.55555555555556,5.31768537784794
98,"early_365d","early",365,3.33333333333333,3.08220700148449
99,"early_365d","early",365,5.33333333333333,3.24037034920393
100,"early_365d","early",365,5.44444444444444,4.33333333333333
101,"early_365d","early",365,4.55555555555556,6.2271805640898
102,"early_365d","early",365,5,4.5
103,"early_365d","early",365,3.22222222222222,2.81858908754796
104,"early_365d","early",365,5.88888888888889,7.2014659001561
105,"early_365d","early",365,2.66666666666667,2.44948974278318
106,"early_365d","early",365,2.44444444444444,2.35112266327765
107,"early_365d","early",365,2.33333333333333,3.46410161513775
108,"early_365d","early",365,2.88888888888889,1.76383420737639
109,"early_365d","early",365,5.77777777777778,10.3050688714071
110,"early_365d","early",365,4.66666666666667,5.33853912601566
111,"early_365d","early",365,1.77777777777778,2.10818510677892
112,"early_365d","early",365,2.77777777777778,2.33333333333333
113,"early_365d","early",365,2.66666666666667,5.43139024560011
114,"early_365d","early",365,2.44444444444444,4.77260702109212
115,"early_365d","early",365,4.88888888888889,5.73246117397328
116,"early_365d","early",365,4.88888888888889,8.10006858681524
117,"early_365d","early",365,3.22222222222222,2.86259400621961
118,"early_365d","early",365,2.55555555555556,2.40370085030933
119,"early_365d","early",365,2.55555555555556,2.96273147243853
120,"early_365d","early",365,1.77777777777778,1.7873008824606
121,"early_365d","early",365,1.66666666666667,1.87082869338697
122,"early_365d","early",365,4,6.80073525436772
123,"early_365d","early",365,3.22222222222222,4.29469957557504
124,"early_365d","early",365,2.11111111111111,1.36422546197874
125,"early_365d","early",365,0.777777777777778,0.666666666666667
126,"early_365d","early",365,1,1.22474487139159
127,"early_365d","early",365,2.55555555555556,2.24227067451229
128,"early_365d","early",365,0.777777777777778,1.092906420717
129,"early_365d","early",365,2.11111111111111,3.82244831372657
130,"early_365d","early",365,3,2.78388218141501
131,"early_365d","early",365,1.77777777777778,2.68224615657185
132,"early_365d","early",365,2.22222222222222,2.68224615657185
133,"early_365d","early",365,1.44444444444444,1.42400062421959
134,"early_365d","early",365,1.55555555555556,1.33333333333333
135,"early_365d","early",365,2.11111111111111,3.75647588986155
136,"early_365d","early",365,2.55555555555556,3.16666666666667
137,"early_365d","early",365,3,4.30116263352131
138,"early_365d","early",365,2.11111111111111,2.89155859548291
139,"early_365d","early",365,3.11111111111111,7.14920352984241
140,"early_365d","early",365,1.66666666666667,2.91547594742265
141,"early_365d","early",365,2.11111111111111,3.01846171271247
142,"early_365d","early",365,2.33333333333333,4.03112887414927
143,"early_365d","early",365,1.22222222222222,1.7873008824606
144,"early_365d","early",365,2.44444444444444,5.15051238012081
145,"early_365d","early",365,2.55555555555556,4.41902452785428
146,"early_365d","early",365,1,1.3228756555323
147,"early_365d","early",365,1.11111111111111,0.927960727138337
148,"early_365d","early",365,1.33333333333333,1.4142135623731
149,"early_365d","early",365,1.55555555555556,2.60341655863555
150,"early_365d","early",365,2,3.08220700148449
151,"early_365d","early",365,1,1.93649167310371
152,"early_365d","early",365,1.33333333333333,2.23606797749979
153,"early_365d","early",365,2.55555555555556,5.12618549974323
154,"early_365d","early",365,0.888888888888889,1.36422546197874
155,"early_365d","early",365,1.22222222222222,1.48136573621926
156,"early_365d","early",365,1.11111111111111,1.69148192751537
157,"early_365d","early",365,1.22222222222222,1.48136573621926
158,"early_365d","early",365,0.555555555555556,0.726483157256779
159,"early_365d","early",365,1.11111111111111,0.927960727138337
160,"early_365d","early",365,0.666666666666667,1.6583123951777
161,"early_365d","early",365,0.666666666666667,0.707106781186548
162,"early_365d","early",365,0.666666666666667,1
163,"early_365d","early",365,0.333333333333333,1
164,"early_365d","early",365,1.22222222222222,1.64147630029935
165,"early_365d","early",365,1.11111111111111,1.69148192751537
166,"early_365d","early",365,0.666666666666667,0.866025403784439
167,"early_365d","early",365,0.777777777777778,0.97182531580755
168,"early_365d","early",365,0.777777777777778,0.666666666666667
169,"early_365d","early",365,0.444444444444444,0.52704627669473
170,"early_365d","early",365,0.888888888888889,0.927960727138337
171,"early_365d","early",365,0.333333333333333,0.5
172,"early_365d","early",365,0.555555555555556,0.726483157256779
173,"early_365d","early",365,0.777777777777778,0.833333333333333
174,"early_365d","early",365,0.777777777777778,1.092906420717
175,"early_365d","early",365,0.666666666666667,1
176,"early_365d","early",365,0.555555555555556,0.726483157256779
177,"early_365d","early",365,1.11111111111111,1.45296631451356
178,"early_365d","early",365,1.22222222222222,2.27913238852956
179,"early_365d","early",365,1.44444444444444,3.60940130461795
180,"early_365d","early",365,0.777777777777778,1.092906420717
181,"early_365d","early",365,0.333333333333333,0.707106781186548
182,"early_365d","early",365,0.666666666666667,1
183,"early_365d","early",365,0.777777777777778,1.092906420717
184,"early_365d","early",365,1.11111111111111,1.96497102042527
185,"early_365d","early",365,0.777777777777778,1.30170827931778
186,"early_365d","early",365,0.666666666666667,1.11803398874989
187,"early_365d","early",365,0.555555555555556,1.0137937550497
188,"early_365d","early",365,0.777777777777778,1.64147630029935
189,"early_365d","early",365,1,1.58113883008419
190,"early_365d","early",365,0.777777777777778,1.092906420717
191,"early_365d","early",365,0.444444444444444,1.0137937550497
192,"early_365d","early",365,1,2.29128784747792
193,"early_365d","early",365,0.333333333333333,0.5
194,"early_365d","early",365,0.777777777777778,1.30170827931778
195,"early_365d","early",365,0.444444444444444,0.52704627669473
196,"early_365d","early",365,0.222222222222222,0.440958551844098
197,"early_365d","early",365,0.555555555555556,0.726483157256779
198,"early_365d","early",365,0.777777777777778,1.98606254796883
199,"early_365d","early",365,1,1.6583123951777
200,"early_365d","early",365,0.777777777777778,1.98606254796883
201,"early_365d","early",365,0.888888888888889,2.02758751009941
202,"early_365d","early",365,0.666666666666667,1.11803398874989
203,"early_365d","early",365,0.222222222222222,0.440958551844098
204,"early_365d","early",365,0.444444444444444,0.726483157256779
205,"early_365d","early",365,0.666666666666667,1.3228756555323
206,"early_365d","early",365,0.777777777777778,1.39443337755679
207,"early_365d","early",365,0.777777777777778,1.98606254796883
208,"early_365d","early",365,0.555555555555556,1.33333333333333
209,"early_365d","early",365,0.111111111111111,0.333333333333333
210,"early_365d","early",365,0.555555555555556,1.33333333333333
211,"early_365d","early",365,0.555555555555556,1.33333333333333
212,"early_365d","early",365,0.555555555555556,1.33333333333333
213,"early_365d","early",365,1.11111111111111,1.96497102042527
214,"early_365d","early",365,0.111111111111111,0.333333333333333
215,"early_365d","early",365,0.444444444444444,1.0137937550497
216,"early_365d","early",365,0,0
217,"early_365d","early",365,0.111111111111111,0.333333333333333
218,"early_365d","early",365,0.444444444444444,0.726483157256779
219,"early_365d","early",365,0.444444444444444,1.0137937550497
220,"early_365d","early",365,0.444444444444444,0.726483157256779
221,"early_365d","early",365,0.444444444444444,0.726483157256779
222,"early_365d","early",365,0.222222222222222,0.440958551844098
223,"early_365d","early",365,0.111111111111111,0.333333333333333
224,"early_365d","early",365,0.222222222222222,0.666666666666667
225,"early_365d","early",365,0,0
226,"early_365d","early",365,0.333333333333333,0.707106781186548
227,"early_365d","early",365,0.111111111111111,0.333333333333333
228,"early_365d","early",365,0.222222222222222,0.666666666666667
229,"early_365d","early",365,0.444444444444444,1.0137937550497
230,"early_365d","early",365,0.222222222222222,0.666666666666667
231,"early_365d","early",365,0,0
232,"early_365d","early",365,0.111111111111111,0.333333333333333
233,"early_365d","early",365,0.111111111111111,0.333333333333333
234,"early_365d","early",365,0.111111111111111,0.333333333333333
235,"early_365d","early",365,0,0
236,"early_365d","early",365,0,0
237,"early_365d","early",365,0.222222222222222,0.440958551844098
238,"early_365d","early",365,0.222222222222222,0.666666666666667
239,"early_365d","early",365,0.111111111111111,0.333333333333333
240,"early_365d","early",365,0.111111111111111,0.333333333333333
241,"early_365d","early",365,0.444444444444444,1.33333333333333
242,"early_365d","early",365,0.111111111111111,0.333333333333333
243,"early_365d","early",365,0,0
244,"early_365d","early",365,0.444444444444444,1.0137937550497
245,"early_365d","early",365,0.222222222222222,0.666666666666667
246,"early_365d","early",365,0.222222222222222,0.666666666666667
247,"early_365d","early",365,0.111111111111111,0.333333333333333
248,"early_365d","early",365,0,0
249,"early_365d","early",365,0,0
250,"early_365d","early",365,0.111111111111111,0.333333333333333
251,"early_365d","early",365,0,0
252,"early_365d","early",365,0.222222222222222,0.666666666666667
253,"early_365d","early",365,0.111111111111111,0.333333333333333
254,"early_365d","early",365,0,0
255,"early_365d","early",365,0,0
256,"early_365d","early",365,0.111111111111111,0.333333333333333
257,"early_365d","early",365,0,0
258,"early_365d","early",365,0,0
259,"early_365d","early",365,0.111111111111111,0.333333333333333
260,"early_365d","early",365,0,0
261,"early_365d","early",365,0.111111111111111,0.333333333333333
262,"early_365d","early",365,0,0
263,"early_365d","early",365,0.111111111111111,0.333333333333333
264,"early_365d","early",365,0,0
265,"early_365d","early",365,0,0
266,"early_365d","early",365,0.111111111111111,0.333333333333333
267,"early_365d","early",365,0,0
268,"early_365d","early",365,0.222222222222222,0.440958551844098
269,"early_365d","early",365,0,0
270,"early_365d","early",365,0,0
271,"early_365d","early",365,0.111111111111111,0.333333333333333
272,"early_365d","early",365,0.111111111111111,0.333333333333333
273,"early_365d","early",365,0,0
274,"early_365d","early",365,0.111111111111111,0.333333333333333
275,"early_365d","early",365,0.111111111111111,0.333333333333333
276,"early_365d","early",365,0.111111111111111,0.333333333333333
277,"early_365d","early",365,0.111111111111111,0.333333333333333
278,"early_365d","early",365,0.111111111111111,0.333333333333333
279,"early_365d","early",365,0,0
280,"early_365d","early",365,0,0
281,"early_365d","early",365,0.111111111111111,0.333333333333333
282,"early_365d","early",365,0,0
283,"early_365d","early",365,0,0
284,"early_365d","early",365,0,0
285,"early_365d","early",365,0,0
286,"early_365d","early",365,0.111111111111111,0.333333333333333
287,"early_365d","early",365,0.111111111111111,0.333333333333333
288,"early_365d","early",365,0,0
289,"early_365d","early",365,0,0
290,"early_365d","early",365,0,0
291,"early_365d","early",365,0.111111111111111,0.333333333333333
292,"early_365d","early",365,0,0
293,"early_365d","early",365,0,0
294,"early_365d","early",365,0.111111111111111,0.333333333333333
295,"early_365d","early",365,0.111111111111111,0.333333333333333
296,"early_365d","early",365,0.111111111111111,0.333333333333333
297,"early_365d","early",365,0.111111111111111,0.333333333333333
298,"early_365d","early",365,0,0
299,"early_365d","early",365,0.111111111111111,0.333333333333333
300,"early_365d","early",365,0,0
301,"early_365d","early",365,0,0
302,"early_365d","early",365,0.111111111111111,0.333333333333333
303,"early_365d","early",365,0.111111111111111,0.333333333333333
304,"early_365d","early",365,0,0
305,"early_365d","early",365,0,0
306,"early_365d","early",365,0,0
307,"early_365d","early",365,0,0
308,"early_365d","early",365,0.222222222222222,0.666666666666667
309,"early_365d","early",365,0,0
310,"early_365d","early",365,0,0
311,"early_365d","early",365,0,0
312,"early_365d","early",365,0.111111111111111,0.333333333333333
313,"early_365d","early",365,0,0
314,"early_365d","early",365,0,0
315,"early_365d","early",365,0,0
316,"early_365d","early",365,0,0
317,"early_365d","early",365,0,0
318,"early_365d","early",365,0,0
319,"early_365d","early",365,0,0
320,"early_365d","early",365,0,0
321,"early_365d","early",365,0.111111111111111,0.333333333333333
322,"early_365d","early",365,0,0
323,"early_365d","early",365,0,0
324,"early_365d","early",365,0,0
325,"early_365d","early",365,0,0
326,"early_365d","early",365,0,0
327,"early_365d","early",365,0.111111111111111,0.333333333333333
328,"early_365d","early",365,0,0
329,"early_365d","early",365,0.111111111111111,0.333333333333333
330,"early_365d","early",365,0,0
331,"early_365d","early",365,0,0
332,"early_365d","early",365,0,0
333,"early_365d","early",365,0,0
334,"early_365d","early",365,0,0
335,"early_365d","early",365,0.111111111111111,0.333333333333333
336,"early_365d","early",365,0,0
337,"early_365d","early",365,0,0
338,"early_365d","early",365,0,0
339,"early_365d","early",365,0,0
340,"early_365d","early",365,0,0
341,"early_365d","early",365,0,0
342,"early_365d","early",365,0,0
343,"early_365d","early",365,0,0
344,"early_365d","early",365,0,0
345,"early_365d","early",365,0,0
346,"early_365d","early",365,0,0
347,"early_365d","early",365,0,0
348,"early_365d","early",365,0,0
349,"early_365d","early",365,0,0
350,"early_365d","early",365,0,0
351,"early_365d","early",365,0,0
352,"early_365d","early",365,0,0
353,"early_365d","early",365,0,0
354,"early_365d","early",365,0,0
355,"early_365d","early",365,0,0
356,"early_365d","early",365,0,0
357,"early_365d","early",365,0,0
358,"early_365d","early",365,0,0
359,"early_365d","early",365,0,0
360,"early_365d","early",365,0,0
361,"early_365d","early",365,0,0
362,"early_365d","early",365,0,0
363,"early_365d","early",365,0,0
364,"early_365d","early",365,0,0
365,"early_365d","early",365,0,0
1,"mid_015d","mid",15,0,0
2,"mid_015d","mid",15,0,0
3,"mid_015d","mid",15,0.666666666666667,0.866025403784439
4,"mid_015d","mid",15,3.22222222222222,2.99072640748773
5,"mid_015d","mid",15,8.66666666666667,11.8953772533703
6,"mid_015d","mid",15,12.5555555555556,13.5380123274348
7,"mid_015d","mid",15,13.7777777777778,17.9497756098633
8,"mid_015d","mid",15,19.1111111111111,26.0885245100429
9,"mid_015d","mid",15,30.1111111111111,26.600960717822
10,"mid_015d","mid",15,19.5555555555556,28.2228237031268
11,"mid_015d","mid",15,27.5555555555556,27.8438104033514
12,"mid_015d","mid",15,31.7777777777778,30.2893453947827
13,"mid_015d","mid",15,34.4444444444444,36.4866794567247
14,"mid_015d","mid",15,36.4444444444444,41.5575237204742
15,"mid_015d","mid",15,38.6666666666667,40.2212630333758
16,"mid_015d","mid",15,40.3333333333333,49.9674894306288
17,"mid_015d","mid",15,42.3333333333333,39.1248003189793
18,"mid_015d","mid",15,37.1111111111111,43.5673170061126
19,"mid_015d","mid",15,52.1111111111111,54.629306339282
20,"mid_015d","mid",15,55.6666666666667,49.7192115786242
21,"mid_015d","mid",15,46.6666666666667,50.1373114556415
22,"mid_015d","mid",15,49.8888888888889,46.0962158003356
23,"mid_015d","mid",15,56.1111111111111,49.7253568223609
24,"mid_015d","mid",15,58.3333333333333,52.881943988473
25,"mid_015d","mid",15,47.6666666666667,49.23159554595
26,"mid_015d","mid",15,58.5555555555556,46.7309081634177
27,"mid_015d","mid",15,51.6666666666667,38.1772183376422
28,"mid_015d","mid",15,56.8888888888889,51.6779557559228
29,"mid_015d","mid",15,57.8888888888889,40.5907761826639
30,"mid_015d","mid",15,50.5555555555556,46.0356142326545
31,"mid_015d","mid",15,54.2222222222222,52.1770490200859
32,"mid_015d","mid",15,54.7777777777778,44.2656124372457
33,"mid_015d","mid",15,55.1111111111111,39.231506612812
34,"mid_015d","mid",15,47.1111111111111,42.2742369666338
35,"mid_015d","mid",15,45.7777777777778,28.9904198735452
36,"mid_015d","mid",15,39.5555555555556,36.0905497017956
37,"mid_015d","mid",15,48.2222222222222,27.3440019829659
38,"mid_015d","mid",15,38.1111111111111,33.1603846647036
39,"mid_015d","mid",15,45.5555555555556,34.2458432189628
40,"mid_015d","mid",15,37.1111111111111,24.9922210119691
41,"mid_015d","mid",15,40.4444444444444,29.1895148602675
42,"mid_015d","mid",15,37.3333333333333,26.8234971620033
43,"mid_015d","mid",15,33.1111111111111,31.7271352490437
44,"mid_015d","mid",15,25.7777777777778,19.7026506958948
45,"mid_015d","mid",15,36.2222222222222,38.4147685720537
46,"mid_015d","mid",15,29.4444444444444,29.159522934674
47,"mid_015d","mid",15,30.8888888888889,27.3835920052704
48,"mid_015d","mid",15,33.8888888888889,29.7508169822462
49,"mid_015d","mid",15,27.6666666666667,30.8463936303744
50,"mid_015d","mid",15,32.5555555555556,21.6858889090989
51,"mid_015d","mid",15,29.5555555555556,37.31993807307
52,"mid_015d","mid",15,24.3333333333333,22.2261107708929
53,"mid_015d","mid",15,25,31.42053468673
54,"mid_015d","mid",15,33.3333333333333,35.1318943411823
55,"mid_015d","mid",15,24.2222222222222,26.1427704049216
56,"mid_015d","mid",15,26.3333333333333,25.4214476377723
57,"mid_015d","mid",15,16.3333333333333,21.6737168016932
58,"mid_015d","mid",15,23.1111111111111,32.6130512388999
59,"mid_015d","mid",15,20,26.4716829838981
60,"mid_015d","mid",15,16.4444444444444,22.142217092644
61,"mid_015d","mid",15,19.5555555555556,22.506171992984
62,"mid_015d","mid",15,18.6666666666667,14.4827483579602
63,"mid_015d","mid",15,19.4444444444444,20.1066600353658
64,"mid_015d","mid",15,18.6666666666667,23.254031908467
65,"mid_015d","mid",15,16.1111111111111,10.7986624686167
66,"mid_015d","mid",15,18.4444444444444,14.009917122445
67,"mid_015d","mid",15,15.7777777777778,11.7874698067246
68,"mid_015d","mid",15,15.6666666666667,16.1709616287962
69,"mid_015d","mid",15,17.4444444444444,15.1501741830838
70,"mid_015d","mid",15,19.5555555555556,17.0888202570505
71,"mid_015d","mid",15,19,17.1973835219198
72,"mid_015d","mid",15,12.6666666666667,13.8112273169331
73,"mid_015d","mid",15,10.7777777777778,8.3483198575788
74,"mid_015d","mid",15,16,12.9903810567666
75,"mid_015d","mid",15,13.5555555555556,14.1784264916026
76,"mid_015d","mid",15,13.8888888888889,11.5698362612057
77,"mid_015d","mid",15,16.1111111111111,14.6154408455958
78,"mid_015d","mid",15,13.7777777777778,16.2309717652531
79,"mid_015d","mid",15,15.2222222222222,16.5588177248391
80,"mid_015d","mid",15,15.3333333333333,14.8323969741913
81,"mid_015d","mid",15,16.6666666666667,12.9614813968157
82,"mid_015d","mid",15,16.6666666666667,17.2554339267374
83,"mid_015d","mid",15,14,11.7686022959398
84,"mid_015d","mid",15,16.5555555555556,16.8011243010037
85,"mid_015d","mid",15,18,15.9373774505092
86,"mid_015d","mid",15,14.4444444444444,15.0508397698526
87,"mid_015d","mid",15,16.3333333333333,20.3776838723148
88,"mid_015d","mid",15,15.6666666666667,16.9705627484771
89,"mid_015d","mid",15,17.7777777777778,16.8951011966323
90,"mid_015d","mid",15,14.4444444444444,17.9938261016877
91,"mid_015d","mid",15,18.4444444444444,24.2441287279576
92,"mid_015d","mid",15,16.3333333333333,21.8746428542274
93,"mid_015d","mid",15,17,19.5639975465138
94,"mid_015d","mid",15,17.4444444444444,21.0541629559994
95,"mid_015d","mid",15,14.2222222222222,16.3690086579623
96,"mid_015d","mid",15,13.3333333333333,19.4164878389476
97,"mid_015d","mid",15,14.1111111111111,20.8113217050506
98,"mid_015d","mid",15,14.5555555555556,15.452435981999
99,"mid_015d","mid",15,17.1111111111111,17.8916492004262
100,"mid_015d","mid",15,18.3333333333333,24.4386988196999
101,"mid_015d","mid",15,14.7777777777778,17.7325814376938
102,"mid_015d","mid",15,15.5555555555556,17.0961334160031
103,"mid_015d","mid",15,15.7777777777778,18.3900637422616
104,"mid_015d","mid",15,17.1111111111111,23.8350815209663
105,"mid_015d","mid",15,14.6666666666667,18.8679622641132
106,"mid_015d","mid",15,16,18.0069431053691
107,"mid_015d","mid",15,15.2222222222222,16.4147630029935
108,"mid_015d","mid",15,11.5555555555556,12.6106216253513
109,"mid_015d","mid",15,15.7777777777778,20.5656131550811
110,"mid_015d","mid",15,15.4444444444444,21.9665149210743
111,"mid_015d","mid",15,9.11111111111111,12.2315620879392
112,"mid_015d","mid",15,14,20.597329924046
113,"mid_015d","mid",15,12.3333333333333,14.9666295470958
114,"mid_015d","mid",15,14.1111111111111,18.6309181499762
115,"mid_015d","mid",15,10,13.6106575888162
116,"mid_015d","mid",15,13.2222222222222,18.8200543156614
117,"mid_015d","mid",15,9,9.4339811320566
118,"mid_015d","mid",15,9.66666666666667,14.3527000944073
119,"mid_015d","mid",15,8.66666666666667,15.0332963783729
120,"mid_015d","mid",15,5.77777777777778,7.80669228575358
121,"mid_015d","mid",15,8.44444444444444,10.1502599857234
122,"mid_015d","mid",15,10.2222222222222,11.2224972463549
123,"mid_015d","mid",15,8.55555555555556,12.0323637651867
124,"mid_015d","mid",15,10,14.4654761414894
125,"mid_015d","mid",15,7,10.2469507659596
126,"mid_015d","mid",15,6.66666666666667,9.21954445729289
127,"mid_015d","mid",15,4.44444444444444,5.2941267247562
128,"mid_015d","mid",15,7.44444444444444,11.4029723220649
129,"mid_015d","mid",15,3.66666666666667,5.65685424949238
130,"mid_015d","mid",15,6.22222222222222,8.899126049475
131,"mid_015d","mid",15,3.77777777777778,5.99536858286832
132,"mid_015d","mid",15,5.88888888888889,10.0055540132024
133,"mid_015d","mid",15,5.66666666666667,7.56637297521078
134,"mid_015d","mid",15,4.22222222222222,7.61212483111282
135,"mid_015d","mid",15,5.22222222222222,8.3032791380541
136,"mid_015d","mid",15,2.88888888888889,5.71061389967061
137,"mid_015d","mid",15,5.33333333333333,6.85565460040104
138,"mid_015d","mid",15,5.77777777777778,12.1220643639788
139,"mid_015d","mid",15,5.44444444444444,7.29916281348606
140,"mid_015d","mid",15,3.44444444444444,5.98145281497545
141,"mid_015d","mid",15,2.55555555555556,3.67801274845232
142,"mid_015d","mid",15,4,7.63216876123687
143,"mid_015d","mid",15,4.22222222222222,5.86893895388634
144,"mid_015d","mid",15,4.66666666666667,7.21110255092798
145,"mid_015d","mid",15,2.66666666666667,3.278719262151
146,"mid_015d","mid",15,4,7.1239034243875
147,"mid_015d","mid",15,3.33333333333333,4.66368952654441
148,"mid_015d","mid",15,3.33333333333333,5.33853912601566
149,"mid_015d","mid",15,4.22222222222222,5.65194165260439
150,"mid_015d","mid",15,2.44444444444444,3.87656778320434
151,"mid_015d","mid",15,2.11111111111111,4.51232879022696
152,"mid_015d","mid",15,4.88888888888889,6.79051626248779
153,"mid_015d","mid",15,3.88888888888889,6.19363472535402
154,"mid_015d","mid",15,2.88888888888889,5.62237593114433
155,"mid_015d","mid",15,4.22222222222222,5.6740148435164
156,"mid_015d","mid",15,3.44444444444444,5.19882465349407
157,"mid_015d","mid",15,2.11111111111111,3.85501116874013
158,"mid_015d","mid",15,4,7.21110255092798
159,"mid_015d","mid",15,3.55555555555556,6.34647758821992
160,"mid_015d","mid",15,2.88888888888889,4.67558671303518
161,"mid_015d","mid",15,3.22222222222222,5.44926090809061
162,"mid_015d","mid",15,4.88888888888889,8.59424872290249
163,"mid_015d","mid",15,1.66666666666667,2.78388218141501
164,"mid_015d","mid",15,4.33333333333333,7.46659226153404
165,"mid_015d","mid",15,1.55555555555556,2.24227067451229
166,"mid_015d","mid",15,2.11111111111111,3.58623913189167
167,"mid_015d","mid",15,4.33333333333333,8.36660026534076
168,"mid_015d","mid",15,3,5.33853912601566
169,"mid_015d","mid",15,2.33333333333333,4.82182538049648
170,"mid_015d","mid",15,2.22222222222222,2.90593262902712
171,"mid_015d","mid",15,3.55555555555556,6.14636297152859
172,"mid_015d","mid",15,4.44444444444444,8.76229295206328
173,"mid_015d","mid",15,3.44444444444444,5.57025832235613
174,"mid_015d","mid",15,1.44444444444444,2.60341655863555
175,"mid_015d","mid",15,2.55555555555556,5.19882465349407
176,"mid_015d","mid",15,3.33333333333333,5.91607978309962
177,"mid_015d","mid",15,2.33333333333333,4.92442890089805
178,"mid_015d","mid",15,2.22222222222222,5.26255113461565
179,"mid_015d","mid",15,2.55555555555556,4.85054407028508
180,"mid_015d","mid",15,2.22222222222222,4.26549463068991
181,"mid_015d","mid",15,2.88888888888889,6.47001631459389
182,"mid_015d","mid",15,3.55555555555556,7.53510303697154
183,"mid_015d","mid",15,2.66666666666667,5.8949130612758
184,"mid_015d","mid",15,2.44444444444444,5.34114011965402
185,"mid_015d","mid",15,2.88888888888889,6.54683978046745
186,"mid_015d","mid",15,1.77777777777778,3.34580998331412
187,"mid_015d","mid",15,1.77777777777778,3.9616214413349
188,"mid_015d","mid",15,2.77777777777778,6.30035272381193
189,"mid_015d","mid",15,3,7.24568837309472
190,"mid_015d","mid",15,2.33333333333333,3.96862696659689
191,"mid_015d","mid",15,3.66666666666667,7.82623792124926
192,"mid_015d","mid",15,2.22222222222222,5.21482928238734
193,"mid_015d","mid",15,2.77777777777778,6.39878460681749
194,"mid_015d","mid",15,3,6.51920240520265
195,"mid_015d","mid",15,2.44444444444444,6.2271805640898
196,"mid_015d","mid",15,1.77777777777778,3.59783885748715
197,"mid_015d","mid",15,3.77777777777778,9.23008366400026
198,"mid_015d","mid",15,1.33333333333333,2.39791576165636
199,"mid_015d","mid",15,2,5.26782687642637
200,"mid_015d","mid",15,1.33333333333333,3.64005494464026
201,"mid_015d","mid",15,1.88888888888889,4.01386485959743
202,"mid_015d","mid",15,2,4.55521678957215
203,"mid_015d","mid",15,1.44444444444444,3.64386851817924
204,"mid_015d","mid",15,2.11111111111111,4.56739653534824
205,"mid_015d","mid",15,2.55555555555556,5.57025832235613
206,"mid_015d","mid",15,1.44444444444444,2.60341655863555
207,"mid_015d","mid",15,2.66666666666667,6.57647321898295
208,"mid_015d","mid",15,1.11111111111111,2.61937227425028
209,"mid_015d","mid",15,1.66666666666667,5
210,"mid_015d","mid",15,2.44444444444444,6.2271805640898
211,"mid_015d","mid",15,1.44444444444444,3.35824027993498
212,"mid_015d","mid",15,1.66666666666667,4.63680924774785
213,"mid_015d","mid",15,2.11111111111111,5.25462759014482
214,"mid_015d","mid",15,2.66666666666667,7.28010988928052
215,"mid_015d","mid",15,1.33333333333333,4
216,"mid_015d","mid",15,2.11111111111111,5.25462759014482
217,"mid_015d","mid",15,1.66666666666667,5
218,"mid_015d","mid",15,0.777777777777778,1.98606254796883
219,"mid_015d","mid",15,1.55555555555556,4.66666666666667
220,"mid_015d","mid",15,1.55555555555556,3.94053013917896
221,"mid_015d","mid",15,2.22222222222222,5.56277308942621
222,"mid_015d","mid",15,1.11111111111111,2.97676184991529
223,"mid_015d","mid",15,1.44444444444444,4.33333333333333
224,"mid_015d","mid",15,1.44444444444444,4.33333333333333
225,"mid_015d","mid",15,1.11111111111111,3.33333333333333
226,"mid_015d","mid",15,0.777777777777778,1.98606254796883
227,"mid_015d","mid",15,1.88888888888889,4.96095868871241
228,"mid_015d","mid",15,1.33333333333333,3.64005494464026
229,"mid_015d","mid",15,0.777777777777778,1.64147630029935
230,"mid_015d","mid",15,1.22222222222222,3.66666666666667
231,"mid_015d","mid",15,1.55555555555556,3.43187671366233
232,"mid_015d","mid",15,1.55555555555556,4.66666666666667
233,"mid_015d","mid",15,0.666666666666667,1.6583123951777
234,"mid_015d","mid",15,1,3
235,"mid_015d","mid",15,1.55555555555556,4.30439052338165
236,"mid_015d","mid",15,1.11111111111111,2.66666666666667
237,"mid_015d","mid",15,1,2
238,"mid_015d","mid",15,0.777777777777778,2.33333333333333
239,"mid_015d","mid",15,1.22222222222222,3.66666666666667
240,"mid_015d","mid",15,0.666666666666667,2
241,"mid_015d","mid",15,0.666666666666667,1.6583123951777
242,"mid_015d","mid",15,0.777777777777778,2.33333333333333
243,"mid_015d","mid",15,0.666666666666667,2
244,"mid_015d","mid",15,1,3
245,"mid_015d","mid",15,1.11111111111111,2.97676184991529
246,"mid_015d","mid",15,0.666666666666667,1.4142135623731
247,"mid_015d","mid",15,0.555555555555556,1.33333333333333
248,"mid_015d","mid",15,1.33333333333333,3.64005494464026
249,"mid_015d","mid",15,1.44444444444444,3.97212509593766
250,"mid_015d","mid",15,0.555555555555556,1.33333333333333
251,"mid_015d","mid",15,0.555555555555556,1.66666666666667
252,"mid_015d","mid",15,0.111111111111111,0.333333333333333
253,"mid_015d","mid",15,0.444444444444444,1.0137937550497
254,"mid_015d","mid",15,0.555555555555556,1.33333333333333
255,"mid_015d","mid",15,0.888888888888889,2.31540733157497
256,"mid_015d","mid",15,0.444444444444444,1.33333333333333
257,"mid_015d","mid",15,0.222222222222222,0.666666666666667
258,"mid_015d","mid",15,0.555555555555556,1.33333333333333
259,"mid_015d","mid",15,0.444444444444444,1.0137937550497
260,"mid_015d","mid",15,0.666666666666667,2
261,"mid_015d","mid",15,0.333333333333333,1
262,"mid_015d","mid",15,0.666666666666667,2
263,"mid_015d","mid",15,0.333333333333333,1
264,"mid_015d","mid",15,0.666666666666667,2
265,"mid_015d","mid",15,1,3
266,"mid_015d","mid",15,0.777777777777778,1.98606254796883
267,"mid_015d","mid",15,0.555555555555556,1.66666666666667
268,"mid_015d","mid",15,0.555555555555556,1.66666666666667
269,"mid_015d","mid",15,0.666666666666667,2
270,"mid_015d","mid",15,0.555555555555556,1.66666666666667
271,"mid_015d","mid",15,0.777777777777778,1.71593835683117
272,"mid_015d","mid",15,0.555555555555556,1.66666666666667
273,"mid_015d","mid",15,0.444444444444444,1.33333333333333
274,"mid_015d","mid",15,0.888888888888889,2.31540733157497
275,"mid_015d","mid",15,0.666666666666667,2
276,"mid_015d","mid",15,0.111111111111111,0.333333333333333
277,"mid_015d","mid",15,0.666666666666667,1.6583123951777
278,"mid_015d","mid",15,0.444444444444444,1.0137937550497
279,"mid_015d","mid",15,0.777777777777778,2.33333333333333
280,"mid_015d","mid",15,0.222222222222222,0.666666666666667
281,"mid_015d","mid",15,0.555555555555556,1.33333333333333
282,"mid_015d","mid",15,0.777777777777778,2.33333333333333
283,"mid_015d","mid",15,0.333333333333333,1
284,"mid_015d","mid",15,0.444444444444444,1.33333333333333
285,"mid_015d","mid",15,0.555555555555556,1.66666666666667
286,"mid_015d","mid",15,0.111111111111111,0.333333333333333
287,"mid_015d","mid",15,0.111111111111111,0.333333333333333
288,"mid_015d","mid",15,0.111111111111111,0.333333333333333
289,"mid_015d","mid",15,0.555555555555556,1.66666666666667
290,"mid_015d","mid",15,0.666666666666667,2
291,"mid_015d","mid",15,0.444444444444444,0.881917103688197
292,"mid_015d","mid",15,0.444444444444444,1.33333333333333
293,"mid_015d","mid",15,0.333333333333333,1
294,"mid_015d","mid",15,0,0
295,"mid_015d","mid",15,0.222222222222222,0.666666666666667
296,"mid_015d","mid",15,0,0
297,"mid_015d","mid",15,0.111111111111111,0.333333333333333
298,"mid_015d","mid",15,0.666666666666667,2
299,"mid_015d","mid",15,0.111111111111111,0.333333333333333
300,"mid_015d","mid",15,0.555555555555556,1.66666666666667
301,"mid_015d","mid",15,0.222222222222222,0.440958551844098
302,"mid_015d","mid",15,0.222222222222222,0.666666666666667
303,"mid_015d","mid",15,0,0
304,"mid_015d","mid",15,0.111111111111111,0.333333333333333
305,"mid_015d","mid",15,0.333333333333333,1
306,"mid_015d","mid",15,0.222222222222222,0.666666666666667
307,"mid_015d","mid",15,0.333333333333333,1
308,"mid_015d","mid",15,0,0
309,"mid_015d","mid",15,0.111111111111111,0.333333333333333
310,"mid_015d","mid",15,0.444444444444444,1.33333333333333
311,"mid_015d","mid",15,0,0
312,"mid_015d","mid",15,0.111111111111111,0.333333333333333
313,"mid_015d","mid",15,0.222222222222222,0.666666666666667
314,"mid_015d","mid",15,0.111111111111111,0.333333333333333
315,"mid_015d","mid",15,0.333333333333333,1
316,"mid_015d","mid",15,0.444444444444444,1.33333333333333
317,"mid_015d","mid",15,0.333333333333333,0.707106781186548
318,"mid_015d","mid",15,0.222222222222222,0.666666666666667
319,"mid_015d","mid",15,0,0
320,"mid_015d","mid",15,0.111111111111111,0.333333333333333
321,"mid_015d","mid",15,0.111111111111111,0.333333333333333
322,"mid_015d","mid",15,0.111111111111111,0.333333333333333
323,"mid_015d","mid",15,0.555555555555556,1.66666666666667
324,"mid_015d","mid",15,0.222222222222222,0.666666666666667
325,"mid_015d","mid",15,0.333333333333333,1
326,"mid_015d","mid",15,0.111111111111111,0.333333333333333
327,"mid_015d","mid",15,0,0
328,"mid_015d","mid",15,0.111111111111111,0.333333333333333
329,"mid_015d","mid",15,0.111111111111111,0.333333333333333
330,"mid_015d","mid",15,0,0
331,"mid_015d","mid",15,0.222222222222222,0.666666666666667
332,"mid_015d","mid",15,0,0
333,"mid_015d","mid",15,0,0
334,"mid_015d","mid",15,0.111111111111111,0.333333333333333
335,"mid_015d","mid",15,0,0
336,"mid_015d","mid",15,0.111111111111111,0.333333333333333
337,"mid_015d","mid",15,0,0
338,"mid_015d","mid",15,0.111111111111111,0.333333333333333
339,"mid_015d","mid",15,0.222222222222222,0.666666666666667
340,"mid_015d","mid",15,0.111111111111111,0.333333333333333
341,"mid_015d","mid",15,0,0
342,"mid_015d","mid",15,0.222222222222222,0.666666666666667
343,"mid_015d","mid",15,0.111111111111111,0.333333333333333
344,"mid_015d","mid",15,0.222222222222222,0.666666666666667
345,"mid_015d","mid",15,0,0
346,"mid_015d","mid",15,0.111111111111111,0.333333333333333
347,"mid_015d","mid",15,0,0
348,"mid_015d","mid",15,0.111111111111111,0.333333333333333
349,"mid_015d","mid",15,0.111111111111111,0.333333333333333
350,"mid_015d","mid",15,0.111111111111111,0.333333333333333
351,"mid_015d","mid",15,0,0
352,"mid_015d","mid",15,0.111111111111111,0.333333333333333
353,"mid_015d","mid",15,0.111111111111111,0.333333333333333
354,"mid_015d","mid",15,0,0
355,"mid_015d","mid",15,0,0
356,"mid_015d","mid",15,0.222222222222222,0.666666666666667
357,"mid_015d","mid",15,0.111111111111111,0.333333333333333
358,"mid_015d","mid",15,0.111111111111111,0.333333333333333
359,"mid_015d","mid",15,0,0
360,"mid_015d","mid",15,0.111111111111111,0.333333333333333
361,"mid_015d","mid",15,0.222222222222222,0.666666666666667
362,"mid_015d","mid",15,0.111111111111111,0.333333333333333
363,"mid_015d","mid",15,0,0
364,"mid_015d","mid",15,0.111111111111111,0.333333333333333
365,"mid_015d","mid",15,0.222222222222222,0.666666666666667
1,"mid_030d","mid",30,0,0
2,"mid_030d","mid",30,0,0
3,"mid_030d","mid",30,0.666666666666667,0.866025403784439
4,"mid_030d","mid",30,2.77777777777778,3.49205447329283
5,"mid_030d","mid",30,4,8.93028554974588
6,"mid_030d","mid",30,8.55555555555556,10.9671225842414
7,"mid_030d","mid",30,13.6666666666667,16.140012391569
8,"mid_030d","mid",30,13.4444444444444,14.1254301802734
9,"mid_030d","mid",30,23.8888888888889,21.3976893872005
10,"mid_030d","mid",30,22.2222222222222,24.4426767037582
11,"mid_030d","mid",30,23.8888888888889,24.7913515386134
12,"mid_030d","mid",30,22.4444444444444,25.7104604738573
13,"mid_030d","mid",30,22,28.7228132326901
14,"mid_030d","mid",30,26.8888888888889,37.9257315171522
15,"mid_030d","mid",30,36.4444444444444,35.5496522877197
16,"mid_030d","mid",30,32.7777777777778,34.8596391898201
17,"mid_030d","mid",30,35.7777777777778,37.9564809280898
18,"mid_030d","mid",30,38.8888888888889,39.0622722215581
19,"mid_030d","mid",30,36.7777777777778,42.7866152487486
20,"mid_030d","mid",30,39.6666666666667,37.2592270451227
21,"mid_030d","mid",30,45.7777777777778,45.7049717694306
22,"mid_030d","mid",30,36.7777777777778,40.192591910008
23,"mid_030d","mid",30,45.7777777777778,39.3915529580194
24,"mid_030d","mid",30,45.2222222222222,47.1242447625895
25,"mid_030d","mid",30,41.5555555555556,44.724465092137
26,"mid_030d","mid",30,39.8888888888889,36.8864624369309
27,"mid_030d","mid",30,41,43.6548966325657
28,"mid_030d","mid",30,51.4444444444444,55.3288150765745
29,"mid_030d","mid",30,46.3333333333333,37.1012129181783
30,"mid_030d","mid",30,46,54.1548705104167
31,"mid_030d","mid",30,48.1111111111111,46.0338040043522
32,"mid_030d","mid",30,39,37.9868398264452
33,"mid_030d","mid",30,45.4444444444444,39.7904231917402
34,"mid_030d","mid",30,41.3333333333333,37.0506410200957
35,"mid_030d","mid",30,38.6666666666667,30.5081956201936
36,"mid_030d","mid",30,34,36.1386219991853
37,"mid_030d","mid",30,37.3333333333333,37.9802580296659
38,"mid_030d","mid",30,35.7777777777778,39.1719854544602
39,"mid_030d","mid",30,41.3333333333333,35.1496799416439
40,"mid_030d","mid",30,30.1111111111111,29.1051732705908
41,"mid_030d","mid",30,34.4444444444444,24.9955551604236
42,"mid_030d","mid",30,32.8888888888889,31.1706771038281
43,"mid_030d","mid",30,32.3333333333333,27.7533781727558
44,"mid_030d","mid",30,18.2222222222222,12.2451804578146
45,"mid_030d","mid",30,36.1111111111111,25.8381715899386
46,"mid_030d","mid",30,20.7777777777778,15.6107156928965
47,"mid_030d","mid",30,25.4444444444444,17.0008169738333
48,"mid_030d","mid",30,26.6666666666667,20.712315177208
49,"mid_030d","mid",30,21.2222222222222,18.1850060336653
50,"mid_030d","mid",30,21,12.6688594593199
51,"mid_030d","mid",30,23.3333333333333,20.820662813657
52,"mid_030d","mid",30,12.4444444444444,8.81917103688197
53,"mid_030d","mid",30,20.5555555555556,14.0188365343839
54,"mid_030d","mid",30,27.3333333333333,20.7424685126915
55,"mid_030d","mid",30,17.4444444444444,10.3212294702607
56,"mid_030d","mid",30,19,10.3682206766639
57,"mid_030d","mid",30,11.8888888888889,10.6353707556959
58,"mid_030d","mid",30,12.7777777777778,13.9801446503405
59,"mid_030d","mid",30,15.5555555555556,9.58007190879994
60,"mid_030d","mid",30,11.2222222222222,10.7095492176116
61,"mid_030d","mid",30,9.33333333333333,8.74642784226795
62,"mid_030d","mid",30,12.4444444444444,7.36734536843345
63,"mid_030d","mid",30,11.8888888888889,9.13023061653489
64,"mid_030d","mid",30,10.7777777777778,9.24361641590803
65,"mid_030d","mid",30,12.7777777777778,9.02465758045392
66,"mid_030d","mid",30,10,8.8034084308295
67,"mid_030d","mid",30,8.66666666666667,6.32455532033676
68,"mid_030d","mid",30,12.3333333333333,8.15475321515004
69,"mid_030d","mid",30,8.22222222222222,8.3032791380541
70,"mid_030d","mid",30,17.1111111111111,9.51898687419576
71,"mid_030d","mid",30,11.1111111111111,10.8102317787877
72,"mid_030d","mid",30,11.5555555555556,15.183141235521
73,"mid_030d","mid",30,9.77777777777778,11.0654617817986
74,"mid_030d","mid",30,15.4444444444444,12.5410437276081
75,"mid_030d","mid",30,12.2222222222222,15.4173423275364
76,"mid_030d","mid",30,10.6666666666667,9.46044396421225
77,"mid_030d","mid",30,9.88888888888889,7.28773703635848
78,"mid_030d","mid",30,14.1111111111111,13.3832399332565
79,"mid_030d","mid",30,14.4444444444444,10.088497300281
80,"mid_030d","mid",30,15.1111111111111,12.1495313124051
81,"mid_030d","mid",30,9.55555555555556,9.68389269755597
82,"mid_030d","mid",30,13.5555555555556,11.8333333333333
83,"mid_030d","mid",30,6.11111111111111,3.29561998888086
84,"mid_030d","mid",30,14.3333333333333,11.0792599030802
85,"mid_030d","mid",30,11.7777777777778,11.1330339281098
86,"mid_030d","mid",30,12.2222222222222,16.0762074023833
87,"mid_030d","mid",30,10.8888888888889,7.97565740933693
88,"mid_030d","mid",30,11.1111111111111,10.8102317787877
89,"mid_030d","mid",30,13.5555555555556,10.0512575222097
90,"mid_030d","mid",30,10.3333333333333,10.0623058987491
91,"mid_030d","mid",30,11.1111111111111,16.5487495331554
92,"mid_030d","mid",30,15.1111111111111,16.6616659164416
93,"mid_030d","mid",30,11.8888888888889,11.3296562662382
94,"mid_030d","mid",30,10.2222222222222,11.8403734926076
95,"mid_030d","mid",30,9,9.23309265630969
96,"mid_030d","mid",30,6.88888888888889,6.03001750504185
97,"mid_030d","mid",30,8.77777777777778,13.7547971429769
98,"mid_030d","mid",30,9.11111111111111,8.29825952300307
99,"mid_030d","mid",30,12.1111111111111,13.0809445802324
100,"mid_030d","mid",30,12.5555555555556,17.2851895499522
101,"mid_030d","mid",30,6.22222222222222,5.86893895388634
102,"mid_030d","mid",30,7.77777777777778,6.64789022505971
103,"mid_030d","mid",30,9.66666666666667,11.8638105177047
104,"mid_030d","mid",30,9,13.2570735835629
105,"mid_030d","mid",30,6.44444444444444,6.67291373972253
106,"mid_030d","mid",30,10.6666666666667,11.6189500386223
107,"mid_030d","mid",30,8.22222222222222,10.0719632864921
108,"mid_030d","mid",30,5.77777777777778,4.63081466314993
109,"mid_030d","mid",30,9.33333333333333,10.7121426428143
110,"mid_030d","mid",30,7.55555555555556,9.64509086415352
111,"mid_030d","mid",30,6,8.21583836257749
112,"mid_030d","mid",30,4.88888888888889,6.43126046052491
113,"mid_030d","mid",30,6.11111111111111,6.17341972581738
114,"mid_030d","mid",30,9,10.2469507659596
115,"mid_030d","mid",30,3.22222222222222,2.72845092395748
116,"mid_030d","mid",30,7.33333333333333,8.27647267862342
117,"mid_030d","mid",30,5.55555555555556,5.31768537784794
118,"mid_030d","mid",30,5.22222222222222,6.18016540591305
119,"mid_030d","mid",30,5.66666666666667,9.3407708461347
120,"mid_030d","mid",30,3.33333333333333,3.74165738677394
121,"mid_030d","mid",30,5,4.24264068711928
122,"mid_030d","mid",30,3.88888888888889,3.48010216963685
123,"mid_030d","mid",30,3.66666666666667,4.44409720865779
124,"mid_030d","mid",30,4.55555555555556,5.50252467307306
125,"mid_030d","mid",30,2.77777777777778,4.38114647603164
126,"mid_030d","mid",30,3.88888888888889,3.9510898637099
127,"mid_030d","mid",30,3.88888888888889,3.65528536657688
128,"mid_030d","mid",30,3.11111111111111,4.01386485959743
129,"mid_030d","mid",30,3.77777777777778,5.42627353203324
130,"mid_030d","mid",30,3.11111111111111,2.66666666666667
131,"mid_030d","mid",30,1.88888888888889,2.75882422620781
132,"mid_030d","mid",30,3.44444444444444,2.96273147243853
133,"mid_030d","mid",30,3.88888888888889,3.98260104844951
134,"mid_030d","mid",30,3.88888888888889,4.85912657903775
135,"mid_030d","mid",30,5.11111111111111,8.4623348498574
136,"mid_030d","mid",30,2.22222222222222,1.30170827931778
137,"mid_030d","mid",30,3.66666666666667,5.5
138,"mid_030d","mid",30,3.44444444444444,4.12647280104665
139,"mid_030d","mid",30,5.11111111111111,10.1789543230683
140,"mid_030d","mid",30,3,3.70809924354783
141,"mid_030d","mid",30,2.11111111111111,2.57120810342359
142,"mid_030d","mid",30,2.11111111111111,1.90029237516523
143,"mid_030d","mid",30,2.22222222222222,2.90593262902712
144,"mid_030d","mid",30,1.55555555555556,1.42400062421959
145,"mid_030d","mid",30,3.44444444444444,6.32675096536744
146,"mid_030d","mid",30,4.77777777777778,11.7662417298152
147,"mid_030d","mid",30,1.66666666666667,1.93649167310371
148,"mid_030d","mid",30,1.33333333333333,2.34520787991171
149,"mid_030d","mid",30,4,6.6332495807108
150,"mid_030d","mid",30,2.22222222222222,4.46592033565809
151,"mid_030d","mid",30,1.66666666666667,3.20156211871642
152,"mid_030d","mid",30,3.44444444444444,3.74536750904071
153,"mid_030d","mid",30,2.77777777777778,4.49382292090425
154,"mid_030d","mid",30,2,2.59807621135332
155,"mid_030d","mid",30,3.11111111111111,5.01109879279097
156,"mid_030d","mid",30,1.77777777777778,2.81858908754796
157,"mid_030d","mid",30,2.22222222222222,3.80058475033046
158,"mid_030d","mid",30,2.77777777777778,5.9113826169894
159,"mid_030d","mid",30,2.77777777777778,5.78311719096582
160,"mid_030d","mid",30,2.66666666666667,6.16441400296898
161,"mid_030d","mid",30,1.77777777777778,2.63523138347365
162,"mid_030d","mid",30,1.66666666666667,2.54950975679639
163,"mid_030d","mid",30,2.55555555555556,5.12618549974323
164,"mid_030d","mid",30,2.88888888888889,5.06074215022966
165,"mid_030d","mid",30,2.22222222222222,5.19080383413248
166,"mid_030d","mid",30,2.22222222222222,3.80058475033046
167,"mid_030d","mid",30,3.11111111111111,6.75359986311827
168,"mid_030d","mid",30,1.33333333333333,2
169,"mid_030d","mid",30,1.88888888888889,3.51583718495483
170,"mid_030d","mid",30,2.11111111111111,3.48010216963685
171,"mid_030d","mid",30,1.77777777777778,2.99072640748773
172,"mid_030d","mid",30,1.88888888888889,2.84800124843918
173,"mid_030d","mid",30,3.11111111111111,7.13169763177822
174,"mid_030d","mid",30,1.77777777777778,3.56292638773866
175,"mid_030d","mid",30,1.77777777777778,3.23178657161089
176,"mid_030d","mid",30,2.44444444444444,4.8762462794426
177,"mid_030d","mid",30,3,6.87386354243376
178,"mid_030d","mid",30,2,4.89897948556636
179,"mid_030d","mid",30,0.777777777777778,0.833333333333333
180,"mid_030d","mid",30,2,4.92442890089805
181,"mid_030d","mid",30,0.555555555555556,1.66666666666667
182,"mid_030d","mid",30,1.88888888888889,4.19655943733806
183,"mid_030d","mid",30,1.77777777777778,4.60374243897771
184,"mid_030d","mid",30,0.222222222222222,0.440958551844098
185,"mid_030d","mid",30,0.777777777777778,1.30170827931778
186,"mid_030d","mid",30,0.888888888888889,2.31540733157497
187,"mid_030d","mid",30,1.55555555555556,3.67801274845232
188,"mid_030d","mid",30,1.66666666666667,4.63680924774785
189,"mid_030d","mid",30,0.777777777777778,1.30170827931778
190,"mid_030d","mid",30,1.11111111111111,1.96497102042527
191,"mid_030d","mid",30,2,4.24264068711928
192,"mid_030d","mid",30,1,2.64575131106459
193,"mid_030d","mid",30,1.22222222222222,2.99072640748773
194,"mid_030d","mid",30,0.777777777777778,1.092906420717
195,"mid_030d","mid",30,2.11111111111111,4.85912657903775
196,"mid_030d","mid",30,0.888888888888889,1.61589328580544
197,"mid_030d","mid",30,1.55555555555556,4.30439052338165
198,"mid_030d","mid",30,0.777777777777778,1.98606254796883
199,"mid_030d","mid",30,1.33333333333333,2.69258240356725
200,"mid_030d","mid",30,1,2.64575131106459
201,"mid_030d","mid",30,1.11111111111111,2.97676184991529
202,"mid_030d","mid",30,0.666666666666667,1
203,"mid_030d","mid",30,0.777777777777778,2.33333333333333
204,"mid_030d","mid",30,1.22222222222222,2.58736244937667
205,"mid_030d","mid",30,1.22222222222222,2.38630351054606
206,"mid_030d","mid",30,0.444444444444444,0.726483157256779
207,"mid_030d","mid",30,1.55555555555556,3.60940130461795
208,"mid_030d","mid",30,0.222222222222222,0.440958551844098
209,"mid_030d","mid",30,0.666666666666667,1.6583123951777
210,"mid_030d","mid",30,0.666666666666667,1
211,"mid_030d","mid",30,0.888888888888889,2.66666666666667
212,"mid_030d","mid",30,0,0
213,"mid_030d","mid",30,0.333333333333333,0.707106781186548
214,"mid_030d","mid",30,0.111111111111111,0.333333333333333
215,"mid_030d","mid",30,1.33333333333333,4
216,"mid_030d","mid",30,0.666666666666667,1.3228756555323
217,"mid_030d","mid",30,0.333333333333333,0.707106781186548
218,"mid_030d","mid",30,0.444444444444444,1.33333333333333
219,"mid_030d","mid",30,0.333333333333333,1
220,"mid_030d","mid",30,0.666666666666667,1.6583123951777
221,"mid_030d","mid",30,0.666666666666667,1
222,"mid_030d","mid",30,0.111111111111111,0.333333333333333
223,"mid_030d","mid",30,0.444444444444444,1.33333333333333
224,"mid_030d","mid",30,0.555555555555556,1.66666666666667
225,"mid_030d","mid",30,0.777777777777778,1.98606254796883
226,"mid_030d","mid",30,0.222222222222222,0.666666666666667
227,"mid_030d","mid",30,0.333333333333333,1
228,"mid_030d","mid",30,0.555555555555556,1.66666666666667
229,"mid_030d","mid",30,0.555555555555556,1.33333333333333
230,"mid_030d","mid",30,0.555555555555556,1.33333333333333
231,"mid_030d","mid",30,0,0
232,"mid_030d","mid",30,0.555555555555556,1.66666666666667
233,"mid_030d","mid",30,0.888888888888889,2.31540733157497
234,"mid_030d","mid",30,0.222222222222222,0.666666666666667
235,"mid_030d","mid",30,0.444444444444444,1.33333333333333
236,"mid_030d","mid",30,0.222222222222222,0.666666666666667
237,"mid_030d","mid",30,0.111111111111111,0.333333333333333
238,"mid_030d","mid",30,0.111111111111111,0.333333333333333
239,"mid_030d","mid",30,0.333333333333333,1
240,"mid_030d","mid",30,0.333333333333333,1
241,"mid_030d","mid",30,0.333333333333333,1
242,"mid_030d","mid",30,0.555555555555556,1.66666666666667
243,"mid_030d","mid",30,0.333333333333333,1
244,"mid_030d","mid",30,0.444444444444444,1.33333333333333
245,"mid_030d","mid",30,0.111111111111111,0.333333333333333
246,"mid_030d","mid",30,0,0
247,"mid_030d","mid",30,0.333333333333333,1
248,"mid_030d","mid",30,0.222222222222222,0.666666666666667
249,"mid_030d","mid",30,0.333333333333333,1
250,"mid_030d","mid",30,0.222222222222222,0.666666666666667
251,"mid_030d","mid",30,0.333333333333333,0.707106781186548
252,"mid_030d","mid",30,0.111111111111111,0.333333333333333
253,"mid_030d","mid",30,0,0
254,"mid_030d","mid",30,0.222222222222222,0.666666666666667
255,"mid_030d","mid",30,0,0
256,"mid_030d","mid",30,0.222222222222222,0.666666666666667
257,"mid_030d","mid",30,0.111111111111111,0.333333333333333
258,"mid_030d","mid",30,0.666666666666667,2
259,"mid_030d","mid",30,0.222222222222222,0.666666666666667
260,"mid_030d","mid",30,0.333333333333333,1
261,"mid_030d","mid",30,0.444444444444444,1.33333333333333
262,"mid_030d","mid",30,0,0
263,"mid_030d","mid",30,0,0
264,"mid_030d","mid",30,0.111111111111111,0.333333333333333
265,"mid_030d","mid",30,0.222222222222222,0.666666666666667
266,"mid_030d","mid",30,0.111111111111111,0.333333333333333
267,"mid_030d","mid",30,0.222222222222222,0.666666666666667
268,"mid_030d","mid",30,0.111111111111111,0.333333333333333
269,"mid_030d","mid",30,0,0
270,"mid_030d","mid",30,0.333333333333333,0.707106781186548
271,"mid_030d","mid",30,0,0
272,"mid_030d","mid",30,0.333333333333333,1
273,"mid_030d","mid",30,0.111111111111111,0.333333333333333
274,"mid_030d","mid",30,0,0
275,"mid_030d","mid",30,0.111111111111111,0.333333333333333
276,"mid_030d","mid",30,0.111111111111111,0.333333333333333
277,"mid_030d","mid",30,0,0
278,"mid_030d","mid",30,0.222222222222222,0.666666666666667
279,"mid_030d","mid",30,0.111111111111111,0.333333333333333
280,"mid_030d","mid",30,0,0
281,"mid_030d","mid",30,0.111111111111111,0.333333333333333
282,"mid_030d","mid",30,0,0
283,"mid_030d","mid",30,0.333333333333333,1
284,"mid_030d","mid",30,0.222222222222222,0.666666666666667
285,"mid_030d","mid",30,0.111111111111111,0.333333333333333
286,"mid_030d","mid",30,0,0
287,"mid_030d","mid",30,0.111111111111111,0.333333333333333
288,"mid_030d","mid",30,0,0
289,"mid_030d","mid",30,0.222222222222222,0.666666666666667
290,"mid_030d","mid",30,0.222222222222222,0.666666666666667
291,"mid_030d","mid",30,0.111111111111111,0.333333333333333
292,"mid_030d","mid",30,0.111111111111111,0.333333333333333
293,"mid_030d","mid",30,0,0
294,"mid_030d","mid",30,0,0
295,"mid_030d","mid",30,0.222222222222222,0.666666666666667
296,"mid_030d","mid",30,0.111111111111111,0.333333333333333
297,"mid_030d","mid",30,0.111111111111111,0.333333333333333
298,"mid_030d","mid",30,0,0
299,"mid_030d","mid",30,0,0
300,"mid_030d","mid",30,0,0
301,"mid_030d","mid",30,0.333333333333333,1
302,"mid_030d","mid",30,0,0
303,"mid_030d","mid",30,0,0
304,"mid_030d","mid",30,0,0
305,"mid_030d","mid",30,0,0
306,"mid_030d","mid",30,0,0
307,"mid_030d","mid",30,0.222222222222222,0.666666666666667
308,"mid_030d","mid",30,0.222222222222222,0.666666666666667
309,"mid_030d","mid",30,0,0
310,"mid_030d","mid",30,0,0
311,"mid_030d","mid",30,0,0
312,"mid_030d","mid",30,0.111111111111111,0.333333333333333
313,"mid_030d","mid",30,0.111111111111111,0.333333333333333
314,"mid_030d","mid",30,0.111111111111111,0.333333333333333
315,"mid_030d","mid",30,0.111111111111111,0.333333333333333
316,"mid_030d","mid",30,0.111111111111111,0.333333333333333
317,"mid_030d","mid",30,0.111111111111111,0.333333333333333
318,"mid_030d","mid",30,0,0
319,"mid_030d","mid",30,0,0
320,"mid_030d","mid",30,0.111111111111111,0.333333333333333
321,"mid_030d","mid",30,0.111111111111111,0.333333333333333
322,"mid_030d","mid",30,0,0
323,"mid_030d","mid",30,0,0
324,"mid_030d","mid",30,0.111111111111111,0.333333333333333
325,"mid_030d","mid",30,0,0
326,"mid_030d","mid",30,0.111111111111111,0.333333333333333
327,"mid_030d","mid",30,0,0
328,"mid_030d","mid",30,0.111111111111111,0.333333333333333
329,"mid_030d","mid",30,0.111111111111111,0.333333333333333
330,"mid_030d","mid",30,0,0
331,"mid_030d","mid",30,0,0
332,"mid_030d","mid",30,0,0
333,"mid_030d","mid",30,0.111111111111111,0.333333333333333
334,"mid_030d","mid",30,0.222222222222222,0.666666666666667
335,"mid_030d","mid",30,0,0
336,"mid_030d","mid",30,0,0
337,"mid_030d","mid",30,0,0
338,"mid_030d","mid",30,0,0
339,"mid_030d","mid",30,0,0
340,"mid_030d","mid",30,0,0
341,"mid_030d","mid",30,0,0
342,"mid_030d","mid",30,0,0
343,"mid_030d","mid",30,0,0
344,"mid_030d","mid",30,0,0
345,"mid_030d","mid",30,0,0
346,"mid_030d","mid",30,0,0
347,"mid_030d","mid",30,0.111111111111111,0.333333333333333
348,"mid_030d","mid",30,0,0
349,"mid_030d","mid",30,0,0
350,"mid_030d","mid",30,0,0
351,"mid_030d","mid",30,0,0
352,"mid_030d","mid",30,0,0
353,"mid_030d","mid",30,0.111111111111111,0.333333333333333
354,"mid_030d","mid",30,0,0
355,"mid_030d","mid",30,0,0
356,"mid_030d","mid",30,0.111111111111111,0.333333333333333
357,"mid_030d","mid",30,0,0
358,"mid_030d","mid",30,0,0
359,"mid_030d","mid",30,0,0
360,"mid_030d","mid",30,0.222222222222222,0.666666666666667
361,"mid_030d","mid",30,0,0
362,"mid_030d","mid",30,0,0
363,"mid_030d","mid",30,0,0
364,"mid_030d","mid",30,0,0
365,"mid_030d","mid",30,0,0
1,"mid_060d","mid",60,0,0
2,"mid_060d","mid",60,0,0
3,"mid_060d","mid",60,0.222222222222222,0.440958551844098
4,"mid_060d","mid",60,2.66666666666667,3.90512483795333
5,"mid_060d","mid",60,6,9.79795897113271
6,"mid_060d","mid",60,10.3333333333333,11.3357840487546
7,"mid_060d","mid",60,6,6.5
8,"mid_060d","mid",60,15.2222222222222,17.0204125814989
9,"mid_060d","mid",60,20,18.8414436814168
10,"mid_060d","mid",60,12.6666666666667,12.8743931895837
11,"mid_060d","mid",60,21.4444444444444,28.965976209646
12,"mid_060d","mid",60,19.5555555555556,20.5980042183163
13,"mid_060d","mid",60,19.8888888888889,27.1405805227359
14,"mid_060d","mid",60,28.7777777777778,38.9736378138408
15,"mid_060d","mid",60,21,30.1951982937685
16,"mid_060d","mid",60,27.6666666666667,25.3623737059448
17,"mid_060d","mid",60,30.4444444444444,31.4607339039918
18,"mid_060d","mid",60,26.2222222222222,31.4713273384591
19,"mid_060d","mid",60,34.5555555555556,46.2090659695452
20,"mid_060d","mid",60,33.6666666666667,35.0321281112067
21,"mid_060d","mid",60,36.3333333333333,40.4753011106774
22,"mid_060d","mid",60,34.6666666666667,38.2687862363049
23,"mid_060d","mid",60,42.6666666666667,40
24,"mid_060d","mid",60,43.5555555555556,51.5657616813499
25,"mid_060d","mid",60,36,38.3079626187559
26,"mid_060d","mid",60,34.7777777777778,33.7852696369948
27,"mid_060d","mid",60,36.7777777777778,42.295915221738
28,"mid_060d","mid",60,37.4444444444444,45.0918815062953
29,"mid_060d","mid",60,32.8888888888889,40.8210865988537
30,"mid_060d","mid",60,43.6666666666667,49.8673239707125
31,"mid_060d","mid",60,37.1111111111111,44.7700917031796
32,"mid_060d","mid",60,36.1111111111111,38.4104297178658
33,"mid_060d","mid",60,33.6666666666667,43.1016240993306
34,"mid_060d","mid",60,35.4444444444444,35.6795148198203
35,"mid_060d","mid",60,37.5555555555556,32.5234957804012
36,"mid_060d","mid",60,37.2222222222222,42.8304149459755
37,"mid_060d","mid",60,35.6666666666667,37.5599520766467
38,"mid_060d","mid",60,28.4444444444444,34.5438529665956
39,"mid_060d","mid",60,36.5555555555556,26.2207509003418
40,"mid_060d","mid",60,30.8888888888889,35.1014402996674
41,"mid_060d","mid",60,25.4444444444444,26.4533131720353
42,"mid_060d","mid",60,28.5555555555556,30.4101591212177
43,"mid_060d","mid",60,25.4444444444444,23.8752545070786
44,"mid_060d","mid",60,24.3333333333333,22.9728100153203
45,"mid_060d","mid",60,23.3333333333333,18.7349939951952
46,"mid_060d","mid",60,19.5555555555556,20.1377202726073
47,"mid_060d","mid",60,18.4444444444444,15.5170157497432
48,"mid_060d","mid",60,24.8888888888889,20.4966121861909
49,"mid_060d","mid",60,20.7777777777778,20.8253317967432
50,"mid_060d","mid",60,19.6666666666667,15.4029218007494
51,"mid_060d","mid",60,24.4444444444444,14.6040329285365
52,"mid_060d","mid",60,16.8888888888889,14.0929454377398
53,"mid_060d","mid",60,10.4444444444444,10.0512575222097
54,"mid_060d","mid",60,16.4444444444444,12.4810968178994
55,"mid_060d","mid",60,20.6666666666667,18.2619823677497
56,"mid_060d","mid",60,17.4444444444444,14.6638254823828
57,"mid_060d","mid",60,16.8888888888889,14.3652744878443
58,"mid_060d","mid",60,15.5555555555556,19.2100957253674
59,"mid_060d","mid",60,12.4444444444444,13.5841001828527
60,"mid_060d","mid",60,13.3333333333333,13.8021737418423
61,"mid_060d","mid",60,13.3333333333333,10.9316055545377
62,"mid_060d","mid",60,9.77777777777778,8.21245666316995
63,"mid_060d","mid",60,12.1111111111111,17.3525534464272
64,"mid_060d","mid",60,14.1111111111111,17.2948290280971
65,"mid_060d","mid",60,12.8888888888889,15.1776516994926
66,"mid_060d","mid",60,14.7777777777778,15.7224185303803
67,"mid_060d","mid",60,14.5555555555556,16.7041245738224
68,"mid_060d","mid",60,15.2222222222222,16.8358083988992
69,"mid_060d","mid",60,14.1111111111111,16.9369746741002
70,"mid_060d","mid",60,8.88888888888889,13.4205480927983
71,"mid_060d","mid",60,12.5555555555556,13.93835635137
72,"mid_060d","mid",60,10.2222222222222,12.68638815599
73,"mid_060d","mid",60,8.88888888888889,15.1198912400556
74,"mid_060d","mid",60,10,15.2397506541282
75,"mid_060d","mid",60,7.33333333333333,13.4350288425444
76,"mid_060d","mid",60,12.2222222222222,15.4497393002097
77,"mid_060d","mid",60,11.8888888888889,8.20738150149675
78,"mid_060d","mid",60,10.7777777777778,15.1803967156476
79,"mid_060d","mid",60,10,11.0679718105893
80,"mid_060d","mid",60,9.55555555555556,9.55394043197768
81,"mid_060d","mid",60,15.6666666666667,20.850659461993
82,"mid_060d","mid",60,9.22222222222222,11.8509258897541
83,"mid_060d","mid",60,6.44444444444444,7.48517052429521
84,"mid_060d","mid",60,9.88888888888889,6.41179468722378
85,"mid_060d","mid",60,9.66666666666667,8.63133825081603
86,"mid_060d","mid",60,7,6.02079728939615
87,"mid_060d","mid",60,8.11111111111111,5.98841474107389
88,"mid_060d","mid",60,8,6.89202437604511
89,"mid_060d","mid",60,9,8.12403840463596
90,"mid_060d","mid",60,6.11111111111111,7.2014659001561
91,"mid_060d","mid",60,5.55555555555556,7.2476049683863
92,"mid_060d","mid",60,5.77777777777778,4.84194634877798
93,"mid_060d","mid",60,8,7.72981241687015
94,"mid_060d","mid",60,6.88888888888889,5.90432986130612
95,"mid_060d","mid",60,4.22222222222222,3.73422608373468
96,"mid_060d","mid",60,7.22222222222222,7.44610263456289
97,"mid_060d","mid",60,3.44444444444444,2.74367960552572
98,"mid_060d","mid",60,4.44444444444444,3.43187671366233
99,"mid_060d","mid",60,5.33333333333333,6.04152298679729
100,"mid_060d","mid",60,6.33333333333333,7.5
101,"mid_060d","mid",60,3.88888888888889,3.9510898637099
102,"mid_060d","mid",60,4.33333333333333,2.82842712474619
103,"mid_060d","mid",60,4,4.06201920231798
104,"mid_060d","mid",60,7.22222222222222,12.142670400058
105,"mid_060d","mid",60,5.66666666666667,5.85234995535981
106,"mid_060d","mid",60,4.55555555555556,4.0345728123034
107,"mid_060d","mid",60,6.66666666666667,6.78232998312527
108,"mid_060d","mid",60,6,7.59934207678533
109,"mid_060d","mid",60,6.88888888888889,10.3010247602416
110,"mid_060d","mid",60,5.33333333333333,4.44409720865779
111,"mid_060d","mid",60,2.88888888888889,2.75882422620781
112,"mid_060d","mid",60,4.22222222222222,6.05759394846208
113,"mid_060d","mid",60,6.88888888888889,9.90510530540242
114,"mid_060d","mid",60,6.11111111111111,7.2360977820308
115,"mid_060d","mid",60,4.11111111111111,4.371625682868
116,"mid_060d","mid",60,7.88888888888889,15.0453019614467
117,"mid_060d","mid",60,3.11111111111111,3.58623913189167
118,"mid_060d","mid",60,3.77777777777778,5.86893895388634
119,"mid_060d","mid",60,2.66666666666667,3.46410161513775
120,"mid_060d","mid",60,2.88888888888889,4.28498671072748
121,"mid_060d","mid",60,4.77777777777778,7.62852832756387
122,"mid_060d","mid",60,5.88888888888889,10.6939754586922
123,"mid_060d","mid",60,3.66666666666667,5.7227615711298
124,"mid_060d","mid",60,4.66666666666667,6.32455532033676
125,"mid_060d","mid",60,3.22222222222222,6.72268134336623
126,"mid_060d","mid",60,4,6.98212002188447
127,"mid_060d","mid",60,3.88888888888889,5.92546294487706
128,"mid_060d","mid",60,4.55555555555556,8.29323686974982
129,"mid_060d","mid",60,3.11111111111111,5.53273089089928
130,"mid_060d","mid",60,5.22222222222222,9.90931099746317
131,"mid_060d","mid",60,3.55555555555556,6.32675096536744
132,"mid_060d","mid",60,3.22222222222222,4.99444135459057
133,"mid_060d","mid",60,3.77777777777778,5.97448277631164
134,"mid_060d","mid",60,2.88888888888889,4.80740170061865
135,"mid_060d","mid",60,4.11111111111111,7.25335171566298
136,"mid_060d","mid",60,3,6.46142399166004
137,"mid_060d","mid",60,4.22222222222222,7.91798234681313
138,"mid_060d","mid",60,2.66666666666667,5.09901951359278
139,"mid_060d","mid",60,2.77777777777778,5.49494717394484
140,"mid_060d","mid",60,2.77777777777778,6.15990620419211
141,"mid_060d","mid",60,3.44444444444444,8.48691803764934
142,"mid_060d","mid",60,4.33333333333333,10.0747208398049
143,"mid_060d","mid",60,3,7.21110255092798
144,"mid_060d","mid",60,4.22222222222222,8.96908269804914
145,"mid_060d","mid",60,1.77777777777778,3.15348132140408
146,"mid_060d","mid",60,1.88888888888889,3.17979733805649
147,"mid_060d","mid",60,3.77777777777778,8.42285251232885
148,"mid_060d","mid",60,3,7.56637297521078
149,"mid_060d","mid",60,2.11111111111111,3.8873012632302
150,"mid_060d","mid",60,2.66666666666667,6.89202437604511
151,"mid_060d","mid",60,2.66666666666667,6.89202437604511
152,"mid_060d","mid",60,3.11111111111111,5.57773351022717
153,"mid_060d","mid",60,2.55555555555556,5.19882465349407
154,"mid_060d","mid",60,3,8.26135582092915
155,"mid_060d","mid",60,2.44444444444444,3.43187671366233
156,"mid_060d","mid",60,2.55555555555556,5.47976074092453
157,"mid_060d","mid",60,2.33333333333333,5.54526825320471
158,"mid_060d","mid",60,2.44444444444444,5.61496017597434
159,"mid_060d","mid",60,1.11111111111111,1.90029237516523
160,"mid_060d","mid",60,2.11111111111111,4.51232879022696
161,"mid_060d","mid",60,2.11111111111111,4.93569763165362
162,"mid_060d","mid",60,1.88888888888889,4.19655943733806
163,"mid_060d","mid",60,2.33333333333333,5.8949130612758
164,"mid_060d","mid",60,2.33333333333333,4.21307488658818
165,"mid_060d","mid",60,1.66666666666667,3.90512483795333
166,"mid_060d","mid",60,1.55555555555556,3.24465372232196
167,"mid_060d","mid",60,1.33333333333333,2.23606797749979
168,"mid_060d","mid",60,1,1.58113883008419
169,"mid_060d","mid",60,1,1.6583123951777
170,"mid_060d","mid",60,2.22222222222222,4.17665469538056
171,"mid_060d","mid",60,1.66666666666667,2.91547594742265
172,"mid_060d","mid",60,1.77777777777778,2.53859103528797
173,"mid_060d","mid",60,1.33333333333333,2.64575131106459
174,"mid_060d","mid",60,1.55555555555556,3.24465372232196
175,"mid_060d","mid",60,1.11111111111111,2.26077666104176
176,"mid_060d","mid",60,1.55555555555556,3.20589734361189
177,"mid_060d","mid",60,1.33333333333333,2.17944947177034
178,"mid_060d","mid",60,1,2.29128784747792
179,"mid_060d","mid",60,1.55555555555556,3.94053013917896
180,"mid_060d","mid",60,1.55555555555556,3.60940130461795
181,"mid_060d","mid",60,0.777777777777778,1.98606254796883
182,"mid_060d","mid",60,1,1.93649167310371
183,"mid_060d","mid",60,1.33333333333333,3.278719262151
184,"mid_060d","mid",60,1.33333333333333,3.64005494464026
185,"mid_060d","mid",60,1.66666666666667,4.27200187265877
186,"mid_060d","mid",60,1.11111111111111,2.97676184991529
187,"mid_060d","mid",60,0.888888888888889,1.83333333333333
188,"mid_060d","mid",60,1,2.29128784747792
189,"mid_060d","mid",60,0.888888888888889,1.96497102042527
190,"mid_060d","mid",60,1.77777777777778,3.89800518784217
191,"mid_060d","mid",60,0.777777777777778,1.30170827931778
192,"mid_060d","mid",60,0.666666666666667,1.6583123951777
193,"mid_060d","mid",60,0.666666666666667,2
194,"mid_060d","mid",60,1,1.6583123951777
195,"mid_060d","mid",60,0.555555555555556,0.726483157256779
196,"mid_060d","mid",60,0.777777777777778,1.64147630029935
197,"mid_060d","mid",60,0.444444444444444,1.0137937550497
198,"mid_060d","mid",60,0.888888888888889,1.96497102042527
199,"mid_060d","mid",60,0.666666666666667,1.6583123951777
200,"mid_060d","mid",60,0.888888888888889,2.31540733157497
201,"mid_060d","mid",60,1,2.64575131106459
202,"mid_060d","mid",60,0.888888888888889,1.96497102042527
203,"mid_060d","mid",60,0.444444444444444,1.33333333333333
204,"mid_060d","mid",60,0.666666666666667,1.3228756555323
205,"mid_060d","mid",60,0.555555555555556,1.13038833052088
206,"mid_060d","mid",60,1,2
207,"mid_060d","mid",60,0.222222222222222,0.440958551844098
208,"mid_060d","mid",60,0.555555555555556,1.33333333333333
209,"mid_060d","mid",60,0.333333333333333,1
210,"mid_060d","mid",60,0.555555555555556,1.0137937550497
211,"mid_060d","mid",60,0,0
212,"mid_060d","mid",60,0.555555555555556,1.66666666666667
213,"mid_060d","mid",60,0.555555555555556,1.33333333333333
214,"mid_060d","mid",60,0.111111111111111,0.333333333333333
215,"mid_060d","mid",60,0.222222222222222,0.666666666666667
216,"mid_060d","mid",60,0.222222222222222,0.440958551844098
217,"mid_060d","mid",60,0.111111111111111,0.333333333333333
218,"mid_060d","mid",60,0.333333333333333,1
219,"mid_060d","mid",60,0.111111111111111,0.333333333333333
220,"mid_060d","mid",60,0.333333333333333,0.707106781186548
221,"mid_060d","mid",60,0.666666666666667,1.3228756555323
222,"mid_060d","mid",60,0.777777777777778,1.64147630029935
223,"mid_060d","mid",60,0.333333333333333,1
224,"mid_060d","mid",60,0.222222222222222,0.666666666666667
225,"mid_060d","mid",60,0.222222222222222,0.666666666666667
226,"mid_060d","mid",60,0.222222222222222,0.666666666666667
227,"mid_060d","mid",60,0.222222222222222,0.666666666666667
228,"mid_060d","mid",60,0.111111111111111,0.333333333333333
229,"mid_060d","mid",60,0.666666666666667,1.6583123951777
230,"mid_060d","mid",60,0.222222222222222,0.666666666666667
231,"mid_060d","mid",60,0.222222222222222,0.666666666666667
232,"mid_060d","mid",60,0.111111111111111,0.333333333333333
233,"mid_060d","mid",60,0.222222222222222,0.440958551844098
234,"mid_060d","mid",60,0.222222222222222,0.666666666666667
235,"mid_060d","mid",60,0.111111111111111,0.333333333333333
236,"mid_060d","mid",60,0.111111111111111,0.333333333333333
237,"mid_060d","mid",60,0.111111111111111,0.333333333333333
238,"mid_060d","mid",60,0.222222222222222,0.666666666666667
239,"mid_060d","mid",60,0,0
240,"mid_060d","mid",60,0.222222222222222,0.666666666666667
241,"mid_060d","mid",60,0.444444444444444,1.33333333333333
242,"mid_060d","mid",60,0,0
243,"mid_060d","mid",60,0,0
244,"mid_060d","mid",60,0.111111111111111,0.333333333333333
245,"mid_060d","mid",60,0.222222222222222,0.666666666666667
246,"mid_060d","mid",60,0.222222222222222,0.666666666666667
247,"mid_060d","mid",60,0.222222222222222,0.666666666666667
248,"mid_060d","mid",60,0,0
249,"mid_060d","mid",60,0,0
250,"mid_060d","mid",60,0.111111111111111,0.333333333333333
251,"mid_060d","mid",60,0,0
252,"mid_060d","mid",60,0.222222222222222,0.666666666666667
253,"mid_060d","mid",60,0.222222222222222,0.666666666666667
254,"mid_060d","mid",60,0.111111111111111,0.333333333333333
255,"mid_060d","mid",60,0.111111111111111,0.333333333333333
256,"mid_060d","mid",60,0.222222222222222,0.666666666666667
257,"mid_060d","mid",60,0.222222222222222,0.666666666666667
258,"mid_060d","mid",60,0.111111111111111,0.333333333333333
259,"mid_060d","mid",60,0.111111111111111,0.333333333333333
260,"mid_060d","mid",60,0,0
261,"mid_060d","mid",60,0.111111111111111,0.333333333333333
262,"mid_060d","mid",60,0,0
263,"mid_060d","mid",60,0.111111111111111,0.333333333333333
264,"mid_060d","mid",60,0,0
265,"mid_060d","mid",60,0,0
266,"mid_060d","mid",60,0,0
267,"mid_060d","mid",60,0,0
268,"mid_060d","mid",60,0,0
269,"mid_060d","mid",60,0,0
270,"mid_060d","mid",60,0,0
271,"mid_060d","mid",60,0,0
272,"mid_060d","mid",60,0,0
273,"mid_060d","mid",60,0,0
274,"mid_060d","mid",60,0,0
275,"mid_060d","mid",60,0.111111111111111,0.333333333333333
276,"mid_060d","mid",60,0.111111111111111,0.333333333333333
277,"mid_060d","mid",60,0.111111111111111,0.333333333333333
278,"mid_060d","mid",60,0,0
279,"mid_060d","mid",60,0,0
280,"mid_060d","mid",60,0,0
281,"mid_060d","mid",60,0,0
282,"mid_060d","mid",60,0,0
283,"mid_060d","mid",60,0,0
284,"mid_060d","mid",60,0,0
285,"mid_060d","mid",60,0,0
286,"mid_060d","mid",60,0,0
287,"mid_060d","mid",60,0.111111111111111,0.333333333333333
288,"mid_060d","mid",60,0,0
289,"mid_060d","mid",60,0,0
290,"mid_060d","mid",60,0,0
291,"mid_060d","mid",60,0,0
292,"mid_060d","mid",60,0,0
293,"mid_060d","mid",60,0,0
294,"mid_060d","mid",60,0.111111111111111,0.333333333333333
295,"mid_060d","mid",60,0,0
296,"mid_060d","mid",60,0.111111111111111,0.333333333333333
297,"mid_060d","mid",60,0.111111111111111,0.333333333333333
298,"mid_060d","mid",60,0,0
299,"mid_060d","mid",60,0.111111111111111,0.333333333333333
300,"mid_060d","mid",60,0,0
301,"mid_060d","mid",60,0,0
302,"mid_060d","mid",60,0,0
303,"mid_060d","mid",60,0,0
304,"mid_060d","mid",60,0,0
305,"mid_060d","mid",60,0,0
306,"mid_060d","mid",60,0,0
307,"mid_060d","mid",60,0,0
308,"mid_060d","mid",60,0.222222222222222,0.666666666666667
309,"mid_060d","mid",60,0,0
310,"mid_060d","mid",60,0,0
311,"mid_060d","mid",60,0,0
312,"mid_060d","mid",60,0,0
313,"mid_060d","mid",60,0,0
314,"mid_060d","mid",60,0,0
315,"mid_060d","mid",60,0,0
316,"mid_060d","mid",60,0,0
317,"mid_060d","mid",60,0,0
318,"mid_060d","mid",60,0,0
319,"mid_060d","mid",60,0,0
320,"mid_060d","mid",60,0,0
321,"mid_060d","mid",60,0.111111111111111,0.333333333333333
322,"mid_060d","mid",60,0,0
323,"mid_060d","mid",60,0,0
324,"mid_060d","mid",60,0,0
325,"mid_060d","mid",60,0,0
326,"mid_060d","mid",60,0,0
327,"mid_060d","mid",60,0.111111111111111,0.333333333333333
328,"mid_060d","mid",60,0,0
329,"mid_060d","mid",60,0,0
330,"mid_060d","mid",60,0,0
331,"mid_060d","mid",60,0,0
332,"mid_060d","mid",60,0,0
333,"mid_060d","mid",60,0,0
334,"mid_060d","mid",60,0,0
335,"mid_060d","mid",60,0,0
336,"mid_060d","mid",60,0,0
337,"mid_060d","mid",60,0,0
338,"mid_060d","mid",60,0,0
339,"mid_060d","mid",60,0,0
340,"mid_060d","mid",60,0,0
341,"mid_060d","mid",60,0,0
342,"mid_060d","mid",60,0,0
343,"mid_060d","mid",60,0,0
344,"mid_060d","mid",60,0,0
345,"mid_060d","mid",60,0,0
346,"mid_060d","mid",60,0,0
347,"mid_060d","mid",60,0,0
348,"mid_060d","mid",60,0,0
349,"mid_060d","mid",60,0,0
350,"mid_060d","mid",60,0,0
351,"mid_060d","mid",60,0,0
352,"mid_060d","mid",60,0,0
353,"mid_060d","mid",60,0,0
354,"mid_060d","mid",60,0,0
355,"mid_060d","mid",60,0,0
356,"mid_060d","mid",60,0,0
357,"mid_060d","mid",60,0,0
358,"mid_060d","mid",60,0,0
359,"mid_060d","mid",60,0,0
360,"mid_060d","mid",60,0,0
361,"mid_060d","mid",60,0,0
362,"mid_060d","mid",60,0,0
363,"mid_060d","mid",60,0,0
364,"mid_060d","mid",60,0,0
365,"mid_060d","mid",60,0,0
1,"mid_090d","mid",90,0,0
2,"mid_090d","mid",90,0,0
3,"mid_090d","mid",90,0.444444444444444,0.52704627669473
4,"mid_090d","mid",90,3.22222222222222,3.9616214413349
5,"mid_090d","mid",90,6.22222222222222,10.0346621489936
6,"mid_090d","mid",90,9.44444444444444,11.9489655526233
7,"mid_090d","mid",90,11,12.6491106406735
8,"mid_090d","mid",90,11.8888888888889,14.2867459944912
9,"mid_090d","mid",90,18.3333333333333,17.6564435830096
10,"mid_090d","mid",90,18.1111111111111,22.3015943625363
11,"mid_090d","mid",90,24.6666666666667,28.1735691739616
12,"mid_090d","mid",90,25.7777777777778,22.4987653982267
13,"mid_090d","mid",90,25,30.7408522978788
14,"mid_090d","mid",90,26,30.8504457018047
15,"mid_090d","mid",90,30.5555555555556,34.4387540102394
16,"mid_090d","mid",90,28.6666666666667,36.9864840178139
17,"mid_090d","mid",90,39.8888888888889,39.0046293548742
18,"mid_090d","mid",90,32.8888888888889,39.857384649662
19,"mid_090d","mid",90,36.3333333333333,39.7366329726111
20,"mid_090d","mid",90,36.3333333333333,38.1280736465927
21,"mid_090d","mid",90,40.5555555555556,36.6541645352582
22,"mid_090d","mid",90,35,43.1972221329104
23,"mid_090d","mid",90,40.8888888888889,41.1535066684616
24,"mid_090d","mid",90,38,48.5257663514962
25,"mid_090d","mid",90,43.5555555555556,39.6771694778972
26,"mid_090d","mid",90,48,44.5224662389675
27,"mid_090d","mid",90,49.5555555555556,43.4773248691519
28,"mid_090d","mid",90,43.6666666666667,41.3400532171888
29,"mid_090d","mid",90,51.7777777777778,42.5874916430217
30,"mid_090d","mid",90,37.4444444444444,34.7351087198209
31,"mid_090d","mid",90,36.6666666666667,37.0337683742824
32,"mid_090d","mid",90,36.7777777777778,36.6359720008142
33,"mid_090d","mid",90,48.1111111111111,44.9706694536685
34,"mid_090d","mid",90,36.6666666666667,31.8119474411737
35,"mid_090d","mid",90,34.7777777777778,35.9262361574998
36,"mid_090d","mid",90,28.7777777777778,30.3140964642597
37,"mid_090d","mid",90,37.3333333333333,23.7854997845326
38,"mid_090d","mid",90,24.6666666666667,26.6458251889485
39,"mid_090d","mid",90,33.2222222222222,30.1487055185533
40,"mid_090d","mid",90,24,20.6518764280634
41,"mid_090d","mid",90,27.3333333333333,28.3107753337841
42,"mid_090d","mid",90,24.1111111111111,21.45602738419
43,"mid_090d","mid",90,22.6666666666667,16.7107749670684
44,"mid_090d","mid",90,22.2222222222222,18.0470065230898
45,"mid_090d","mid",90,25.6666666666667,18.4187404563939
46,"mid_090d","mid",90,16.2222222222222,17.7537163558632
47,"mid_090d","mid",90,20.5555555555556,18.5007507355182
48,"mid_090d","mid",90,18.6666666666667,16.985287751463
49,"mid_090d","mid",90,17.8888888888889,20.0339988796823
50,"mid_090d","mid",90,19.8888888888889,16.4046063991524
51,"mid_090d","mid",90,21.2222222222222,15.1226467407146
52,"mid_090d","mid",90,13.1111111111111,12.9561225338105
53,"mid_090d","mid",90,13.2222222222222,9.65372697171639
54,"mid_090d","mid",90,18.3333333333333,14.5945195193264
55,"mid_090d","mid",90,13.6666666666667,13.6198384718762
56,"mid_090d","mid",90,20.3333333333333,12.8549601321824
57,"mid_090d","mid",90,14.8888888888889,12.0979796293063
58,"mid_090d","mid",90,20.3333333333333,12.8646803302686
59,"mid_090d","mid",90,11.2222222222222,8.85688683705762
60,"mid_090d","mid",90,13.4444444444444,8.11035004039763
61,"mid_090d","mid",90,10.6666666666667,11.5108644332213
62,"mid_090d","mid",90,15.4444444444444,12.0427479330001
63,"mid_090d","mid",90,12.3333333333333,9.3407708461347
64,"mid_090d","mid",90,10.6666666666667,7.84219357067906
65,"mid_090d","mid",90,15.2222222222222,9.58876657576168
66,"mid_090d","mid",90,15,12.1552457811432
67,"mid_090d","mid",90,13.1111111111111,4.70224532655529
68,"mid_090d","mid",90,10.1111111111111,8.79551653463917
69,"mid_090d","mid",90,10.5555555555556,8.23272602348564
70,"mid_090d","mid",90,11.4444444444444,8.81917103688197
71,"mid_090d","mid",90,9.55555555555556,8.18704939387676
72,"mid_090d","mid",90,13.3333333333333,8.5146931829632
73,"mid_090d","mid",90,17.8888888888889,7.55718936583642
74,"mid_090d","mid",90,10.1111111111111,6.41179468722378
75,"mid_090d","mid",90,7.77777777777778,6.11918658356194
76,"mid_090d","mid",90,9.88888888888889,11.2521602864122
77,"mid_090d","mid",90,8.33333333333333,6.91013748054263
78,"mid_090d","mid",90,7.55555555555556,5.59265391185417
79,"mid_090d","mid",90,11,8.71779788708135
80,"mid_090d","mid",90,11.2222222222222,6.39878460681749
81,"mid_090d","mid",90,8.55555555555556,5.2228132053308
82,"mid_090d","mid",90,7.22222222222222,4.40958551844098
83,"mid_090d","mid",90,7.22222222222222,5.26255113461565
84,"mid_090d","mid",90,10.7777777777778,8.31831980897852
85,"mid_090d","mid",90,9.77777777777778,5.9113826169894
86,"mid_090d","mid",90,8,6.53834841531101
87,"mid_090d","mid",90,8.22222222222222,4.99444135459057
88,"mid_090d","mid",90,10,7.14142842854285
89,"mid_090d","mid",90,10.7777777777778,6.53409859463755
90,"mid_090d","mid",90,6,4.60977222864644
91,"mid_090d","mid",90,8.33333333333333,7.59934207678533
92,"mid_090d","mid",90,7.88888888888889,7.40682868109632
93,"mid_090d","mid",90,6.55555555555556,4.69337594677624
94,"mid_090d","mid",90,8.22222222222222,6.59123997776173
95,"mid_090d","mid",90,6.22222222222222,4.35252161906686
96,"mid_090d","mid",90,6.44444444444444,4.09606857581484
97,"mid_090d","mid",90,4.11111111111111,7.60664913816268
98,"mid_090d","mid",90,4.33333333333333,2.73861278752583
99,"mid_090d","mid",90,6.22222222222222,7.25909391346086
100,"mid_090d","mid",90,7.11111111111111,6.00925212577332
101,"mid_090d","mid",90,6.77777777777778,4.35252161906686
102,"mid_090d","mid",90,5.11111111111111,3.01846171271247
103,"mid_090d","mid",90,4.22222222222222,3.23178657161089
104,"mid_090d","mid",90,6.22222222222222,6.99603062060512
105,"mid_090d","mid",90,6.55555555555556,6.94822119522528
106,"mid_090d","mid",90,7,4.52769256906871
107,"mid_090d","mid",90,6,5.61248608016091
108,"mid_090d","mid",90,5.66666666666667,3.90512483795333
109,"mid_090d","mid",90,7.55555555555556,7.0198132295509
110,"mid_090d","mid",90,6.11111111111111,6.13278983099137
111,"mid_090d","mid",90,3.11111111111111,3.01846171271247
112,"mid_090d","mid",90,5.88888888888889,4.10622833158497
113,"mid_090d","mid",90,6.11111111111111,4.10622833158497
114,"mid_090d","mid",90,4.77777777777778,3.99304951690365
115,"mid_090d","mid",90,3.77777777777778,2.72845092395748
116,"mid_090d","mid",90,7,7.85811682275086
117,"mid_090d","mid",90,3,2.12132034355964
118,"mid_090d","mid",90,4.55555555555556,5.54777232569775
119,"mid_090d","mid",90,3.55555555555556,5.2228132053308
120,"mid_090d","mid",90,2.22222222222222,2.04803428790742
121,"mid_090d","mid",90,2.44444444444444,2.40370085030933
122,"mid_090d","mid",90,4,3.42782730020052
123,"mid_090d","mid",90,2.88888888888889,1.76383420737639
124,"mid_090d","mid",90,4.55555555555556,4.21637021355784
125,"mid_090d","mid",90,3.22222222222222,3.73422608373468
126,"mid_090d","mid",90,4.33333333333333,7.1239034243875
127,"mid_090d","mid",90,3.88888888888889,3.62092683040007
128,"mid_090d","mid",90,2.33333333333333,1.73205080756888
129,"mid_090d","mid",90,2.44444444444444,3.04594448041618
130,"mid_090d","mid",90,2.55555555555556,2.00693242979872
131,"mid_090d","mid",90,2.44444444444444,3.71184290855335
132,"mid_090d","mid",90,2.11111111111111,1.36422546197874
133,"mid_090d","mid",90,2.77777777777778,2.38630351054606
134,"mid_090d","mid",90,2.66666666666667,2.17944947177034
135,"mid_090d","mid",90,4.88888888888889,6.64161961505709
136,"mid_090d","mid",90,1,1
137,"mid_090d","mid",90,2.11111111111111,1.61589328580544
138,"mid_090d","mid",90,1.66666666666667,1.22474487139159
139,"mid_090d","mid",90,2.77777777777778,4.17665469538056
140,"mid_090d","mid",90,1.22222222222222,1.64147630029935
141,"mid_090d","mid",90,1.77777777777778,1.98606254796883
142,"mid_090d","mid",90,2.88888888888889,4.01386485959743
143,"mid_090d","mid",90,2.55555555555556,5.10174262167132
144,"mid_090d","mid",90,2.33333333333333,3.1224989991992
145,"mid_090d","mid",90,2.22222222222222,3.80058475033046
146,"mid_090d","mid",90,1.66666666666667,2.95803989154981
147,"mid_090d","mid",90,1.66666666666667,1.58113883008419
148,"mid_090d","mid",90,1.11111111111111,1.45296631451356
149,"mid_090d","mid",90,1.44444444444444,1.74005108481842
150,"mid_090d","mid",90,1.22222222222222,1.92209376577847
151,"mid_090d","mid",90,1,1.3228756555323
152,"mid_090d","mid",90,3.11111111111111,3.58623913189167
153,"mid_090d","mid",90,1.77777777777778,1.85592145427667
154,"mid_090d","mid",90,1.33333333333333,1.87082869338697
155,"mid_090d","mid",90,2.77777777777778,4.43784231856478
156,"mid_090d","mid",90,2.11111111111111,3.01846171271247
157,"mid_090d","mid",90,0.888888888888889,1.05409255338946
158,"mid_090d","mid",90,0.777777777777778,1.56347191994114
159,"mid_090d","mid",90,1.33333333333333,1.80277563773199
160,"mid_090d","mid",90,1.88888888888889,3.14024061356946
161,"mid_090d","mid",90,1.11111111111111,1.45296631451356
162,"mid_090d","mid",90,0.888888888888889,0.927960727138337
163,"mid_090d","mid",90,0.444444444444444,0.726483157256779
164,"mid_090d","mid",90,1.88888888888889,2.26077666104176
165,"mid_090d","mid",90,1.11111111111111,1.16666666666667
166,"mid_090d","mid",90,1.44444444444444,2.92023591132254
167,"mid_090d","mid",90,1.66666666666667,3.20156211871642
168,"mid_090d","mid",90,0.888888888888889,1.26929551764398
169,"mid_090d","mid",90,0.777777777777778,0.97182531580755
170,"mid_090d","mid",90,1.77777777777778,1.98606254796883
171,"mid_090d","mid",90,1.44444444444444,2.12785755580062
172,"mid_090d","mid",90,0.888888888888889,1.05409255338946
173,"mid_090d","mid",90,0.666666666666667,0.866025403784439
174,"mid_090d","mid",90,1.33333333333333,2.29128784747792
175,"mid_090d","mid",90,0.666666666666667,0.707106781186548
176,"mid_090d","mid",90,0.666666666666667,1
177,"mid_090d","mid",90,2.22222222222222,3.34580998331412
178,"mid_090d","mid",90,0.777777777777778,1.30170827931778
179,"mid_090d","mid",90,0.555555555555556,0.726483157256779
180,"mid_090d","mid",90,0.777777777777778,1.30170827931778
181,"mid_090d","mid",90,0.444444444444444,0.726483157256779
182,"mid_090d","mid",90,0.555555555555556,0.726483157256779
183,"mid_090d","mid",90,0.333333333333333,0.5
184,"mid_090d","mid",90,0.444444444444444,0.726483157256779
185,"mid_090d","mid",90,1.11111111111111,1.90029237516523
186,"mid_090d","mid",90,0.888888888888889,1.61589328580544
187,"mid_090d","mid",90,1.33333333333333,2.39791576165636
188,"mid_090d","mid",90,0.333333333333333,0.707106781186548
189,"mid_090d","mid",90,0.777777777777778,1.64147630029935
190,"mid_090d","mid",90,0.888888888888889,1.05409255338946
191,"mid_090d","mid",90,0.888888888888889,1.53659074288215
192,"mid_090d","mid",90,1,1.93649167310371
193,"mid_090d","mid",90,0.555555555555556,1.66666666666667
194,"mid_090d","mid",90,0.333333333333333,0.707106781186548
195,"mid_090d","mid",90,1,1.3228756555323
196,"mid_090d","mid",90,0.666666666666667,1.3228756555323
197,"mid_090d","mid",90,0.666666666666667,1.3228756555323
198,"mid_090d","mid",90,1.66666666666667,4.27200187265877
199,"mid_090d","mid",90,0.444444444444444,0.726483157256779
200,"mid_090d","mid",90,0.333333333333333,0.707106781186548
201,"mid_090d","mid",90,0.555555555555556,1.0137937550497
202,"mid_090d","mid",90,0.555555555555556,0.726483157256779
203,"mid_090d","mid",90,0.666666666666667,1.6583123951777
204,"mid_090d","mid",90,0.666666666666667,1
205,"mid_090d","mid",90,0.666666666666667,1.3228756555323
206,"mid_090d","mid",90,0.777777777777778,1.39443337755679
207,"mid_090d","mid",90,0.777777777777778,1.98606254796883
208,"mid_090d","mid",90,0.666666666666667,1.3228756555323
209,"mid_090d","mid",90,0.111111111111111,0.333333333333333
210,"mid_090d","mid",90,0.444444444444444,0.52704627669473
211,"mid_090d","mid",90,0.222222222222222,0.666666666666667
212,"mid_090d","mid",90,0.333333333333333,1
213,"mid_090d","mid",90,0.444444444444444,1.0137937550497
214,"mid_090d","mid",90,0.222222222222222,0.666666666666667
215,"mid_090d","mid",90,0.222222222222222,0.666666666666667
216,"mid_090d","mid",90,0.222222222222222,0.440958551844098
217,"mid_090d","mid",90,0.444444444444444,1.33333333333333
218,"mid_090d","mid",90,0.111111111111111,0.333333333333333
219,"mid_090d","mid",90,0.444444444444444,1.33333333333333
220,"mid_090d","mid",90,0.111111111111111,0.333333333333333
221,"mid_090d","mid",90,0.555555555555556,1.0137937550497
222,"mid_090d","mid",90,0.444444444444444,0.726483157256779
223,"mid_090d","mid",90,0.111111111111111,0.333333333333333
224,"mid_090d","mid",90,0,0
225,"mid_090d","mid",90,0.444444444444444,1.0137937550497
226,"mid_090d","mid",90,0.222222222222222,0.666666666666667
227,"mid_090d","mid",90,0.222222222222222,0.440958551844098
228,"mid_090d","mid",90,0,0
229,"mid_090d","mid",90,0.111111111111111,0.333333333333333
230,"mid_090d","mid",90,0.222222222222222,0.666666666666667
231,"mid_090d","mid",90,0.222222222222222,0.666666666666667
232,"mid_090d","mid",90,0.222222222222222,0.666666666666667
233,"mid_090d","mid",90,0.333333333333333,0.707106781186548
234,"mid_090d","mid",90,0.444444444444444,1.0137937550497
235,"mid_090d","mid",90,0.111111111111111,0.333333333333333
236,"mid_090d","mid",90,0.222222222222222,0.666666666666667
237,"mid_090d","mid",90,0.444444444444444,1.0137937550497
238,"mid_090d","mid",90,0.222222222222222,0.666666666666667
239,"mid_090d","mid",90,0.444444444444444,1.0137937550497
240,"mid_090d","mid",90,0.111111111111111,0.333333333333333
241,"mid_090d","mid",90,0.222222222222222,0.440958551844098
242,"mid_090d","mid",90,0,0
243,"mid_090d","mid",90,0.222222222222222,0.666666666666667
244,"mid_090d","mid",90,0,0
245,"mid_090d","mid",90,0,0
246,"mid_090d","mid",90,0.111111111111111,0.333333333333333
247,"mid_090d","mid",90,0.111111111111111,0.333333333333333
248,"mid_090d","mid",90,0.111111111111111,0.333333333333333
249,"mid_090d","mid",90,0.111111111111111,0.333333333333333
250,"mid_090d","mid",90,0.111111111111111,0.333333333333333
251,"mid_090d","mid",90,0.111111111111111,0.333333333333333
252,"mid_090d","mid",90,0.111111111111111,0.333333333333333
253,"mid_090d","mid",90,0.111111111111111,0.333333333333333
254,"mid_090d","mid",90,0.111111111111111,0.333333333333333
255,"mid_090d","mid",90,0.111111111111111,0.333333333333333
256,"mid_090d","mid",90,0.111111111111111,0.333333333333333
257,"mid_090d","mid",90,0.111111111111111,0.333333333333333
258,"mid_090d","mid",90,0.111111111111111,0.333333333333333
259,"mid_090d","mid",90,0.333333333333333,0.707106781186548
260,"mid_090d","mid",90,0,0
261,"mid_090d","mid",90,0.111111111111111,0.333333333333333
262,"mid_090d","mid",90,0.222222222222222,0.666666666666667
263,"mid_090d","mid",90,0.111111111111111,0.333333333333333
264,"mid_090d","mid",90,0.111111111111111,0.333333333333333
265,"mid_090d","mid",90,0,0
266,"mid_090d","mid",90,0.222222222222222,0.666666666666667
267,"mid_090d","mid",90,0,0
268,"mid_090d","mid",90,0,0
269,"mid_090d","mid",90,0.222222222222222,0.666666666666667
270,"mid_090d","mid",90,0,0
271,"mid_090d","mid",90,0.111111111111111,0.333333333333333
272,"mid_090d","mid",90,0.111111111111111,0.333333333333333
273,"mid_090d","mid",90,0,0
274,"mid_090d","mid",90,0.111111111111111,0.333333333333333
275,"mid_090d","mid",90,0.111111111111111,0.333333333333333
276,"mid_090d","mid",90,0.111111111111111,0.333333333333333
277,"mid_090d","mid",90,0.111111111111111,0.333333333333333
278,"mid_090d","mid",90,0,0
279,"mid_090d","mid",90,0,0
280,"mid_090d","mid",90,0.111111111111111,0.333333333333333
281,"mid_090d","mid",90,0,0
282,"mid_090d","mid",90,0.111111111111111,0.333333333333333
283,"mid_090d","mid",90,0,0
284,"mid_090d","mid",90,0,0
285,"mid_090d","mid",90,0,0
286,"mid_090d","mid",90,0,0
287,"mid_090d","mid",90,0,0
288,"mid_090d","mid",90,0,0
289,"mid_090d","mid",90,0.111111111111111,0.333333333333333
290,"mid_090d","mid",90,0,0
291,"mid_090d","mid",90,0,0
292,"mid_090d","mid",90,0,0
293,"mid_090d","mid",90,0,0
294,"mid_090d","mid",90,0,0
295,"mid_090d","mid",90,0,0
296,"mid_090d","mid",90,0.111111111111111,0.333333333333333
297,"mid_090d","mid",90,0.111111111111111,0.333333333333333
298,"mid_090d","mid",90,0,0
299,"mid_090d","mid",90,0.111111111111111,0.333333333333333
300,"mid_090d","mid",90,0,0
301,"mid_090d","mid",90,0,0
302,"mid_090d","mid",90,0.222222222222222,0.666666666666667
303,"mid_090d","mid",90,0,0
304,"mid_090d","mid",90,0.111111111111111,0.333333333333333
305,"mid_090d","mid",90,0,0
306,"mid_090d","mid",90,0,0
307,"mid_090d","mid",90,0,0
308,"mid_090d","mid",90,0.222222222222222,0.666666666666667
309,"mid_090d","mid",90,0,0
310,"mid_090d","mid",90,0,0
311,"mid_090d","mid",90,0,0
312,"mid_090d","mid",90,0,0
313,"mid_090d","mid",90,0,0
314,"mid_090d","mid",90,0,0
315,"mid_090d","mid",90,0,0
316,"mid_090d","mid",90,0,0
317,"mid_090d","mid",90,0.111111111111111,0.333333333333333
318,"mid_090d","mid",90,0,0
319,"mid_090d","mid",90,0,0
320,"mid_090d","mid",90,0,0
321,"mid_090d","mid",90,0.111111111111111,0.333333333333333
322,"mid_090d","mid",90,0,0
323,"mid_090d","mid",90,0.111111111111111,0.333333333333333
324,"mid_090d","mid",90,0,0
325,"mid_090d","mid",90,0,0
326,"mid_090d","mid",90,0,0
327,"mid_090d","mid",90,0.111111111111111,0.333333333333333
328,"mid_090d","mid",90,0,0
329,"mid_090d","mid",90,0,0
330,"mid_090d","mid",90,0,0
331,"mid_090d","mid",90,0,0
332,"mid_090d","mid",90,0,0
333,"mid_090d","mid",90,0,0
334,"mid_090d","mid",90,0,0
335,"mid_090d","mid",90,0,0
336,"mid_090d","mid",90,0,0
337,"mid_090d","mid",90,0,0
338,"mid_090d","mid",90,0,0
339,"mid_090d","mid",90,0,0
340,"mid_090d","mid",90,0,0
341,"mid_090d","mid",90,0,0
342,"mid_090d","mid",90,0,0
343,"mid_090d","mid",90,0,0
344,"mid_090d","mid",90,0,0
345,"mid_090d","mid",90,0,0
346,"mid_090d","mid",90,0,0
347,"mid_090d","mid",90,0,0
348,"mid_090d","mid",90,0,0
349,"mid_090d","mid",90,0,0
350,"mid_090d","mid",90,0,0
351,"mid_090d","mid",90,0,0
352,"mid_090d","mid",90,0,0
353,"mid_090d","mid",90,0,0
354,"mid_090d","mid",90,0,0
355,"mid_090d","mid",90,0,0
356,"mid_090d","mid",90,0,0
357,"mid_090d","mid",90,0,0
358,"mid_090d","mid",90,0,0
359,"mid_090d","mid",90,0,0
360,"mid_090d","mid",90,0,0
361,"mid_090d","mid",90,0,0
362,"mid_090d","mid",90,0,0
363,"mid_090d","mid",90,0,0
364,"mid_090d","mid",90,0,0
365,"mid_090d","mid",90,0,0
1,"mid_180d","mid",180,0,0
2,"mid_180d","mid",180,0,0
3,"mid_180d","mid",180,0.111111111111111,0.333333333333333
4,"mid_180d","mid",180,0.555555555555556,1.0137937550497
5,"mid_180d","mid",180,2.11111111111111,2.93446947694317
6,"mid_180d","mid",180,3.66666666666667,4.7169905660283
7,"mid_180d","mid",180,4.22222222222222,5.76146200581453
8,"mid_180d","mid",180,8.44444444444444,10.690078473883
9,"mid_180d","mid",180,10.5555555555556,11.9594221339402
10,"mid_180d","mid",180,8.66666666666667,7.74596669241483
11,"mid_180d","mid",180,12.8888888888889,12.8398251978409
12,"mid_180d","mid",180,9.11111111111111,5.13430726691645
13,"mid_180d","mid",180,9.88888888888889,6.91817252683909
14,"mid_180d","mid",180,13.5555555555556,13.1540023482504
15,"mid_180d","mid",180,9.77777777777778,9.6148034012373
16,"mid_180d","mid",180,14.1111111111111,7.57371184500118
17,"mid_180d","mid",180,18.5555555555556,15.3957064721882
18,"mid_180d","mid",180,12.6666666666667,10.2713192920871
19,"mid_180d","mid",180,12.3333333333333,14.8070928949608
20,"mid_180d","mid",180,20.7777777777778,17.7818571708482
21,"mid_180d","mid",180,18,16.0779351908135
22,"mid_180d","mid",180,16.4444444444444,18.0285267777979
23,"mid_180d","mid",180,22.8888888888889,14.3913554299486
24,"mid_180d","mid",180,14.7777777777778,14.7375182593422
25,"mid_180d","mid",180,10.1111111111111,11.0050493461461
26,"mid_180d","mid",180,21.8888888888889,15.2351931760353
27,"mid_180d","mid",180,18.4444444444444,15.363195558795
28,"mid_180d","mid",180,20.1111111111111,14.0751948871449
29,"mid_180d","mid",180,20,17.3421451960246
30,"mid_180d","mid",180,20.2222222222222,17.1448080900442
31,"mid_180d","mid",180,22.3333333333333,17.5428047928488
32,"mid_180d","mid",180,18,14.5859521458148
33,"mid_180d","mid",180,21.6666666666667,16.6433169770932
34,"mid_180d","mid",180,15.3333333333333,14.5
35,"mid_180d","mid",180,20.2222222222222,11.2891294812507
36,"mid_180d","mid",180,12.8888888888889,14.3129700310981
37,"mid_180d","mid",180,15.4444444444444,14.7148828666007
38,"mid_180d","mid",180,16.3333333333333,15.0332963783729
39,"mid_180d","mid",180,13.2222222222222,11.3993177183744
40,"mid_180d","mid",180,14.3333333333333,11.5
41,"mid_180d","mid",180,16.4444444444444,9.05691877946235
42,"mid_180d","mid",180,23.6666666666667,13.1909059582729
43,"mid_180d","mid",180,12.3333333333333,11.4236596587959
44,"mid_180d","mid",180,14.5555555555556,12.2689762318532
45,"mid_180d","mid",180,23.2222222222222,18.9919573621163
46,"mid_180d","mid",180,13,8.12403840463596
47,"mid_180d","mid",180,14.5555555555556,13.1159360236995
48,"mid_180d","mid",180,16.8888888888889,10.9252510777149
49,"mid_180d","mid",180,10.2222222222222,10.9747184221029
50,"mid_180d","mid",180,12.3333333333333,9.04157066001256
51,"mid_180d","mid",180,12.7777777777778,8.19722175157196
52,"mid_180d","mid",180,12.1111111111111,8.73848448594555
53,"mid_180d","mid",180,11.7777777777778,7.52957133205101
54,"mid_180d","mid",180,20.5555555555556,11.6416398234002
55,"mid_180d","mid",180,16.2222222222222,11.6916399381971
56,"mid_180d","mid",180,14,10.1980390271856
57,"mid_180d","mid",180,15.7777777777778,9.20295846151902
58,"mid_180d","mid",180,13,15.556349186104
59,"mid_180d","mid",180,9.11111111111111,6.75359986311827
60,"mid_180d","mid",180,12.7777777777778,5.62978191801818
61,"mid_180d","mid",180,10.5555555555556,9.12566588133588
62,"mid_180d","mid",180,13.4444444444444,7.5018516232846
63,"mid_180d","mid",180,7.88888888888889,8.78129324821299
64,"mid_180d","mid",180,7.77777777777778,6.88799277325727
65,"mid_180d","mid",180,11.5555555555556,9.38231196335838
66,"mid_180d","mid",180,8.66666666666667,7.93725393319377
67,"mid_180d","mid",180,5.88888888888889,5.18277060182207
68,"mid_180d","mid",180,8.33333333333333,11.7260393995586
69,"mid_180d","mid",180,9.55555555555556,6.65415492589238
70,"mid_180d","mid",180,10.6666666666667,9.88685996664259
71,"mid_180d","mid",180,7,6.61437827766148
72,"mid_180d","mid",180,7.33333333333333,8.71779788708135
73,"mid_180d","mid",180,14.2222222222222,12.1837779216647
74,"mid_180d","mid",180,11.3333333333333,7.22841614740048
75,"mid_180d","mid",180,11.5555555555556,6.32675096536744
76,"mid_180d","mid",180,8.33333333333333,6.46142399166004
77,"mid_180d","mid",180,3.88888888888889,3.72305131728145
78,"mid_180d","mid",180,8.22222222222222,6.20035841257942
79,"mid_180d","mid",180,7.11111111111111,5.3489355119604
80,"mid_180d","mid",180,6.44444444444444,5.15051238012081
81,"mid_180d","mid",180,4.55555555555556,4.06543697255016
82,"mid_180d","mid",180,8.11111111111111,8.14623293989996
83,"mid_180d","mid",180,2.33333333333333,2
84,"mid_180d","mid",180,10.3333333333333,9.5655632348545
85,"mid_180d","mid",180,8.22222222222222,9.43103623386341
86,"mid_180d","mid",180,10.8888888888889,12.6633767657411
87,"mid_180d","mid",180,6.88888888888889,6.35303951751531
88,"mid_180d","mid",180,7.22222222222222,3.38296385503074
89,"mid_180d","mid",180,6.22222222222222,5.23874454850057
90,"mid_180d","mid",180,5.55555555555556,4.71993408616877
91,"mid_180d","mid",180,5.11111111111111,5.60009920547048
92,"mid_180d","mid",180,8.66666666666667,13.5369863706809
93,"mid_180d","mid",180,5,2.91547594742265
94,"mid_180d","mid",180,6.22222222222222,7.57921133393472
95,"mid_180d","mid",180,3.66666666666667,2.87228132326901
96,"mid_180d","mid",180,5,4.12310562561766
97,"mid_180d","mid",180,7,11.7792189893897
98,"mid_180d","mid",180,6.33333333333333,7.76208734813001
99,"mid_180d","mid",180,8.77777777777778,7.03167436990966
100,"mid_180d","mid",180,9.77777777777778,12.1632415270126
101,"mid_180d","mid",180,4.66666666666667,4.24264068711928
102,"mid_180d","mid",180,5.22222222222222,2.72845092395748
103,"mid_180d","mid",180,6.55555555555556,9.28858319539518
104,"mid_180d","mid",180,8,14.2565774293833
105,"mid_180d","mid",180,6.77777777777778,9.31098514897561
106,"mid_180d","mid",180,5.44444444444444,3.08670986290869
107,"mid_180d","mid",180,4.44444444444444,3.00462606288666
108,"mid_180d","mid",180,3.11111111111111,4.7551142058957
109,"mid_180d","mid",180,6.88888888888889,10.4216654672423
110,"mid_180d","mid",180,4.77777777777778,6.61017733835065
111,"mid_180d","mid",180,4.55555555555556,3.84418753155693
112,"mid_180d","mid",180,3,2.39791576165636
113,"mid_180d","mid",180,4.55555555555556,5.02770104299945
114,"mid_180d","mid",180,4.66666666666667,5.31507290636732
115,"mid_180d","mid",180,3.88888888888889,2.97676184991529
116,"mid_180d","mid",180,7.55555555555556,8.83333333333333
117,"mid_180d","mid",180,2.33333333333333,2.06155281280883
118,"mid_180d","mid",180,3,4.33012701892219
119,"mid_180d","mid",180,2.88888888888889,4.07567308687916
120,"mid_180d","mid",180,1.88888888888889,2.31540733157497
121,"mid_180d","mid",180,3.88888888888889,2.61937227425028
122,"mid_180d","mid",180,3.66666666666667,2.78388218141501
123,"mid_180d","mid",180,2,1.58113883008419
124,"mid_180d","mid",180,3.77777777777778,3.45607355888795
125,"mid_180d","mid",180,2.33333333333333,2.12132034355964
126,"mid_180d","mid",180,2.33333333333333,1.4142135623731
127,"mid_180d","mid",180,3.88888888888889,4.31405970184826
128,"mid_180d","mid",180,2.11111111111111,1.96497102042527
129,"mid_180d","mid",180,3.22222222222222,5.69600249687835
130,"mid_180d","mid",180,2.55555555555556,1.42400062421959
131,"mid_180d","mid",180,1.44444444444444,1.13038833052088
132,"mid_180d","mid",180,3.22222222222222,5.06896877524852
133,"mid_180d","mid",180,3.66666666666667,4.03112887414927
134,"mid_180d","mid",180,1.22222222222222,0.666666666666667
135,"mid_180d","mid",180,5.33333333333333,8.21583836257749
136,"mid_180d","mid",180,1.44444444444444,2.00693242979872
137,"mid_180d","mid",180,1.33333333333333,0.866025403784439
138,"mid_180d","mid",180,2.55555555555556,4.06543697255016
139,"mid_180d","mid",180,3.66666666666667,7.63216876123687
140,"mid_180d","mid",180,1.55555555555556,1.23603308118261
141,"mid_180d","mid",180,2.22222222222222,2.33333333333333
142,"mid_180d","mid",180,1.55555555555556,1.0137937550497
143,"mid_180d","mid",180,2.88888888888889,4.67558671303518
144,"mid_180d","mid",180,1,0.707106781186548
145,"mid_180d","mid",180,2.33333333333333,4.12310562561766
146,"mid_180d","mid",180,1.22222222222222,2.22361067735439
147,"mid_180d","mid",180,1.44444444444444,1.50923085635624
148,"mid_180d","mid",180,1.44444444444444,1.42400062421959
149,"mid_180d","mid",180,3.22222222222222,5.62978191801818
150,"mid_180d","mid",180,0.777777777777778,0.666666666666667
151,"mid_180d","mid",180,1.88888888888889,4.56739653534824
152,"mid_180d","mid",180,3.22222222222222,5.09356892997871
153,"mid_180d","mid",180,2.11111111111111,2.61937227425028
154,"mid_180d","mid",180,1.33333333333333,1.87082869338697
155,"mid_180d","mid",180,2.33333333333333,4.55521678957215
156,"mid_180d","mid",180,1.11111111111111,1.61589328580544
157,"mid_180d","mid",180,0.666666666666667,1
158,"mid_180d","mid",180,2.77777777777778,5.86893895388634
159,"mid_180d","mid",180,1.33333333333333,1.5
160,"mid_180d","mid",180,1.44444444444444,1.81046341520004
161,"mid_180d","mid",180,1.55555555555556,2.96273147243853
162,"mid_180d","mid",180,0.666666666666667,0.707106781186548
163,"mid_180d","mid",180,0.444444444444444,0.726483157256779
164,"mid_180d","mid",180,1.11111111111111,1.26929551764398
165,"mid_180d","mid",180,2.11111111111111,5.23078494215841
166,"mid_180d","mid",180,1,1.3228756555323
167,"mid_180d","mid",180,1.55555555555556,1.58989866902824
168,"mid_180d","mid",180,1.22222222222222,2.22361067735439
169,"mid_180d","mid",180,2.11111111111111,4.13655788199695
170,"mid_180d","mid",180,1.33333333333333,1.6583123951777
171,"mid_180d","mid",180,1.55555555555556,3.20589734361189
172,"mid_180d","mid",180,0.777777777777778,0.97182531580755
173,"mid_180d","mid",180,1.11111111111111,1.96497102042527
174,"mid_180d","mid",180,1.44444444444444,2.92023591132254
175,"mid_180d","mid",180,1.44444444444444,3.2829526005987
176,"mid_180d","mid",180,1.33333333333333,2
177,"mid_180d","mid",180,1.22222222222222,1.64147630029935
178,"mid_180d","mid",180,2.33333333333333,6.26498204307083
179,"mid_180d","mid",180,0.888888888888889,0.927960727138337
180,"mid_180d","mid",180,0.555555555555556,0.881917103688197
181,"mid_180d","mid",180,0.333333333333333,0.5
182,"mid_180d","mid",180,0.222222222222222,0.440958551844098
183,"mid_180d","mid",180,1.22222222222222,2.94863433549236
184,"mid_180d","mid",180,0.555555555555556,0.52704627669473
185,"mid_180d","mid",180,0,0
186,"mid_180d","mid",180,1.33333333333333,3.278719262151
187,"mid_180d","mid",180,0.888888888888889,1.36422546197874
188,"mid_180d","mid",180,0.777777777777778,1.30170827931778
189,"mid_180d","mid",180,0.666666666666667,1.3228756555323
190,"mid_180d","mid",180,0.777777777777778,0.833333333333333
191,"mid_180d","mid",180,1.22222222222222,1.71593835683117
192,"mid_180d","mid",180,1.22222222222222,2.94863433549236
193,"mid_180d","mid",180,0.444444444444444,0.52704627669473
194,"mid_180d","mid",180,0.666666666666667,1.4142135623731
195,"mid_180d","mid",180,1.11111111111111,1.96497102042527
196,"mid_180d","mid",180,1,1.93649167310371
197,"mid_180d","mid",180,0.777777777777778,1.98606254796883
198,"mid_180d","mid",180,0.444444444444444,0.52704627669473
199,"mid_180d","mid",180,0.444444444444444,1.0137937550497
200,"mid_180d","mid",180,0.111111111111111,0.333333333333333
201,"mid_180d","mid",180,0.222222222222222,0.440958551844098
202,"mid_180d","mid",180,1,1.93649167310371
203,"mid_180d","mid",180,0.777777777777778,1.71593835683117
204,"mid_180d","mid",180,0.777777777777778,1.30170827931778
205,"mid_180d","mid",180,0.888888888888889,1.83333333333333
206,"mid_180d","mid",180,0.555555555555556,0.881917103688197
207,"mid_180d","mid",180,0.888888888888889,1.69148192751537
208,"mid_180d","mid",180,0.222222222222222,0.440958551844098
209,"mid_180d","mid",180,0.222222222222222,0.666666666666667
210,"mid_180d","mid",180,1,1.93649167310371
211,"mid_180d","mid",180,0.333333333333333,1
212,"mid_180d","mid",180,0.222222222222222,0.440958551844098
213,"mid_180d","mid",180,0.777777777777778,1.98606254796883
214,"mid_180d","mid",180,0.555555555555556,1.66666666666667
215,"mid_180d","mid",180,0.333333333333333,1
216,"mid_180d","mid",180,0.666666666666667,1.6583123951777
217,"mid_180d","mid",180,0.555555555555556,1.66666666666667
218,"mid_180d","mid",180,0.111111111111111,0.333333333333333
219,"mid_180d","mid",180,0.222222222222222,0.666666666666667
220,"mid_180d","mid",180,0.222222222222222,0.440958551844098
221,"mid_180d","mid",180,0.666666666666667,1.3228756555323
222,"mid_180d","mid",180,0.222222222222222,0.440958551844098
223,"mid_180d","mid",180,0.444444444444444,1.0137937550497
224,"mid_180d","mid",180,0.111111111111111,0.333333333333333
225,"mid_180d","mid",180,0.111111111111111,0.333333333333333
226,"mid_180d","mid",180,0.555555555555556,1.13038833052088
227,"mid_180d","mid",180,0.111111111111111,0.333333333333333
228,"mid_180d","mid",180,0.666666666666667,2
229,"mid_180d","mid",180,0.222222222222222,0.440958551844098
230,"mid_180d","mid",180,0.111111111111111,0.333333333333333
231,"mid_180d","mid",180,0,0
232,"mid_180d","mid",180,0.444444444444444,1.33333333333333
233,"mid_180d","mid",180,0.222222222222222,0.440958551844098
234,"mid_180d","mid",180,0.222222222222222,0.666666666666667
235,"mid_180d","mid",180,0.333333333333333,1
236,"mid_180d","mid",180,0.222222222222222,0.666666666666667
237,"mid_180d","mid",180,0.333333333333333,0.707106781186548
238,"mid_180d","mid",180,0.222222222222222,0.666666666666667
239,"mid_180d","mid",180,0.222222222222222,0.666666666666667
240,"mid_180d","mid",180,0.111111111111111,0.333333333333333
241,"mid_180d","mid",180,0.111111111111111,0.333333333333333
242,"mid_180d","mid",180,0.222222222222222,0.666666666666667
243,"mid_180d","mid",180,0.111111111111111,0.333333333333333
244,"mid_180d","mid",180,0.111111111111111,0.333333333333333
245,"mid_180d","mid",180,0.111111111111111,0.333333333333333
246,"mid_180d","mid",180,0.111111111111111,0.333333333333333
247,"mid_180d","mid",180,0.111111111111111,0.333333333333333
248,"mid_180d","mid",180,0.333333333333333,1
249,"mid_180d","mid",180,0.333333333333333,1
250,"mid_180d","mid",180,0.111111111111111,0.333333333333333
251,"mid_180d","mid",180,0.222222222222222,0.666666666666667
252,"mid_180d","mid",180,0.222222222222222,0.666666666666667
253,"mid_180d","mid",180,0.111111111111111,0.333333333333333
254,"mid_180d","mid",180,0,0
255,"mid_180d","mid",180,0.111111111111111,0.333333333333333
256,"mid_180d","mid",180,0.111111111111111,0.333333333333333
257,"mid_180d","mid",180,0.111111111111111,0.333333333333333
258,"mid_180d","mid",180,0,0
259,"mid_180d","mid",180,0.333333333333333,0.707106781186548
260,"mid_180d","mid",180,0,0
261,"mid_180d","mid",180,0.111111111111111,0.333333333333333
262,"mid_180d","mid",180,0,0
263,"mid_180d","mid",180,0.222222222222222,0.666666666666667
264,"mid_180d","mid",180,0.222222222222222,0.666666666666667
265,"mid_180d","mid",180,0.222222222222222,0.666666666666667
266,"mid_180d","mid",180,0.111111111111111,0.333333333333333
267,"mid_180d","mid",180,0.333333333333333,0.707106781186548
268,"mid_180d","mid",180,0.111111111111111,0.333333333333333
269,"mid_180d","mid",180,0.333333333333333,1
270,"mid_180d","mid",180,0,0
271,"mid_180d","mid",180,0.111111111111111,0.333333333333333
272,"mid_180d","mid",180,0.111111111111111,0.333333333333333
273,"mid_180d","mid",180,0,0
274,"mid_180d","mid",180,0.111111111111111,0.333333333333333
275,"mid_180d","mid",180,0.111111111111111,0.333333333333333
276,"mid_180d","mid",180,0.111111111111111,0.333333333333333
277,"mid_180d","mid",180,0.111111111111111,0.333333333333333
278,"mid_180d","mid",180,0.111111111111111,0.333333333333333
279,"mid_180d","mid",180,0,0
280,"mid_180d","mid",180,0.222222222222222,0.666666666666667
281,"mid_180d","mid",180,0,0
282,"mid_180d","mid",180,0,0
283,"mid_180d","mid",180,0,0
284,"mid_180d","mid",180,0.111111111111111,0.333333333333333
285,"mid_180d","mid",180,0,0
286,"mid_180d","mid",180,0,0
287,"mid_180d","mid",180,0.111111111111111,0.333333333333333
288,"mid_180d","mid",180,0,0
289,"mid_180d","mid",180,0,0
290,"mid_180d","mid",180,0,0
291,"mid_180d","mid",180,0,0
292,"mid_180d","mid",180,0.111111111111111,0.333333333333333
293,"mid_180d","mid",180,0.111111111111111,0.333333333333333
294,"mid_180d","mid",180,0,0
295,"mid_180d","mid",180,0.111111111111111,0.333333333333333
296,"mid_180d","mid",180,0.111111111111111,0.333333333333333
297,"mid_180d","mid",180,0.111111111111111,0.333333333333333
298,"mid_180d","mid",180,0,0
299,"mid_180d","mid",180,0,0
300,"mid_180d","mid",180,0,0
301,"mid_180d","mid",180,0,0
302,"mid_180d","mid",180,0.111111111111111,0.333333333333333
303,"mid_180d","mid",180,0,0
304,"mid_180d","mid",180,0,0
305,"mid_180d","mid",180,0,0
306,"mid_180d","mid",180,0.111111111111111,0.333333333333333
307,"mid_180d","mid",180,0,0
308,"mid_180d","mid",180,0.111111111111111,0.333333333333333
309,"mid_180d","mid",180,0.111111111111111,0.333333333333333
310,"mid_180d","mid",180,0.111111111111111,0.333333333333333
311,"mid_180d","mid",180,0,0
312,"mid_180d","mid",180,0,0
313,"mid_180d","mid",180,0.111111111111111,0.333333333333333
314,"mid_180d","mid",180,0,0
315,"mid_180d","mid",180,0,0
316,"mid_180d","mid",180,0,0
317,"mid_180d","mid",180,0.111111111111111,0.333333333333333
318,"mid_180d","mid",180,0,0
319,"mid_180d","mid",180,0,0
320,"mid_180d","mid",180,0,0
321,"mid_180d","mid",180,0.111111111111111,0.333333333333333
322,"mid_180d","mid",180,0,0
323,"mid_180d","mid",180,0.111111111111111,0.333333333333333
324,"mid_180d","mid",180,0,0
325,"mid_180d","mid",180,0,0
326,"mid_180d","mid",180,0,0
327,"mid_180d","mid",180,0.111111111111111,0.333333333333333
328,"mid_180d","mid",180,0.111111111111111,0.333333333333333
329,"mid_180d","mid",180,0,0
330,"mid_180d","mid",180,0,0
331,"mid_180d","mid",180,0,0
332,"mid_180d","mid",180,0,0
333,"mid_180d","mid",180,0.111111111111111,0.333333333333333
334,"mid_180d","mid",180,0.111111111111111,0.333333333333333
335,"mid_180d","mid",180,0,0
336,"mid_180d","mid",180,0,0
337,"mid_180d","mid",180,0.111111111111111,0.333333333333333
338,"mid_180d","mid",180,0,0
339,"mid_180d","mid",180,0,0
340,"mid_180d","mid",180,0,0
341,"mid_180d","mid",180,0,0
342,"mid_180d","mid",180,0,0
343,"mid_180d","mid",180,0,0
344,"mid_180d","mid",180,0.111111111111111,0.333333333333333
345,"mid_180d","mid",180,0.111111111111111,0.333333333333333
346,"mid_180d","mid",180,0,0
347,"mid_180d","mid",180,0,0
348,"mid_180d","mid",180,0,0
349,"mid_180d","mid",180,0,0
350,"mid_180d","mid",180,0,0
351,"mid_180d","mid",180,0,0
352,"mid_180d","mid",180,0,0
353,"mid_180d","mid",180,0,0
354,"mid_180d","mid",180,0,0
355,"mid_180d","mid",180,0,0
356,"mid_180d","mid",180,0,0
357,"mid_180d","mid",180,0,0
358,"mid_180d","mid",180,0,0
359,"mid_180d","mid",180,0,0
360,"mid_180d","mid",180,0,0
361,"mid_180d","mid",180,0,0
362,"mid_180d","mid",180,0,0
363,"mid_180d","mid",180,0,0
364,"mid_180d","mid",180,0,0
365,"mid_180d","mid",180,0,0
1,"mid_365d","mid",365,0,0
2,"mid_365d","mid",365,0,0
3,"mid_365d","mid",365,0.111111111111111,0.333333333333333
4,"mid_365d","mid",365,0.333333333333333,1
5,"mid_365d","mid",365,0.111111111111111,0.333333333333333
6,"mid_365d","mid",365,3.77777777777778,5.9113826169894
7,"mid_365d","mid",365,4.77777777777778,6.75976659689108
8,"mid_365d","mid",365,5.55555555555556,8.41295297608264
9,"mid_365d","mid",365,5.11111111111111,6.73506578372558
10,"mid_365d","mid",365,7.88888888888889,9.1712109947984
11,"mid_365d","mid",365,7.55555555555556,8.53098926137982
12,"mid_365d","mid",365,5.77777777777778,5.69600249687835
13,"mid_365d","mid",365,7.44444444444444,9.2210507957487
14,"mid_365d","mid",365,9.66666666666667,12.3895116933639
15,"mid_365d","mid",365,5.88888888888889,8.52121535410948
16,"mid_365d","mid",365,4.77777777777778,5.86893895388634
17,"mid_365d","mid",365,10.7777777777778,9.12109886167475
18,"mid_365d","mid",365,8.66666666666667,7.76208734813001
19,"mid_365d","mid",365,7.66666666666667,6.68954408012983
20,"mid_365d","mid",365,10.7777777777778,15.0812613678182
21,"mid_365d","mid",365,5.22222222222222,6.39878460681749
22,"mid_365d","mid",365,8.77777777777778,9.05231707600018
23,"mid_365d","mid",365,13,12.1963109176505
24,"mid_365d","mid",365,9,9.5524865872714
25,"mid_365d","mid",365,10.6666666666667,10.1118742080783
26,"mid_365d","mid",365,5.55555555555556,7.1956777149743
27,"mid_365d","mid",365,9.33333333333333,11.4891252930761
28,"mid_365d","mid",365,7.33333333333333,7.39932429347437
29,"mid_365d","mid",365,12.4444444444444,16.6891514996353
30,"mid_365d","mid",365,14.2222222222222,12.4777579894965
31,"mid_365d","mid",365,8,5.65685424949238
32,"mid_365d","mid",365,7.66666666666667,7.76208734813001
33,"mid_365d","mid",365,9.88888888888889,7.73699625895677
34,"mid_365d","mid",365,7.77777777777778,5.28625050905123
35,"mid_365d","mid",365,12.8888888888889,12.7126358836833
36,"mid_365d","mid",365,8.88888888888889,7.5901983578238
37,"mid_365d","mid",365,10.3333333333333,9.09670269933013
38,"mid_365d","mid",365,9.33333333333333,7.34846922834953
39,"mid_365d","mid",365,10.7777777777778,12.6172280808601
40,"mid_365d","mid",365,9.77777777777778,8.36327952686292
41,"mid_365d","mid",365,9,7.39932429347437
42,"mid_365d","mid",365,13.5555555555556,10.6549414722831
43,"mid_365d","mid",365,6.33333333333333,5.5
44,"mid_365d","mid",365,11.6666666666667,7.71362431027076
45,"mid_365d","mid",365,11.1111111111111,7.60664913816268
46,"mid_365d","mid",365,11.3333333333333,8.12403840463596
47,"mid_365d","mid",365,7.77777777777778,8.16666666666667
48,"mid_365d","mid",365,14.2222222222222,12.8040792111125
49,"mid_365d","mid",365,8.77777777777778,5.11805084426136
50,"mid_365d","mid",365,9.88888888888889,7.9599692908397
51,"mid_365d","mid",365,6.44444444444444,4.47524052736585
52,"mid_365d","mid",365,9.11111111111111,7.3219608788296
53,"mid_365d","mid",365,7.11111111111111,8.00694143297621
54,"mid_365d","mid",365,13.7777777777778,9.94708220758451
55,"mid_365d","mid",365,8.33333333333333,7.63216876123687
56,"mid_365d","mid",365,9.11111111111111,7.5901983578238
57,"mid_365d","mid",365,7.55555555555556,7.5018516232846
58,"mid_365d","mid",365,7.66666666666667,6.9462219947249
59,"mid_365d","mid",365,7.77777777777778,7.57921133393472
60,"mid_365d","mid",365,6.11111111111111,6.5849154217128
61,"mid_365d","mid",365,6.77777777777778,5.9113826169894
62,"mid_365d","mid",365,8.22222222222222,7.83865067753656
63,"mid_365d","mid",365,8.55555555555556,7.92324288266981
64,"mid_365d","mid",365,8.33333333333333,7.82623792124926
65,"mid_365d","mid",365,5.22222222222222,4.84194634877798
66,"mid_365d","mid",365,5.22222222222222,6.45712354260351
67,"mid_365d","mid",365,5.44444444444444,5.31768537784794
68,"mid_365d","mid",365,9,6.87386354243376
69,"mid_365d","mid",365,4.55555555555556,5.00277700660121
70,"mid_365d","mid",365,6,6.48074069840786
71,"mid_365d","mid",365,7.44444444444444,6.00231436845637
72,"mid_365d","mid",365,7.55555555555556,5.59265391185417
73,"mid_365d","mid",365,5.22222222222222,4.96935050529186
74,"mid_365d","mid",365,3.44444444444444,2.40370085030933
75,"mid_365d","mid",365,8.22222222222222,6.24054840894969
76,"mid_365d","mid",365,5.22222222222222,4.29469957557504
77,"mid_365d","mid",365,3.44444444444444,3.04594448041618
78,"mid_365d","mid",365,3.33333333333333,2.64575131106459
79,"mid_365d","mid",365,4.44444444444444,4.74634362196605
80,"mid_365d","mid",365,3.88888888888889,2.80376730687679
81,"mid_365d","mid",365,6.66666666666667,5.1478150704935
82,"mid_365d","mid",365,6.44444444444444,4.33333333333333
83,"mid_365d","mid",365,4.88888888888889,4.51232879022696
84,"mid_365d","mid",365,6,3.60555127546399
85,"mid_365d","mid",365,4.11111111111111,5.03598164324604
86,"mid_365d","mid",365,5.55555555555556,4.3906466241065
87,"mid_365d","mid",365,6.11111111111111,4.80740170061865
88,"mid_365d","mid",365,4.44444444444444,5.19882465349407
89,"mid_365d","mid",365,5.22222222222222,4.65772953749404
90,"mid_365d","mid",365,2.55555555555556,2.55495161945932
91,"mid_365d","mid",365,6.88888888888889,8.86629071884692
92,"mid_365d","mid",365,3.66666666666667,4
93,"mid_365d","mid",365,3.77777777777778,3.0731814857643
94,"mid_365d","mid",365,4.44444444444444,3.53946009693255
95,"mid_365d","mid",365,3.55555555555556,4.8762462794426
96,"mid_365d","mid",365,4.77777777777778,2.86259400621961
97,"mid_365d","mid",365,5.55555555555556,5.31768537784794
98,"mid_365d","mid",365,3.33333333333333,3.08220700148449
99,"mid_365d","mid",365,5.33333333333333,3.24037034920393
100,"mid_365d","mid",365,5.44444444444444,4.33333333333333
101,"mid_365d","mid",365,4.55555555555556,6.2271805640898
102,"mid_365d","mid",365,5,4.5
103,"mid_365d","mid",365,3.22222222222222,2.81858908754796
104,"mid_365d","mid",365,5.88888888888889,7.2014659001561
105,"mid_365d","mid",365,2.66666666666667,2.44948974278318
106,"mid_365d","mid",365,2.44444444444444,2.35112266327765
107,"mid_365d","mid",365,2.33333333333333,3.46410161513775
108,"mid_365d","mid",365,2.88888888888889,1.76383420737639
109,"mid_365d","mid",365,5.77777777777778,10.3050688714071
110,"mid_365d","mid",365,4.66666666666667,5.33853912601566
111,"mid_365d","mid",365,1.77777777777778,2.10818510677892
112,"mid_365d","mid",365,2.77777777777778,2.33333333333333
113,"mid_365d","mid",365,2.66666666666667,5.43139024560011
114,"mid_365d","mid",365,2.44444444444444,4.77260702109212
115,"mid_365d","mid",365,4.88888888888889,5.73246117397328
116,"mid_365d","mid",365,4.88888888888889,8.10006858681524
117,"mid_365d","mid",365,3.22222222222222,2.86259400621961
118,"mid_365d","mid",365,2.55555555555556,2.40370085030933
119,"mid_365d","mid",365,2.55555555555556,2.96273147243853
120,"mid_365d","mid",365,1.77777777777778,1.7873008824606
121,"mid_365d","mid",365,1.66666666666667,1.87082869338697
122,"mid_365d","mid",365,4,6.80073525436772
123,"mid_365d","mid",365,3.22222222222222,4.29469957557504
124,"mid_365d","mid",365,2.11111111111111,1.36422546197874
125,"mid_365d","mid",365,0.777777777777778,0.666666666666667
126,"mid_365d","mid",365,1,1.22474487139159
127,"mid_365d","mid",365,2.55555555555556,2.24227067451229
128,"mid_365d","mid",365,0.777777777777778,1.092906420717
129,"mid_365d","mid",365,2.11111111111111,3.82244831372657
130,"mid_365d","mid",365,3,2.78388218141501
131,"mid_365d","mid",365,1.77777777777778,2.68224615657185
132,"mid_365d","mid",365,2.22222222222222,2.68224615657185
133,"mid_365d","mid",365,1.44444444444444,1.42400062421959
134,"mid_365d","mid",365,1.55555555555556,1.33333333333333
135,"mid_365d","mid",365,2.11111111111111,3.75647588986155
136,"mid_365d","mid",365,2.55555555555556,3.16666666666667
137,"mid_365d","mid",365,3,4.30116263352131
138,"mid_365d","mid",365,2.11111111111111,2.89155859548291
139,"mid_365d","mid",365,3.11111111111111,7.14920352984241
140,"mid_365d","mid",365,1.66666666666667,2.91547594742265
141,"mid_365d","mid",365,2.11111111111111,3.01846171271247
142,"mid_365d","mid",365,2.33333333333333,4.03112887414927
143,"mid_365d","mid",365,1.22222222222222,1.7873008824606
144,"mid_365d","mid",365,2.44444444444444,5.15051238012081
145,"mid_365d","mid",365,2.55555555555556,4.41902452785428
146,"mid_365d","mid",365,1,1.3228756555323
147,"mid_365d","mid",365,1.11111111111111,0.927960727138337
148,"mid_365d","mid",365,1.33333333333333,1.4142135623731
149,"mid_365d","mid",365,1.55555555555556,2.60341655863555
150,"mid_365d","mid",365,2,3.08220700148449
151,"mid_365d","mid",365,1,1.93649167310371
152,"mid_365d","mid",365,1.33333333333333,2.23606797749979
153,"mid_365d","mid",365,2.55555555555556,5.12618549974323
154,"mid_365d","mid",365,0.888888888888889,1.36422546197874
155,"mid_365d","mid",365,1.22222222222222,1.48136573621926
156,"mid_365d","mid",365,1.11111111111111,1.69148192751537
157,"mid_365d","mid",365,1.22222222222222,1.48136573621926
158,"mid_365d","mid",365,0.555555555555556,0.726483157256779
159,"mid_365d","mid",365,1.11111111111111,0.927960727138337
160,"mid_365d","mid",365,0.666666666666667,1.6583123951777
161,"mid_365d","mid",365,0.666666666666667,0.707106781186548
162,"mid_365d","mid",365,0.666666666666667,1
163,"mid_365d","mid",365,0.333333333333333,1
164,"mid_365d","mid",365,1.22222222222222,1.64147630029935
165,"mid_365d","mid",365,1.11111111111111,1.69148192751537
166,"mid_365d","mid",365,0.666666666666667,0.866025403784439
167,"mid_365d","mid",365,0.777777777777778,0.97182531580755
168,"mid_365d","mid",365,0.777777777777778,0.666666666666667
169,"mid_365d","mid",365,0.444444444444444,0.52704627669473
170,"mid_365d","mid",365,0.888888888888889,0.927960727138337
171,"mid_365d","mid",365,0.333333333333333,0.5
172,"mid_365d","mid",365,0.555555555555556,0.726483157256779
173,"mid_365d","mid",365,0.777777777777778,0.833333333333333
174,"mid_365d","mid",365,0.777777777777778,1.092906420717
175,"mid_365d","mid",365,0.666666666666667,1
176,"mid_365d","mid",365,0.555555555555556,0.726483157256779
177,"mid_365d","mid",365,1.11111111111111,1.45296631451356
178,"mid_365d","mid",365,1.22222222222222,2.27913238852956
179,"mid_365d","mid",365,1.44444444444444,3.60940130461795
180,"mid_365d","mid",365,0.777777777777778,1.092906420717
181,"mid_365d","mid",365,0.333333333333333,0.707106781186548
182,"mid_365d","mid",365,0.666666666666667,1
183,"mid_365d","mid",365,0.777777777777778,1.092906420717
184,"mid_365d","mid",365,1.11111111111111,1.96497102042527
185,"mid_365d","mid",365,0.777777777777778,1.30170827931778
186,"mid_365d","mid",365,0.666666666666667,1.11803398874989
187,"mid_365d","mid",365,0.555555555555556,1.0137937550497
188,"mid_365d","mid",365,0.777777777777778,1.64147630029935
189,"mid_365d","mid",365,1,1.58113883008419
190,"mid_365d","mid",365,0.777777777777778,1.092906420717
191,"mid_365d","mid",365,0.444444444444444,1.0137937550497
192,"mid_365d","mid",365,1,2.29128784747792
193,"mid_365d","mid",365,0.333333333333333,0.5
194,"mid_365d","mid",365,0.777777777777778,1.30170827931778
195,"mid_365d","mid",365,0.444444444444444,0.52704627669473
196,"mid_365d","mid",365,0.222222222222222,0.440958551844098
197,"mid_365d","mid",365,0.555555555555556,0.726483157256779
198,"mid_365d","mid",365,0.777777777777778,1.98606254796883
199,"mid_365d","mid",365,1,1.6583123951777
200,"mid_365d","mid",365,0.777777777777778,1.98606254796883
201,"mid_365d","mid",365,0.888888888888889,2.02758751009941
202,"mid_365d","mid",365,0.666666666666667,1.11803398874989
203,"mid_365d","mid",365,0.222222222222222,0.440958551844098
204,"mid_365d","mid",365,0.444444444444444,0.726483157256779
205,"mid_365d","mid",365,0.666666666666667,1.3228756555323
206,"mid_365d","mid",365,0.777777777777778,1.39443337755679
207,"mid_365d","mid",365,0.777777777777778,1.98606254796883
208,"mid_365d","mid",365,0.555555555555556,1.33333333333333
209,"mid_365d","mid",365,0.111111111111111,0.333333333333333
210,"mid_365d","mid",365,0.555555555555556,1.33333333333333
211,"mid_365d","mid",365,0.555555555555556,1.33333333333333
212,"mid_365d","mid",365,0.555555555555556,1.33333333333333
213,"mid_365d","mid",365,1.11111111111111,1.96497102042527
214,"mid_365d","mid",365,0.111111111111111,0.333333333333333
215,"mid_365d","mid",365,0.444444444444444,1.0137937550497
216,"mid_365d","mid",365,0,0
217,"mid_365d","mid",365,0.111111111111111,0.333333333333333
218,"mid_365d","mid",365,0.444444444444444,0.726483157256779
219,"mid_365d","mid",365,0.444444444444444,1.0137937550497
220,"mid_365d","mid",365,0.444444444444444,0.726483157256779
221,"mid_365d","mid",365,0.444444444444444,0.726483157256779
222,"mid_365d","mid",365,0.222222222222222,0.440958551844098
223,"mid_365d","mid",365,0.111111111111111,0.333333333333333
224,"mid_365d","mid",365,0.222222222222222,0.666666666666667
225,"mid_365d","mid",365,0,0
226,"mid_365d","mid",365,0.333333333333333,0.707106781186548
227,"mid_365d","mid",365,0.111111111111111,0.333333333333333
228,"mid_365d","mid",365,0.222222222222222,0.666666666666667
229,"mid_365d","mid",365,0.444444444444444,1.0137937550497
230,"mid_365d","mid",365,0.222222222222222,0.666666666666667
231,"mid_365d","mid",365,0,0
232,"mid_365d","mid",365,0.111111111111111,0.333333333333333
233,"mid_365d","mid",365,0.111111111111111,0.333333333333333
234,"mid_365d","mid",365,0.111111111111111,0.333333333333333
235,"mid_365d","mid",365,0,0
236,"mid_365d","mid",365,0,0
237,"mid_365d","mid",365,0.222222222222222,0.440958551844098
238,"mid_365d","mid",365,0.222222222222222,0.666666666666667
239,"mid_365d","mid",365,0.111111111111111,0.333333333333333
240,"mid_365d","mid",365,0.111111111111111,0.333333333333333
241,"mid_365d","mid",365,0.444444444444444,1.33333333333333
242,"mid_365d","mid",365,0.111111111111111,0.333333333333333
243,"mid_365d","mid",365,0,0
244,"mid_365d","mid",365,0.444444444444444,1.0137937550497
245,"mid_365d","mid",365,0.222222222222222,0.666666666666667
246,"mid_365d","mid",365,0.222222222222222,0.666666666666667
247,"mid_365d","mid",365,0.111111111111111,0.333333333333333
248,"mid_365d","mid",365,0,0
249,"mid_365d","mid",365,0,0
250,"mid_365d","mid",365,0.111111111111111,0.333333333333333
251,"mid_365d","mid",365,0,0
252,"mid_365d","mid",365,0.222222222222222,0.666666666666667
253,"mid_365d","mid",365,0.111111111111111,0.333333333333333
254,"mid_365d","mid",365,0,0
255,"mid_365d","mid",365,0,0
256,"mid_365d","mid",365,0.111111111111111,0.333333333333333
257,"mid_365d","mid",365,0,0
258,"mid_365d","mid",365,0,0
259,"mid_365d","mid",365,0.111111111111111,0.333333333333333
260,"mid_365d","mid",365,0,0
261,"mid_365d","mid",365,0.111111111111111,0.333333333333333
262,"mid_365d","mid",365,0,0
263,"mid_365d","mid",365,0.111111111111111,0.333333333333333
264,"mid_365d","mid",365,0,0
265,"mid_365d","mid",365,0,0
266,"mid_365d","mid",365,0.111111111111111,0.333333333333333
267,"mid_365d","mid",365,0,0
268,"mid_365d","mid",365,0.222222222222222,0.440958551844098
269,"mid_365d","mid",365,0,0
270,"mid_365d","mid",365,0,0
271,"mid_365d","mid",365,0.111111111111111,0.333333333333333
272,"mid_365d","mid",365,0.111111111111111,0.333333333333333
273,"mid_365d","mid",365,0,0
274,"mid_365d","mid",365,0.111111111111111,0.333333333333333
275,"mid_365d","mid",365,0.111111111111111,0.333333333333333
276,"mid_365d","mid",365,0.111111111111111,0.333333333333333
277,"mid_365d","mid",365,0.111111111111111,0.333333333333333
278,"mid_365d","mid",365,0.111111111111111,0.333333333333333
279,"mid_365d","mid",365,0,0
280,"mid_365d","mid",365,0,0
281,"mid_365d","mid",365,0.111111111111111,0.333333333333333
282,"mid_365d","mid",365,0,0
283,"mid_365d","mid",365,0,0
284,"mid_365d","mid",365,0,0
285,"mid_365d","mid",365,0,0
286,"mid_365d","mid",365,0.111111111111111,0.333333333333333
287,"mid_365d","mid",365,0.111111111111111,0.333333333333333
288,"mid_365d","mid",365,0,0
289,"mid_365d","mid",365,0,0
290,"mid_365d","mid",365,0,0
291,"mid_365d","mid",365,0.111111111111111,0.333333333333333
292,"mid_365d","mid",365,0,0
293,"mid_365d","mid",365,0,0
294,"mid_365d","mid",365,0.111111111111111,0.333333333333333
295,"mid_365d","mid",365,0.111111111111111,0.333333333333333
296,"mid_365d","mid",365,0.111111111111111,0.333333333333333
297,"mid_365d","mid",365,0.111111111111111,0.333333333333333
298,"mid_365d","mid",365,0,0
299,"mid_365d","mid",365,0.111111111111111,0.333333333333333
300,"mid_365d","mid",365,0,0
301,"mid_365d","mid",365,0,0
302,"mid_365d","mid",365,0.111111111111111,0.333333333333333
303,"mid_365d","mid",365,0.111111111111111,0.333333333333333
304,"mid_365d","mid",365,0,0
305,"mid_365d","mid",365,0,0
306,"mid_365d","mid",365,0,0
307,"mid_365d","mid",365,0,0
308,"mid_365d","mid",365,0.222222222222222,0.666666666666667
309,"mid_365d","mid",365,0,0
310,"mid_365d","mid",365,0,0
311,"mid_365d","mid",365,0,0
312,"mid_365d","mid",365,0.111111111111111,0.333333333333333
313,"mid_365d","mid",365,0,0
314,"mid_365d","mid",365,0,0
315,"mid_365d","mid",365,0,0
316,"mid_365d","mid",365,0,0
317,"mid_365d","mid",365,0,0
318,"mid_365d","mid",365,0,0
319,"mid_365d","mid",365,0,0
320,"mid_365d","mid",365,0,0
321,"mid_365d","mid",365,0.111111111111111,0.333333333333333
322,"mid_365d","mid",365,0,0
323,"mid_365d","mid",365,0,0
324,"mid_365d","mid",365,0,0
325,"mid_365d","mid",365,0,0
326,"mid_365d","mid",365,0,0
327,"mid_365d","mid",365,0.111111111111111,0.333333333333333
328,"mid_365d","mid",365,0,0
329,"mid_365d","mid",365,0.111111111111111,0.333333333333333
330,"mid_365d","mid",365,0,0
331,"mid_365d","mid",365,0,0
332,"mid_365d","mid",365,0,0
333,"mid_365d","mid",365,0,0
334,"mid_365d","mid",365,0,0
335,"mid_365d","mid",365,0.111111111111111,0.333333333333333
336,"mid_365d","mid",365,0,0
337,"mid_365d","mid",365,0,0
338,"mid_365d","mid",365,0,0
339,"mid_365d","mid",365,0,0
340,"mid_365d","mid",365,0,0
341,"mid_365d","mid",365,0,0
342,"mid_365d","mid",365,0,0
343,"mid_365d","mid",365,0,0
344,"mid_365d","mid",365,0,0
345,"mid_365d","mid",365,0,0
346,"mid_365d","mid",365,0,0
347,"mid_365d","mid",365,0,0
348,"mid_365d","mid",365,0,0
349,"mid_365d","mid",365,0,0
350,"mid_365d","mid",365,0,0
351,"mid_365d","mid",365,0,0
352,"mid_365d","mid",365,0,0
353,"mid_365d","mid",365,0,0
354,"mid_365d","mid",365,0,0
355,"mid_365d","mid",365,0,0
356,"mid_365d","mid",365,0,0
357,"mid_365d","mid",365,0,0
358,"mid_365d","mid",365,0,0
359,"mid_365d","mid",365,0,0
360,"mid_365d","mid",365,0,0
361,"mid_365d","mid",365,0,0
362,"mid_365d","mid",365,0,0
363,"mid_365d","mid",365,0,0
364,"mid_365d","mid",365,0,0
365,"mid_365d","mid",365,0,0
1,"late_015d","late",15,0,0
2,"late_015d","late",15,0,0
3,"late_015d","late",15,0.555555555555556,0.726483157256779
4,"late_015d","late",15,3,3.42782730020052
5,"late_015d","late",15,8.55555555555556,14.1607830919684
6,"late_015d","late",15,7.88888888888889,8.97836906743709
7,"late_015d","late",15,10.3333333333333,10.0623058987491
8,"late_015d","late",15,18.2222222222222,23.8996745677518
9,"late_015d","late",15,27,19.2223827867411
10,"late_015d","late",15,17.8888888888889,21.6589729929909
11,"late_015d","late",15,29.5555555555556,27.0282773734801
12,"late_015d","late",15,31.4444444444444,29.6104335965851
13,"late_015d","late",15,31.7777777777778,35.7343594380037
14,"late_015d","late",15,39.1111111111111,42.2978854212727
15,"late_015d","late",15,34.6666666666667,37.6264534602984
16,"late_015d","late",15,34,35.0249910778004
17,"late_015d","late",15,48,44.1871021905714
18,"late_015d","late",15,44.2222222222222,41.7066474850766
19,"late_015d","late",15,45.8888888888889,45.0067896112477
20,"late_015d","late",15,51.4444444444444,41.5123810179298
21,"late_015d","late",15,47.8888888888889,52.9585792021568
22,"late_015d","late",15,50.4444444444444,47.1357377981694
23,"late_015d","late",15,56.1111111111111,52.5914547346916
24,"late_015d","late",15,54.5555555555556,54.0673448375059
25,"late_015d","late",15,49.5555555555556,41.097783124857
26,"late_015d","late",15,56.7777777777778,47.6360624363984
27,"late_015d","late",15,60.6666666666667,46.6234919327156
28,"late_015d","late",15,60.7777777777778,56.6806355331734
29,"late_015d","late",15,56.4444444444444,40.2526741692745
30,"late_015d","late",15,54.1111111111111,53.3208318681462
31,"late_015d","late",15,51.7777777777778,42.1508534248649
32,"late_015d","late",15,51.7777777777778,37.9795266485042
33,"late_015d","late",15,55,43.8548743014958
34,"late_015d","late",15,48.4444444444444,36.6200461192743
35,"late_015d","late",15,45.4444444444444,31.8477279845482
36,"late_015d","late",15,42.2222222222222,33.6555262095907
37,"late_015d","late",15,47.2222222222222,37.6556030949505
38,"late_015d","late",15,36,27.0924343682881
39,"late_015d","late",15,45.6666666666667,37.1180549059349
40,"late_015d","late",15,37.8888888888889,20.0277585143997
41,"late_015d","late",15,41,30.4959013639538
42,"late_015d","late",15,41.6666666666667,21.9829479369806
43,"late_015d","late",15,32.3333333333333,27.372431386342
44,"late_015d","late",15,21.2222222222222,19.0116923087989
45,"late_015d","late",15,37.7777777777778,25.9748810284945
46,"late_015d","late",15,27.3333333333333,19.0197266016102
47,"late_015d","late",15,28,19.7294196569489
48,"late_015d","late",15,29,22.366269246345
49,"late_015d","late",15,25.7777777777778,19.8669183429249
50,"late_015d","late",15,26.1111111111111,12.9754040827679
51,"late_015d","late",15,26.8888888888889,25.0471777075005
52,"late_015d","late",15,18.2222222222222,11.5193074637516
53,"late_015d","late",15,17,16.7854103315945
54,"late_015d","late",15,26.3333333333333,19.5895380241597
55,"late_015d","late",15,18.5555555555556,13.8393561186125
56,"late_015d","late",15,20.8888888888889,16.9148192751537
57,"late_015d","late",15,19.3333333333333,17.2843860174436
58,"late_015d","late",15,21.6666666666667,20.8746257451481
59,"late_015d","late",15,16.6666666666667,14.396180048888
60,"late_015d","late",15,18,14.1774468787578
61,"late_015d","late",15,17.3333333333333,16
62,"late_015d","late",15,13,9.20597631976098
63,"late_015d","late",15,17.5555555555556,18.7490740512106
64,"late_015d","late",15,15,19.2743352673964
65,"late_015d","late",15,16.3333333333333,15.6843871413581
66,"late_015d","late",15,15.2222222222222,15.3604832099919
67,"late_015d","late",15,15.2222222222222,13.6544660988427
68,"late_015d","late",15,21,21.650635094611
69,"late_015d","late",15,15.4444444444444,14.8754084911231
70,"late_015d","late",15,14.8888888888889,13.513367867083
71,"late_015d","late",15,19,19.0918830920368
72,"late_015d","late",15,12.8888888888889,10.2157286138146
73,"late_015d","late",15,18.5555555555556,20.421257987151
74,"late_015d","late",15,18,9.77241014284603
75,"late_015d","late",15,17.5555555555556,15.5170157497432
76,"late_015d","late",15,18.1111111111111,19.2577545708504
77,"late_015d","late",15,16.7777777777778,12.7649694259111
78,"late_015d","late",15,13.5555555555556,14.1165781185731
79,"late_015d","late",15,17,9.65660395791398
80,"late_015d","late",15,17.6666666666667,16.0779351908135
81,"late_015d","late",15,14.7777777777778,15.8175359789205
82,"late_015d","late",15,16.8888888888889,12.5443657117891
83,"late_015d","late",15,11.1111111111111,9.54521404218424
84,"late_015d","late",15,14.7777777777778,12.5277469819774
85,"late_015d","late",15,16.1111111111111,9.30650907220915
86,"late_015d","late",15,9.44444444444444,6.44420497639373
87,"late_015d","late",15,15.8888888888889,16.3511807252905
88,"late_015d","late",15,13.8888888888889,11.1853078237083
89,"late_015d","late",15,12.4444444444444,8.98764584180851
90,"late_015d","late",15,9.22222222222222,7.27629331764769
91,"late_015d","late",15,8.88888888888889,9.86717341041046
92,"late_015d","late",15,7.22222222222222,5.28625050905123
93,"late_015d","late",15,10,11.629703349613
94,"late_015d","late",15,10.4444444444444,8.93184067131618
95,"late_015d","late",15,8.22222222222222,8.18195847242239
96,"late_015d","late",15,8.55555555555556,7.87577156714044
97,"late_015d","late",15,9.44444444444444,9.05691877946235
98,"late_015d","late",15,8,4.82182538049648
99,"late_015d","late",15,10.1111111111111,10.8563857296575
100,"late_015d","late",15,11.1111111111111,10.8217887204986
101,"late_015d","late",15,7.88888888888889,7.11414865680435
102,"late_015d","late",15,8.66666666666667,8.70344759276461
103,"late_015d","late",15,7.77777777777778,4.84194634877798
104,"late_015d","late",15,8.33333333333333,8.12403840463596
105,"late_015d","late",15,10.4444444444444,10.5961208835016
106,"late_015d","late",15,11.1111111111111,11.8157145831774
107,"late_015d","late",15,8.11111111111111,5.13430726691645
108,"late_015d","late",15,8.66666666666667,7.26291952316697
109,"late_015d","late",15,10.3333333333333,9.28708781050335
110,"late_015d","late",15,9.33333333333333,10.0747208398049
111,"late_015d","late",15,5.44444444444444,7.31626802254932
112,"late_015d","late",15,8.66666666666667,8.8175960442742
113,"late_015d","late",15,10.4444444444444,8.98764584180851
114,"late_015d","late",15,11.4444444444444,12.1666666666667
115,"late_015d","late",15,6.55555555555556,7.60116950066092
116,"late_015d","late",15,8.66666666666667,9.66953980290686
117,"late_015d","late",15,6.11111111111111,4.91030662088541
118,"late_015d","late",15,7.44444444444444,9.38231196335838
119,"late_015d","late",15,6.77777777777778,9.60179381388938
120,"late_015d","late",15,4.44444444444444,5.34114011965402
121,"late_015d","late",15,8.11111111111111,9.73966688912465
122,"late_015d","late",15,8.66666666666667,11.3247516529061
123,"late_015d","late",15,6.77777777777778,9.76956725983523
124,"late_015d","late",15,8.11111111111111,10.7754865834964
125,"late_015d","late",15,6.33333333333333,7.84219357067906
126,"late_015d","late",15,5.66666666666667,6.91013748054263
127,"late_015d","late",15,5.88888888888889,8.26807783654164
128,"late_015d","late",15,6.33333333333333,7.3824115301167
129,"late_015d","late",15,4.44444444444444,4.71993408616877
130,"late_015d","late",15,5.11111111111111,7.3219608788296
131,"late_015d","late",15,2.88888888888889,3.85501116874013
132,"late_015d","late",15,4,4.47213595499958
133,"late_015d","late",15,3.66666666666667,3.70809924354783
134,"late_015d","late",15,3.77777777777778,4.49382292090425
135,"late_015d","late",15,5.11111111111111,6.25388767976457
136,"late_015d","late",15,4.55555555555556,7.31626802254932
137,"late_015d","late",15,5.11111111111111,9.41334749762863
138,"late_015d","late",15,4.88888888888889,7.52403556019714
139,"late_015d","late",15,2.55555555555556,3.46810867444747
140,"late_015d","late",15,4.33333333333333,6.5
141,"late_015d","late",15,4.66666666666667,8.30662386291807
142,"late_015d","late",15,4.77777777777778,8.62811940369652
143,"late_015d","late",15,3.66666666666667,5.5
144,"late_015d","late",15,5.66666666666667,9.61769203083567
145,"late_015d","late",15,2.55555555555556,4.33333333333333
146,"late_015d","late",15,1.77777777777778,2.72845092395748
147,"late_015d","late",15,4.11111111111111,7.91271831364615
148,"late_015d","late",15,2.44444444444444,5.19882465349407
149,"late_015d","late",15,2.33333333333333,3.1224989991992
150,"late_015d","late",15,3.11111111111111,7.47402910825955
151,"late_015d","late",15,2.33333333333333,4.79583152331272
152,"late_015d","late",15,3.11111111111111,4.9860917672172
153,"late_015d","late",15,3.33333333333333,6.40312423743285
154,"late_015d","late",15,2.77777777777778,5.84760159761628
155,"late_015d","late",15,2.22222222222222,2.72845092395748
156,"late_015d","late",15,2.44444444444444,3.5746017649212
157,"late_015d","late",15,2.88888888888889,5.41858940233629
158,"late_015d","late",15,2.11111111111111,4.28498671072748
159,"late_015d","late",15,2.44444444444444,3.77859468291821
160,"late_015d","late",15,1.66666666666667,2.87228132326901
161,"late_015d","late",15,2.77777777777778,5.472151719794
162,"late_015d","late",15,1.66666666666667,3.20156211871642
163,"late_015d","late",15,1.44444444444444,2.87711275027201
164,"late_015d","late",15,2.66666666666667,4.44409720865779
165,"late_015d","late",15,2.11111111111111,3.82244831372657
166,"late_015d","late",15,2.44444444444444,3.90867979985286
167,"late_015d","late",15,1.77777777777778,2.81858908754796
168,"late_015d","late",15,1.55555555555556,2.50554939639548
169,"late_015d","late",15,0.888888888888889,1.05409255338946
170,"late_015d","late",15,2.22222222222222,3.83333333333333
171,"late_015d","late",15,2.44444444444444,4.15665463777998
172,"late_015d","late",15,1.77777777777778,2.22361067735439
173,"late_015d","late",15,1.66666666666667,2.54950975679639
174,"late_015d","late",15,2.11111111111111,3.40750805004348
175,"late_015d","late",15,1.66666666666667,3.20156211871642
176,"late_015d","late",15,2.22222222222222,4.23608834237961
177,"late_015d","late",15,1.66666666666667,3.04138126514911
178,"late_015d","late",15,1.44444444444444,2.65099562009781
179,"late_015d","late",15,1.66666666666667,3.278719262151
180,"late_015d","late",15,2.11111111111111,3.58623913189167
181,"late_015d","late",15,1.22222222222222,2.99072640748773
182,"late_015d","late",15,1.55555555555556,2.24227067451229
183,"late_015d","late",15,1.11111111111111,1.96497102042527
184,"late_015d","late",15,1.77777777777778,3.9616214413349
185,"late_015d","late",15,1.22222222222222,2.94863433549236
186,"late_015d","late",15,1.11111111111111,2.97676184991529
187,"late_015d","late",15,1,1.5
188,"late_015d","late",15,0.888888888888889,1.96497102042527
189,"late_015d","late",15,0.888888888888889,1.96497102042527
190,"late_015d","late",15,2.22222222222222,4.17665469538056
191,"late_015d","late",15,0.888888888888889,1.26929551764398
192,"late_015d","late",15,0.222222222222222,0.440958551844098
193,"late_015d","late",15,0.888888888888889,2.02758751009941
194,"late_015d","late",15,0.777777777777778,1.39443337755679
195,"late_015d","late",15,0.666666666666667,1
196,"late_015d","late",15,1,2.29128784747792
197,"late_015d","late",15,0.666666666666667,1.11803398874989
198,"late_015d","late",15,0.666666666666667,1.6583123951777
199,"late_015d","late",15,0.888888888888889,2.31540733157497
200,"late_015d","late",15,1,2
201,"late_015d","late",15,1.22222222222222,2.38630351054606
202,"late_015d","late",15,1,2.29128784747792
203,"late_015d","late",15,0.444444444444444,0.726483157256779
204,"late_015d","late",15,0.555555555555556,1.0137937550497
205,"late_015d","late",15,0.555555555555556,1.13038833052088
206,"late_015d","late",15,1.33333333333333,2.59807621135332
207,"late_015d","late",15,0.222222222222222,0.440958551844098
208,"late_015d","late",15,1,2.64575131106459
209,"late_015d","late",15,0.555555555555556,1.66666666666667
210,"late_015d","late",15,0.666666666666667,1.3228756555323
211,"late_015d","late",15,0.333333333333333,0.707106781186548
212,"late_015d","late",15,0.666666666666667,1.6583123951777
213,"late_015d","late",15,0.777777777777778,1.98606254796883
214,"late_015d","late",15,0.111111111111111,0.333333333333333
215,"late_015d","late",15,0.222222222222222,0.440958551844098
216,"late_015d","late",15,0.444444444444444,0.726483157256779
217,"late_015d","late",15,0,0
218,"late_015d","late",15,0.444444444444444,1.0137937550497
219,"late_015d","late",15,0,0
220,"late_015d","late",15,0.333333333333333,0.707106781186548
221,"late_015d","late",15,0.555555555555556,1.0137937550497
222,"late_015d","late",15,0.555555555555556,1.33333333333333
223,"late_015d","late",15,0.333333333333333,1
224,"late_015d","late",15,0.222222222222222,0.666666666666667
225,"late_015d","late",15,0.222222222222222,0.440958551844098
226,"late_015d","late",15,0.333333333333333,0.707106781186548
227,"late_015d","late",15,0.333333333333333,1
228,"late_015d","late",15,0.111111111111111,0.333333333333333
229,"late_015d","late",15,0.666666666666667,1.6583123951777
230,"late_015d","late",15,0.222222222222222,0.666666666666667
231,"late_015d","late",15,0.333333333333333,1
232,"late_015d","late",15,0,0
233,"late_015d","late",15,0.222222222222222,0.440958551844098
234,"late_015d","late",15,0.444444444444444,1.0137937550497
235,"late_015d","late",15,0.111111111111111,0.333333333333333
236,"late_015d","late",15,0.222222222222222,0.440958551844098
237,"late_015d","late",15,0.333333333333333,0.5
238,"late_015d","late",15,0.333333333333333,1
239,"late_015d","late",15,0,0
240,"late_015d","late",15,0.222222222222222,0.666666666666667
241,"late_015d","late",15,0.444444444444444,1.33333333333333
242,"late_015d","late",15,0.111111111111111,0.333333333333333
243,"late_015d","late",15,0.111111111111111,0.333333333333333
244,"late_015d","late",15,0,0
245,"late_015d","late",15,0.333333333333333,0.707106781186548
246,"late_015d","late",15,0.222222222222222,0.666666666666667
247,"late_015d","late",15,0.111111111111111,0.333333333333333
248,"late_015d","late",15,0,0
249,"late_015d","late",15,0,0
250,"late_015d","late",15,0.111111111111111,0.333333333333333
251,"late_015d","late",15,0,0
252,"late_015d","late",15,0.222222222222222,0.666666666666667
253,"late_015d","late",15,0.111111111111111,0.333333333333333
254,"late_015d","late",15,0.111111111111111,0.333333333333333
255,"late_015d","late",15,0.111111111111111,0.333333333333333
256,"late_015d","late",15,0.222222222222222,0.666666666666667
257,"late_015d","late",15,0.222222222222222,0.666666666666667
258,"late_015d","late",15,0,0
259,"late_015d","late",15,0.333333333333333,0.707106781186548
260,"late_015d","late",15,0,0
261,"late_015d","late",15,0.111111111111111,0.333333333333333
262,"late_015d","late",15,0,0
263,"late_015d","late",15,0.111111111111111,0.333333333333333
264,"late_015d","late",15,0,0
265,"late_015d","late",15,0,0
266,"late_015d","late",15,0.111111111111111,0.333333333333333
267,"late_015d","late",15,0,0
268,"late_015d","late",15,0,0
269,"late_015d","late",15,0,0
270,"late_015d","late",15,0,0
271,"late_015d","late",15,0,0
272,"late_015d","late",15,0,0
273,"late_015d","late",15,0,0
274,"late_015d","late",15,0,0
275,"late_015d","late",15,0.111111111111111,0.333333333333333
276,"late_015d","late",15,0.222222222222222,0.440958551844098
277,"late_015d","late",15,0.111111111111111,0.333333333333333
278,"late_015d","late",15,0,0
279,"late_015d","late",15,0,0
280,"late_015d","late",15,0,0
281,"late_015d","late",15,0,0
282,"late_015d","late",15,0,0
283,"late_015d","late",15,0,0
284,"late_015d","late",15,0,0
285,"late_015d","late",15,0,0
286,"late_015d","late",15,0,0
287,"late_015d","late",15,0.111111111111111,0.333333333333333
288,"late_015d","late",15,0,0
289,"late_015d","late",15,0,0
290,"late_015d","late",15,0,0
291,"late_015d","late",15,0,0
292,"late_015d","late",15,0,0
293,"late_015d","late",15,0,0
294,"late_015d","late",15,0.111111111111111,0.333333333333333
295,"late_015d","late",15,0,0
296,"late_015d","late",15,0.111111111111111,0.333333333333333
297,"late_015d","late",15,0.111111111111111,0.333333333333333
298,"late_015d","late",15,0,0
299,"late_015d","late",15,0.111111111111111,0.333333333333333
300,"late_015d","late",15,0.111111111111111,0.333333333333333
301,"late_015d","late",15,0,0
302,"late_015d","late",15,0,0
303,"late_015d","late",15,0,0
304,"late_015d","late",15,0,0
305,"late_015d","late",15,0,0
306,"late_015d","late",15,0,0
307,"late_015d","late",15,0,0
308,"late_015d","late",15,0.222222222222222,0.666666666666667
309,"late_015d","late",15,0,0
310,"late_015d","late",15,0,0
311,"late_015d","late",15,0,0
312,"late_015d","late",15,0,0
313,"late_015d","late",15,0,0
314,"late_015d","late",15,0,0
315,"late_015d","late",15,0,0
316,"late_015d","late",15,0,0
317,"late_015d","late",15,0.111111111111111,0.333333333333333
318,"late_015d","late",15,0,0
319,"late_015d","late",15,0,0
320,"late_015d","late",15,0,0
321,"late_015d","late",15,0.111111111111111,0.333333333333333
322,"late_015d","late",15,0,0
323,"late_015d","late",15,0,0
324,"late_015d","late",15,0,0
325,"late_015d","late",15,0,0
326,"late_015d","late",15,0,0
327,"late_015d","late",15,0.111111111111111,0.333333333333333
328,"late_015d","late",15,0,0
329,"late_015d","late",15,0,0
330,"late_015d","late",15,0,0
331,"late_015d","late",15,0,0
332,"late_015d","late",15,0,0
333,"late_015d","late",15,0,0
334,"late_015d","late",15,0,0
335,"late_015d","late",15,0,0
336,"late_015d","late",15,0,0
337,"late_015d","late",15,0,0
338,"late_015d","late",15,0,0
339,"late_015d","late",15,0,0
340,"late_015d","late",15,0,0
341,"late_015d","late",15,0,0
342,"late_015d","late",15,0,0
343,"late_015d","late",15,0,0
344,"late_015d","late",15,0,0
345,"late_015d","late",15,0,0
346,"late_015d","late",15,0,0
347,"late_015d","late",15,0,0
348,"late_015d","late",15,0,0
349,"late_015d","late",15,0,0
350,"late_015d","late",15,0,0
351,"late_015d","late",15,0,0
352,"late_015d","late",15,0,0
353,"late_015d","late",15,0,0
354,"late_015d","late",15,0,0
355,"late_015d","late",15,0,0
356,"late_015d","late",15,0,0
357,"late_015d","late",15,0,0
358,"late_015d","late",15,0,0
359,"late_015d","late",15,0,0
360,"late_015d","late",15,0,0
361,"late_015d","late",15,0,0
362,"late_015d","late",15,0,0
363,"late_015d","late",15,0,0
364,"late_015d","late",15,0,0
365,"late_015d","late",15,0,0
1,"late_030d","late",30,0,0
2,"late_030d","late",30,0,0
3,"late_030d","late",30,1.11111111111111,1.36422546197874
4,"late_030d","late",30,3.88888888888889,3.91932533876828
5,"late_030d","late",30,9.44444444444444,12.9432522102359
6,"late_030d","late",30,13.8888888888889,15.703856568089
7,"late_030d","late",30,11.7777777777778,13.7183980276286
8,"late_030d","late",30,22.5555555555556,34.1873920879873
9,"late_030d","late",30,31.3333333333333,28.4604989415154
10,"late_030d","late",30,25.7777777777778,32.2869082515568
11,"late_030d","late",30,37.6666666666667,36.6264931436249
12,"late_030d","late",30,39.3333333333333,36.4451642882838
13,"late_030d","late",30,36.5555555555556,39.3926107002034
14,"late_030d","late",30,33,42.8164687941451
15,"late_030d","late",30,47.5555555555556,49.7169767562125
16,"late_030d","late",30,56.5555555555556,57.3129808837211
17,"late_030d","late",30,53,57.4739071231459
18,"late_030d","late",30,51.1111111111111,54.693336990086
19,"late_030d","late",30,58.4444444444444,62.380107228008
20,"late_030d","late",30,61.5555555555556,61.7679348673547
21,"late_030d","late",30,62,61.2596931105601
22,"late_030d","late",30,51.8888888888889,61.3727228588655
23,"late_030d","late",30,59.2222222222222,57.303529074957
24,"late_030d","late",30,68.6666666666667,76.7479641423797
25,"late_030d","late",30,62.2222222222222,55.7915266366179
26,"late_030d","late",30,58.4444444444444,56.1985567232627
27,"late_030d","late",30,57.4444444444444,61.3129495113208
28,"late_030d","late",30,57.8888888888889,55.4919914141772
29,"late_030d","late",30,56.7777777777778,55.5130114877985
30,"late_030d","late",30,51.1111111111111,56.6578424501949
31,"late_030d","late",30,53.1111111111111,59.1131213108487
32,"late_030d","late",30,43.8888888888889,52.4891523184659
33,"late_030d","late",30,47.5555555555556,48.5080176648951
34,"late_030d","late",30,46.6666666666667,46.41389878043
35,"late_030d","late",30,47,43.1856457633784
36,"late_030d","late",30,37.5555555555556,39.3322739970343
37,"late_030d","late",30,40.7777777777778,33.8665682413268
38,"late_030d","late",30,26.4444444444444,35.5496522877197
39,"late_030d","late",30,39.7777777777778,34.924124104184
40,"late_030d","late",30,26.2222222222222,33.8148553810961
41,"late_030d","late",30,26.2222222222222,19.7470110255817
42,"late_030d","late",30,30.3333333333333,23.6696007570892
43,"late_030d","late",30,21.4444444444444,20.899229119223
44,"late_030d","late",30,22.8888888888889,17.5744448308079
45,"late_030d","late",30,25.5555555555556,18.358316311083
46,"late_030d","late",30,16,12.0415945787923
47,"late_030d","late",30,20.5555555555556,16.7564249700757
48,"late_030d","late",30,16.8888888888889,19.0947927747622
49,"late_030d","late",30,15.6666666666667,12.1449578014911
50,"late_030d","late",30,17.8888888888889,16.0034718455437
51,"late_030d","late",30,16.3333333333333,14.4913767461894
52,"late_030d","late",30,13.1111111111111,10.8217887204986
53,"late_030d","late",30,10.6666666666667,7.1239034243875
54,"late_030d","late",30,11.3333333333333,10.2834819006016
55,"late_030d","late",30,10.4444444444444,7.60116950066092
56,"late_030d","late",30,10.8888888888889,11.9419894117819
57,"late_030d","late",30,12.5555555555556,14.0455607854502
58,"late_030d","late",30,13.6666666666667,11.8953772533703
59,"late_030d","late",30,10.7777777777778,13.3395818691758
60,"late_030d","late",30,15.7777777777778,11.0880315856533
61,"late_030d","late",30,7,8.06225774829855
62,"late_030d","late",30,9,7.88986691902975
63,"late_030d","late",30,17.5555555555556,16.3026923475166
64,"late_030d","late",30,14.6666666666667,12.0933866224478
65,"late_030d","late",30,19.6666666666667,18
66,"late_030d","late",30,15.8888888888889,17.3309293204695
67,"late_030d","late",30,12.6666666666667,12.4799839743487
68,"late_030d","late",30,16.7777777777778,17.9358424514837
69,"late_030d","late",30,13.7777777777778,13.2455443242037
70,"late_030d","late",30,19.2222222222222,12.8916424261785
71,"late_030d","late",30,13.7777777777778,12.9786148892879
72,"late_030d","late",30,11.5555555555556,11.8860328864503
73,"late_030d","late",30,11.4444444444444,12.952906151817
74,"late_030d","late",30,12.8888888888889,12.4643937321922
75,"late_030d","late",30,12.5555555555556,13.2203546767013
76,"late_030d","late",30,15.1111111111111,15.0203565573894
77,"late_030d","late",30,14.5555555555556,15.0757347342601
78,"late_030d","late",30,9.44444444444444,10.4655519576264
79,"late_030d","late",30,16.4444444444444,12.2995031516634
80,"late_030d","late",30,12.3333333333333,11.8004237212059
81,"late_030d","late",30,15.4444444444444,17.3933256675593
82,"late_030d","late",30,10.5555555555556,10.1132476375187
83,"late_030d","late",30,11.6666666666667,13.7931142241337
84,"late_030d","late",30,9.44444444444444,7.07303172464098
85,"late_030d","late",30,9.66666666666667,8.5
86,"late_030d","late",30,7,7.28010988928052
87,"late_030d","late",30,10.2222222222222,8.899126049475
88,"late_030d","late",30,9.55555555555556,9.04310664416702
89,"late_030d","late",30,11.6666666666667,10.6536378763313
90,"late_030d","late",30,9.77777777777778,8.18195847242239
91,"late_030d","late",30,6.88888888888889,8.52121535410948
92,"late_030d","late",30,6.22222222222222,5.58519869337201
93,"late_030d","late",30,6.88888888888889,5.39547135207955
94,"late_030d","late",30,10.7777777777778,8.85688683705762
95,"late_030d","late",30,6.66666666666667,6.61437827766148
96,"late_030d","late",30,5.88888888888889,6.11237360696408
97,"late_030d","late",30,6.44444444444444,6.36614308492809
98,"late_030d","late",30,5.55555555555556,4.82470494204338
99,"late_030d","late",30,7,8.90224690738243
100,"late_030d","late",30,6.88888888888889,8.491826135238
101,"late_030d","late",30,5.66666666666667,5.29150262212918
102,"late_030d","late",30,5,5.43139024560011
103,"late_030d","late",30,6,3.90512483795333
104,"late_030d","late",30,8.66666666666667,14.4741148261301
105,"late_030d","late",30,6.88888888888889,9.30650907220915
106,"late_030d","late",30,5,5.33853912601566
107,"late_030d","late",30,6.33333333333333,5.5
108,"late_030d","late",30,7.88888888888889,9.13023061653489
109,"late_030d","late",30,5.88888888888889,6.13278983099137
110,"late_030d","late",30,8.77777777777778,12.2247472139282
111,"late_030d","late",30,3,3.08220700148449
112,"late_030d","late",30,5.22222222222222,4.38114647603164
113,"late_030d","late",30,5.66666666666667,4.52769256906871
114,"late_030d","late",30,8.22222222222222,12.9303690761109
115,"late_030d","late",30,3.55555555555556,2.60341655863555
116,"late_030d","late",30,8.44444444444444,14.327518200225
117,"late_030d","late",30,4.33333333333333,4.15331193145904
118,"late_030d","late",30,6.44444444444444,10.2604959810809
119,"late_030d","late",30,5.88888888888889,9.96800436953712
120,"late_030d","late",30,3.77777777777778,5.19080383413248
121,"late_030d","late",30,4.66666666666667,5.65685424949238
122,"late_030d","late",30,5.88888888888889,8.23778557083826
123,"late_030d","late",30,2.11111111111111,2.02758751009941
124,"late_030d","late",30,4.44444444444444,4.8762462794426
125,"late_030d","late",30,2.88888888888889,3.05959329178097
126,"late_030d","late",30,4.22222222222222,6.97814047181944
127,"late_030d","late",30,2.66666666666667,2.5
128,"late_030d","late",30,3.33333333333333,3.3166247903554
129,"late_030d","late",30,2.66666666666667,4.18330013267038
130,"late_030d","late",30,4.66666666666667,7.54983443527075
131,"late_030d","late",30,3.33333333333333,6.34428877022476
132,"late_030d","late",30,1.88888888888889,1.69148192751537
133,"late_030d","late",30,3.77777777777778,5.38000413052299
134,"late_030d","late",30,3.22222222222222,5.14241620684717
135,"late_030d","late",30,4.77777777777778,8.899126049475
136,"late_030d","late",30,3.33333333333333,6.34428877022476
137,"late_030d","late",30,4.77777777777778,8.46725719725369
138,"late_030d","late",30,3.22222222222222,5.26255113461565
139,"late_030d","late",30,2.66666666666667,3.80788655293195
140,"late_030d","late",30,3.55555555555556,7.03759744357247
141,"late_030d","late",30,3.55555555555556,6.65415492589238
142,"late_030d","late",30,3.77777777777778,7.31057073315377
143,"late_030d","late",30,1.77777777777778,2.63523138347365
144,"late_030d","late",30,3,5.04975246918104
145,"late_030d","late",30,1.66666666666667,2.12132034355964
146,"late_030d","late",30,1.11111111111111,2.02758751009941
147,"late_030d","late",30,3.44444444444444,6.32675096536744
148,"late_030d","late",30,2.88888888888889,7.2360977820308
149,"late_030d","late",30,2.77777777777778,4.73755680118397
150,"late_030d","late",30,2.33333333333333,5.52268050859363
151,"late_030d","late",30,2.33333333333333,5.8949130612758
152,"late_030d","late",30,3.11111111111111,5.64456474062537
153,"late_030d","late",30,2.55555555555556,5.19882465349407
154,"late_030d","late",30,2.55555555555556,5.83333333333333
155,"late_030d","late",30,2.77777777777778,4.79003595439997
156,"late_030d","late",30,2.66666666666667,4.66368952654441
157,"late_030d","late",30,1.77777777777778,3.59783885748715
158,"late_030d","late",30,1.77777777777778,4.05517502019881
159,"late_030d","late",30,1.44444444444444,2.50554939639548
160,"late_030d","late",30,1.44444444444444,2.55495161945932
161,"late_030d","late",30,2.22222222222222,4.89330608530107
162,"late_030d","late",30,1.77777777777778,3.86580450158107
163,"late_030d","late",30,1.22222222222222,2.58736244937667
164,"late_030d","late",30,2.55555555555556,4.85054407028508
165,"late_030d","late",30,1.88888888888889,4.19655943733806
166,"late_030d","late",30,1.66666666666667,3.20156211871642
167,"late_030d","late",30,0.666666666666667,0.707106781186548
168,"late_030d","late",30,1,1.58113883008419
169,"late_030d","late",30,1.66666666666667,3.57071421427143
170,"late_030d","late",30,2,3.53553390593274
171,"late_030d","late",30,1.77777777777778,3.9616214413349
172,"late_030d","late",30,1.66666666666667,2.59807621135332
173,"late_030d","late",30,1.66666666666667,2.87228132326901
174,"late_030d","late",30,1.77777777777778,4.63081466314993
175,"late_030d","late",30,0.888888888888889,1.96497102042527
176,"late_030d","late",30,1.88888888888889,4.56739653534824
177,"late_030d","late",30,1.33333333333333,2.17944947177034
178,"late_030d","late",30,0.555555555555556,1.33333333333333
179,"late_030d","late",30,1.33333333333333,3.278719262151
180,"late_030d","late",30,1.44444444444444,3.64386851817924
181,"late_030d","late",30,0.666666666666667,2
182,"late_030d","late",30,1,1.93649167310371
183,"late_030d","late",30,1.22222222222222,2.94863433549236
184,"late_030d","late",30,1.33333333333333,3.64005494464026
185,"late_030d","late",30,1.33333333333333,3.278719262151
186,"late_030d","late",30,0.888888888888889,2.31540733157497
187,"late_030d","late",30,1,2.12132034355964
188,"late_030d","late",30,0.777777777777778,1.98606254796883
189,"late_030d","late",30,0.333333333333333,0.707106781186548
190,"late_030d","late",30,1.77777777777778,3.89800518784217
191,"late_030d","late",30,0.666666666666667,1.11803398874989
192,"late_030d","late",30,0.333333333333333,0.707106781186548
193,"late_030d","late",30,0.888888888888889,2.66666666666667
194,"late_030d","late",30,1,1.6583123951777
195,"late_030d","late",30,0.444444444444444,0.52704627669473
196,"late_030d","late",30,0.777777777777778,1.64147630029935
197,"late_030d","late",30,0.333333333333333,0.707106781186548
198,"late_030d","late",30,0.555555555555556,1.66666666666667
199,"late_030d","late",30,0.888888888888889,2.66666666666667
200,"late_030d","late",30,1,2.64575131106459
201,"late_030d","late",30,0.777777777777778,1.98606254796883
202,"late_030d","late",30,0.888888888888889,1.96497102042527
203,"late_030d","late",30,0.333333333333333,1
204,"late_030d","late",30,0.555555555555556,1.0137937550497
205,"late_030d","late",30,0.555555555555556,1.13038833052088
206,"late_030d","late",30,1.11111111111111,2.31540733157497
207,"late_030d","late",30,0.111111111111111,0.333333333333333
208,"late_030d","late",30,1,2.64575131106459
209,"late_030d","late",30,0.555555555555556,1.66666666666667
210,"late_030d","late",30,0.666666666666667,1.3228756555323
211,"late_030d","late",30,0.111111111111111,0.333333333333333
212,"late_030d","late",30,0.444444444444444,1.33333333333333
213,"late_030d","late",30,0.666666666666667,1.6583123951777
214,"late_030d","late",30,0.222222222222222,0.666666666666667
215,"late_030d","late",30,0.111111111111111,0.333333333333333
216,"late_030d","late",30,0.111111111111111,0.333333333333333
217,"late_030d","late",30,0,0
218,"late_030d","late",30,0.333333333333333,1
219,"late_030d","late",30,0.111111111111111,0.333333333333333
220,"late_030d","late",30,0.111111111111111,0.333333333333333
221,"late_030d","late",30,0.666666666666667,1.3228756555323
222,"late_030d","late",30,0.666666666666667,1.6583123951777
223,"late_030d","late",30,0.333333333333333,1
224,"late_030d","late",30,0.111111111111111,0.333333333333333
225,"late_030d","late",30,0.222222222222222,0.666666666666667
226,"late_030d","late",30,0,0
227,"late_030d","late",30,0.222222222222222,0.666666666666667
228,"late_030d","late",30,0,0
229,"late_030d","late",30,0.555555555555556,1.33333333333333
230,"late_030d","late",30,0.222222222222222,0.666666666666667
231,"late_030d","late",30,0.333333333333333,1
232,"late_030d","late",30,0,0
233,"late_030d","late",30,0.222222222222222,0.440958551844098
234,"late_030d","late",30,0.333333333333333,1
235,"late_030d","late",30,0.222222222222222,0.440958551844098
236,"late_030d","late",30,0.111111111111111,0.333333333333333
237,"late_030d","late",30,0.222222222222222,0.440958551844098
238,"late_030d","late",30,0.333333333333333,1
239,"late_030d","late",30,0,0
240,"late_030d","late",30,0.222222222222222,0.666666666666667
241,"late_030d","late",30,0.222222222222222,0.666666666666667
242,"late_030d","late",30,0.222222222222222,0.666666666666667
243,"late_030d","late",30,0.111111111111111,0.333333333333333
244,"late_030d","late",30,0.111111111111111,0.333333333333333
245,"late_030d","late",30,0.222222222222222,0.666666666666667
246,"late_030d","late",30,0.222222222222222,0.666666666666667
247,"late_030d","late",30,0,0
248,"late_030d","late",30,0,0
249,"late_030d","late",30,0,0
250,"late_030d","late",30,0.111111111111111,0.333333333333333
251,"late_030d","late",30,0.111111111111111,0.333333333333333
252,"late_030d","late",30,0.222222222222222,0.666666666666667
253,"late_030d","late",30,0.111111111111111,0.333333333333333
254,"late_030d","late",30,0.111111111111111,0.333333333333333
255,"late_030d","late",30,0.111111111111111,0.333333333333333
256,"late_030d","late",30,0.222222222222222,0.666666666666667
257,"late_030d","late",30,0.222222222222222,0.666666666666667
258,"late_030d","late",30,0,0
259,"late_030d","late",30,0,0
260,"late_030d","late",30,0,0
261,"late_030d","late",30,0.111111111111111,0.333333333333333
262,"late_030d","late",30,0,0
263,"late_030d","late",30,0.111111111111111,0.333333333333333
264,"late_030d","late",30,0,0
265,"late_030d","late",30,0.111111111111111,0.333333333333333
266,"late_030d","late",30,0.111111111111111,0.333333333333333
267,"late_030d","late",30,0.111111111111111,0.333333333333333
268,"late_030d","late",30,0.111111111111111,0.333333333333333
269,"late_030d","late",30,0,0
270,"late_030d","late",30,0,0
271,"late_030d","late",30,0,0
272,"late_030d","late",30,0.111111111111111,0.333333333333333
273,"late_030d","late",30,0,0
274,"late_030d","late",30,0,0
275,"late_030d","late",30,0.111111111111111,0.333333333333333
276,"late_030d","late",30,0.111111111111111,0.333333333333333
277,"late_030d","late",30,0.111111111111111,0.333333333333333
278,"late_030d","late",30,0,0
279,"late_030d","late",30,0,0
280,"late_030d","late",30,0,0
281,"late_030d","late",30,0,0
282,"late_030d","late",30,0,0
283,"late_030d","late",30,0,0
284,"late_030d","late",30,0,0
285,"late_030d","late",30,0,0
286,"late_030d","late",30,0,0
287,"late_030d","late",30,0.111111111111111,0.333333333333333
288,"late_030d","late",30,0,0
289,"late_030d","late",30,0,0
290,"late_030d","late",30,0,0
291,"late_030d","late",30,0.111111111111111,0.333333333333333
292,"late_030d","late",30,0,0
293,"late_030d","late",30,0,0
294,"late_030d","late",30,0.111111111111111,0.333333333333333
295,"late_030d","late",30,0,0
296,"late_030d","late",30,0.111111111111111,0.333333333333333
297,"late_030d","late",30,0.111111111111111,0.333333333333333
298,"late_030d","late",30,0,0
299,"late_030d","late",30,0.111111111111111,0.333333333333333
300,"late_030d","late",30,0,0
301,"late_030d","late",30,0,0
302,"late_030d","late",30,0,0
303,"late_030d","late",30,0,0
304,"late_030d","late",30,0,0
305,"late_030d","late",30,0,0
306,"late_030d","late",30,0,0
307,"late_030d","late",30,0,0
308,"late_030d","late",30,0.222222222222222,0.666666666666667
309,"late_030d","late",30,0,0
310,"late_030d","late",30,0,0
311,"late_030d","late",30,0,0
312,"late_030d","late",30,0,0
313,"late_030d","late",30,0,0
314,"late_030d","late",30,0,0
315,"late_030d","late",30,0,0
316,"late_030d","late",30,0,0
317,"late_030d","late",30,0,0
318,"late_030d","late",30,0,0
319,"late_030d","late",30,0,0
320,"late_030d","late",30,0,0
321,"late_030d","late",30,0.111111111111111,0.333333333333333
322,"late_030d","late",30,0,0
323,"late_030d","late",30,0,0
324,"late_030d","late",30,0,0
325,"late_030d","late",30,0,0
326,"late_030d","late",30,0,0
327,"late_030d","late",30,0.111111111111111,0.333333333333333
328,"late_030d","late",30,0,0
329,"late_030d","late",30,0,0
330,"late_030d","late",30,0,0
331,"late_030d","late",30,0,0
332,"late_030d","late",30,0,0
333,"late_030d","late",30,0,0
334,"late_030d","late",30,0,0
335,"late_030d","late",30,0,0
336,"late_030d","late",30,0,0
337,"late_030d","late",30,0,0
338,"late_030d","late",30,0,0
339,"late_030d","late",30,0,0
340,"late_030d","late",30,0,0
341,"late_030d","late",30,0,0
342,"late_030d","late",30,0,0
343,"late_030d","late",30,0,0
344,"late_030d","late",30,0,0
345,"late_030d","late",30,0,0
346,"late_030d","late",30,0,0
347,"late_030d","late",30,0,0
348,"late_030d","late",30,0,0
349,"late_030d","late",30,0,0
350,"late_030d","late",30,0,0
351,"late_030d","late",30,0,0
352,"late_030d","late",30,0,0
353,"late_030d","late",30,0,0
354,"late_030d","late",30,0,0
355,"late_030d","late",30,0,0
356,"late_030d","late",30,0,0
357,"late_030d","late",30,0,0
358,"late_030d","late",30,0,0
359,"late_030d","late",30,0,0
360,"late_030d","late",30,0,0
361,"late_030d","late",30,0,0
362,"late_030d","late",30,0,0
363,"late_030d","late",30,0,0
364,"late_030d","late",30,0,0
365,"late_030d","late",30,0,0
1,"late_060d","late",60,0,0
2,"late_060d","late",60,0,0
3,"late_060d","late",60,1.11111111111111,1.36422546197874
4,"late_060d","late",60,5.66666666666667,5.56776436283002
5,"late_060d","late",60,11.7777777777778,18.7668442857195
6,"late_060d","late",60,19.5555555555556,18.2010378214479
7,"late_060d","late",60,14.5555555555556,17.306870825709
8,"late_060d","late",60,27.1111111111111,33.2394511252986
9,"late_060d","late",60,34.7777777777778,30.8211687715512
10,"late_060d","late",60,32.8888888888889,39.1262202507616
11,"late_060d","late",60,41.6666666666667,44.9749930516949
12,"late_060d","late",60,42.7777777777778,49.6834423570312
13,"late_060d","late",60,47.3333333333333,51.9398690795424
14,"late_060d","late",60,55.6666666666667,56.0557757951846
15,"late_060d","late",60,52.3333333333333,57.7927331071996
16,"late_060d","late",60,58.8888888888889,68.5190565544441
17,"late_060d","late",60,67.6666666666667,63.7808748764079
18,"late_060d","late",60,68.2222222222222,66.8164982952896
19,"late_060d","late",60,68.8888888888889,67.1163997180355
20,"late_060d","late",60,65.6666666666667,63.4054414068698
21,"late_060d","late",60,70.2222222222222,64.8879375881561
22,"late_060d","late",60,62.7777777777778,71.1543705224384
23,"late_060d","late",60,83.7777777777778,69.3970060193121
24,"late_060d","late",60,72.2222222222222,73.5387275144494
25,"late_060d","late",60,75.3333333333333,72.0624728967859
26,"late_060d","late",60,61.8888888888889,60.7709726029715
27,"late_060d","late",60,66.4444444444444,63.6771370099016
28,"late_060d","late",60,63,62.187217336041
29,"late_060d","late",60,67.7777777777778,70.5297415594616
30,"late_060d","late",60,64.5555555555556,66.2119911932709
31,"late_060d","late",60,57.2222222222222,53.4293406701266
32,"late_060d","late",60,55.5555555555556,55.1704429724629
33,"late_060d","late",60,54.7777777777778,58.4888403410808
34,"late_060d","late",60,49,44.8748259049548
35,"late_060d","late",60,48.2222222222222,40.2950920639778
36,"late_060d","late",60,38.2222222222222,39.6761193218848
37,"late_060d","late",60,30.1111111111111,32.7812615851055
38,"late_060d","late",60,32.6666666666667,28.8270706107991
39,"late_060d","late",60,34.8888888888889,27.2141711450323
40,"late_060d","late",60,31.3333333333333,28.4385302011197
41,"late_060d","late",60,26.3333333333333,23.86943652456
42,"late_060d","late",60,22,17.9722007556114
43,"late_060d","late",60,20.1111111111111,17.9544175932028
44,"late_060d","late",60,14.1111111111111,9.91771703120789
45,"late_060d","late",60,25,15.7480157480236
46,"late_060d","late",60,14.1111111111111,14.0128908905733
47,"late_060d","late",60,10,8.8034084308295
48,"late_060d","late",60,16.7777777777778,11.648795836671
49,"late_060d","late",60,17.4444444444444,15.7330155335135
50,"late_060d","late",60,18.1111111111111,15.3577703821587
51,"late_060d","late",60,14.3333333333333,17.8044938147649
52,"late_060d","late",60,13.7777777777778,13.3020466261566
53,"late_060d","late",60,9.33333333333333,12.1346610995116
54,"late_060d","late",60,18.2222222222222,18.3560465363445
55,"late_060d","late",60,13.8888888888889,17.0839430785493
56,"late_060d","late",60,11.6666666666667,14.543039572249
57,"late_060d","late",60,16.8888888888889,16.7066187815222
58,"late_060d","late",60,21.8888888888889,21.9684116656419
59,"late_060d","late",60,17.5555555555556,16.3639169448448
60,"late_060d","late",60,15.1111111111111,16.2899082597512
61,"late_060d","late",60,16.1111111111111,18.5569693406847
62,"late_060d","late",60,19.7777777777778,17.9706550922454
63,"late_060d","late",60,22.1111111111111,21.1450020362049
64,"late_060d","late",60,17.4444444444444,17.8122928837861
65,"late_060d","late",60,18.5555555555556,14.1519531435692
66,"late_060d","late",60,20.3333333333333,22.8144690930997
67,"late_060d","late",60,20.1111111111111,18.617494759261
68,"late_060d","late",60,23.7777777777778,25.7331390320817
69,"late_060d","late",60,18.7777777777778,17.8660136696591
70,"late_060d","late",60,19.5555555555556,15.4766849737849
71,"late_060d","late",60,19.1111111111111,21.4967697831816
72,"late_060d","late",60,14,13.6106575888162
73,"late_060d","late",60,12.8888888888889,21.5896065529484
74,"late_060d","late",60,16.6666666666667,19.811612756159
75,"late_060d","late",60,15.2222222222222,19.6772570355841
76,"late_060d","late",60,15.5555555555556,16.7489634836839
77,"late_060d","late",60,20.1111111111111,17.7935693752297
78,"late_060d","late",60,15.6666666666667,14.9916643505649
79,"late_060d","late",60,16.4444444444444,13.7850563211681
80,"late_060d","late",60,15.4444444444444,15.0009258973497
81,"late_060d","late",60,18.1111111111111,17.9404880399367
82,"late_060d","late",60,15.6666666666667,17.7411949992102
83,"late_060d","late",60,12.5555555555556,12.4710776510203
84,"late_060d","late",60,13.1111111111111,13.1856403375457
85,"late_060d","late",60,10.3333333333333,9.61769203083567
86,"late_060d","late",60,8.77777777777778,8.16666666666667
87,"late_060d","late",60,11.7777777777778,11.5409897515094
88,"late_060d","late",60,8.77777777777778,9.52336308477443
89,"late_060d","late",60,11.7777777777778,10.0097175007312
90,"late_060d","late",60,8.44444444444444,7.92324288266981
91,"late_060d","late",60,6.44444444444444,9.1938989432002
92,"late_060d","late",60,7.77777777777778,6.11918658356194
93,"late_060d","late",60,7.77777777777778,7.22457226723108
94,"late_060d","late",60,9.11111111111111,8.28318242652612
95,"late_060d","late",60,8.11111111111111,7.9599692908397
96,"late_060d","late",60,6.11111111111111,6.41179468722378
97,"late_060d","late",60,6.77777777777778,6.07819417627016
98,"late_060d","late",60,7.44444444444444,5.31768537784794
99,"late_060d","late",60,7.88888888888889,8.17686438135739
100,"late_060d","late",60,7.88888888888889,8.6087810467633
101,"late_060d","late",60,6.55555555555556,5.63717817509592
102,"late_060d","late",60,7.66666666666667,6.53834841531101
103,"late_060d","late",60,7,5.33853912601566
104,"late_060d","late",60,8.55555555555556,13.3427050397503
105,"late_060d","late",60,7,9.75961064797157
106,"late_060d","late",60,7.33333333333333,8.03118920210451
107,"late_060d","late",60,8.66666666666667,10.4403065089106
108,"late_060d","late",60,5.44444444444444,5.3877432917482
109,"late_060d","late",60,9.88888888888889,14.564034849969
110,"late_060d","late",60,10,17.5214154679352
111,"late_060d","late",60,5,6.20483682299543
112,"late_060d","late",60,5.77777777777778,6.94222186655284
113,"late_060d","late",60,7.55555555555556,9.40892011751496
114,"late_060d","late",60,9,13.6930639376292
115,"late_060d","late",60,5.33333333333333,7.19374728496908
116,"late_060d","late",60,8.11111111111111,13.0522454432604
117,"late_060d","late",60,5.22222222222222,7.42929636267422
118,"late_060d","late",60,6,9.30053761886914
119,"late_060d","late",60,5.11111111111111,9.53210947855254
120,"late_060d","late",60,2.88888888888889,2.66666666666667
121,"late_060d","late",60,7.44444444444444,12.1358056089317
122,"late_060d","late",60,6.66666666666667,10.1365674663566
123,"late_060d","late",60,5.33333333333333,9.87420882906575
124,"late_060d","late",60,5.44444444444444,7.79601037568433
125,"late_060d","late",60,4.88888888888889,8.62328888018435
126,"late_060d","late",60,4.77777777777778,7.83865067753656
127,"late_060d","late",60,4.22222222222222,5.80469158908933
128,"late_060d","late",60,5.11111111111111,8.82389432796603
129,"late_060d","late",60,4.11111111111111,7.80135315897897
130,"late_060d","late",60,5.44444444444444,9.04310664416702
131,"late_060d","late",60,4.22222222222222,9.73110705133
132,"late_060d","late",60,4.11111111111111,6.88194094068753
133,"late_060d","late",60,4.11111111111111,6.35303951751531
134,"late_060d","late",60,3.66666666666667,6.06217782649107
135,"late_060d","late",60,4.44444444444444,6.44420497639373
136,"late_060d","late",60,3.77777777777778,8.42285251232885
137,"late_060d","late",60,4.44444444444444,8.21752869041403
138,"late_060d","late",60,4.11111111111111,7.54063068390908
139,"late_060d","late",60,2.11111111111111,2.71313676601662
140,"late_060d","late",60,4,8.38152730712011
141,"late_060d","late",60,3.77777777777778,8.43768003923143
142,"late_060d","late",60,4.55555555555556,9.61913602033872
143,"late_060d","late",60,3.66666666666667,7.72981241687015
144,"late_060d","late",60,5.11111111111111,11.2854380114868
145,"late_060d","late",60,2.44444444444444,4.41902452785428
146,"late_060d","late",60,1.55555555555556,2.92023591132254
147,"late_060d","late",60,3.33333333333333,6.36396103067893
148,"late_060d","late",60,3.33333333333333,7.81024967590665
149,"late_060d","late",60,2.88888888888889,5.06074215022966
150,"late_060d","late",60,2.55555555555556,6.1869037310902
151,"late_060d","late",60,2.77777777777778,7.22457226723108
152,"late_060d","late",60,3.33333333333333,5.8949130612758
153,"late_060d","late",60,2.88888888888889,6.17341972581738
154,"late_060d","late",60,2.77777777777778,7.22457226723108
155,"late_060d","late",60,2.88888888888889,5.48735921105144
156,"late_060d","late",60,2.44444444444444,5.15051238012081
157,"late_060d","late",60,2.77777777777778,6.53409859463755
158,"late_060d","late",60,1.55555555555556,3.43187671366233
159,"late_060d","late",60,2,4.52769256906871
160,"late_060d","late",60,2.33333333333333,5.1720402163943
161,"late_060d","late",60,2.33333333333333,5.59016994374947
162,"late_060d","late",60,2.11111111111111,4.85912657903775
163,"late_060d","late",60,2.55555555555556,6.55955621805148
164,"late_060d","late",60,2.44444444444444,4.53075907302273
165,"late_060d","late",60,1.88888888888889,4.56739653534824
166,"late_060d","late",60,2,4.55521678957215
167,"late_060d","late",60,1.66666666666667,3.20156211871642
168,"late_060d","late",60,1.44444444444444,2.87711275027201
169,"late_060d","late",60,1.44444444444444,2.92023591132254
170,"late_060d","late",60,2,3.53553390593274
171,"late_060d","late",60,1.88888888888889,4.28498671072748
172,"late_060d","late",60,2.22222222222222,3.80058475033046
173,"late_060d","late",60,1.88888888888889,3.8873012632302
174,"late_060d","late",60,1.33333333333333,2.95803989154981
175,"late_060d","late",60,1.11111111111111,2.26077666104176
176,"late_060d","late",60,1.66666666666667,3.90512483795333
177,"late_060d","late",60,1.55555555555556,2.74367960552572
178,"late_060d","late",60,1.22222222222222,3.30823887354653
179,"late_060d","late",60,2,5.26782687642637
180,"late_060d","late",60,1.22222222222222,2.99072640748773
181,"late_060d","late",60,1.33333333333333,3.64005494464026
182,"late_060d","late",60,0.888888888888889,1.61589328580544
183,"late_060d","late",60,1,2.29128784747792
184,"late_060d","late",60,1.44444444444444,3.97212509593766
185,"late_060d","late",60,1.44444444444444,3.60940130461795
186,"late_060d","late",60,1.55555555555556,4.30439052338165
187,"late_060d","late",60,0.888888888888889,1.83333333333333
188,"late_060d","late",60,0.222222222222222,0.440958551844098
189,"late_060d","late",60,0.888888888888889,2.31540733157497
190,"late_060d","late",60,1.88888888888889,4.22624077770199
191,"late_060d","late",60,1,1.80277563773199
192,"late_060d","late",60,0.444444444444444,1.0137937550497
193,"late_060d","late",60,0.666666666666667,2
194,"late_060d","late",60,0.666666666666667,1.11803398874989
195,"late_060d","late",60,0.777777777777778,1.30170827931778
196,"late_060d","late",60,1.11111111111111,2.61937227425028
197,"late_060d","late",60,0.666666666666667,1.6583123951777
198,"late_060d","late",60,0.888888888888889,2.31540733157497
199,"late_060d","late",60,1,2.64575131106459
200,"late_060d","late",60,1,2.64575131106459
201,"late_060d","late",60,1,2.64575131106459
202,"late_060d","late",60,1,2.29128784747792
203,"late_060d","late",60,0.333333333333333,1
204,"late_060d","late",60,0.555555555555556,1.0137937550497
205,"late_060d","late",60,0.555555555555556,1.13038833052088
206,"late_060d","late",60,1.11111111111111,2.31540733157497
207,"late_060d","late",60,0.222222222222222,0.440958551844098
208,"late_060d","late",60,1,2.64575131106459
209,"late_060d","late",60,0.444444444444444,1.33333333333333
210,"late_060d","late",60,0.555555555555556,1.0137937550497
211,"late_060d","late",60,0.111111111111111,0.333333333333333
212,"late_060d","late",60,0.666666666666667,2
213,"late_060d","late",60,0.777777777777778,1.98606254796883
214,"late_060d","late",60,0.111111111111111,0.333333333333333
215,"late_060d","late",60,0.111111111111111,0.333333333333333
216,"late_060d","late",60,0.333333333333333,0.707106781186548
217,"late_060d","late",60,0.111111111111111,0.333333333333333
218,"late_060d","late",60,0.333333333333333,1
219,"late_060d","late",60,0,0
220,"late_060d","late",60,0.333333333333333,0.707106781186548
221,"late_060d","late",60,0.666666666666667,1.3228756555323
222,"late_060d","late",60,0.555555555555556,1.33333333333333
223,"late_060d","late",60,0.222222222222222,0.666666666666667
224,"late_060d","late",60,0.222222222222222,0.666666666666667
225,"late_060d","late",60,0.222222222222222,0.666666666666667
226,"late_060d","late",60,0.222222222222222,0.666666666666667
227,"late_060d","late",60,0.111111111111111,0.333333333333333
228,"late_060d","late",60,0.111111111111111,0.333333333333333
229,"late_060d","late",60,0.666666666666667,1.6583123951777
230,"late_060d","late",60,0.222222222222222,0.666666666666667
231,"late_060d","late",60,0.222222222222222,0.666666666666667
232,"late_060d","late",60,0.111111111111111,0.333333333333333
233,"late_060d","late",60,0.222222222222222,0.440958551844098
234,"late_060d","late",60,0.333333333333333,1
235,"late_060d","late",60,0.111111111111111,0.333333333333333
236,"late_060d","late",60,0.111111111111111,0.333333333333333
237,"late_060d","late",60,0.222222222222222,0.440958551844098
238,"late_060d","late",60,0.333333333333333,1
239,"late_060d","late",60,0,0
240,"late_060d","late",60,0.222222222222222,0.666666666666667
241,"late_060d","late",60,0.444444444444444,1.33333333333333
242,"late_060d","late",60,0,0
243,"late_060d","late",60,0.111111111111111,0.333333333333333
244,"late_060d","late",60,0.111111111111111,0.333333333333333
245,"late_060d","late",60,0.222222222222222,0.666666666666667
246,"late_060d","late",60,0.222222222222222,0.666666666666667
247,"late_060d","late",60,0.222222222222222,0.666666666666667
248,"late_060d","late",60,0,0
249,"late_060d","late",60,0,0
250,"late_060d","late",60,0.111111111111111,0.333333333333333
251,"late_060d","late",60,0,0
252,"late_060d","late",60,0.222222222222222,0.666666666666667
253,"late_060d","late",60,0.111111111111111,0.333333333333333
254,"late_060d","late",60,0.111111111111111,0.333333333333333
255,"late_060d","late",60,0.111111111111111,0.333333333333333
256,"late_060d","late",60,0.222222222222222,0.666666666666667
257,"late_060d","late",60,0.222222222222222,0.666666666666667
258,"late_060d","late",60,0.111111111111111,0.333333333333333
259,"late_060d","late",60,0.111111111111111,0.333333333333333
260,"late_060d","late",60,0,0
261,"late_060d","late",60,0.111111111111111,0.333333333333333
262,"late_060d","late",60,0,0
263,"late_060d","late",60,0.111111111111111,0.333333333333333
264,"late_060d","late",60,0,0
265,"late_060d","late",60,0,0
266,"late_060d","late",60,0,0
267,"late_060d","late",60,0,0
268,"late_060d","late",60,0,0
269,"late_060d","late",60,0,0
270,"late_060d","late",60,0,0
271,"late_060d","late",60,0,0
272,"late_060d","late",60,0,0
273,"late_060d","late",60,0,0
274,"late_060d","late",60,0,0
275,"late_060d","late",60,0.111111111111111,0.333333333333333
276,"late_060d","late",60,0.111111111111111,0.333333333333333
277,"late_060d","late",60,0.111111111111111,0.333333333333333
278,"late_060d","late",60,0,0
279,"late_060d","late",60,0,0
280,"late_060d","late",60,0,0
281,"late_060d","late",60,0,0
282,"late_060d","late",60,0,0
283,"late_060d","late",60,0,0
284,"late_060d","late",60,0,0
285,"late_060d","late",60,0,0
286,"late_060d","late",60,0.111111111111111,0.333333333333333
287,"late_060d","late",60,0.111111111111111,0.333333333333333
288,"late_060d","late",60,0,0
289,"late_060d","late",60,0,0
290,"late_060d","late",60,0,0
291,"late_060d","late",60,0,0
292,"late_060d","late",60,0,0
293,"late_060d","late",60,0,0
294,"late_060d","late",60,0.111111111111111,0.333333333333333
295,"late_060d","late",60,0,0
296,"late_060d","late",60,0.111111111111111,0.333333333333333
297,"late_060d","late",60,0.111111111111111,0.333333333333333
298,"late_060d","late",60,0,0
299,"late_060d","late",60,0.111111111111111,0.333333333333333
300,"late_060d","late",60,0,0
301,"late_060d","late",60,0,0
302,"late_060d","late",60,0,0
303,"late_060d","late",60,0,0
304,"late_060d","late",60,0,0
305,"late_060d","late",60,0,0
306,"late_060d","late",60,0,0
307,"late_060d","late",60,0,0
308,"late_060d","late",60,0.222222222222222,0.666666666666667
309,"late_060d","late",60,0,0
310,"late_060d","late",60,0,0
311,"late_060d","late",60,0,0
312,"late_060d","late",60,0,0
313,"late_060d","late",60,0,0
314,"late_060d","late",60,0,0
315,"late_060d","late",60,0,0
316,"late_060d","late",60,0,0
317,"late_060d","late",60,0,0
318,"late_060d","late",60,0,0
319,"late_060d","late",60,0,0
320,"late_060d","late",60,0,0
321,"late_060d","late",60,0.111111111111111,0.333333333333333
322,"late_060d","late",60,0,0
323,"late_060d","late",60,0,0
324,"late_060d","late",60,0,0
325,"late_060d","late",60,0,0
326,"late_060d","late",60,0,0
327,"late_060d","late",60,0.111111111111111,0.333333333333333
328,"late_060d","late",60,0,0
329,"late_060d","late",60,0,0
330,"late_060d","late",60,0,0
331,"late_060d","late",60,0,0
332,"late_060d","late",60,0,0
333,"late_060d","late",60,0,0
334,"late_060d","late",60,0,0
335,"late_060d","late",60,0,0
336,"late_060d","late",60,0,0
337,"late_060d","late",60,0,0
338,"late_060d","late",60,0,0
339,"late_060d","late",60,0,0
340,"late_060d","late",60,0,0
341,"late_060d","late",60,0,0
342,"late_060d","late",60,0,0
343,"late_060d","late",60,0,0
344,"late_060d","late",60,0,0
345,"late_060d","late",60,0,0
346,"late_060d","late",60,0,0
347,"late_060d","late",60,0,0
348,"late_060d","late",60,0,0
349,"late_060d","late",60,0,0
350,"late_060d","late",60,0,0
351,"late_060d","late",60,0,0
352,"late_060d","late",60,0,0
353,"late_060d","late",60,0,0
354,"late_060d","late",60,0,0
355,"late_060d","late",60,0,0
356,"late_060d","late",60,0,0
357,"late_060d","late",60,0,0
358,"late_060d","late",60,0,0
359,"late_060d","late",60,0,0
360,"late_060d","late",60,0,0
361,"late_060d","late",60,0,0
362,"late_060d","late",60,0,0
363,"late_060d","late",60,0,0
364,"late_060d","late",60,0,0
365,"late_060d","late",60,0,0
1,"late_090d","late",90,0,0
2,"late_090d","late",90,0,0
3,"late_090d","late",90,1.11111111111111,1.36422546197874
4,"late_090d","late",90,5.77777777777778,5.6740148435164
5,"late_090d","late",90,10.4444444444444,17.6217983695699
6,"late_090d","late",90,20.8888888888889,20.8413317979229
7,"late_090d","late",90,14.8888888888889,18.5906189007013
8,"late_090d","late",90,30.4444444444444,37.5636496866023
9,"late_090d","late",90,30.3333333333333,35.0356960827097
10,"late_090d","late",90,38.2222222222222,46.0374243897771
11,"late_090d","late",90,39.4444444444444,42.5502970351298
12,"late_090d","late",90,41.8888888888889,49.9435792781326
13,"late_090d","late",90,47.8888888888889,53.838751017377
14,"late_090d","late",90,55.5555555555556,64.7304238961694
15,"late_090d","late",90,55.6666666666667,65.0096146735235
16,"late_090d","late",90,63.8888888888889,64.4659686277272
17,"late_090d","late",90,69.5555555555556,66.6972846357164
18,"late_090d","late",90,67.3333333333333,60.677425785872
19,"late_090d","late",90,69.6666666666667,72.6343582610874
20,"late_090d","late",90,72.4444444444444,74.5672701510373
21,"late_090d","late",90,82.4444444444444,79.3790134593381
22,"late_090d","late",90,74.4444444444444,81.5047715031321
23,"late_090d","late",90,77.3333333333333,69.3433486356118
24,"late_090d","late",90,78.8888888888889,82.5688265092287
25,"late_090d","late",90,74.7777777777778,69.8297532892996
26,"late_090d","late",90,61.8888888888889,63.9129181864755
27,"late_090d","late",90,63,67.487035792069
28,"late_090d","late",90,61.8888888888889,71.74511210606
29,"late_090d","late",90,67.3333333333333,62.5039998720082
30,"late_090d","late",90,54.2222222222222,58.5742643525674
31,"late_090d","late",90,58.4444444444444,57.0835158147935
32,"late_090d","late",90,53.3333333333333,59.0042371359888
33,"late_090d","late",90,41.4444444444444,49.3485336943032
34,"late_090d","late",90,49.8888888888889,47.2743176694398
35,"late_090d","late",90,42.7777777777778,42.8450048949051
36,"late_090d","late",90,35,45.2796863946737
37,"late_090d","late",90,32,26.6833281282527
38,"late_090d","late",90,27.3333333333333,30.5245802591944
39,"late_090d","late",90,33.5555555555556,31.2974084834156
40,"late_090d","late",90,21.3333333333333,24.2435558448013
41,"late_090d","late",90,20.8888888888889,22.093236773074
42,"late_090d","late",90,29.3333333333333,18.6815416922694
43,"late_090d","late",90,15.1111111111111,13.4019069953164
44,"late_090d","late",90,11.4444444444444,11.1927555935872
45,"late_090d","late",90,15.3333333333333,12.8646803302686
46,"late_090d","late",90,12.8888888888889,10.0305090155541
47,"late_090d","late",90,13.1111111111111,11.2299203519487
48,"late_090d","late",90,11.3333333333333,10.8512672071054
49,"late_090d","late",90,12.6666666666667,9.4339811320566
50,"late_090d","late",90,16.3333333333333,14.396180048888
51,"late_090d","late",90,13.2222222222222,9.3645311919201
52,"late_090d","late",90,10.6666666666667,9.09670269933013
53,"late_090d","late",90,7.33333333333333,10.0124921972504
54,"late_090d","late",90,13,12.1346610995116
55,"late_090d","late",90,12.7777777777778,10.6510302057803
56,"late_090d","late",90,9.66666666666667,8.07774721070176
57,"late_090d","late",90,15.3333333333333,14.6799182559032
58,"late_090d","late",90,16.7777777777778,13.5349342238684
59,"late_090d","late",90,16.5555555555556,11.7697824014626
60,"late_090d","late",90,14.5555555555556,10.9671225842414
61,"late_090d","late",90,14.6666666666667,14.1067359796659
62,"late_090d","late",90,13.8888888888889,10.5882534495124
63,"late_090d","late",90,17.7777777777778,13.8182648854494
64,"late_090d","late",90,11.8888888888889,9.7524925588852
65,"late_090d","late",90,14.8888888888889,11.2743563501918
66,"late_090d","late",90,16.4444444444444,13.5932990027358
67,"late_090d","late",90,15.7777777777778,10.1953148281181
68,"late_090d","late",90,18.2222222222222,15.0064800817662
69,"late_090d","late",90,16.1111111111111,11.0503896361672
70,"late_090d","late",90,17.1111111111111,11.472188592902
71,"late_090d","late",90,12.4444444444444,10.3454230352257
72,"late_090d","late",90,12.3333333333333,12.7964838920697
73,"late_090d","late",90,12,14.560219778561
74,"late_090d","late",90,14.5555555555556,13.6940782010976
75,"late_090d","late",90,12.7777777777778,11.4430959291812
76,"late_090d","late",90,13.1111111111111,12.5343971179754
77,"late_090d","late",90,16.7777777777778,10.6157639595295
78,"late_090d","late",90,12.4444444444444,11.9594221339402
79,"late_090d","late",90,16.3333333333333,11.6404467268228
80,"late_090d","late",90,14.1111111111111,10.4575862947007
81,"late_090d","late",90,14.8888888888889,15.6400483091041
82,"late_090d","late",90,10.2222222222222,12.3164298578949
83,"late_090d","late",90,12.8888888888889,12.3738074621804
84,"late_090d","late",90,8.66666666666667,8.70344759276461
85,"late_090d","late",90,10.4444444444444,8.14111649454654
86,"late_090d","late",90,7,7.77817459305202
87,"late_090d","late",90,10.1111111111111,8.00694143297621
88,"late_090d","late",90,10.4444444444444,11.3480296870328
89,"late_090d","late",90,11.4444444444444,9.68389269755597
90,"late_090d","late",90,8.88888888888889,8.62328888018435
91,"late_090d","late",90,7.55555555555556,9.02927338038769
92,"late_090d","late",90,8,6.76387462923434
93,"late_090d","late",90,6.44444444444444,5.70331287742289
94,"late_090d","late",90,7.88888888888889,7.60664913816268
95,"late_090d","late",90,7.22222222222222,4.73755680118397
96,"late_090d","late",90,4.66666666666667,6.2449979983984
97,"late_090d","late",90,6,5.3619026473818
98,"late_090d","late",90,6.77777777777778,5.21482928238734
99,"late_090d","late",90,8.11111111111111,8.05363961889971
100,"late_090d","late",90,8.66666666666667,9.74679434480896
101,"late_090d","late",90,7.44444444444444,6.48288344625891
102,"late_090d","late",90,6,6.28490254498827
103,"late_090d","late",90,6.55555555555556,4.69337594677624
104,"late_090d","late",90,5.88888888888889,5.55527777083299
105,"late_090d","late",90,4.66666666666667,6.16441400296898
106,"late_090d","late",90,6.11111111111111,5.62237593114433
107,"late_090d","late",90,5.77777777777778,5.19080383413248
108,"late_090d","late",90,5.22222222222222,5.54025671286489
109,"late_090d","late",90,8.66666666666667,11.4455231422596
110,"late_090d","late",90,7.33333333333333,9.9121138007995
111,"late_090d","late",90,3.44444444444444,3.74536750904071
112,"late_090d","late",90,4.11111111111111,3.48010216963685
113,"late_090d","late",90,7.11111111111111,7.1840873540841
114,"late_090d","late",90,5.66666666666667,5.52268050859363
115,"late_090d","late",90,2.88888888888889,2.89155859548291
116,"late_090d","late",90,6,7.92148975887743
117,"late_090d","late",90,4.11111111111111,4.371625682868
118,"late_090d","late",90,5.44444444444444,7.66666666666667
119,"late_090d","late",90,3.33333333333333,3.39116499156263
120,"late_090d","late",90,3.77777777777778,5.19080383413248
121,"late_090d","late",90,4.11111111111111,4.67558671303518
122,"late_090d","late",90,4.22222222222222,4.65772953749404
123,"late_090d","late",90,3,2.23606797749979
124,"late_090d","late",90,3.55555555555556,4.12647280104665
125,"late_090d","late",90,2.88888888888889,3.10017920628971
126,"late_090d","late",90,3,3.96862696659689
127,"late_090d","late",90,3.44444444444444,2.96273147243853
128,"late_090d","late",90,2.88888888888889,3.10017920628971
129,"late_090d","late",90,2.77777777777778,3.80058475033046
130,"late_090d","late",90,3,3.08220700148449
131,"late_090d","late",90,2.55555555555556,4.0345728123034
132,"late_090d","late",90,1.77777777777778,1.56347191994114
133,"late_090d","late",90,1.77777777777778,2.16666666666667
134,"late_090d","late",90,3.11111111111111,4.13655788199695
135,"late_090d","late",90,3.33333333333333,4.09267638593623
136,"late_090d","late",90,1.77777777777778,2.63523138347365
137,"late_090d","late",90,4.44444444444444,7.46845216746936
138,"late_090d","late",90,2,1.4142135623731
139,"late_090d","late",90,1.66666666666667,1.80277563773199
140,"late_090d","late",90,3,5.07444578254611
141,"late_090d","late",90,1.66666666666667,2.23606797749979
142,"late_090d","late",90,2.22222222222222,2.81858908754796
143,"late_090d","late",90,1.44444444444444,1.42400062421959
144,"late_090d","late",90,3.55555555555556,6.28711203795334
145,"late_090d","late",90,1.44444444444444,1.23603308118261
146,"late_090d","late",90,1.11111111111111,1.36422546197874
147,"late_090d","late",90,1.55555555555556,2.12785755580062
148,"late_090d","late",90,2.33333333333333,5.22015325445528
149,"late_090d","late",90,1.66666666666667,1.73205080756888
150,"late_090d","late",90,2,4.52769256906871
151,"late_090d","late",90,0.555555555555556,1.0137937550497
152,"late_090d","late",90,1.66666666666667,2.34520787991171
153,"late_090d","late",90,1.88888888888889,3.29561998888086
154,"late_090d","late",90,2,4.52769256906871
155,"late_090d","late",90,2.11111111111111,2.93446947694317
156,"late_090d","late",90,1.66666666666667,2.87228132326901
157,"late_090d","late",90,1.88888888888889,3.91932533876828
158,"late_090d","late",90,1,2
159,"late_090d","late",90,0.666666666666667,1
160,"late_090d","late",90,1.33333333333333,2.23606797749979
161,"late_090d","late",90,1,1.5
162,"late_090d","late",90,1.66666666666667,3.53553390593274
163,"late_090d","late",90,1.11111111111111,2.26077666104176
164,"late_090d","late",90,2.33333333333333,4.21307488658818
165,"late_090d","late",90,0.888888888888889,1.61589328580544
166,"late_090d","late",90,1.33333333333333,2.59807621135332
167,"late_090d","late",90,0.666666666666667,0.707106781186548
168,"late_090d","late",90,0.888888888888889,1.26929551764398
169,"late_090d","late",90,0.777777777777778,0.833333333333333
170,"late_090d","late",90,1.66666666666667,2.59807621135332
171,"late_090d","late",90,1.22222222222222,2.38630351054606
172,"late_090d","late",90,1,1.11803398874989
173,"late_090d","late",90,1,1.4142135623731
174,"late_090d","late",90,1.33333333333333,3.3166247903554
175,"late_090d","late",90,1.11111111111111,2.26077666104176
176,"late_090d","late",90,1.44444444444444,2.87711275027201
177,"late_090d","late",90,0.777777777777778,1.30170827931778
178,"late_090d","late",90,0.222222222222222,0.440958551844098
179,"late_090d","late",90,1.44444444444444,3.24465372232196
180,"late_090d","late",90,1.11111111111111,2.66666666666667
181,"late_090d","late",90,1,3
182,"late_090d","late",90,0.666666666666667,1
183,"late_090d","late",90,0.777777777777778,1.64147630029935
184,"late_090d","late",90,1.77777777777778,4.96935050529186
185,"late_090d","late",90,1.33333333333333,3.278719262151
186,"late_090d","late",90,0.777777777777778,1.98606254796883
187,"late_090d","late",90,0.444444444444444,1.0137937550497
188,"late_090d","late",90,0.888888888888889,2.31540733157497
189,"late_090d","late",90,0.111111111111111,0.333333333333333
190,"late_090d","late",90,1.66666666666667,3.57071421427143
191,"late_090d","late",90,0.888888888888889,1.53659074288215
192,"late_090d","late",90,0.222222222222222,0.440958551844098
193,"late_090d","late",90,0.666666666666667,1.6583123951777
194,"late_090d","late",90,0.555555555555556,0.881917103688197
195,"late_090d","late",90,0.444444444444444,0.52704627669473
196,"late_090d","late",90,0.777777777777778,1.64147630029935
197,"late_090d","late",90,0.444444444444444,1.0137937550497
198,"late_090d","late",90,0.555555555555556,1.33333333333333
199,"late_090d","late",90,0.333333333333333,0.707106781186548
200,"late_090d","late",90,0.666666666666667,1.6583123951777
201,"late_090d","late",90,0.555555555555556,1.33333333333333
202,"late_090d","late",90,0.444444444444444,0.726483157256779
203,"late_090d","late",90,0.111111111111111,0.333333333333333
204,"late_090d","late",90,0.444444444444444,0.726483157256779
205,"late_090d","late",90,0.333333333333333,1
206,"late_090d","late",90,0.888888888888889,1.69148192751537
207,"late_090d","late",90,0.333333333333333,0.5
208,"late_090d","late",90,1,2.64575131106459
209,"late_090d","late",90,0.222222222222222,0.666666666666667
210,"late_090d","late",90,0.222222222222222,0.440958551844098
211,"late_090d","late",90,0,0
212,"late_090d","late",90,0.666666666666667,2
213,"late_090d","late",90,0.666666666666667,1.6583123951777
214,"late_090d","late",90,0.111111111111111,0.333333333333333
215,"late_090d","late",90,0.111111111111111,0.333333333333333
216,"late_090d","late",90,0.333333333333333,0.707106781186548
217,"late_090d","late",90,0.111111111111111,0.333333333333333
218,"late_090d","late",90,0.111111111111111,0.333333333333333
219,"late_090d","late",90,0,0
220,"late_090d","late",90,0.111111111111111,0.333333333333333
221,"late_090d","late",90,0.555555555555556,1.0137937550497
222,"late_090d","late",90,0.555555555555556,1.33333333333333
223,"late_090d","late",90,0.333333333333333,1
224,"late_090d","late",90,0,0
225,"late_090d","late",90,0.111111111111111,0.333333333333333
226,"late_090d","late",90,0.111111111111111,0.333333333333333
227,"late_090d","late",90,0.111111111111111,0.333333333333333
228,"late_090d","late",90,0.333333333333333,1
229,"late_090d","late",90,0.666666666666667,1.6583123951777
230,"late_090d","late",90,0.222222222222222,0.666666666666667
231,"late_090d","late",90,0.222222222222222,0.666666666666667
232,"late_090d","late",90,0.333333333333333,1
233,"late_090d","late",90,0.111111111111111,0.333333333333333
234,"late_090d","late",90,0.111111111111111,0.333333333333333
235,"late_090d","late",90,0.222222222222222,0.666666666666667
236,"late_090d","late",90,0,0
237,"late_090d","late",90,0.222222222222222,0.440958551844098
238,"late_090d","late",90,0.222222222222222,0.666666666666667
239,"late_090d","late",90,0,0
240,"late_090d","late",90,0.111111111111111,0.333333333333333
241,"late_090d","late",90,0.444444444444444,1.33333333333333
242,"late_090d","late",90,0,0
243,"late_090d","late",90,0.111111111111111,0.333333333333333
244,"late_090d","late",90,0,0
245,"late_090d","late",90,0.111111111111111,0.333333333333333
246,"late_090d","late",90,0.222222222222222,0.666666666666667
247,"late_090d","late",90,0.222222222222222,0.666666666666667
248,"late_090d","late",90,0,0
249,"late_090d","late",90,0,0
250,"late_090d","late",90,0.111111111111111,0.333333333333333
251,"late_090d","late",90,0.222222222222222,0.666666666666667
252,"late_090d","late",90,0.222222222222222,0.666666666666667
253,"late_090d","late",90,0.111111111111111,0.333333333333333
254,"late_090d","late",90,0.111111111111111,0.333333333333333
255,"late_090d","late",90,0.111111111111111,0.333333333333333
256,"late_090d","late",90,0.222222222222222,0.666666666666667
257,"late_090d","late",90,0.222222222222222,0.666666666666667
258,"late_090d","late",90,0.111111111111111,0.333333333333333
259,"late_090d","late",90,0.111111111111111,0.333333333333333
260,"late_090d","late",90,0,0
261,"late_090d","late",90,0.111111111111111,0.333333333333333
262,"late_090d","late",90,0,0
263,"late_090d","late",90,0,0
264,"late_090d","late",90,0,0
265,"late_090d","late",90,0,0
266,"late_090d","late",90,0,0
267,"late_090d","late",90,0,0
268,"late_090d","late",90,0,0
269,"late_090d","late",90,0,0
270,"late_090d","late",90,0,0
271,"late_090d","late",90,0,0
272,"late_090d","late",90,0,0
273,"late_090d","late",90,0,0
274,"late_090d","late",90,0.222222222222222,0.666666666666667
275,"late_090d","late",90,0.111111111111111,0.333333333333333
276,"late_090d","late",90,0,0
277,"late_090d","late",90,0,0
278,"late_090d","late",90,0.111111111111111,0.333333333333333
279,"late_090d","late",90,0,0
280,"late_090d","late",90,0,0
281,"late_090d","late",90,0.111111111111111,0.333333333333333
282,"late_090d","late",90,0.111111111111111,0.333333333333333
283,"late_090d","late",90,0,0
284,"late_090d","late",90,0,0
285,"late_090d","late",90,0,0
286,"late_090d","late",90,0,0
287,"late_090d","late",90,0.111111111111111,0.333333333333333
288,"late_090d","late",90,0,0
289,"late_090d","late",90,0,0
290,"late_090d","late",90,0,0
291,"late_090d","late",90,0,0
292,"late_090d","late",90,0,0
293,"late_090d","late",90,0,0
294,"late_090d","late",90,0.111111111111111,0.333333333333333
295,"late_090d","late",90,0,0
296,"late_090d","late",90,0.111111111111111,0.333333333333333
297,"late_090d","late",90,0.111111111111111,0.333333333333333
298,"late_090d","late",90,0.111111111111111,0.333333333333333
299,"late_090d","late",90,0.111111111111111,0.333333333333333
300,"late_090d","late",90,0,0
301,"late_090d","late",90,0,0
302,"late_090d","late",90,0.111111111111111,0.333333333333333
303,"late_090d","late",90,0,0
304,"late_090d","late",90,0,0
305,"late_090d","late",90,0,0
306,"late_090d","late",90,0.111111111111111,0.333333333333333
307,"late_090d","late",90,0,0
308,"late_090d","late",90,0.222222222222222,0.666666666666667
309,"late_090d","late",90,0,0
310,"late_090d","late",90,0,0
311,"late_090d","late",90,0,0
312,"late_090d","late",90,0,0
313,"late_090d","late",90,0,0
314,"late_090d","late",90,0,0
315,"late_090d","late",90,0,0
316,"late_090d","late",90,0,0
317,"late_090d","late",90,0.111111111111111,0.333333333333333
318,"late_090d","late",90,0,0
319,"late_090d","late",90,0,0
320,"late_090d","late",90,0,0
321,"late_090d","late",90,0.111111111111111,0.333333333333333
322,"late_090d","late",90,0,0
323,"late_090d","late",90,0,0
324,"late_090d","late",90,0,0
325,"late_090d","late",90,0,0
326,"late_090d","late",90,0,0
327,"late_090d","late",90,0.111111111111111,0.333333333333333
328,"late_090d","late",90,0.111111111111111,0.333333333333333
329,"late_090d","late",90,0.111111111111111,0.333333333333333
330,"late_090d","late",90,0,0
331,"late_090d","late",90,0,0
332,"late_090d","late",90,0,0
333,"late_090d","late",90,0,0
334,"late_090d","late",90,0,0
335,"late_090d","late",90,0,0
336,"late_090d","late",90,0,0
337,"late_090d","late",90,0,0
338,"late_090d","late",90,0,0
339,"late_090d","late",90,0,0
340,"late_090d","late",90,0,0
341,"late_090d","late",90,0,0
342,"late_090d","late",90,0,0
343,"late_090d","late",90,0,0
344,"late_090d","late",90,0,0
345,"late_090d","late",90,0,0
346,"late_090d","late",90,0,0
347,"late_090d","late",90,0,0
348,"late_090d","late",90,0,0
349,"late_090d","late",90,0.111111111111111,0.333333333333333
350,"late_090d","late",90,0,0
351,"late_090d","late",90,0,0
352,"late_090d","late",90,0,0
353,"late_090d","late",90,0,0
354,"late_090d","late",90,0,0
355,"late_090d","late",90,0,0
356,"late_090d","late",90,0,0
357,"late_090d","late",90,0,0
358,"late_090d","late",90,0,0
359,"late_090d","late",90,0,0
360,"late_090d","late",90,0,0
361,"late_090d","late",90,0,0
362,"late_090d","late",90,0,0
363,"late_090d","late",90,0,0
364,"late_090d","late",90,0,0
365,"late_090d","late",90,0,0
1,"late_180d","late",180,0,0
2,"late_180d","late",180,0,0
3,"late_180d","late",180,1.11111111111111,1.36422546197874
4,"late_180d","late",180,5.66666666666667,5.59016994374947
5,"late_180d","late",180,11.2222222222222,18.5524781213843
6,"late_180d","late",180,18,15.4272486205415
7,"late_180d","late",180,16.6666666666667,25.431279952059
8,"late_180d","late",180,23,26.8281568505926
9,"late_180d","late",180,33.2222222222222,37.5691954191788
10,"late_180d","late",180,35.1111111111111,37.6412155902424
11,"late_180d","late",180,39.3333333333333,47.6366455578056
12,"late_180d","late",180,43.7777777777778,46.9621597080505
13,"late_180d","late",180,48.7777777777778,51.6860178814778
14,"late_180d","late",180,57.4444444444444,65.0578802127596
15,"late_180d","late",180,56,63.4763735574111
16,"late_180d","late",180,61.8888888888889,62.7185069266729
17,"late_180d","late",180,65.4444444444444,66.9628835832043
18,"late_180d","late",180,68.2222222222222,69.5589278557716
19,"late_180d","late",180,69,68.7895340876794
20,"late_180d","late",180,72.3333333333333,72.1924511289096
21,"late_180d","late",180,68.8888888888889,69.9900786619869
22,"late_180d","late",180,70.3333333333333,73.213728220874
23,"late_180d","late",180,78.5555555555556,69.4372218466276
24,"late_180d","late",180,74.7777777777778,70.1690419233756
25,"late_180d","late",180,72.7777777777778,77.680077525994
26,"late_180d","late",180,60.7777777777778,54.9358211410774
27,"late_180d","late",180,62,67.1137094787645
28,"late_180d","late",180,61.6666666666667,56.9956138663319
29,"late_180d","late",180,60,56.830889488024
30,"late_180d","late",180,58.7777777777778,60.4623390586607
31,"late_180d","late",180,53.2222222222222,58.3411899471072
32,"late_180d","late",180,46.4444444444444,53.273143119003
33,"late_180d","late",180,59.3333333333333,56.1960852729085
34,"late_180d","late",180,49.6666666666667,46.6315343946562
35,"late_180d","late",180,47.2222222222222,36.6257347290733
36,"late_180d","late",180,38.7777777777778,47.2857742290897
37,"late_180d","late",180,32.6666666666667,29.7447474354717
38,"late_180d","late",180,27.1111111111111,32.0017360640186
39,"late_180d","late",180,28.3333333333333,27.5227178890458
40,"late_180d","late",180,27.2222222222222,24.1235247102169
41,"late_180d","late",180,26.8888888888889,26.6103572150227
42,"late_180d","late",180,19.4444444444444,14.5009578227708
43,"late_180d","late",180,18.8888888888889,15.1116217233992
44,"late_180d","late",180,16.7777777777778,12.6567943984425
45,"late_180d","late",180,20.7777777777778,13.9532951106341
46,"late_180d","late",180,17.3333333333333,9.08295106229247
47,"late_180d","late",180,16,11.8532695911297
48,"late_180d","late",180,11.4444444444444,8.38318422663953
49,"late_180d","late",180,15.7777777777778,9.16212008458984
50,"late_180d","late",180,14.6666666666667,13.3322916259734
51,"late_180d","late",180,12.5555555555556,7.45169630203605
52,"late_180d","late",180,9,11.842719282327
53,"late_180d","late",180,7,5.40832691319598
54,"late_180d","late",180,15,10.1980390271856
55,"late_180d","late",180,11,8.23103881657716
56,"late_180d","late",180,10,8.10863737011343
57,"late_180d","late",180,14.5555555555556,11.9698695806503
58,"late_180d","late",180,15.3333333333333,10.1857743937317
59,"late_180d","late",180,14,8.39642781187333
60,"late_180d","late",180,14.3333333333333,10.7354552767919
61,"late_180d","late",180,13.4444444444444,7.16085035298028
62,"late_180d","late",180,14.5555555555556,9.73538791100682
63,"late_180d","late",180,16.1111111111111,11.4503760248784
64,"late_180d","late",180,14.6666666666667,8.90224690738243
65,"late_180d","late",180,12.5555555555556,8.71939090635222
66,"late_180d","late",180,14,10.4283268073071
67,"late_180d","late",180,13.3333333333333,10.3802697460133
68,"late_180d","late",180,16.5555555555556,11.7697824014626
69,"late_180d","late",180,14.6666666666667,10.9544511501033
70,"late_180d","late",180,16.1111111111111,10.7406289904787
71,"late_180d","late",180,13.3333333333333,11.2694276695846
72,"late_180d","late",180,11.4444444444444,9.86294975034233
73,"late_180d","late",180,13,7.64852927038918
74,"late_180d","late",180,11,10.5830052442584
75,"late_180d","late",180,13,13.4443296597488
76,"late_180d","late",180,12.8888888888889,10.4456264106616
77,"late_180d","late",180,14.8888888888889,9.96800436953712
78,"late_180d","late",180,8.55555555555556,8.60393966609354
79,"late_180d","late",180,13,11.5
80,"late_180d","late",180,11.1111111111111,10.8333333333333
81,"late_180d","late",180,14.5555555555556,12.5907814601707
82,"late_180d","late",180,9.77777777777778,12.3771743319889
83,"late_180d","late",180,10.8888888888889,7.21880260923591
84,"late_180d","late",180,11.6666666666667,7.79422863405995
85,"late_180d","late",180,11.4444444444444,7.43490267439849
86,"late_180d","late",180,8.22222222222222,7.13753770178795
87,"late_180d","late",180,12.4444444444444,6.85768020381366
88,"late_180d","late",180,12.2222222222222,8.6136197062817
89,"late_180d","late",180,10.6666666666667,9.79795897113271
90,"late_180d","late",180,9.22222222222222,6.59123997776173
91,"late_180d","late",180,11,11.5974135047432
92,"late_180d","late",180,9.22222222222222,4.20647648804132
93,"late_180d","late",180,9,5.43139024560011
94,"late_180d","late",180,7.66666666666667,7.95298686029343
95,"late_180d","late",180,7.33333333333333,3.96862696659689
96,"late_180d","late",180,7.88888888888889,6.13278983099137
97,"late_180d","late",180,6.22222222222222,4.73755680118397
98,"late_180d","late",180,7.66666666666667,4
99,"late_180d","late",180,7.88888888888889,7.97565740933693
100,"late_180d","late",180,8.44444444444444,9.05691877946235
101,"late_180d","late",180,6.44444444444444,5.76868943329226
102,"late_180d","late",180,8.11111111111111,4.96095868871241
103,"late_180d","late",180,6.33333333333333,4.27200187265877
104,"late_180d","late",180,7,7.84219357067906
105,"late_180d","late",180,6.66666666666667,6.51920240520265
106,"late_180d","late",180,7.44444444444444,4.90181372328425
107,"late_180d","late",180,6.33333333333333,4.47213595499958
108,"late_180d","late",180,6.55555555555556,4.55826477705911
109,"late_180d","late",180,8.22222222222222,7.80669228575358
110,"late_180d","late",180,5.66666666666667,5.3851648071345
111,"late_180d","late",180,4.22222222222222,3.80058475033046
112,"late_180d","late",180,3.88888888888889,3.40750805004348
113,"late_180d","late",180,6.22222222222222,4.02423215588321
114,"late_180d","late",180,6.11111111111111,4.80740170061865
115,"late_180d","late",180,4.11111111111111,2.89155859548291
116,"late_180d","late",180,6.22222222222222,8.13599683163928
117,"late_180d","late",180,3.55555555555556,2.83333333333333
118,"late_180d","late",180,4.11111111111111,5.18277060182207
119,"late_180d","late",180,4.11111111111111,3.82244831372657
120,"late_180d","late",180,2.88888888888889,3.01846171271247
121,"late_180d","late",180,3.22222222222222,2.63523138347365
122,"late_180d","late",180,3.88888888888889,3.29561998888086
123,"late_180d","late",180,3.66666666666667,3.1224989991992
124,"late_180d","late",180,3.44444444444444,3.32080980752855
125,"late_180d","late",180,2.66666666666667,1.93649167310371
126,"late_180d","late",180,3.33333333333333,3.42782730020052
127,"late_180d","late",180,3.22222222222222,3.0731814857643
128,"late_180d","late",180,3.33333333333333,4.18330013267038
129,"late_180d","late",180,2,2.34520787991171
130,"late_180d","late",180,3.88888888888889,2.52212432507026
131,"late_180d","late",180,2.66666666666667,2.44948974278318
132,"late_180d","late",180,1.88888888888889,1.83333333333333
133,"late_180d","late",180,2.55555555555556,2.12785755580062
134,"late_180d","late",180,2.55555555555556,2.78886675511359
135,"late_180d","late",180,4,2.95803989154981
136,"late_180d","late",180,2.11111111111111,2.02758751009941
137,"late_180d","late",180,2.77777777777778,1.56347191994114
138,"late_180d","late",180,1.66666666666667,0.866025403784439
139,"late_180d","late",180,3.55555555555556,6.00231436845637
140,"late_180d","late",180,1.88888888888889,2.14734978778752
141,"late_180d","late",180,3,4.9749371855331
142,"late_180d","late",180,1.44444444444444,1.23603308118261
143,"late_180d","late",180,1.55555555555556,2.00693242979872
144,"late_180d","late",180,2,1.5
145,"late_180d","late",180,2.44444444444444,2.74367960552572
146,"late_180d","late",180,1.77777777777778,3.19287401011134
147,"late_180d","late",180,1.77777777777778,1.39443337755679
148,"late_180d","late",180,1.66666666666667,1.87082869338697
149,"late_180d","late",180,1.22222222222222,0.97182531580755
150,"late_180d","late",180,2.33333333333333,4.09267638593623
151,"late_180d","late",180,0.777777777777778,0.666666666666667
152,"late_180d","late",180,1.66666666666667,2.06155281280883
153,"late_180d","late",180,1.88888888888889,2.93446947694317
154,"late_180d","late",180,1.88888888888889,3.29561998888086
155,"late_180d","late",180,1.44444444444444,1.50923085635624
156,"late_180d","late",180,1.11111111111111,0.781735959970572
157,"late_180d","late",180,0.888888888888889,1.26929551764398
158,"late_180d","late",180,0.777777777777778,1.39443337755679
159,"late_180d","late",180,1.22222222222222,1.56347191994114
160,"late_180d","late",180,1,1.3228756555323
161,"late_180d","late",180,1.22222222222222,1.7873008824606
162,"late_180d","late",180,0.888888888888889,1.26929551764398
163,"late_180d","late",180,0.333333333333333,0.5
164,"late_180d","late",180,1.77777777777778,2.04803428790742
165,"late_180d","late",180,0.777777777777778,0.833333333333333
166,"late_180d","late",180,0.777777777777778,0.666666666666667
167,"late_180d","late",180,1.44444444444444,1.66666666666667
168,"late_180d","late",180,0.888888888888889,0.781735959970572
169,"late_180d","late",180,1.22222222222222,1.64147630029935
170,"late_180d","late",180,2.11111111111111,2.61937227425028
171,"late_180d","late",180,1.11111111111111,1.53659074288215
172,"late_180d","late",180,1,1.11803398874989
173,"late_180d","late",180,0.777777777777778,0.97182531580755
174,"late_180d","late",180,1.22222222222222,2.63523138347365
175,"late_180d","late",180,0.777777777777778,0.97182531580755
176,"late_180d","late",180,0.777777777777778,1.30170827931778
177,"late_180d","late",180,1.44444444444444,1.9436506316151
178,"late_180d","late",180,0.222222222222222,0.440958551844098
179,"late_180d","late",180,0.888888888888889,1.96497102042527
180,"late_180d","late",180,0.555555555555556,1.13038833052088
181,"late_180d","late",180,0.555555555555556,1.33333333333333
182,"late_180d","late",180,0.777777777777778,0.97182531580755
183,"late_180d","late",180,0.888888888888889,0.927960727138337
184,"late_180d","late",180,0.444444444444444,0.726483157256779
185,"late_180d","late",180,0.222222222222222,0.440958551844098
186,"late_180d","late",180,0.555555555555556,1.33333333333333
187,"late_180d","late",180,0.666666666666667,1.11803398874989
188,"late_180d","late",180,0.333333333333333,0.707106781186548
189,"late_180d","late",180,0.333333333333333,0.707106781186548
190,"late_180d","late",180,0.777777777777778,1.092906420717
191,"late_180d","late",180,0.555555555555556,1.0137937550497
192,"late_180d","late",180,0.333333333333333,0.5
193,"late_180d","late",180,0.222222222222222,0.440958551844098
194,"late_180d","late",180,0.666666666666667,1.11803398874989
195,"late_180d","late",180,1,1.3228756555323
196,"late_180d","late",180,0.555555555555556,1.0137937550497
197,"late_180d","late",180,0.777777777777778,1.092906420717
198,"late_180d","late",180,0.444444444444444,1.0137937550497
199,"late_180d","late",180,0.666666666666667,1.6583123951777
200,"late_180d","late",180,0.555555555555556,1.33333333333333
201,"late_180d","late",180,0.444444444444444,1.0137937550497
202,"late_180d","late",180,0.444444444444444,0.52704627669473
203,"late_180d","late",180,0.222222222222222,0.666666666666667
204,"late_180d","late",180,0.333333333333333,0.5
205,"late_180d","late",180,0.666666666666667,1.3228756555323
206,"late_180d","late",180,0.555555555555556,0.726483157256779
207,"late_180d","late",180,0.888888888888889,2.31540733157497
208,"late_180d","late",180,0.888888888888889,2.31540733157497
209,"late_180d","late",180,0.111111111111111,0.333333333333333
210,"late_180d","late",180,0.555555555555556,1.0137937550497
211,"late_180d","late",180,0.222222222222222,0.440958551844098
212,"late_180d","late",180,0.111111111111111,0.333333333333333
213,"late_180d","late",180,0.222222222222222,0.440958551844098
214,"late_180d","late",180,0,0
215,"late_180d","late",180,0.222222222222222,0.666666666666667
216,"late_180d","late",180,0.333333333333333,0.707106781186548
217,"late_180d","late",180,0.111111111111111,0.333333333333333
218,"late_180d","late",180,0.111111111111111,0.333333333333333
219,"late_180d","late",180,0.333333333333333,1
220,"late_180d","late",180,0.222222222222222,0.440958551844098
221,"late_180d","late",180,0.333333333333333,0.5
222,"late_180d","late",180,0.666666666666667,1.3228756555323
223,"late_180d","late",180,0,0
224,"late_180d","late",180,0.222222222222222,0.666666666666667
225,"late_180d","late",180,0.111111111111111,0.333333333333333
226,"late_180d","late",180,0.222222222222222,0.440958551844098
227,"late_180d","late",180,0,0
228,"late_180d","late",180,0.222222222222222,0.440958551844098
229,"late_180d","late",180,0.333333333333333,0.707106781186548
230,"late_180d","late",180,0.111111111111111,0.333333333333333
231,"late_180d","late",180,0,0
232,"late_180d","late",180,0,0
233,"late_180d","late",180,0.333333333333333,0.5
234,"late_180d","late",180,0.111111111111111,0.333333333333333
235,"late_180d","late",180,0,0
236,"late_180d","late",180,0.111111111111111,0.333333333333333
237,"late_180d","late",180,0.333333333333333,0.707106781186548
238,"late_180d","late",180,0.111111111111111,0.333333333333333
239,"late_180d","late",180,0.111111111111111,0.333333333333333
240,"late_180d","late",180,0,0
241,"late_180d","late",180,0.333333333333333,1
242,"late_180d","late",180,0.111111111111111,0.333333333333333
243,"late_180d","late",180,0,0
244,"late_180d","late",180,0,0
245,"late_180d","late",180,0.111111111111111,0.333333333333333
246,"late_180d","late",180,0,0
247,"late_180d","late",180,0.222222222222222,0.666666666666667
248,"late_180d","late",180,0.111111111111111,0.333333333333333
249,"late_180d","late",180,0.111111111111111,0.333333333333333
250,"late_180d","late",180,0.111111111111111,0.333333333333333
251,"late_180d","late",180,0.333333333333333,1
252,"late_180d","late",180,0.222222222222222,0.666666666666667
253,"late_180d","late",180,0.111111111111111,0.333333333333333
254,"late_180d","late",180,0.111111111111111,0.333333333333333
255,"late_180d","late",180,0.111111111111111,0.333333333333333
256,"late_180d","late",180,0.222222222222222,0.666666666666667
257,"late_180d","late",180,0.222222222222222,0.666666666666667
258,"late_180d","late",180,0,0
259,"late_180d","late",180,0.333333333333333,0.707106781186548
260,"late_180d","late",180,0,0
261,"late_180d","late",180,0.111111111111111,0.333333333333333
262,"late_180d","late",180,0,0
263,"late_180d","late",180,0.111111111111111,0.333333333333333
264,"late_180d","late",180,0,0
265,"late_180d","late",180,0,0
266,"late_180d","late",180,0,0
267,"late_180d","late",180,0,0
268,"late_180d","late",180,0,0
269,"late_180d","late",180,0,0
270,"late_180d","late",180,0,0
271,"late_180d","late",180,0.111111111111111,0.333333333333333
272,"late_180d","late",180,0.111111111111111,0.333333333333333
273,"late_180d","late",180,0,0
274,"late_180d","late",180,0.111111111111111,0.333333333333333
275,"late_180d","late",180,0,0
276,"late_180d","late",180,0.222222222222222,0.440958551844098
277,"late_180d","late",180,0.111111111111111,0.333333333333333
278,"late_180d","late",180,0.111111111111111,0.333333333333333
279,"late_180d","late",180,0,0
280,"late_180d","late",180,0,0
281,"late_180d","late",180,0,0
282,"late_180d","late",180,0,0
283,"late_180d","late",180,0,0
284,"late_180d","late",180,0.111111111111111,0.333333333333333
285,"late_180d","late",180,0,0
286,"late_180d","late",180,0,0
287,"late_180d","late",180,0.111111111111111,0.333333333333333
288,"late_180d","late",180,0,0
289,"late_180d","late",180,0,0
290,"late_180d","late",180,0.333333333333333,1
291,"late_180d","late",180,0.111111111111111,0.333333333333333
292,"late_180d","late",180,0,0
293,"late_180d","late",180,0,0
294,"late_180d","late",180,0.111111111111111,0.333333333333333
295,"late_180d","late",180,0,0
296,"late_180d","late",180,0.111111111111111,0.333333333333333
297,"late_180d","late",180,0.111111111111111,0.333333333333333
298,"late_180d","late",180,0,0
299,"late_180d","late",180,0,0
300,"late_180d","late",180,0,0
301,"late_180d","late",180,0,0
302,"late_180d","late",180,0,0
303,"late_180d","late",180,0,0
304,"late_180d","late",180,0,0
305,"late_180d","late",180,0.111111111111111,0.333333333333333
306,"late_180d","late",180,0,0
307,"late_180d","late",180,0,0
308,"late_180d","late",180,0.222222222222222,0.666666666666667
309,"late_180d","late",180,0,0
310,"late_180d","late",180,0,0
311,"late_180d","late",180,0,0
312,"late_180d","late",180,0.111111111111111,0.333333333333333
313,"late_180d","late",180,0,0
314,"late_180d","late",180,0,0
315,"late_180d","late",180,0,0
316,"late_180d","late",180,0,0
317,"late_180d","late",180,0.111111111111111,0.333333333333333
318,"late_180d","late",180,0,0
319,"late_180d","late",180,0,0
320,"late_180d","late",180,0,0
321,"late_180d","late",180,0.111111111111111,0.333333333333333
322,"late_180d","late",180,0,0
323,"late_180d","late",180,0,0
324,"late_180d","late",180,0,0
325,"late_180d","late",180,0,0
326,"late_180d","late",180,0,0
327,"late_180d","late",180,0.111111111111111,0.333333333333333
328,"late_180d","late",180,0,0
329,"late_180d","late",180,0,0
330,"late_180d","late",180,0,0
331,"late_180d","late",180,0,0
332,"late_180d","late",180,0,0
333,"late_180d","late",180,0,0
334,"late_180d","late",180,0,0
335,"late_180d","late",180,0,0
336,"late_180d","late",180,0,0
337,"late_180d","late",180,0,0
338,"late_180d","late",180,0,0
339,"late_180d","late",180,0,0
340,"late_180d","late",180,0,0
341,"late_180d","late",180,0,0
342,"late_180d","late",180,0,0
343,"late_180d","late",180,0,0
344,"late_180d","late",180,0,0
345,"late_180d","late",180,0.111111111111111,0.333333333333333
346,"late_180d","late",180,0,0
347,"late_180d","late",180,0,0
348,"late_180d","late",180,0,0
349,"late_180d","late",180,0,0
350,"late_180d","late",180,0,0
351,"late_180d","late",180,0,0
352,"late_180d","late",180,0,0
353,"late_180d","late",180,0,0
354,"late_180d","late",180,0,0
355,"late_180d","late",180,0,0
356,"late_180d","late",180,0,0
357,"late_180d","late",180,0,0
358,"late_180d","late",180,0,0
359,"late_180d","late",180,0,0
360,"late_180d","late",180,0,0
361,"late_180d","late",180,0,0
362,"late_180d","late",180,0,0
363,"late_180d","late",180,0,0
364,"late_180d","late",180,0,0
365,"late_180d","late",180,0,0
1,"late_365d","late",365,0,0
2,"late_365d","late",365,0,0
3,"late_365d","late",365,0.111111111111111,0.333333333333333
4,"late_365d","late",365,0.333333333333333,1
5,"late_365d","late",365,0.111111111111111,0.333333333333333
6,"late_365d","late",365,3.77777777777778,5.9113826169894
7,"late_365d","late",365,4.77777777777778,6.75976659689108
8,"late_365d","late",365,5.55555555555556,8.41295297608264
9,"late_365d","late",365,5.11111111111111,6.73506578372558
10,"late_365d","late",365,7.88888888888889,9.1712109947984
11,"late_365d","late",365,7.55555555555556,8.53098926137982
12,"late_365d","late",365,5.77777777777778,5.69600249687835
13,"late_365d","late",365,7.44444444444444,9.2210507957487
14,"late_365d","late",365,9.66666666666667,12.3895116933639
15,"late_365d","late",365,5.88888888888889,8.52121535410948
16,"late_365d","late",365,4.77777777777778,5.86893895388634
17,"late_365d","late",365,10.7777777777778,9.12109886167475
18,"late_365d","late",365,8.66666666666667,7.76208734813001
19,"late_365d","late",365,7.66666666666667,6.68954408012983
20,"late_365d","late",365,10.7777777777778,15.0812613678182
21,"late_365d","late",365,5.22222222222222,6.39878460681749
22,"late_365d","late",365,8.77777777777778,9.05231707600018
23,"late_365d","late",365,13,12.1963109176505
24,"late_365d","late",365,9,9.5524865872714
25,"late_365d","late",365,10.6666666666667,10.1118742080783
26,"late_365d","late",365,5.55555555555556,7.1956777149743
27,"late_365d","late",365,9.33333333333333,11.4891252930761
28,"late_365d","late",365,7.33333333333333,7.39932429347437
29,"late_365d","late",365,12.4444444444444,16.6891514996353
30,"late_365d","late",365,14.2222222222222,12.4777579894965
31,"late_365d","late",365,8,5.65685424949238
32,"late_365d","late",365,7.66666666666667,7.76208734813001
33,"late_365d","late",365,9.88888888888889,7.73699625895677
34,"late_365d","late",365,7.77777777777778,5.28625050905123
35,"late_365d","late",365,12.8888888888889,12.7126358836833
36,"late_365d","late",365,8.88888888888889,7.5901983578238
37,"late_365d","late",365,10.3333333333333,9.09670269933013
38,"late_365d","late",365,9.33333333333333,7.34846922834953
39,"late_365d","late",365,10.7777777777778,12.6172280808601
40,"late_365d","late",365,9.77777777777778,8.36327952686292
41,"late_365d","late",365,9,7.39932429347437
42,"late_365d","late",365,13.5555555555556,10.6549414722831
43,"late_365d","late",365,6.33333333333333,5.5
44,"late_365d","late",365,11.6666666666667,7.71362431027076
45,"late_365d","late",365,11.1111111111111,7.60664913816268
46,"late_365d","late",365,11.3333333333333,8.12403840463596
47,"late_365d","late",365,7.77777777777778,8.16666666666667
48,"late_365d","late",365,14.2222222222222,12.8040792111125
49,"late_365d","late",365,8.77777777777778,5.11805084426136
50,"late_365d","late",365,9.88888888888889,7.9599692908397
51,"late_365d","late",365,6.44444444444444,4.47524052736585
52,"late_365d","late",365,9.11111111111111,7.3219608788296
53,"late_365d","late",365,7.11111111111111,8.00694143297621
54,"late_365d","late",365,13.7777777777778,9.94708220758451
55,"late_365d","late",365,8.33333333333333,7.63216876123687
56,"late_365d","late",365,9.11111111111111,7.5901983578238
57,"late_365d","late",365,7.55555555555556,7.5018516232846
58,"late_365d","late",365,7.66666666666667,6.9462219947249
59,"late_365d","late",365,7.77777777777778,7.57921133393472
60,"late_365d","late",365,6.11111111111111,6.5849154217128
61,"late_365d","late",365,6.77777777777778,5.9113826169894
62,"late_365d","late",365,8.22222222222222,7.83865067753656
63,"late_365d","late",365,8.55555555555556,7.92324288266981
64,"late_365d","late",365,8.33333333333333,7.82623792124926
65,"late_365d","late",365,5.22222222222222,4.84194634877798
66,"late_365d","late",365,5.22222222222222,6.45712354260351
67,"late_365d","late",365,5.44444444444444,5.31768537784794
68,"late_365d","late",365,9,6.87386354243376
69,"late_365d","late",365,4.55555555555556,5.00277700660121
70,"late_365d","late",365,6,6.48074069840786
71,"late_365d","late",365,7.44444444444444,6.00231436845637
72,"late_365d","late",365,7.55555555555556,5.59265391185417
73,"late_365d","late",365,5.22222222222222,4.96935050529186
74,"late_365d","late",365,3.44444444444444,2.40370085030933
75,"late_365d","late",365,8.22222222222222,6.24054840894969
76,"late_365d","late",365,5.22222222222222,4.29469957557504
77,"late_365d","late",365,3.44444444444444,3.04594448041618
78,"late_365d","late",365,3.33333333333333,2.64575131106459
79,"late_365d","late",365,4.44444444444444,4.74634362196605
80,"late_365d","late",365,3.88888888888889,2.80376730687679
81,"late_365d","late",365,6.66666666666667,5.1478150704935
82,"late_365d","late",365,6.44444444444444,4.33333333333333
83,"late_365d","late",365,4.88888888888889,4.51232879022696
84,"late_365d","late",365,6,3.60555127546399
85,"late_365d","late",365,4.11111111111111,5.03598164324604
86,"late_365d","late",365,5.55555555555556,4.3906466241065
87,"late_365d","late",365,6.11111111111111,4.80740170061865
88,"late_365d","late",365,4.44444444444444,5.19882465349407
89,"late_365d","late",365,5.22222222222222,4.65772953749404
90,"late_365d","late",365,2.55555555555556,2.55495161945932
91,"late_365d","late",365,6.88888888888889,8.86629071884692
92,"late_365d","late",365,3.66666666666667,4
93,"late_365d","late",365,3.77777777777778,3.0731814857643
94,"late_365d","late",365,4.44444444444444,3.53946009693255
95,"late_365d","late",365,3.55555555555556,4.8762462794426
96,"late_365d","late",365,4.77777777777778,2.86259400621961
97,"late_365d","late",365,5.55555555555556,5.31768537784794
98,"late_365d","late",365,3.33333333333333,3.08220700148449
99,"late_365d","late",365,5.33333333333333,3.24037034920393
100,"late_365d","late",365,5.44444444444444,4.33333333333333
101,"late_365d","late",365,4.55555555555556,6.2271805640898
102,"late_365d","late",365,5,4.5
103,"late_365d","late",365,3.22222222222222,2.81858908754796
104,"late_365d","late",365,5.88888888888889,7.2014659001561
105,"late_365d","late",365,2.66666666666667,2.44948974278318
106,"late_365d","late",365,2.44444444444444,2.35112266327765
107,"late_365d","late",365,2.33333333333333,3.46410161513775
108,"late_365d","late",365,2.88888888888889,1.76383420737639
109,"late_365d","late",365,5.77777777777778,10.3050688714071
110,"late_365d","late",365,4.66666666666667,5.33853912601566
111,"late_365d","late",365,1.77777777777778,2.10818510677892
112,"late_365d","late",365,2.77777777777778,2.33333333333333
113,"late_365d","late",365,2.66666666666667,5.43139024560011
114,"late_365d","late",365,2.44444444444444,4.77260702109212
115,"late_365d","late",365,4.88888888888889,5.73246117397328
116,"late_365d","late",365,4.88888888888889,8.10006858681524
117,"late_365d","late",365,3.22222222222222,2.86259400621961
118,"late_365d","late",365,2.55555555555556,2.40370085030933
119,"late_365d","late",365,2.55555555555556,2.96273147243853
120,"late_365d","late",365,1.77777777777778,1.7873008824606
121,"late_365d","late",365,1.66666666666667,1.87082869338697
122,"late_365d","late",365,4,6.80073525436772
123,"late_365d","late",365,3.22222222222222,4.29469957557504
124,"late_365d","late",365,2.11111111111111,1.36422546197874
125,"late_365d","late",365,0.777777777777778,0.666666666666667
126,"late_365d","late",365,1,1.22474487139159
127,"late_365d","late",365,2.55555555555556,2.24227067451229
128,"late_365d","late",365,0.777777777777778,1.092906420717
129,"late_365d","late",365,2.11111111111111,3.82244831372657
130,"late_365d","late",365,3,2.78388218141501
131,"late_365d","late",365,1.77777777777778,2.68224615657185
132,"late_365d","late",365,2.22222222222222,2.68224615657185
133,"late_365d","late",365,1.44444444444444,1.42400062421959
134,"late_365d","late",365,1.55555555555556,1.33333333333333
135,"late_365d","late",365,2.11111111111111,3.75647588986155
136,"late_365d","late",365,2.55555555555556,3.16666666666667
137,"late_365d","late",365,3,4.30116263352131
138,"late_365d","late",365,2.11111111111111,2.89155859548291
139,"late_365d","late",365,3.11111111111111,7.14920352984241
140,"late_365d","late",365,1.66666666666667,2.91547594742265
141,"late_365d","late",365,2.11111111111111,3.01846171271247
142,"late_365d","late",365,2.33333333333333,4.03112887414927
143,"late_365d","late",365,1.22222222222222,1.7873008824606
144,"late_365d","late",365,2.44444444444444,5.15051238012081
145,"late_365d","late",365,2.55555555555556,4.41902452785428
146,"late_365d","late",365,1,1.3228756555323
147,"late_365d","late",365,1.11111111111111,0.927960727138337
148,"late_365d","late",365,1.33333333333333,1.4142135623731
149,"late_365d","late",365,1.55555555555556,2.60341655863555
150,"late_365d","late",365,2,3.08220700148449
151,"late_365d","late",365,1,1.93649167310371
152,"late_365d","late",365,1.33333333333333,2.23606797749979
153,"late_365d","late",365,2.55555555555556,5.12618549974323
154,"late_365d","late",365,0.888888888888889,1.36422546197874
155,"late_365d","late",365,1.22222222222222,1.48136573621926
156,"late_365d","late",365,1.11111111111111,1.69148192751537
157,"late_365d","late",365,1.22222222222222,1.48136573621926
158,"late_365d","late",365,0.555555555555556,0.726483157256779
159,"late_365d","late",365,1.11111111111111,0.927960727138337
160,"late_365d","late",365,0.666666666666667,1.6583123951777
161,"late_365d","late",365,0.666666666666667,0.707106781186548
162,"late_365d","late",365,0.666666666666667,1
163,"late_365d","late",365,0.333333333333333,1
164,"late_365d","late",365,1.22222222222222,1.64147630029935
165,"late_365d","late",365,1.11111111111111,1.69148192751537
166,"late_365d","late",365,0.666666666666667,0.866025403784439
167,"late_365d","late",365,0.777777777777778,0.97182531580755
168,"late_365d","late",365,0.777777777777778,0.666666666666667
169,"late_365d","late",365,0.444444444444444,0.52704627669473
170,"late_365d","late",365,0.888888888888889,0.927960727138337
171,"late_365d","late",365,0.333333333333333,0.5
172,"late_365d","late",365,0.555555555555556,0.726483157256779
173,"late_365d","late",365,0.777777777777778,0.833333333333333
174,"late_365d","late",365,0.777777777777778,1.092906420717
175,"late_365d","late",365,0.666666666666667,1
176,"late_365d","late",365,0.555555555555556,0.726483157256779
177,"late_365d","late",365,1.11111111111111,1.45296631451356
178,"late_365d","late",365,1.22222222222222,2.27913238852956
179,"late_365d","late",365,1.44444444444444,3.60940130461795
180,"late_365d","late",365,0.777777777777778,1.092906420717
181,"late_365d","late",365,0.333333333333333,0.707106781186548
182,"late_365d","late",365,0.666666666666667,1
183,"late_365d","late",365,0.777777777777778,1.092906420717
184,"late_365d","late",365,1.11111111111111,1.96497102042527
185,"late_365d","late",365,0.777777777777778,1.30170827931778
186,"late_365d","late",365,0.666666666666667,1.11803398874989
187,"late_365d","late",365,0.555555555555556,1.0137937550497
188,"late_365d","late",365,0.777777777777778,1.64147630029935
189,"late_365d","late",365,1,1.58113883008419
190,"late_365d","late",365,0.777777777777778,1.092906420717
191,"late_365d","late",365,0.444444444444444,1.0137937550497
192,"late_365d","late",365,1,2.29128784747792
193,"late_365d","late",365,0.333333333333333,0.5
194,"late_365d","late",365,0.777777777777778,1.30170827931778
195,"late_365d","late",365,0.444444444444444,0.52704627669473
196,"late_365d","late",365,0.222222222222222,0.440958551844098
197,"late_365d","late",365,0.555555555555556,0.726483157256779
198,"late_365d","late",365,0.777777777777778,1.98606254796883
199,"late_365d","late",365,1,1.6583123951777
200,"late_365d","late",365,0.777777777777778,1.98606254796883
201,"late_365d","late",365,0.888888888888889,2.02758751009941
202,"late_365d","late",365,0.666666666666667,1.11803398874989
203,"late_365d","late",365,0.222222222222222,0.440958551844098
204,"late_365d","late",365,0.444444444444444,0.726483157256779
205,"late_365d","late",365,0.666666666666667,1.3228756555323
206,"late_365d","late",365,0.777777777777778,1.39443337755679
207,"late_365d","late",365,0.777777777777778,1.98606254796883
208,"late_365d","late",365,0.555555555555556,1.33333333333333
209,"late_365d","late",365,0.111111111111111,0.333333333333333
210,"late_365d","late",365,0.555555555555556,1.33333333333333
211,"late_365d","late",365,0.555555555555556,1.33333333333333
212,"late_365d","late",365,0.555555555555556,1.33333333333333
213,"late_365d","late",365,1.11111111111111,1.96497102042527
214,"late_365d","late",365,0.111111111111111,0.333333333333333
215,"late_365d","late",365,0.444444444444444,1.0137937550497
216,"late_365d","late",365,0,0
217,"late_365d","late",365,0.111111111111111,0.333333333333333
218,"late_365d","late",365,0.444444444444444,0.726483157256779
219,"late_365d","late",365,0.444444444444444,1.0137937550497
220,"late_365d","late",365,0.444444444444444,0.726483157256779
221,"late_365d","late",365,0.444444444444444,0.726483157256779
222,"late_365d","late",365,0.222222222222222,0.440958551844098
223,"late_365d","late",365,0.111111111111111,0.333333333333333
224,"late_365d","late",365,0.222222222222222,0.666666666666667
225,"late_365d","late",365,0,0
226,"late_365d","late",365,0.333333333333333,0.707106781186548
227,"late_365d","late",365,0.111111111111111,0.333333333333333
228,"late_365d","late",365,0.222222222222222,0.666666666666667
229,"late_365d","late",365,0.444444444444444,1.0137937550497
230,"late_365d","late",365,0.222222222222222,0.666666666666667
231,"late_365d","late",365,0,0
232,"late_365d","late",365,0.111111111111111,0.333333333333333
233,"late_365d","late",365,0.111111111111111,0.333333333333333
234,"late_365d","late",365,0.111111111111111,0.333333333333333
235,"late_365d","late",365,0,0
236,"late_365d","late",365,0,0
237,"late_365d","late",365,0.222222222222222,0.440958551844098
238,"late_365d","late",365,0.222222222222222,0.666666666666667
239,"late_365d","late",365,0.111111111111111,0.333333333333333
240,"late_365d","late",365,0.111111111111111,0.333333333333333
241,"late_365d","late",365,0.444444444444444,1.33333333333333
242,"late_365d","late",365,0.111111111111111,0.333333333333333
243,"late_365d","late",365,0,0
244,"late_365d","late",365,0.444444444444444,1.0137937550497
245,"late_365d","late",365,0.222222222222222,0.666666666666667
246,"late_365d","late",365,0.222222222222222,0.666666666666667
247,"late_365d","late",365,0.111111111111111,0.333333333333333
248,"late_365d","late",365,0,0
249,"late_365d","late",365,0,0
250,"late_365d","late",365,0.111111111111111,0.333333333333333
251,"late_365d","late",365,0,0
252,"late_365d","late",365,0.222222222222222,0.666666666666667
253,"late_365d","late",365,0.111111111111111,0.333333333333333
254,"late_365d","late",365,0,0
255,"late_365d","late",365,0,0
256,"late_365d","late",365,0.111111111111111,0.333333333333333
257,"late_365d","late",365,0,0
258,"late_365d","late",365,0,0
259,"late_365d","late",365,0.111111111111111,0.333333333333333
260,"late_365d","late",365,0,0
261,"late_365d","late",365,0.111111111111111,0.333333333333333
262,"late_365d","late",365,0,0
263,"late_365d","late",365,0.111111111111111,0.333333333333333
264,"late_365d","late",365,0,0
265,"late_365d","late",365,0,0
266,"late_365d","late",365,0.111111111111111,0.333333333333333
267,"late_365d","late",365,0,0
268,"late_365d","late",365,0.222222222222222,0.440958551844098
269,"late_365d","late",365,0,0
270,"late_365d","late",365,0,0
271,"late_365d","late",365,0.111111111111111,0.333333333333333
272,"late_365d","late",365,0.111111111111111,0.333333333333333
273,"late_365d","late",365,0,0
274,"late_365d","late",365,0.111111111111111,0.333333333333333
275,"late_365d","late",365,0.111111111111111,0.333333333333333
276,"late_365d","late",365,0.111111111111111,0.333333333333333
277,"late_365d","late",365,0.111111111111111,0.333333333333333
278,"late_365d","late",365,0.111111111111111,0.333333333333333
279,"late_365d","late",365,0,0
280,"late_365d","late",365,0,0
281,"late_365d","late",365,0.111111111111111,0.333333333333333
282,"late_365d","late",365,0,0
283,"late_365d","late",365,0,0
284,"late_365d","late",365,0,0
285,"late_365d","late",365,0,0
286,"late_365d","late",365,0.111111111111111,0.333333333333333
287,"late_365d","late",365,0.111111111111111,0.333333333333333
288,"late_365d","late",365,0,0
289,"late_365d","late",365,0,0
290,"late_365d","late",365,0,0
291,"late_365d","late",365,0.111111111111111,0.333333333333333
292,"late_365d","late",365,0,0
293,"late_365d","late",365,0,0
294,"late_365d","late",365,0.111111111111111,0.333333333333333
295,"late_365d","late",365,0.111111111111111,0.333333333333333
296,"late_365d","late",365,0.111111111111111,0.333333333333333
297,"late_365d","late",365,0.111111111111111,0.333333333333333
298,"late_365d","late",365,0,0
299,"late_365d","late",365,0.111111111111111,0.333333333333333
300,"late_365d","late",365,0,0
301,"late_365d","late",365,0,0
302,"late_365d","late",365,0.111111111111111,0.333333333333333
303,"late_365d","late",365,0.111111111111111,0.333333333333333
304,"late_365d","late",365,0,0
305,"late_365d","late",365,0,0
306,"late_365d","late",365,0,0
307,"late_365d","late",365,0,0
308,"late_365d","late",365,0.222222222222222,0.666666666666667
309,"late_365d","late",365,0,0
310,"late_365d","late",365,0,0
311,"late_365d","late",365,0,0
312,"late_365d","late",365,0.111111111111111,0.333333333333333
313,"late_365d","late",365,0,0
314,"late_365d","late",365,0,0
315,"late_365d","late",365,0,0
316,"late_365d","late",365,0,0
317,"late_365d","late",365,0,0
318,"late_365d","late",365,0,0
319,"late_365d","late",365,0,0
320,"late_365d","late",365,0,0
321,"late_365d","late",365,0.111111111111111,0.333333333333333
322,"late_365d","late",365,0,0
323,"late_365d","late",365,0,0
324,"late_365d","late",365,0,0
325,"late_365d","late",365,0,0
326,"late_365d","late",365,0,0
327,"late_365d","late",365,0.111111111111111,0.333333333333333
328,"late_365d","late",365,0,0
329,"late_365d","late",365,0.111111111111111,0.333333333333333
330,"late_365d","late",365,0,0
331,"late_365d","late",365,0,0
332,"late_365d","late",365,0,0
333,"late_365d","late",365,0,0
334,"late_365d","late",365,0,0
335,"late_365d","late",365,0.111111111111111,0.333333333333333
336,"late_365d","late",365,0,0
337,"late_365d","late",365,0,0
338,"late_365d","late",365,0,0
339,"late_365d","late",365,0,0
340,"late_365d","late",365,0,0
341,"late_365d","late",365,0,0
342,"late_365d","late",365,0,0
343,"late_365d","late",365,0,0
344,"late_365d","late",365,0,0
345,"late_365d","late",365,0,0
346,"late_365d","late",365,0,0
347,"late_365d","late",365,0,0
348,"late_365d","late",365,0,0
349,"late_365d","late",365,0,0
350,"late_365d","late",365,0,0
351,"late_365d","late",365,0,0
352,"late_365d","late",365,0,0
353,"late_365d","late",365,0,0
354,"late_365d","late",365,0,0
355,"late_365d","late",365,0,0
356,"late_365d","late",365,0,0
357,"late_365d","late",365,0,0
358,"late_365d","late",365,0,0
359,"late_365d","late",365,0,0
360,"late_365d","late",365,0,0
361,"late_365d","late",365,0,0
362,"late_365d","late",365,0,0
363,"late_365d","late",365,0,0
364,"late_365d","late",365,0,0
365,"late_365d","late",365,0,0
