sim_idx,mean_time_sec,median_time_sec,n_windows
10650,0.032410761951101257,0.015865733032114804,19
2041,0.020349178359059517,0.011268796981312335,19
8668,0.020305807889120554,0.01122609298909083,19
1114,0.020332267841838888,0.011148013989441097,19
13902,0.02032802756998296,0.011251355987042189,19
11963,0.020342324259936026,0.011174354993272573,19
11072,0.02033643805924313,0.011219500040169805,19
3002,0.02033382205072006,0.011172101949341595,19
19771,0.02029987826857618,0.011214259022381157,19
8115,0.02029886116016362,0.011142353992909193,19
3525,0.020329387576662396,0.011252487020101398,19
7879,0.020322207640243794,0.01115063001634553,19
16441,0.020341501840831416,0.011147466953843832,19
16296,0.020312426152246956,0.011200165026821196,19
12566,0.020302634162362665,0.011130772007163614,19
5252,0.020265043471131082,0.011168305005412549,19
19393,0.020279218163953994,0.011157608998473734,19
16796,0.02030631857556536,0.011145188997033983,19
8094,0.020327464000346435,0.01121119997696951,19
322,0.020317222579921548,0.011099431023467332,19
9923,0.02033207822272456,0.011212889046873897,19
7459,0.020362274261730675,0.011204536014702171,19
19024,0.02029675473520336,0.011166944983415306,19
17553,0.020327424259831833,0.011183599999640137,19
9119,0.02029249141005015,0.011184127943124622,19
16421,0.020281979412845288,0.011191865021828562,19
16060,0.02031192620971093,0.011175333987921476,19
10120,0.020303559627408457,0.011277518991846591,19
19055,0.02042916989701457,0.01115466101327911,19
3649,0.020306578267512743,0.011118630005512387,19
3941,0.0203150306325896,0.01116113702300936,19
17880,0.020315030531492084,0.011171630001626909,19
16675,0.020287068315634604,0.011217340012080967,19
12630,0.02032414431634702,0.011143227049615234,19
11443,0.020286204532328014,0.01125445298384875,19
12157,0.020322042260024892,0.011149739031679928,19
13835,0.0203068519568708,0.011187634023372084,19
3434,0.02030460458052786,0.011207530973479152,19
18739,0.02032900032109434,0.011194793973118067,19
17407,0.02027717326142776,0.01113330596126616,19
15440,0.020307894780815235,0.011092846980318427,19
10406,0.02030750215788813,0.011108846985735,19
6517,0.020312183781674032,0.011110725987236947,19
971,0.020284720007207636,0.011135359003674239,19
16487,0.02033244115668104,0.011166137002874166,19
19730,0.02033807295006945,0.011218430008739233,19
13137,0.020302622539211848,0.011097143054939806,19
3669,0.020337378835967302,0.011153583007398993,19
15983,0.02029680452726193,0.011200441978871822,19
4058,0.020283421529089345,0.011213361052796245,19
14976,0.02031328009845885,0.01118465099716559,19
15698,0.020316262845881283,0.011197246029041708,19
13829,0.020316968475909608,0.011194274993613362,19
13419,0.020318392584541517,0.011195044033229351,19
960,0.020336395837244038,0.011204720009118319,19
17744,0.020342249689795273,0.011271823954302818,19
9864,0.020329851424321532,0.011258940969128162,19
11263,0.02032074569663229,0.011218992003705353,19
15782,0.020263026106955583,0.011091505002696067,19
17196,0.020285950474269492,0.011123111005872488,19
7554,0.020276137998352123,0.01116827898658812,19
10498,0.02029146416125035,0.01121468300698325,19
17059,0.020284852429636215,0.011130370025057346,19
17928,0.02030866194246827,0.011123812990263104,19
7085,0.020304894950976104,0.011145684984512627,19
14753,0.020348859056340235,0.011226130998693407,19
4519,0.020321275839753645,0.011172126978635788,19
3024,0.020277948685505084,0.011098597024101764,19
12121,0.020315988359997345,0.01119046297390014,19
18494,0.02029779921347079,0.011146311997435987,19
5483,0.020342357465874795,0.011229794996324927,19
1419,0.02033278216166716,0.01126574701629579,19
6209,0.020260427153277163,0.0111611969769001,19
10742,0.020336496472162634,0.011301730992272496,19
16143,0.02031438143029319,0.011238551989663392,19
17617,0.020294099317030294,0.011188548000063747,19
14568,0.0203092398924606,0.01114810403669253,19
980,0.020332269422636415,0.011178873013705015,19
2783,0.020333998321898673,0.011202704044990242,19
7713,0.020304566001102916,0.011202285997569561,19
11518,0.020308219729677626,0.011138464033138007,19
8600,0.020286147479629636,0.011166889045853168,19
11640,0.020304452483909892,0.011245150992181152,19
18830,0.020318920258432627,0.011197477986570448,19
12562,0.020271153578314147,0.011185228999238461,19
12751,0.02028152043318474,0.01106810400960967,19
6384,0.020281290053389966,0.01114518498070538,19
4807,0.020311239426710495,0.011159387999214232,19
6195,0.020328418802053324,0.011149946018122137,19
10648,0.020303466801507103,0.011150536010973155,19
7567,0.020328017120176043,0.011251416988670826,19
16397,0.0203053142575204,0.011144175950903445,19
17524,0.020289614478028135,0.011186353978700936,19
1346,0.020292020209844372,0.011140924005303532,19
13124,0.020291745849566434,0.011125908000394702,19
12673,0.020289374209058127,0.0111450600088574,19
15455,0.020353869259308436,0.011188520991709083,19
14001,0.020308445149566978,0.011162651004269719,19
18621,0.020286566106063362,0.011090445972513407,19
2119,0.020279853626178873,0.011196195031516254,19
15304,0.020313808725117462,0.01122315600514412,19
4309,0.020420078362803906,0.011140717018861324,19
4484,0.02046230747241919,0.011315349023789167,19
11013,0.020324878995061704,0.011127604986540973,19
4770,0.020336239797822935,0.0112426090054214,19
2712,0.02033220642356594,0.011224069981835783,19
12186,0.020343377417272056,0.011139147041831166,19
16615,0.02036910704765959,0.011200996988918632,19
10947,0.020299812579699057,0.01113066601101309,19
2545,0.020369206055827243,0.011290126014500856,19
12619,0.020329591468907893,0.01120033097686246,19
9851,0.02033119932074394,0.01119332603411749,19
4410,0.0202937359511117,0.011177151987794787,19
19647,0.0204296705319154,0.011224918998777866,19
12344,0.020424224635414583,0.011194786988198757,19
12407,0.020138186996949737,0.011026859981939197,19
9610,0.020123485377744624,0.011022802034858614,19
10718,0.02010496373374113,0.011034556955564767,19
7571,0.02017895510346678,0.010994359967298806,19
3570,0.020144794366052866,0.010980068997014314,19
8602,0.020121874155991367,0.010977637954056263,19
3559,0.020108260376697506,0.010969499999191612,19
4991,0.020143797418935912,0.01099631900433451,19
7439,0.020126153996802475,0.010957259975839406,19
9325,0.020114536522765104,0.010957413993310183,19
2300,0.020114403748027,0.01094527804525569,19
7666,0.02012537252525554,0.011032027017790824,19
5804,0.02019590442068875,0.011057337978854775,19
12022,0.020140703479563326,0.01100758498068899,19
15537,0.02010287436056196,0.010940739011857659,19
9757,0.020177510631344233,0.011029757966753095,19
12014,0.020128920318950947,0.010966101021040231,19
5211,0.020119289043482,0.010995279997587204,19
11548,0.020154670104506965,0.01108067500172183,19
12366,0.020126005904258865,0.010994204028975219,19
9270,0.020136858465297048,0.011022378981579095,19
3975,0.0201150359475593,0.01107251999201253,19
16090,0.020117388364221705,0.011067139043007046,19
17232,0.020135863160248846,0.010993197036441416,19
17443,0.020123758050000395,0.010998963960446417,19
13656,0.02014692341541185,0.011119491013232619,19
15645,0.020148972894898372,0.011097732989583164,19
2730,0.020117982741028658,0.01110317901475355,19
3298,0.020141627097281775,0.010904632974416018,19
8956,0.02020406842501344,0.010990448005031794,19
17410,0.02011920921320684,0.010883323033340275,19
15155,0.02017274094855805,0.011089355975855142,19
17276,0.020139157150161305,0.011026087973732501,19
6703,0.020107117153728676,0.010976661986205727,19
1968,0.020155889527431053,0.010969961993396282,19
4936,0.020138122833726044,0.011138928995933384,19
2112,0.020157670102841956,0.011117960966657847,19
878,0.020178368263020132,0.011023233993910253,19
19075,0.020133490573100158,0.010993910022079945,19
12989,0.020146650574660224,0.011029945977497846,19
7277,0.02017157615199195,0.011013251030817628,19
5709,0.02014017063131752,0.011164752999320626,19
12078,0.02016682557357279,0.011071605957113206,19
6687,0.020147831675498502,0.011046503961551934,19
6418,0.020186885309062506,0.011030071997083724,19
10431,0.020091384793264104,0.010939528001472354,19
9982,0.02011536973173191,0.010985053959302604,19
19073,0.020157114691468643,0.011043097008951008,19
4629,0.020184946730487832,0.011053390975575894,19
8862,0.020110858683964533,0.010979064041748643,19
4667,0.02016170010718174,0.011004042986314744,19
14163,0.020119828530464713,0.010876655986066908,19
385,0.020175416736348876,0.011006303015165031,19
4186,0.020134221002655595,0.01100295502692461,19
5345,0.02011550500633587,0.011039015953429043,19
2195,0.020150812263110357,0.011050499975681305,19
14990,0.02014469462875767,0.010937817976810038,19
12634,0.0201512089391288,0.011036353011149913,19
1077,0.0201557560082476,0.01105191296664998,19
6286,0.020151693576113565,0.010987770976498723,19
5933,0.020169454571594924,0.010985967004671693,19
18512,0.02127436000706726,0.011897214979398996,19
19717,0.020195072850727133,0.011102755030151457,19
13363,0.020147049416616363,0.011034826980903745,19
8072,0.02011666890221501,0.010979950020555407,19
17020,0.020122945265795448,0.0110095189884305,19
9543,0.020142868844375602,0.010973379015922546,19
19094,0.02014124605155207,0.011090241023339331,19
13355,0.020191447634715587,0.010962260013911873,19
18631,0.020127455256634244,0.01094406598713249,19
2848,0.020110312892173073,0.010972496005706489,19
12791,0.02013782095041518,0.010987212008330971,19
7722,0.020156243684284977,0.010944478039164096,19
812,0.02012886410566831,0.011064074991736561,19
11193,0.020147677575311575,0.010997114004567266,19
5135,0.020155483204258706,0.010992876021191478,19
8510,0.020126670209911504,0.011002755025401711,19
7434,0.020120901055634022,0.010999644990079105,19
16476,0.020137536624372985,0.010989890957716852,19
936,0.020137165792555988,0.011037544987630099,19
11965,0.020152149997700593,0.010962307977024466,19
1692,0.02015413441634002,0.011024432023987174,19
6216,0.020116880986422888,0.010944698995444924,19
9459,0.020109834890861652,0.01098283298779279,19
12527,0.02018103047617172,0.011034631985239685,19
15484,0.020116750049821445,0.010981583036482334,19
5792,0.020110056999041455,0.011019951023627073,19
12266,0.020075584734226333,0.01095269899815321,19
2221,0.020159978318444797,0.011052724963519722,19
15757,0.02008823367558714,0.010984165011905134,19
4693,0.02011710921559777,0.010983382991980761,19
10108,0.020118656736725058,0.01109677500789985,19
5107,0.020149144999633887,0.010945687012281269,19
13480,0.02016824236029367,0.011023997969459742,19
4745,0.02015457198783559,0.011047028005123138,19
1604,0.020137202153962693,0.011013114999514073,19
17395,0.020136211903790308,0.010988913010805845,19
16863,0.020106220884420174,0.011077674978878349,19
8213,0.020099002062220518,0.011028298002202064,19
1092,0.020137330048447966,0.011043847014661878,19
13884,0.02010470057384258,0.010981899977196008,19
6311,0.02011478873043272,0.011099762981757522,19
9012,0.02017641463010621,0.011135448992718011,19
351,0.020114958997031574,0.011013915995135903,19
14782,0.020118113469307947,0.011115320026874542,19
1530,0.020150897053290942,0.01095487701240927,19
13591,0.020164996416209953,0.011010222020559013,19
15215,0.020170883104009062,0.011091219028458,19
11540,0.02012454820674305,0.010982949985191226,19
218,0.020126991899144884,0.011041796009521931,19
6813,0.020152039890251074,0.01098156999796629,19
5357,0.02009436768773747,0.011020545032806695,19
15729,0.020104255677372413,0.011035305971745402,19
13043,0.02013080779119934,0.010959112958516926,19
1453,0.020111869787797332,0.011096397007349879,19
14932,0.020144198157236372,0.011059951968491077,19
4740,0.02013337126271309,0.010964546003378928,19
2814,0.020139716047867153,0.011029558023437858,19
7886,0.02013108837356987,0.010996915982104838,19
4973,0.0201088155766851,0.010973487049341202,19
1182,0.02009661447587668,0.011015207972377539,19
10035,0.0201194448470089,0.011017254029866308,19
3947,0.020105632006705395,0.01106601400533691,19
3189,0.020131658266396506,0.010981903993524611,19
14480,0.02015728846890852,0.011027899978216738,19
19826,0.020107935100034075,0.010967640962917358,19
9623,0.020116747580591197,0.010957814985886216,19
1006,0.02014890384223116,0.01118299801601097,19
2325,0.0201350705771658,0.01099267101380974,19
10645,0.020109342748152192,0.010978378006257117,19
19523,0.020147205943143683,0.011006072978489101,19
17725,0.020120816360423833,0.010985282016918063,19
5743,0.020140164798297184,0.011019886005669832,19
12680,0.02013307651443603,0.01101969601586461,19
14583,0.02013280483783762,0.011007977009285241,19
19257,0.020688192419536216,0.011008059955202043,19
11881,0.020124718733744596,0.011035576986614615,19
1027,0.020139151219107015,0.011025072017218918,19
4069,0.020152938999480716,0.01101632695645094,19
18572,0.020139522311326704,0.01097441598540172,19
14652,0.020127444849717187,0.010963344015181065,19
6650,0.020138510266980648,0.010991953022312373,19
15783,0.020109425890136902,0.010961256979499012,19
17648,0.02012594295420537,0.011085857986472547,19
4622,0.02013901357637032,0.01101510098669678,19
10385,0.02016653900194031,0.0111075000022538,19
13670,0.0201468102627826,0.01098038099007681,19
14046,0.020121652623761054,0.010912052995990962,19
1962,0.020149756005450496,0.010934879013802856,19
19874,0.020066559685418678,0.010998480021953583,19
1599,0.02012799389501053,0.011042562022339553,19
9675,0.020110160011283466,0.011105351033620536,19
10952,0.02012627300083343,0.010984214954078197,19
4333,0.02016085889312978,0.010937304992694408,19
12099,0.020103259107073473,0.010986389999743551,19
6955,0.020150770111573173,0.011025939020328224,19
18821,0.02011626110853333,0.010982067964505404,19
8545,0.0200802750003181,0.011071867018472403,19
15974,0.020141652307326074,0.010984090971760452,19
13722,0.020153259159997106,0.011059247015509754,19
695,0.020108290635490494,0.011042925005313009,19
15630,0.02010681952570418,0.01094510598341003,19
13589,0.020199669472946737,0.011056827963329852,19
14521,0.020139313152819676,0.010976503021083772,19
19917,0.02013530304630924,0.010835617955308408,19
9770,0.020143400372226575,0.01100768701871857,19
13377,0.020113765893160905,0.010991503018885851,19
1034,0.02012617841644801,0.011085784994065762,19
10842,0.020155385957638685,0.011040159035474062,19
16592,0.02010976310549794,0.010975533979944885,19
10421,0.020102150526853574,0.010976475023198873,19
10979,0.020129512468548983,0.010983510001096874,19
2127,0.020153199150962264,0.0110790099715814,19
12187,0.02011835720622912,0.011018095014151186,19
5970,0.020109773153978352,0.011013048002496362,19
13225,0.020086016680579633,0.01099712698487565,19
993,0.020111325000853914,0.01098860998172313,19
15084,0.02015393753352232,0.01105319696944207,19
14845,0.020147087947024328,0.011017251992598176,19
14945,0.020183190632930125,0.010977810015901923,19
447,0.020171297208626607,0.0111268509645015,19
17277,0.02010901505433905,0.010974019998684525,19
5453,0.020183849270994727,0.011029046028852463,19
3211,0.020150014631278617,0.011025098036043346,19
5561,0.02015603051864003,0.010977583995554596,19
18911,0.020182357105352964,0.010974331991747022,19
3210,0.020174428740957456,0.0111075280001387,19
13813,0.02013463242053005,0.011048110027331859,19
8966,0.02015510641994249,0.011065114988014102,19
17653,0.02012438026845063,0.011051624023821205,19
10649,0.020131623838096857,0.010986114968545735,19
19714,0.020154717727564275,0.011013759998604655,19
3971,0.020123072210576777,0.010964688961394131,19
10807,0.02012589258007019,0.01106322801206261,19
19544,0.020121486208058502,0.011002869985532016,19
11366,0.020130385148437006,0.010967791953589767,19
3778,0.02011033648159355,0.010991245973855257,19
13079,0.020128635799904402,0.011022071004845202,19
6352,0.020100740262454276,0.011029516987036914,19
4007,0.020089808744255845,0.011052350047975779,19
3776,0.02013077774379206,0.011043967038858682,19
17147,0.020138720684611287,0.011094290006440133,19
14104,0.020111260154456096,0.010999744990840554,19
19145,0.020119859843122725,0.010959416977129877,19
19183,0.020063260680456694,0.01097936398582533,19
8426,0.02012151774435647,0.01101199898403138,19
4337,0.020117670692822064,0.01098508998984471,19
8117,0.020152150199895625,0.011065115977544338,19
7763,0.02010097526209919,0.01101471099536866,19
14012,0.020135724696477775,0.011054415022954345,19
13651,0.020134697940911314,0.011071615968830884,19
438,0.020172860635763134,0.011084430967457592,19
16533,0.02016356236632227,0.011076005990616977,19
3269,0.02013209972555112,0.011025272018741816,19
3752,0.020109583730931933,0.010970692965202034,19
9113,0.02012507452960371,0.011010863992851228,19
9440,0.020108560936549974,0.011036670999601483,19
1739,0.0200779339954208,0.011007270019035786,19
606,0.020108517633113814,0.011031355999875814,19
17085,0.020112042627787513,0.010992509953211993,19
12998,0.020115879784019564,0.010964111017528921,19
16972,0.020106997417506614,0.010881207010243088,19
18366,0.020133566524906967,0.011060866992920637,19
15683,0.02019168979083923,0.011061364028137177,19
11037,0.020118634786309774,0.010951025993563235,19
5746,0.020136387108849657,0.011049925989937037,19
11584,0.020103217742871493,0.01105977303814143,19
6270,0.02011516636335536,0.010975137003697455,19
8851,0.020093399626938135,0.01107178401434794,19
18408,0.02008567347289308,0.01097200601361692,19
6600,0.02010257794570766,0.011049313994590193,19
11378,0.02011082357861788,0.01096639595925808,19
17189,0.020132875835866128,0.010986097971908748,19
11605,0.020093412622564324,0.010999936959706247,19
6909,0.020110557845328003,0.01098145596915856,19
738,0.020128741842008344,0.011029347020667046,19
1994,0.02013576820823609,0.011075349000748247,19
119,0.020130843144694443,0.011013193987309933,19
14926,0.0201223727903868,0.01104522100649774,19
17609,0.02011577088667668,0.011026038031559438,19
17436,0.020114452464775622,0.010989308007992804,19
18553,0.02011171637078453,0.010960345971398056,19
7293,0.020099199217695155,0.011018760036677122,19
3405,0.02007111584412326,0.011119142000097781,19
10537,0.02011080037214254,0.010992319963406771,19
18466,0.020148357633795393,0.011023937026038766,19
8626,0.020161515212078627,0.011039889010135084,19
3481,0.020163373788818717,0.011083782010246068,19
17818,0.02012265683764494,0.011015269032213837,19
127,0.020117155634675567,0.011022346967365593,19
13426,0.020167093365575726,0.011078565963543952,19
10610,0.020141349431421412,0.011064224992878735,19
15273,0.0201604397428271,0.011065965984016657,19
19580,0.020136817315544345,0.010997697012498975,19
19285,0.020162740431260318,0.011198358028195798,19
12822,0.020176128530262138,0.011191391968168318,19
3073,0.020134338104215107,0.010972463001962751,19
2380,0.020141929945614385,0.011042051017284393,19
2483,0.020152839522588215,0.01105445099528879,19
3461,0.020175693253373827,0.011070441047195345,19
15231,0.0201454329500465,0.010961135965771973,19
7458,0.020095704582911964,0.0109735659789294,19
15884,0.020105504942445184,0.011072352004703134,19
6885,0.020130054051007488,0.011154200008604676,19
15097,0.020145321316943552,0.010949861025437713,19
18684,0.020103068323805928,0.011011413007508963,19
14970,0.02010607821131615,0.01097883703187108,19
803,0.020113624534324595,0.010989214002620429,19
474,0.020092604105899994,0.011006507033016533,19
8608,0.0200794377903405,0.010934713005553931,19
6482,0.02010253720647214,0.011020804988220334,19
18287,0.02012068136460393,0.010958887985907495,19
5557,0.020134597109924806,0.01103886595228687,19
13948,0.020096058258786798,0.011013185954652727,19
8891,0.020097196626011282,0.01101113500772044,19
12521,0.02010183525884426,0.01102959003765136,19
4448,0.020098274947438193,0.011028574022930115,19
484,0.02011679779848476,0.01098378503229469,19
10422,0.020089741689030473,0.011019812023732811,19
19411,0.02008964131145101,0.010965600027702749,19
14900,0.020146437850168075,0.011064295016694814,19
11226,0.020108890373529375,0.01099406398134306,19
19132,0.020075965580824567,0.011001592967659235,19
7920,0.02007715120654259,0.011047171952668577,19
7911,0.02016472626526497,0.010932162986136973,19
2766,0.020139421256700235,0.011053698952309787,19
14865,0.020125519582315496,0.01103142200736329,19
16506,0.020135442266779904,0.010958219994790852,19
11688,0.0201025085346038,0.011154860025271773,19
4037,0.020098653530064774,0.01101373799610883,19
856,0.02015739133716316,0.011025221028830856,19
16136,0.02008581499716169,0.011036548006813973,19
8830,0.020131234631040378,0.011116063047666103,19
8803,0.020138213352765888,0.01105335500324145,19
11838,0.020115923629706038,0.010947424976620823,19
3826,0.0201450390588051,0.01101970300078392,19
18127,0.020046517154888102,0.010971678013447672,19
5995,0.020108484996997408,0.011058912961743772,19
503,0.02012160268465155,0.010999324964359403,19
2959,0.020112635371716397,0.011003759049344808,19
7988,0.020145676990260222,0.011093479988630861,19
9640,0.020113195580626398,0.011035614996217191,19
8109,0.020110676049769512,0.011030387016944587,19
5382,0.020112235108267908,0.010972434014547616,19
13951,0.02011229562891745,0.010985266009811312,19
13138,0.02011545668785019,0.011034033028408885,19
17987,0.020089179157941162,0.010977578000165522,19
13435,0.0200836047266708,0.01104527700226754,19
7725,0.020134188688213105,0.010978806007187814,19
12033,0.020096374114999843,0.01115264801774174,19
8129,0.020110913472691255,0.01111801399383694,19
12787,0.020096869682770614,0.010970078001264483,19
8292,0.020109632787735837,0.011018191988114268,19
18321,0.020104868993114092,0.010980485996697098,19
13060,0.02012888158634795,0.011011589027475566,19
3295,0.020100322273241256,0.010929242009297013,19
8957,0.02009349006326183,0.011043787002563477,19
115,0.020038487208933618,0.01095514401094988,19
5647,0.020086522523534336,0.010963835986331105,19
12624,0.020106997426697297,0.01098486001137644,19
14747,0.020058550789192515,0.010964259970933199,19
7181,0.02007685978835645,0.010977035970427096,19
1710,0.02003645862906093,0.010953596967738122,19
15957,0.020043340848611767,0.010915669030509889,19
5817,0.019997901733548037,0.01099852001061663,19
15278,0.01999003094878342,0.010949581046588719,19
2480,0.02002630200800731,0.010948701004963368,19
10250,0.02002273614849209,0.01094667799770832,19
4032,0.019940429262963955,0.010964068991597742,19
13347,0.02056151815677846,0.010947050992399454,19
16530,0.019964388115208988,0.01089699100703001,19
9514,0.020400526479964976,0.011901505989953876,19
4610,0.019906305272965448,0.010779829986859113,19
5117,0.019865744260115253,0.010806921985931695,19
16946,0.019940895733031396,0.010765087965410203,19
6385,0.0198619797409169,0.010631091019604355,19
15139,0.019906713679359343,0.010874125990085304,19
6271,0.019803440060442018,0.010727179993409663,19
341,0.01986144873387131,0.010766321036498994,19
828,0.019860322581064935,0.010760342003777623,19
12529,0.019907320163359766,0.010694361000787467,19
11551,0.020149672838957293,0.010725072002969682,19
9527,0.019717534578184745,0.010719693033024669,19
11836,0.019820040790364146,0.010729626985266805,19
313,0.019626277054684532,0.010688394017051905,19
11697,0.019639627422867834,0.010617068037390709,19
10051,0.019544247262130835,0.01053422800032422,19
12863,0.019554011900541617,0.01049708400387317,19
16070,0.01967284141267699,0.010531345964409411,19
17136,0.019624512048291142,0.010629090014845133,19
18261,0.020126053162752407,0.010628007003106177,19
4909,0.020934818579055565,0.011154584994073957,19
17796,0.0205173794590672,0.0105145099805668,19
8873,0.02005496167724854,0.011251244985032827,19
18285,0.020015681790506567,0.011398183007258922,19
409,0.02008434821925077,0.010613220045343041,19
3795,0.019939055215983995,0.01066827296745032,19
2703,0.020476521155184235,0.010610564961098135,19
10342,0.02033838058062094,0.010777021991088986,19
4981,0.020150324262335505,0.011137055000290275,19
8582,0.0196064035316292,0.01065346400719136,19
7667,0.020581655682211642,0.011220461979974061,19
17517,0.01959881494373181,0.010573627019766718,19
17183,0.02036809132091309,0.010580533999018371,19
9725,0.020362635688415093,0.011243656976148486,19
18153,0.02044892705376505,0.010953048011288047,19
7499,0.019984974786271585,0.010662114014849067,19
17036,0.019979293528625642,0.011173582985065877,19
7720,0.019515514211410557,0.010611700010485947,19
1905,0.020203764577959908,0.010543925047386438,19
6717,0.02069373210389657,0.011674197972752154,19
2174,0.020356993307359517,0.01108157099224627,19
6769,0.020831167198546035,0.01087050698697567,19
7161,0.020450543051610065,0.010752934031188488,19
6504,0.020644773257357116,0.010911012999713421,19
18765,0.019942155432593273,0.011845647997688502,19
4420,0.021226820790233386,0.010903412010520697,19
1272,0.02054597784483217,0.011525768029969186,19
451,0.020505849636576482,0.010687789996154606,19
3519,0.020983727419087172,0.011085423990152776,19
17477,0.020186658951723457,0.010674443969037384,19
9567,0.02054344379575923,0.011178103042766452,19
247,0.01980116063005928,0.010904186987318099,19
17815,0.01968177162895077,0.010536178015172482,19
1747,0.020492648886590217,0.010750287969131023,19
2085,0.019915728468300874,0.010919221036601812,19
12492,0.01963546763382558,0.010655582998879254,19
13351,0.020304663321248403,0.01057521702023223,19
4974,0.02019245030762824,0.011034847004339099,19
3498,0.01975868283587165,0.01069425098830834,19
13442,0.019532211676338,0.010617976950015873,19
1084,0.01950641105711264,0.010545975004788488,19
4935,0.019576346103445087,0.010472319961991161,19
6237,0.019529724738707666,0.01048568298574537,19
6734,0.019503320113902812,0.01054972899146378,19
12983,0.019549698002121755,0.010595749015919864,19
14249,0.019532578893152897,0.010493076988495886,19
11982,0.019525402513528734,0.01058585598366335,19
5922,0.01955216863241635,0.010622986010275781,19
17268,0.01953460221595474,0.01049743901239708,19
8948,0.019510974154783117,0.010427301982417703,19
19450,0.019484104677471088,0.01050506898900494,19
4149,0.01949108452965064,0.010457775031682104,19
5099,0.019511837567398816,0.0104931759997271,19
9512,0.01952198905392403,0.010634384991135448,19
13259,0.019524380580007442,0.010546717036049813,19
17360,0.019516675880080776,0.010459307988639921,19
17037,0.019530480580502434,0.010490028013009578,19
3335,0.019541260216532175,0.01052333100233227,19
17585,0.01951392736947654,0.010458872013259679,19
19819,0.019474847989745046,0.010449463967233896,19
13728,0.019541265740132843,0.010505876038223505,19
9893,0.019517524419107327,0.010534021945204586,19
7650,0.019561917891750408,0.010663336026482284,19
2238,0.019493296996714843,0.010434161988086998,19
14204,0.019515989412627135,0.010395937948487699,19
251,0.01950171883646889,0.010458589007612318,19
8196,0.019540111050254813,0.01054074801504612,19
4706,0.02032882478517039,0.010600370005704463,19
8143,0.020442470056494993,0.015085803985130042,19
2714,0.019505195108266843,0.01047891704365611,19
18079,0.01948770831375824,0.010464174032676965,19
9529,0.01953158522098276,0.010494120011571795,19
10341,0.019529387799067127,0.010522146010771394,19
15290,0.019533430535566845,0.010568805038928986,19
326,0.019505420626190147,0.010526827943976969,19
4980,0.01952642263035829,0.010536449030041695,19
7438,0.019458257106108295,0.010430711961816996,19
6647,0.019549520324768598,0.01059972500661388,19
6258,0.01948004231886252,0.010406603978481144,19
9047,0.019507504371607576,0.01046087103895843,19
3393,0.0195165023783614,0.01046146301086992,19
17664,0.019684086418955735,0.010542939009610564,19
19414,0.019582590477320513,0.010585814015939832,19
16117,0.01972845979463799,0.010522462020162493,19
1337,0.02012522120371853,0.010857318004127592,19
3168,0.02014667567747988,0.011103910976089537,19
12860,0.019898630004670275,0.010756576026324183,19
19814,0.020008351368903134,0.01087715697940439,19
2393,0.020038665103799615,0.01078019296983257,19
19915,0.0201761841584046,0.010865819989703596,19
15179,0.020293400053081934,0.010989663016516715,19
5923,0.019758339263621326,0.01071254099952057,19
16297,0.019772112577859508,0.010476447001565248,19
2743,0.01968479684039362,0.01047491398639977,19
5005,0.0196345154300185,0.01046708703506738,19
18716,0.01964095942247169,0.010617760010063648,19
19613,0.019693822207811632,0.010547154990490526,19
11643,0.019632552741217967,0.010561719012912363,19
4119,0.01962465694554052,0.010508336999919266,19
2090,0.019860600743222198,0.011939632007852197,19
7443,0.019716267688444963,0.010583129012957215,19
8731,0.019693616838929683,0.01058612996712327,19
14404,0.019753607792632754,0.010613946011289954,19
5702,0.02029936189003485,0.010597134998533875,19
3800,0.019720772627471506,0.010576475004199892,19
11419,0.01970502794842775,0.01068201701855287,19
2008,0.0197357730020916,0.010579478985164315,19
1493,0.01981941715654868,0.01075313298497349,19
9282,0.019747538473702184,0.010695695993490517,19
7789,0.019724895473030444,0.01079980400390923,19
3848,0.019731046408292298,0.010556081018876284,19
15650,0.01979226946806241,0.010700375016313046,19
19143,0.019740272043763024,0.010536156012676656,19
18551,0.019778325580869262,0.010655833000782877,19
19249,0.01971467632775832,0.010611570032779127,19
4194,0.01977617620784593,0.01063987601082772,19
1512,0.019774222584122692,0.010678059014026076,19
2748,0.019723288258415107,0.010644709982443601,19
18211,0.01975137942568644,0.010813663015142083,19
3733,0.019830369580488064,0.010613750026095659,19
7654,0.020336494214318105,0.01097236096393317,19
2346,0.020106348582837535,0.011010980990249664,19
2519,0.019979500306745696,0.01068459899397567,19
718,0.02014386741517994,0.010833768988959491,19
139,0.020310446105309223,0.010915738996118307,19
17947,0.021300454204289342,0.011378755036275834,19
17762,0.022734018572679673,0.012098826002329588,19
2444,0.022680202480650655,0.012432821036782116,19
5198,0.022164783844920367,0.011889524990692735,19
1402,0.022962161005891272,0.012595198000781238,19
16321,0.023008929118268975,0.012084441026672721,19
1730,0.02357068957797693,0.012664916983339936,19
9260,0.021109499784774687,0.01254332100506872,19
3721,0.02014215562590643,0.010837657959200442,19
17840,0.020018430258220945,0.01112359098624438,19
19736,0.019745891837182603,0.010622756963130087,19
8121,0.019812428472122473,0.010717045981436968,19
9531,0.019753095577470958,0.010641330969519913,19
17730,0.019740050998638924,0.010601617977954447,19
18906,0.019746888946668293,0.01065313199069351,19
14283,0.019721299477264677,0.010477219999302179,19
4074,0.01977649616616729,0.010663138004019856,19
9049,0.019787343105570853,0.010694261989556253,19
6438,0.019731128474967063,0.010579750989563763,19
2267,0.019740963523202624,0.01053981197765097,19
2830,0.019724352625321205,0.010605049028526992,19
10495,0.01968153741970462,0.010457148018758744,19
14177,0.01975494742969443,0.010658330982550979,19
12291,0.019729754409605737,0.01059417799115181,19
8366,0.019771367366621762,0.010683327971491963,19
16894,0.01973547147109026,0.010680260020308197,19
8466,0.019721457109737554,0.010569403995759785,19
2932,0.019736736216337272,0.010656893020495772,19
13784,0.019776335157650083,0.010691320989280939,19
16075,0.01973897679463813,0.010681022016797215,19
12950,0.019778798634529506,0.010712401010096073,19
2946,0.019716951524299618,0.010575665975920856,19
17514,0.01975236584028033,0.010711893963161856,19
11292,0.01968126283885029,0.010538769012782723,19
19606,0.019754178947646563,0.010754767979960889,19
9390,0.01973421148355364,0.010670521995052695,19
9293,0.019761730417437656,0.010690128023270518,19
17747,0.01974054443417117,0.010705052001867443,19
6162,0.01970842010709212,0.010550736973527819,19
9758,0.019798108842223883,0.010737131000496447,19
8544,0.019758657472649294,0.010721543978434056,19
2579,0.019715913157836582,0.010666334012057632,19
4387,0.019760033311812503,0.01061880000634119,19
11225,0.019768885202019623,0.010592026985250413,19
18149,0.02026602178873298,0.010662821005098522,19
4832,0.019769377531606312,0.010725413972977549,19
9391,0.019799804946064557,0.010652169992681593,19
6705,0.01978127052394771,0.010667976050172001,19
16192,0.019692204895698905,0.010590106016024947,19
2626,0.019746228157983797,0.010581288021057844,19
9098,0.019732550160322142,0.010586054995656013,19
10872,0.01973392642532034,0.010614702012389898,19
6888,0.019661112896803962,0.010607906035147607,19
19364,0.019754680890687985,0.010659144958481193,19
5687,0.01965561294989464,0.010538613016251475,19
4949,0.019688409943084576,0.010513842978980392,19
14306,0.01974082420469801,0.010605925985146314,19
11330,0.01968592295031014,0.010555003012996167,19
19490,0.01973981073579604,0.01058689400088042,19
1805,0.019718904893747287,0.010520062001887709,19
13811,0.019727234897130217,0.010654170997440815,19
11997,0.019757622684425626,0.010641999018844217,19
16480,0.019741746376415615,0.01055500702932477,19
8508,0.01974935337325166,0.010726623993832618,19
19715,0.01971839294817887,0.010629692988004535,19
8575,0.019739203106023763,0.01064754300750792,19
4877,0.019737653737569128,0.010619022999890149,19
10879,0.019766345359752642,0.010686898021958768,19
1147,0.019711601474371395,0.010689264978282154,19
6076,0.019684935310291814,0.010604893031995744,19
6309,0.019707077048032692,0.010662874032277614,19
6210,0.019675220675325317,0.010424680018331856,19
16879,0.02063124547222335,0.010702272993512452,19
5714,0.019708497949116128,0.010734866955317557,19
15992,0.01975204584519624,0.01063924899790436,19
15143,0.019760051834102916,0.010618832951877266,19
13302,0.019723007519802962,0.010558640991803259,19
424,0.020589335264000846,0.010642369044944644,19
7360,0.01974522384606596,0.010630753997247666,19
19416,0.019787661314598824,0.010669723968021572,19
7241,0.019772346048787432,0.010657824983354658,19
15703,0.020403121996327843,0.010510165011510253,19
9995,0.019735029632054073,0.010754163027741015,19
15486,0.020728198946208545,0.01054014399414882,19
2177,0.021472326219449507,0.013034317991696298,19
7051,0.021121297469730245,0.01064871798735112,19
6405,0.019766379996374445,0.01058904902311042,19
5351,0.019812398093850596,0.01070960599463433,19
12906,0.019814867262826545,0.010809883999172598,19
1606,0.019787608633602138,0.010553908010479063,19
3062,0.019781566261755007,0.010731753020081669,19
17402,0.019832998158802326,0.010661364009138197,19
3488,0.019756189899788678,0.010497944022063166,19
4201,0.01975538709972936,0.010651902004610747,19
18505,0.019747103313229195,0.010569939971901476,19
17687,0.01977838073722332,0.010663326014764607,19
16598,0.019802418675298167,0.010655431949999183,19
2805,0.019764939791792512,0.01061485504033044,19
12349,0.01978038521606083,0.010706982982810587,19
18689,0.019762717996184762,0.010664721019566059,19
6248,0.019775952472915186,0.010728920984547585,19
9704,0.019759478893032985,0.01068066101288423,19
6914,0.020399102003705736,0.011040912999305874,19
14037,0.020478779995372814,0.011643643956631422,19
4031,0.020254690950662877,0.010623675014358014,19
4449,0.019760723936518555,0.01062474597711116,19
11262,0.019784164624166135,0.010614797996822745,19
18576,0.01972408274090604,0.010565287026111037,19
3528,0.01971866320941205,0.010740880970843136,19
18787,0.019745887312302857,0.01058600697433576,19
15569,0.019744839421228358,0.010626292962115258,19
17682,0.019770087949980638,0.010643967951182276,19
2319,0.019769377847153106,0.01067891001002863,19
12783,0.019744150159806993,0.01060222601518035,19
8099,0.01975349194406973,0.01059071597410366,19
3509,0.01973593699145376,0.010645122034475207,19
11340,0.01972626989682842,0.01063132204581052,19
8165,0.019759023476293998,0.010681919986382127,19
5394,0.01973765769262651,0.010545718017965555,19
8025,0.01976505490203731,0.010598238033708185,19
4393,0.019731827745042545,0.010712168004829437,19
4590,0.019733875104544784,0.010663204011507332,19
16144,0.019724106256801047,0.010625666996929795,19
1052,0.01973716794868539,0.010554404987487942,19
10330,0.019756694489746894,0.010645628033671528,19
16861,0.019748653900981145,0.010568477970082313,19
2578,0.019737726840264116,0.010678667982574552,19
10504,0.01976935064273053,0.01066639501368627,19
19882,0.019738973850555914,0.010596188018098474,19
8352,0.019726528639071865,0.010619014967232943,19
17458,0.0197556896937864,0.010650659038219601,19
19375,0.01973336553323622,0.010637275001499802,19
4724,0.0197715512201141,0.010627596988342702,19
18918,0.019713192531765487,0.010648383991792798,19
2232,0.019751595369981306,0.010690902010537684,19
2777,0.019859334570355713,0.01067351398523897,19
15131,0.01971085036884209,0.010668384027667344,19
1290,0.019708481586636288,0.010610353958327323,19
14761,0.019735826369325974,0.01063920499291271,19
2207,0.019726312636569338,0.010626753035467118,19
3449,0.019771863902477843,0.010597568994853646,19
15249,0.019785621105448195,0.010625810013152659,19
9509,0.019753133789268566,0.010604768991470337,19
3035,0.019822449420309186,0.010667252005077899,19
16262,0.019777821156343346,0.010630965000018477,19
16817,0.01981413884296719,0.010688996990211308,19
15337,0.019829399004505064,0.010804636985994875,19
10182,0.019714956891747487,0.010644392983522266,19
2998,0.019780586360292018,0.010711434006225318,19
6759,0.019743149741675313,0.010765954968519509,19
2265,0.019777097049978022,0.010734024981502444,19
7337,0.019764834999621502,0.010686457040719688,19
10676,0.019766207156384264,0.010619986976962537,19
4505,0.01974793989517677,0.010736308002378792,19
18426,0.019756870371853245,0.010728286986704916,19
19201,0.019717496531819433,0.010593331011477858,19
6692,0.01977708468544542,0.010727824992500246,19
14801,0.01974168815956402,0.010527005011681467,19
14030,0.019794578841691345,0.010707672976423055,19
3106,0.019796214850717468,0.010783378034830093,19
221,0.019732756956823562,0.010670584975741804,19
18356,0.019763436526868884,0.010593994986265898,19
11825,0.019772933106746916,0.010649765026755631,19
3050,0.019797934525597253,0.010862210008781403,19
4285,0.01977677421190923,0.010774512949865311,19
17541,0.019774160415277277,0.010559026966802776,19
12246,0.01981763416705163,0.010759336000774056,19
210,0.019717033152885147,0.010518579045310616,19
18238,0.019741496163126277,0.010604801995214075,19
1911,0.019749064485566986,0.010667658993043005,19
499,0.01972984941676259,0.010634228005073965,19
4999,0.01977548861912893,0.010765373997855932,19
17917,0.019741590842482094,0.010608631011564285,19
17266,0.019755492887557728,0.010676336009055376,19
8748,0.019744189737952854,0.010689009970519692,19
13683,0.019804274528532437,0.010574979009106755,19
180,0.019796097746094393,0.010757653042674065,19
18926,0.019712855046811074,0.010598469991236925,19
13684,0.019757503306640212,0.010580082016531378,19
12000,0.01974768105489937,0.010713851021137089,19
18842,0.019793580641577904,0.010615573031827807,19
11794,0.019732905475202164,0.010640255990438163,19
7267,0.019795526949517233,0.0107140620239079,19
2420,0.01973760862663192,0.01056294102454558,19
15825,0.01973513268412238,0.010738724027760327,19
18202,0.019758457682512113,0.01067354396218434,19
15634,0.01972500968258828,0.010541821015067399,19
14888,0.019735659999576837,0.01056188001530245,19
466,0.019856020676486782,0.010710252972785383,19
15057,0.019757066531670524,0.010565985983703285,19
59,0.01971408462544021,0.010528087965212762,19
4202,0.019766347363321602,0.010660526982974261,19
18076,0.019713758677856897,0.01063722395338118,19
7484,0.019769583314069007,0.010635146987624466,19
1580,0.01971657289571962,0.010614187049213797,19
7284,0.019704213310768336,0.010572946979664266,19
19827,0.019734074254397695,0.01069814496440813,19
16233,0.019744818313292375,0.010630442993715405,19
9393,0.01972686784574762,0.010630235017742962,19
2698,0.0197159016817367,0.010632243007421494,19
4564,0.019736174166227055,0.010609424964059144,19
11403,0.01971177694596056,0.010571775957942009,19
4199,0.019759556836154508,0.010623759008012712,19
19838,0.019699708007178025,0.010636841994710267,19
14902,0.019760032898231753,0.010569490026682615,19
7157,0.019708863888426048,0.010578501969575882,19
2973,0.019744253420197453,0.010570382000878453,19
7841,0.01973682026513607,0.010567346995230764,19
14766,0.019750473892169173,0.010660620988346636,19
13634,0.019687586264856356,0.010465733997989446,19
7695,0.01977591373418507,0.010546464996878058,19
5934,0.019751254944008236,0.010586391028482467,19
13875,0.019746063411922046,0.010660403990186751,19
17225,0.019724504623905216,0.010594088002108037,19
5215,0.019734449886814935,0.010494656977243721,19
11432,0.019768768780570673,0.010707075009122491,19
11165,0.019751936469937822,0.01063742395490408,19
11365,0.019706228472243407,0.01056265999795869,19
6626,0.019765446210696706,0.010627709969412535,19
3595,0.019682826109745196,0.010599836998153478,19
13085,0.019735707680841808,0.010624495975207537,19
5272,0.01975905935978517,0.01067795098060742,19
5627,0.019705134260125066,0.010634875972755253,19
12010,0.01976430063797651,0.010561366041656584,19
14841,0.01973367194755395,0.010559404967352748,19
10072,0.01972462873489253,0.010612654965370893,19
14751,0.019782006679298848,0.010735416028182954,19
7324,0.019729381583410463,0.010573605017270893,19
8632,0.019738939428383385,0.010503557976335287,19
14108,0.01972726273570994,0.010635316022671759,19
1297,0.019756665575857226,0.01069854199886322,19
10366,0.019744133414382015,0.01072541403118521,19
13248,0.019715396368778067,0.010706481989473104,19
200,0.019775285842019673,0.010669916053302586,19
1456,0.0197734486305547,0.010644241992849857,19
10559,0.01973722968556869,0.010525608027819544,19
9800,0.019801095167885682,0.010685355984605849,19
8453,0.019750959696370717,0.010582670045550913,19
9651,0.019763470955168533,0.010540552029851824,19
8892,0.019762152058415507,0.010661429027095437,19
18544,0.01982261195141626,0.010653802019078285,19
10263,0.019738581157166903,0.010612293961457908,19
1202,0.019799101261397528,0.010707503010053188,19
15967,0.01979003684276617,0.0107333569903858,19
3643,0.019745053950157996,0.010621243971399963,19
10990,0.01977382863161007,0.01073032699059695,19
10723,0.01970720599638298,0.010695879987906665,19
10356,0.01974193884464177,0.010603094007819891,19
3128,0.019755818161157596,0.0106478730449453,19
4351,0.019745328212401977,0.010722185019403696,19
19402,0.019773583065742922,0.010831677995156497,19
15878,0.019759578376052606,0.010666143032722175,19
3011,0.019771119166092064,0.010621270979754627,19
5090,0.019775535096414387,0.01067333499668166,19
17107,0.01974809052741253,0.0104093819973059,19
2621,0.019761685882449934,0.01064782595494762,19
1534,0.019755688688938358,0.01064330100780353,19
18178,0.019788140480063464,0.010689235001336783,19
3836,0.019793523732866896,0.010728006018325686,19
17766,0.019756214264290112,0.010527121019549668,19
11520,0.01973104869064532,0.010573929001111537,19
16080,0.01971783457740553,0.01051105500664562,19
15859,0.019807842835832975,0.010865275980904698,19
8550,0.019778737571629647,0.010776902025099844,19
15662,0.019849210790677096,0.010737602016888559,19
5129,0.019756536066875253,0.010696983023080975,19
14008,0.019775409953006983,0.010614903992973268,19
3352,0.0197510539529551,0.010521808988414705,19
13454,0.019829064944611962,0.01079718500841409,19
13758,0.019734311423043868,0.010696938028559089,19
4903,0.019781247850532008,0.010702884988859296,19
2930,0.019722111627312477,0.010610360011924058,19
1087,0.019753691792414572,0.010575493040960282,19
15244,0.019739405736082086,0.010590379009954631,19
12088,0.019752588567299473,0.01053616194985807,19
4884,0.019784910362336393,0.010631576005835086,19
14633,0.019740055891146,0.010608410986606032,19
7947,0.019738526108037485,0.01059648796217516,19
16823,0.019731349526218286,0.010593798011541367,19
15819,0.01973373741279111,0.010526885045692325,19
5391,0.01974328658788612,0.010521716030780226,19
7245,0.01977105385709652,0.010599597997497767,19
15682,0.019821600584117204,0.010763765021692961,19
6279,0.019743372634126757,0.010694238007999957,19
5194,0.019750473895232733,0.01065753202419728,19
14222,0.019738530060031304,0.010568373021669686,19
17121,0.019718608053057994,0.010594376013614237,19
19672,0.019797015889229153,0.01078994502313435,19
17185,0.01975751205617072,0.010703423002269119,19
1729,0.01969709851484942,0.010497866023797542,19
19914,0.019749009157653506,0.010673545999452472,19
19841,0.019758665042708776,0.010608782002236694,19
13336,0.019762684790245993,0.010709251975640655,19
3310,0.019728776845639867,0.010559237038251013,19
12571,0.01971548978901027,0.010690675000660121,19
3415,0.01980450263210131,0.010803410958033055,19
5861,0.019776507207241497,0.010642121022101492,19
15237,0.019720020884721492,0.010617844003718346,19
6259,0.01974712799634098,0.0105864760116674,19
9619,0.01978098863037303,0.010772409033961594,19
5863,0.01975807158190659,0.010664092027582228,19
9806,0.01976804585061281,0.01066441199509427,19
5849,0.019731544111365157,0.010670271993149072,19
2754,0.019775012949187504,0.010678396036382765,19
13643,0.01979025173625958,0.010645175003446639,19
10192,0.01976409157750344,0.010622319008689374,19
8035,0.019784894526789065,0.010793089983053505,19
16836,0.01975864179028002,0.010649097035638988,19
15027,0.0197547701046508,0.010630720003973693,19
10761,0.01974838616105875,0.010685467976145446,19
7375,0.01978181742781185,0.010663182009011507,19
10709,0.01978665768891867,0.010491915978491306,19
5998,0.019712699053343385,0.010635573009494692,19
12264,0.019720569997413184,0.010552794963587075,19
19733,0.019767830515966603,0.01070799195440486,19
19732,0.019668071683937388,0.01041796401841566,19
1282,0.01988095121678749,0.010661820007953793,19
5290,0.01976126084091926,0.01058045105310157,19
10784,0.019772987730041342,0.010727357002906501,19
11067,0.019810066478768068,0.010698920988943428,19
19688,0.019758812004798336,0.01055602403357625,19
4021,0.019731608737186577,0.010543543961830437,19
16141,0.019758999430402917,0.01060582505306229,19
6826,0.01976640789622539,0.010579211986623704,19
18361,0.0197655970451275,0.010615977982524782,19
12084,0.019757113057972963,0.010703328996896744,19
11051,0.019770416581243472,0.010709689988289028,19
8331,0.019748170835603224,0.01077632897067815,19
10078,0.019771541324811744,0.010567969991825521,19
8993,0.019730340257458585,0.01056642597541213,19
9818,0.019775284481798543,0.010643118992447853,19
16874,0.019731564416648133,0.010640602966304868,19
10646,0.019769671786650036,0.010797008988447487,19
13993,0.019777462324495183,0.010524645971599966,19
19989,0.01972182794461811,0.010665678011719137,19
9710,0.019754610830109175,0.010547887010034174,19
6896,0.01975316546955391,0.010638636944349855,19
15370,0.01977798172983488,0.010637842991854995,19
11679,0.01972114952513948,0.010669370007235557,19
8962,0.01977013421588038,0.01073432998964563,19
5474,0.01969430962957344,0.010507920989766717,19
6402,0.019798675325307016,0.010635199025273323,19
3725,0.01965503132362899,0.010613774007651955,19
3739,0.019727667637389937,0.010565469972789288,19
10221,0.01980772867835568,0.010642979992553592,19
13084,0.01972098564606552,0.010681566025596112,19
8732,0.019735701262681305,0.010592992999590933,19
12491,0.019793642792041953,0.01059410796733573,19
6775,0.01976675637017347,0.010733313974924386,19
19980,0.0197147775233086,0.010604984010569751,19
4291,0.019813713424618504,0.010768283973447978,19
3579,0.019773107576551603,0.010589607991278172,19
12568,0.01975625147123968,0.010666211019270122,19
928,0.01970640226500109,0.010531235951930285,19
6529,0.019739871905920536,0.010691909003071487,19
3844,0.01980081152195405,0.01071186998160556,19
18143,0.019727466686163098,0.010627337032929063,19
10867,0.019762987160663072,0.010661774023901671,19
17779,0.01975368816515823,0.010669442999642342,19
17400,0.0197300782188234,0.010635579004883766,19
6148,0.01976647288354702,0.010613242979161441,19
8319,0.01980577394255976,0.010711283015552908,19
1815,0.019709479795940416,0.010583861963823438,19
6072,0.019754062841744406,0.010649400006514043,19
9300,0.019736223265920814,0.010546895035076886,19
11847,0.01974332842081295,0.010612318990752101,19
19587,0.01974676641341495,0.010607905045617372,19
9457,0.01981762821761597,0.01077916199574247,19
5833,0.019788800683607787,0.010595780971925706,19
19264,0.019777551899958206,0.010703510022722185,19
15021,0.019796931108239255,0.010725477011874318,19
14377,0.019711070047617938,0.010526584985200316,19
8882,0.01976252399924162,0.010589767014607787,19
14304,0.019791294109860535,0.0106224570190534,19
10489,0.019766608467570654,0.010715704993344843,19
11885,0.019769372050895503,0.010696345008909702,19
14218,0.019723411995647967,0.010528220038395375,19
5903,0.01971617452861545,0.010575881984550506,19
7664,0.019774648737726046,0.010781565040815622,19
14009,0.019765133320010807,0.010810643958393484,19
2129,0.019771355740407382,0.010703439998906106,19
19862,0.01980788746579109,0.010612101992592216,19
7779,0.019728717951741265,0.010624461981933564,19
2740,0.01977174447567545,0.01073178299702704,19
17470,0.019752440943480713,0.010661501029971987,19
8813,0.019766452942827816,0.010708203015383333,19
15172,0.019803602836633984,0.010716836026404053,19
10779,0.01974554294965377,0.01071894500637427,19
1350,0.0197544138982745,0.01053997699636966,19
9058,0.01971614541559431,0.010667630995158106,19
13495,0.019751243112535264,0.010675149038434029,19
9922,0.01978673511123481,0.010541594005189836,19
1522,0.019714260737313645,0.010739639983512461,19
6760,0.019704626373775107,0.010528880986385047,19
18862,0.019757395150679116,0.010829939041286707,19
2797,0.019794858946146344,0.01067400601459667,19
7040,0.01974534026751491,0.010629145021084696,19
2992,0.019756892046548034,0.01060106698423624,19
13751,0.01978689231787269,0.010609493998344988,19
15059,0.019715180317258562,0.010749962006229907,19
15066,0.01977894468367786,0.010725142026785761,19
9755,0.019753021469927932,0.010665200999937952,19
9152,0.019747046955959184,0.01066371804336086,19
7457,0.019692638211908114,0.0105539970099926,19
7683,0.01973717478961733,0.010738863958977163,19
17821,0.01972604789587326,0.01063711498863995,19
10261,0.019718429122708346,0.010587825032416731,19
12964,0.019727851212098215,0.010593875020276755,19
88,0.019737580310136667,0.010587278986349702,19
10399,0.01975399026598193,0.01068685099016875,19
8972,0.019763508842228668,0.010603502043522894,19
16702,0.019764659420807698,0.010607552016153932,19
13250,0.019736389788848004,0.0105304199969396,19
11162,0.019728084725915994,0.010530322964768857,19
18190,0.019714348474640007,0.010546044970396906,19
8513,0.019744574475273686,0.01070807798532769,19
1443,0.019701134318510366,0.010647747025359422,19
9010,0.01970822363172805,0.010507286002393812,19
17557,0.019650090219281418,0.010577814013231546,19
13249,0.01969623473154283,0.010657734994310886,19
17831,0.01969907320974591,0.010568899975623935,19
11081,0.019657571793925997,0.010610735043883324,19
17948,0.01970361383619571,0.010567101009655744,19
2301,0.019710365845209087,0.01052330801030621,19
16292,0.01968199420585542,0.010545197990722954,19
18254,0.019711295424617435,0.010583589028101414,19
2361,0.019715289052232708,0.010610811994411051,19
5071,0.01969502421439086,0.010605299030430615,19
19638,0.019625666842330247,0.010533705994021147,19
12402,0.019701202730893305,0.010603878006804734,19
13826,0.019692179786752126,0.010557144996710122,19
9264,0.01965876468641095,0.010479036020115018,19
10675,0.01964834063791817,0.010590063000563532,19
9059,0.019660846841840173,0.010539965005591512,19
15527,0.01967234131696291,0.010533021006267518,19
14251,0.019590906005377245,0.010518627997953445,19
15831,0.01959124056769437,0.01059008197626099,19
19557,0.019679886053046703,0.010660775995347649,19
12842,0.019667852381979555,0.010596784006338567,19
8020,0.019616621846676265,0.010653249046299607,19
8303,0.019635162212101643,0.010625909024383873,19
6186,0.019622891841113176,0.01046217599650845,19
19336,0.019612119943638772,0.010574118990916759,19
15409,0.019555046627494067,0.010534602974075824,19
5023,0.019519060742918794,0.010482786048669368,19
9790,0.019627025896242184,0.010441516991704702,19
7839,0.019580490216245187,0.010641674976795912,19
4391,0.019583165256527105,0.010549351980444044,19
11233,0.01954576252089617,0.01062697998713702,19
14539,0.019555727522330063,0.010477813018951565,19
4639,0.019494940422622387,0.010477151023223996,19
11482,0.019476823738506555,0.010478112031705678,19
12953,0.019561801216025885,0.01053957996191457,19
19974,0.019514527735545448,0.010474754963070154,19
3274,0.01949373574155432,0.010397319041658193,19
14734,0.019499206367120343,0.010503595985937864,19
9992,0.019481127156483893,0.010505631973501295,19
6740,0.019466178942055098,0.010491872963029891,19
257,0.019559526475955193,0.010588197037577629,19
12974,0.019541718948044275,0.01052502600941807,19
14687,0.01953489131196157,0.010543408978264779,19
18643,0.01954749373314706,0.010678905993700027,19
19551,0.019539528636653956,0.010509626008570194,19
8066,0.019490173625710764,0.010483899037353694,19
13103,0.01949562847700068,0.010428886045701802,19
1768,0.019528548413961146,0.010514909983612597,19
17089,0.019532895000577952,0.010652243974618614,19
5059,0.019518143993704336,0.010579923982731998,19
7092,0.01952128283875553,0.010478041018359363,19
14602,0.019506570478705198,0.010488957981579006,19
10311,0.019468805378940152,0.010462931997608393,19
8801,0.019512520793604812,0.010575215972494334,19
10577,0.0195307080468506,0.010509333980735391,19
19482,0.01952774768486913,0.01056039403192699,19
346,0.01949958894769416,0.010431300033815205,19
5148,0.019502685316470696,0.010443075967486948,19
18008,0.019521302479245748,0.010537454043515027,19
5020,0.01954650957333414,0.010552881984040141,19
4344,0.01951046774813317,0.010554353008046746,19
12864,0.019521717530503673,0.010489389998838305,19
6301,0.019532935408948873,0.010449595982208848,19
2981,0.01954517451629631,0.010542668984271586,19
2414,0.019510079046564276,0.01050177199067548,19
15597,0.019511777677842856,0.010530426981858909,19
8797,0.019535875165418378,0.010568232042714953,19
17550,0.019523340733844395,0.010471222049091011,19
9411,0.01951158478684527,0.010449989000335336,19
6075,0.019500638781066396,0.01053681899793446,19
3529,0.01951987436041236,0.010480978002306074,19
16522,0.019530301729805376,0.010505106998607516,19
18439,0.019572593467800242,0.010561698989477009,19
12579,0.019518218885519002,0.01047072495566681,19
10290,0.0195015832095554,0.010439851961564273,19
16751,0.019563905003260038,0.010443674982525408,19
2065,0.019524277157248242,0.01052653999067843,19
1704,0.019560681037163657,0.010523211967665702,19
8141,0.019516899630329328,0.010576189961284399,19
2084,0.019517367043973582,0.0105819950113073,19
18811,0.01954635031717388,0.010639192012604326,19
103,0.019511163896439893,0.01040786801604554,19
17529,0.019546992369118686,0.010537550027947873,19
5380,0.01950749894297731,0.010602665017358959,19
14206,0.019498265418836747,0.010432783979922533,19
1788,0.019511167110115486,0.01053104002494365,19
18169,0.019475995008466078,0.010378161037806422,19
15401,0.019499003994401153,0.010473149013705552,19
4618,0.019540925580689584,0.010529638966545463,19
12584,0.019497957632043643,0.01056150603108108,19
17496,0.019524629993707333,0.010531306965276599,19
4189,0.019529803521244934,0.01054366398602724,19
3999,0.019498899686272796,0.010561428964138031,19
12364,0.01949449031197123,0.010585815005470067,19
16094,0.019526082575076112,0.010491218999959528,19
8323,0.019560337213701325,0.010538085014559329,19
11732,0.01952707226768038,0.010428965033497661,19
3922,0.019479472793663216,0.010402371000964195,19
11227,0.019549303789206437,0.01050805498380214,19
12532,0.019492095412907043,0.010609849996399134,19
12086,0.019521804845058603,0.010491928027477115,19
3698,0.019497299937555862,0.010495705995708704,19
5277,0.019529764414887484,0.010376543970778584,19
11798,0.019489913838792984,0.010541904019191861,19
57,0.01952002462808435,0.01059466798324138,19
17724,0.01949442199149512,0.010497407987713814,19
19121,0.019520526102400924,0.010531731997616589,19
5513,0.019457767999387886,0.010547401965595782,19
1489,0.019528367415707754,0.010546184028498828,19
11625,0.0195204885216969,0.010639267973601818,19
9437,0.01949926300317441,0.010436787968501449,19
19883,0.01952465010904952,0.010427741974126548,19
2467,0.019519274996127933,0.010463860002346337,19
9742,0.01948314089646661,0.010606263007503003,19
7053,0.019509798001596017,0.010654930025339127,19
2026,0.019527213421258096,0.010552895022556186,19
2812,0.019486368315196352,0.010411788010969758,19
10249,0.01952311873288923,0.0106265340000391,19
14992,0.01947071346895475,0.010576327971648425,19
9016,0.01951741810741001,0.010545113997068256,19
12384,0.019568928106884032,0.010489423002582043,19
8854,0.019496945152671908,0.010509842948522419,19
14648,0.019500842103489527,0.01060744299320504,19
16526,0.019485589040222726,0.010442034981679171,19
11566,0.01949542616248915,0.010503310011699796,19
16206,0.019510802999751543,0.01054872403619811,19
17833,0.019470958624304712,0.010483747988473624,19
379,0.019542368533285826,0.010463652026373893,19
16772,0.019518364214730497,0.010496552975382656,19
1527,0.0195125412551294,0.010536850022617728,19
7898,0.019513271782718795,0.010482977028004825,19
6561,0.019526391685327615,0.010545016033574939,19
2388,0.019563022366798435,0.010564366995822638,19
9881,0.01952768330719616,0.010515629954170436,19
6690,0.019488069045014288,0.0104214470484294,19
6920,0.019547239246189986,0.010469336993992329,19
19086,0.019523771743192093,0.010492806031834334,19
15576,0.019508277323391093,0.010424720006994903,19
15467,0.01952784637136287,0.010482596000656486,19
10884,0.019478498740538367,0.01036121096694842,19
17809,0.019503371155894313,0.010543801006861031,19
8056,0.01949840868320806,0.010649534000549465,19
15684,0.019496553788868415,0.01069158996688202,19
12792,0.019520121261992148,0.010380044986959547,19
9289,0.019522443582230296,0.010538571048527956,19
6593,0.019458945157423028,0.010560052993241698,19
4783,0.019512331683041628,0.010538375994656235,19
3425,0.019491638574675705,0.010590318008325994,19
911,0.019513576205721812,0.010564158961642534,19
19506,0.019510763161202992,0.010536520043388009,19
16324,0.01948274378848605,0.010533527005463839,19
14844,0.019540767310996,0.010527662001550198,19
11658,0.019521445274892215,0.010549596045166254,19
15655,0.019547853674004346,0.010494450980331749,19
4984,0.01956842978497183,0.010548869031481445,19
3769,0.019564449940317946,0.010510927997529507,19
6088,0.019534432840852167,0.010422396007925272,19
1981,0.01952163015467752,0.010461018013302237,19
6557,0.01950422937271038,0.010500215052161366,19
16404,0.01953360410774813,0.010511895001400262,19
5761,0.01947823437053318,0.010517495975364,19
14722,0.019523705527382463,0.01046143303392455,19
5834,0.019502249586175344,0.010615231993142515,19
7353,0.01954519731531802,0.010494871996343136,19
7782,0.01954118416362785,0.010480330034624785,19
3784,0.01956664989273505,0.010568714002147317,19
18626,0.01954380237485135,0.010464280028827488,19
14326,0.01953343400351801,0.010575172025710344,19
1535,0.019574140051477833,0.010558737034443766,19
13981,0.01957361041997118,0.010558301000855863,19
13593,0.01954739842576122,0.010603472008369863,19
5421,0.019501597366271245,0.010430910042487085,19
10992,0.01957288136595468,0.01054265903076157,19
5527,0.01950232311470532,0.01052270398940891,19
5183,0.0195928008914435,0.01059912604978308,19
2605,0.019494112473789994,0.01047529501374811,19
8083,0.019549161790085857,0.01047909801127389,19
16409,0.019568723733659442,0.01057421596487984,19
7191,0.0195729354776344,0.01046447001863271,19
7537,0.019548448210116476,0.01056369103025645,19
4520,0.019552072010762794,0.010466250008903444,19
7899,0.019613103579582746,0.010546828038059175,19
9966,0.019529966266801285,0.010588591045234352,19
8137,0.019565775573841836,0.010545125987846404,19
19922,0.01956754584956032,0.010638759995345026,19
17056,0.0195616217372988,0.010629610973410308,19
12240,0.019524401522511125,0.01055601000552997,19
4816,0.0195504162080684,0.010533815948292613,19
8481,0.019531289280980434,0.010507178027182817,19
15380,0.019577503464748396,0.010622473957482725,19
3059,0.019560911101411636,0.010630382981617004,19
14959,0.019530135893115873,0.010640888998750597,19
2448,0.01952717557708782,0.01058995199855417,19
15922,0.01954162936645413,0.010738830955233425,19
15264,0.019529909207975787,0.010553391999565065,19
3,0.019506346912270312,0.01058453501900658,19
16275,0.01949247453165682,0.010450514033436775,19
12348,0.019504923201901347,0.01056328898994252,19
11066,0.01950761094983471,0.010544059972744435,19
13905,0.019506294424277974,0.010577786015346646,19
15306,0.019542521368222016,0.01065716304583475,19
8642,0.019504664101221255,0.010626516013871878,19
8723,0.01954138457566794,0.010660060972440988,19
344,0.019499939161744948,0.010485624021384865,19
6188,0.019529836166552024,0.010540191025938839,19
17241,0.019480086896740096,0.010474007984157652,19
11882,0.019480458785485672,0.0105889139813371,19
18277,0.019505825941450894,0.010502619028557092,19
12933,0.01952736890311108,0.01052826305385679,19
3315,0.019449416952403754,0.010385661036707461,19
19387,0.019530821901035347,0.010459297976922244,19
5248,0.019477423473481872,0.010393426986411214,19
5381,0.01950623852960569,0.010496307979337871,19
13708,0.019511404692342405,0.010537089023273438,19
42,0.01951868615517589,0.010518916009459645,19
13303,0.01952430726592674,0.010523441946133971,19
10259,0.019511975424584785,0.010455189039930701,19
795,0.019544888624774392,0.010640983993653208,19
10026,0.0195183670025711,0.01057070295792073,19
14307,0.019532884155571657,0.010620577959343791,19
2549,0.01949959052849169,0.010480400000233203,19
14624,0.01951079330358066,0.010508491017390043,19
13610,0.019504820097752503,0.010568471974693239,19
7530,0.019422264270312888,0.010463626007549465,19
17460,0.019490926468279213,0.010562993003986776,19
3100,0.0194796617387941,0.010557436035014689,19
16816,0.019459508062266793,0.010611020028591156,19
11248,0.019504624896829848,0.010481858975254,19
13823,0.019493980627310902,0.010496724979020655,19
46,0.019512951156541117,0.010450371948536485,19
19828,0.0195429752654347,0.01050768798450008,19
19381,0.01949937641620636,0.010462339967489243,19
4307,0.01948897611031211,0.010465737024787813,19
16168,0.01955334695460471,0.010535389999859035,19
4229,0.01952988536427974,0.010482956015039235,19
4914,0.019488672480771418,0.010604373994283378,19
17627,0.019496529739913775,0.01061629201285541,19
15910,0.019514216735076747,0.010644605965353549,19
9889,0.01951690999742009,0.010535292967688292,19
15132,0.01951664263125215,0.010506696009542793,19
17812,0.01953896069225218,0.01057355001103133,19
8969,0.019485653742633172,0.010435881034936756,19
10462,0.019504385837966477,0.01048047497170046,19
16785,0.01949359299492483,0.010415914002805948,19
5893,0.019480028468502785,0.010636107996106148,19
5456,0.019493362945994658,0.010548463033046573,19
8300,0.019548818101420215,0.01051668095169589,19
12397,0.019505436896763154,0.010570095968432724,19
2189,0.019480839797516206,0.01038472104119137,19
7917,0.01947910594753921,0.010596945008728653,19
14143,0.019506584249412345,0.010423703992273659,19
2602,0.019561685051916067,0.01068229298107326,19
16670,0.019541057108558323,0.010548935970291495,19
9948,0.019523244789237844,0.010579122987110168,19
10275,0.01948176922068294,0.010554654989391565,19
13770,0.019501550634710218,0.010405731038190424,19
14892,0.01954189183092431,0.010500158998183906,19
11693,0.01951799115264102,0.010620415967423469,19
9123,0.01950507537204478,0.010613819991704077,19
4983,0.019505035947076976,0.010581275972072035,19
10180,0.019498982840511752,0.010466737963724881,19
15363,0.01953937294341526,0.010656194994226098,19
12614,0.01950648478477409,0.010516612033825368,19
7228,0.019474510100400567,0.01052801200421527,19
7883,0.019490996945502336,0.010382470965851098,19
13484,0.019546667888981142,0.010546622972469777,19
19050,0.01948907335999569,0.010553408996202052,19
19034,0.019484992476033147,0.010444295010529459,19
17913,0.019469705735039162,0.010434242023620754,19
2503,0.0194995589462403,0.010527485981583595,19
19391,0.019503449209304035,0.010484897997230291,19
4630,0.019473164216737802,0.010477809002622962,19
1510,0.019488190365097437,0.01050361100351438,19
6285,0.019467683368068384,0.010513843968510628,19
15442,0.019495049467016207,0.010447291017044336,19
18530,0.01948985379299541,0.010519145987927914,19
14835,0.019493587575485243,0.010511704022064805,19
13301,0.019481995470797348,0.0104000199935399,19
12754,0.01950007651957046,0.010558330977801234,19
18743,0.019477497948652233,0.010563379037193954,19
19894,0.019474621892808693,0.01055275701219216,19
1901,0.019513875276683586,0.010498468996956944,19
708,0.01951706321223786,0.01055552699835971,19
16124,0.01951883573661019,0.010513012006413192,19
5236,0.01953316500140844,0.010496072995010763,19
2495,0.019510608730151466,0.010495277005247772,19
688,0.019496151056189678,0.010521129006519914,19
4450,0.01948385995101968,0.010524907964281738,19
3184,0.019497363849567545,0.010502223041839898,19
11487,0.01955243304531139,0.010660454980097711,19
13649,0.019513357311217606,0.010432771989144385,19
10585,0.019470180685043727,0.010551345010753721,19
2571,0.019516668640885894,0.010498460964299738,19
12659,0.019536588843421715,0.01053223805502057,19
7731,0.019500475897649795,0.010444839019328356,19
8509,0.01954452315418932,0.010465924977324903,19
10529,0.01949624805466125,0.010608181008137763,19
7149,0.019508700940365855,0.010496445989701897,19
17234,0.019531025686056205,0.010483144025783986,19
8180,0.019523411364245572,0.010677203012164682,19
19133,0.019497091211010946,0.010492786997929215,19
11773,0.019502437253801252,0.010438925004564226,19
4336,0.019493801635690033,0.010525434976443648,19
1430,0.019512673267040793,0.010660808009561151,19
11615,0.019488548792555536,0.010472897032741457,19
16171,0.019523881461569352,0.010534016008023173,19
5537,0.019523440523220126,0.01051200699293986,19
16826,0.01947885384403267,0.010458677017595619,19
7231,0.01951290404509851,0.01049787102965638,19
19235,0.01951607858370009,0.010453617956954986,19
2270,0.019499131950157646,0.010467922023963183,19
5900,0.019516499838669245,0.010535243956837803,19
3507,0.019458502417699874,0.010373822005931288,19
16885,0.019496900994502204,0.010529784020036459,19
18145,0.019541714634550244,0.010650729993358254,19
14159,0.019517304945590074,0.010490225977264345,19
14093,0.01951593590140539,0.010520648036617786,19
13583,0.01952962273437726,0.010525271005462855,19
3171,0.019518556949486465,0.010469247004948556,19
3886,0.019534758475952242,0.010536485991906375,19
10328,0.019531749942536026,0.010581545007880777,19
18296,0.019535384003048467,0.010520354029722512,19
4755,0.019496645217785907,0.010554296022746712,19
18355,0.019473010113487316,0.010447311971802264,19
12505,0.019515365686904835,0.01062553096562624,19
10244,0.019504927527649624,0.010551771032623947,19
9734,0.01947097557192472,0.01054436300182715,19
7365,0.019528001255821437,0.010482106008566916,19
12493,0.01949668837110757,0.010391038958914578,19
16555,0.019487073111936058,0.010511764034163207,19
5784,0.01946879557860819,0.010535167006310076,19
17293,0.019495297315236377,0.010515835951082408,19
13099,0.019539441683599234,0.010628171963617206,19
9380,0.01950261020407963,0.010423116968013346,19
12399,0.019504482373840323,0.010493507026694715,19
14886,0.019501636834128908,0.010624754999298602,19
12859,0.01952730052442731,0.010613157006446272,19
14796,0.01948893289878278,0.010371911979746073,19
5598,0.0195095101647128,0.010528247046750039,19
9052,0.01951399116200934,0.010565901000518352,19
15324,0.019478503688189545,0.01047014503274113,19
8952,0.019508489940658603,0.010506564984098077,19
5800,0.019526905946948222,0.010414090007543564,19
6084,0.019494315315234035,0.010483454039786011,19
18019,0.01949535752952981,0.010502385965082794,19
15342,0.019542320735605533,0.010463910002727062,19
19000,0.019477800159764132,0.010598530992865562,19
16532,0.019515969422890952,0.01054217800265178,19
7877,0.019508484683587755,0.010640727006830275,19
2277,0.01950447999651691,0.010577568027656525,19
6428,0.0195353816379793,0.010637674015015364,19
8246,0.019491537529239922,0.010475833027157933,19
17622,0.019509489001632716,0.010567372024524957,19
4371,0.019481036784494983,0.010548145044595003,19
6959,0.01949643136590327,0.010625527007505298,19
9565,0.01950294878885248,0.010574282030574977,19
7089,0.019484381209813842,0.010495349008124322,19
9901,0.019503646003278464,0.010440975020173937,19
6829,0.019523665318143014,0.010498796997126192,19
1162,0.01952230273194513,0.010527555015869439,19
2864,0.019498088942399544,0.010495214955881238,19
17034,0.019518815480344193,0.010502265999093652,19
9618,0.019552299210581145,0.010592351958621293,19
13160,0.01950423822027484,0.010444207000546157,19
7552,0.019478190635134906,0.010550494014751166,19
7747,0.019432127947526936,0.010428528999909759,19
13540,0.019517839635036102,0.010635552986059338,19
14812,0.01953425021278427,0.01061874401057139,19
10202,0.019500574740385145,0.010508230014238507,19
11060,0.019549448153396185,0.010468556021805853,19
15323,0.019511138318768263,0.010507799044717103,19
18451,0.019521116637502257,0.010502760007511824,19
6987,0.019532599676351407,0.010529814986512065,19
18874,0.019504662309038013,0.01064799795858562,19
1355,0.019550281592130073,0.010623704001773149,19
13908,0.019523498424524933,0.010620051994919777,19
8816,0.019540007848072014,0.010429702000692487,19
7167,0.01952770495125534,0.010537939029745758,19
18463,0.019501632523698437,0.010566545999608934,19
8310,0.019502342522364893,0.010386376001406461,19
8349,0.01953696521415718,0.0105343809700571,19
16611,0.019516611052064325,0.010524294979404658,19
12788,0.019487971737123046,0.010516264999751002,19
9002,0.0195181080520055,0.010502009012270719,19
3901,0.019478413950357782,0.010533807973843068,19
10765,0.01949414358118941,0.010524554993025959,19
5814,0.01952890262902273,0.010529852996114641,19
6220,0.0195003133205893,0.010600809997413307,19
563,0.019542215532917333,0.01050687802489847,19
7298,0.019536311211260527,0.01062617200659588,19
16066,0.019557591166200216,0.010598192980978638,19
12591,0.019517719577140127,0.010521530988626182,19
12389,0.019505574052393632,0.010475963994394988,19
13582,0.019512573793211852,0.010540081013459712,19
2559,0.019497608107294104,0.010453778028022498,19
7199,0.01951256962983232,0.01051975297741592,19
11596,0.01953668367901915,0.010460457997396588,19
826,0.019539443837282688,0.010519745002966374,19
5945,0.019526348161315054,0.010486329032573849,19
8823,0.019530090420678454,0.010550970968324691,19
16008,0.019637051739999533,0.010668002010788769,19
11541,0.01952488268235404,0.010467070969752967,19
14811,0.01952741388231516,0.010544946999289095,19
290,0.019541946788146896,0.010565143020357937,19
4768,0.019503319896389974,0.01052194501971826,19
6672,0.01952353604811881,0.010503364028409123,19
5654,0.01954671463585998,0.01050362701062113,19
3926,0.019507154421023045,0.01060963497729972,19
11626,0.0194971592128767,0.010545852012000978,19
7222,0.019476350476524157,0.01058249402558431,19
16089,0.0195497121588376,0.010600790032185614,19
2898,0.019524194952713226,0.010504283010959625,19
13616,0.019536039844081785,0.010557222994975746,19
7583,0.0194966384136167,0.010488751984667033,19
14457,0.019520556829918764,0.010624404007103294,19
640,0.01951002999282393,0.010494201036635786,19
12831,0.01956474200185192,0.01053870702162385,19
16722,0.01948555626011895,0.010475138027686626,19
19895,0.019493190884148998,0.010468273016158491,19
12745,0.019523651522927378,0.01051493699196726,19
482,0.01950118058103774,0.010510293999686837,19
6091,0.019519947732700722,0.010535356006585062,19
7290,0.019529466887960506,0.010579778987448663,19
12952,0.019516300161883823,0.010504371020942926,19
17594,0.019474889473425912,0.010488256986718625,19
10128,0.019478160321197816,0.01049259101273492,19
19470,0.019487419894798415,0.010626143019180745,19
19835,0.019478272423025612,0.010516025009565055,19
3978,0.019505339742049967,0.010444769985042512,19
6421,0.019505024201383715,0.01059660199098289,19
3375,0.01952493305342566,0.010619516018778086,19
13609,0.019536519098389698,0.01058116601780057,19
16924,0.01950418742030467,0.010514429013710469,19
4779,0.01950804035387639,0.010463825950864702,19
6932,0.019491911158088203,0.010531311971135437,19
17686,0.019511385793233978,0.010638330015353858,19
17025,0.01950072089675814,0.010535994020756334,19
2622,0.019480476946275877,0.010508776002097875,19
11928,0.01953597515086202,0.01061813102569431,19
18085,0.01953465321199282,0.01047745899995789,19
18730,0.01952768405776863,0.01058198296232149,19
4580,0.01951551832883668,0.010514579014852643,19
15095,0.01949484242849346,0.010516676004044712,19
12315,0.019496766737000525,0.010440485959406942,19
12471,0.019512495261886597,0.01041603897465393,19
9202,0.019522610687234095,0.01046779501484707,19
16204,0.019523364261993647,0.010465933999512345,19
6463,0.0194842664733235,0.01041479903506115,19
11710,0.01953099441322449,0.010541961004491895,19
1153,0.01952164674079732,0.010563695046585053,19
16496,0.019509887733300656,0.010529870982281864,19
9926,0.019506581366601352,0.01053611800307408,19
17965,0.019529345849724978,0.010665614041499794,19
16969,0.01953569389450805,0.010681193962227553,19
16828,0.019530629157088697,0.010474267008248717,19
11903,0.019456492154859006,0.010668850969523191,19
9201,0.019505183898696776,0.010643702000379562,19
17670,0.019464870519617473,0.010479404998477548,19
5635,0.019498978006212336,0.010608893993776292,19
4880,0.019529037888308887,0.010470880952198058,19
14658,0.01950128615135327,0.010536841000430286,19
4024,0.019494235527848725,0.010659776977263391,19
7200,0.019514379851323992,0.010419980972073972,19
8187,0.019493960006481136,0.010478534968569875,19
4510,0.01955234526509517,0.010456931020598859,19
4072,0.019491680995806268,0.010488807049114257,19
11024,0.019526143628785287,0.010589531972073019,19
18864,0.019491317106018726,0.010514824010897428,19
17224,0.019494607943526813,0.010616389976348728,19
19660,0.019522043680282014,0.010606618016026914,19
17063,0.01949269247032996,0.010612519981805235,19
852,0.019455410892413438,0.010445090010762215,19
467,0.019513392735174613,0.010499062016606331,19
6662,0.019488861263533563,0.010519692965317518,19
12325,0.01954526773739704,0.010605596005916595,19
16818,0.01950376431188105,0.010635408980306238,19
10497,0.019523149154050963,0.010605414980091155,19
16754,0.019521875634764957,0.010625804017763585,19
19971,0.01950181190745513,0.010432954004500061,19
11495,0.019545482477712397,0.010492212022654712,19
10732,0.019523845256404264,0.010616604005917907,19
736,0.019500626477805014,0.010475799965206534,19
8136,0.01951572463210476,0.010524246958084404,19
11123,0.019520617004385905,0.010394349985290319,19
11793,0.019490647895604764,0.01052789797540754,19
12090,0.01949479400278314,0.010428142035380006,19
11507,0.019487704953031714,0.010518159018829465,19
450,0.01949171799137012,0.010406045010313392,19
10946,0.019514522836911248,0.010486977989785373,19
7014,0.019507207527854724,0.010460142977535725,19
2457,0.01950155368295351,0.010521991993300617,19
6863,0.019510360737943922,0.010521751013584435,19
15424,0.019563017057647045,0.010539269947912544,19
17990,0.01949720668888308,0.01057388901244849,19
2392,0.019494415266978506,0.010462056030519307,19
15780,0.0195003576840176,0.010497560957446694,19
8722,0.019517259059571905,0.010666112008038908,19
12092,0.01951527014975191,0.01053136499831453,19
4836,0.01951558315685313,0.010427700006403029,19
1144,0.019497740624693075,0.010484170983545482,19
14553,0.019539666107831227,0.010541752038989216,19
19964,0.019524836900496955,0.010568089957814664,19
5412,0.01952433247597104,0.010547437996137887,19
11183,0.01944962983620108,0.010401487001217902,19
2133,0.019516017003058408,0.01036475197179243,19
2937,0.01946193948204286,0.01050800405209884,19
13624,0.019491823678100973,0.010563981952145696,19
13866,0.01951402352853237,0.010501767974346876,19
12233,0.01953609863688287,0.010553639032877982,19
41,0.019495684371672962,0.010597476037219167,19
3282,0.019476913957317408,0.010456259013153613,19
12689,0.019521199791741214,0.01048961200285703,19
13306,0.01951025515231059,0.010477767966222018,19
11230,0.019530452055685026,0.010628043033648282,19
1866,0.01952489047298992,0.01052274799440056,19
14428,0.019500647368228163,0.010426177992485464,19
2450,0.019536800835722762,0.010567156947217882,19
3070,0.019490487527371824,0.010454432980623096,19
10505,0.019539104740895135,0.010523401026148349,19
13698,0.019504045056620317,0.010525955993216485,19
1123,0.019524144158870178,0.01046742801554501,19
2334,0.01947657190152983,0.010527948033995926,19
19014,0.019528209630056824,0.010554622043855488,19
13132,0.01949769663808279,0.010462706035468727,19
19001,0.019531394165058277,0.010444679006468505,19
15566,0.01953081715251564,0.010438574012368917,19
2408,0.019542633255600537,0.010521214979235083,19
17817,0.01954251310886129,0.01054654101608321,19
9458,0.019565371946603256,0.010592771985102445,19
14217,0.01951354647386133,0.010486787010449916,19
1347,0.019528062787446145,0.01040154998190701,19
5925,0.019529864623971088,0.010656120022758842,19
8355,0.019520137367132855,0.01038426096783951,19
5343,0.01954539548789494,0.010591562022455037,19
9048,0.01954316648066436,0.010535773995798081,19
3887,0.019520321842528096,0.010603072994854301,19
5332,0.019519624572958014,0.010481172997970134,19
19475,0.019513062685482988,0.01052444998640567,19
17694,0.019496140839213406,0.010486063954886049,19
19332,0.01952919420038693,0.010574700951110572,19
35,0.019502145633420075,0.01055106200510636,19
7479,0.019535038736648858,0.010610800993163139,19
18390,0.019481189313075065,0.010476456955075264,19
10204,0.019518855214731668,0.010416861972771585,19
6601,0.01949684411642681,0.010563170013483614,19
19737,0.0195173336266491,0.010583458992186934,19
5836,0.019511059729235346,0.010565984004642814,19
2315,0.01953422725445738,0.010609780962113291,19
14966,0.019488755166285524,0.010477810981683433,19
2699,0.01948568721816532,0.010544568009208888,19
621,0.019520203883171473,0.010502012039069086,19
1978,0.01952911731725755,0.010625688009895384,19
15011,0.019506640042987113,0.010511496977414936,19
323,0.019541832526508523,0.01062500401167199,19
8730,0.01951881074407873,0.010559614049270749,19
12740,0.019502115576822115,0.010508958017453551,19
2308,0.019527419568284562,0.010444469982758164,19
3486,0.019518549158850585,0.010568647005129606,19
13011,0.01945876800393882,0.010608831013087183,19
5018,0.01949835100247966,0.010512929002288729,19
10124,0.019507424320756018,0.010536329995375127,19
1227,0.019490978107665126,0.010530235012993217,19
4168,0.019487115263473243,0.01047651399858296,19
7724,0.019493242370356854,0.010492625006008893,19
8679,0.01954170221180998,0.010594753024633974,19
19043,0.019513591468383214,0.010490829998161644,19
13991,0.019493173314626085,0.010483897989615798,19
19665,0.01949758257557589,0.010369740019086748,19
16559,0.019507703640939372,0.010502140037715435,19
11414,0.019497265101802583,0.010482177953235805,19
14278,0.019488972789411873,0.010506855964194983,19
18727,0.019503337318861957,0.010480720025952905,19
4097,0.01951091000381367,0.010520214040298015,19
3571,0.019550124367110823,0.010644373949617147,19
11015,0.0195082603665804,0.010477256961166859,19
3043,0.019530919895164277,0.010579732013866305,19
6377,0.019495355673011784,0.010615962964948267,19
9376,0.01946276121184622,0.010507552011404186,19
17316,0.01949210684611707,0.010320795990992337,19
5352,0.019534596888421987,0.01046895602485165,19
7662,0.01948612469162694,0.010686696041375399,19
11943,0.019535615902369546,0.010566588956862688,19
5990,0.019488258048352834,0.010588186967652291,19
6427,0.019540533319262688,0.010678693011868745,19
10994,0.019470090420279456,0.010441100981552154,19
18634,0.01951454346999526,0.01056211203103885,19
4447,0.019524860735002317,0.01040912902681157,19
1261,0.019525409005214704,0.010515442991163582,19
13064,0.01951837195328584,0.010495667986106128,19
5683,0.01956004705157523,0.010638165986165404,19
17728,0.01951096341700146,0.010469579952768981,19
5996,0.019537483155114676,0.010425290034618229,19
15973,0.019514802576802475,0.010529443970881402,19
13685,0.019522999738048958,0.010537529946304858,19
14897,0.01953007916821853,0.010482814977876842,19
8197,0.01949843810258531,0.010419209022074938,19
2771,0.019541198620572686,0.010565765958745033,19
6685,0.01948913242851727,0.010577051027212292,19
18750,0.019552645837201885,0.01058149099117145,19
16465,0.01952179252954298,0.010452185990288854,19
19843,0.019471551104767348,0.010491314984392375,19
18337,0.01952029073819224,0.010454236005898565,19
2250,0.019495633106041504,0.01041225396329537,19
12179,0.019505223369617995,0.010436255019158125,19
12801,0.01951358262694588,0.010499743977561593,19
3248,0.019528633001946696,0.010532088985200971,19
18084,0.019514756261885754,0.01049290900118649,19
2753,0.019511025267236522,0.010536928020883352,19
8703,0.01955416384091797,0.010498269984964281,19
8058,0.019544521003569428,0.010574262007139623,19
14695,0.019497217898453146,0.010484155965968966,19
8248,0.019520030461104686,0.010431148984935135,19
8182,0.019530486483984675,0.01055926998378709,19
11983,0.01953587552998215,0.010528218001127243,19
4699,0.019525752454922583,0.010542584001086652,19
7924,0.019523281064864836,0.010443977022077888,19
9075,0.01950931399570484,0.010633941041305661,19
423,0.019514501686085407,0.010574946005363017,19
17646,0.019499154739988672,0.01044046605238691,19
9888,0.019522261796641703,0.010357122984714806,19
9504,0.019500795371928496,0.010541353025473654,19
16138,0.019488312521532766,0.010384425986558199,19
17061,0.019554401723373877,0.010480312979780138,19
3686,0.01949695373370655,0.010466567997355014,19
3142,0.019535666944361048,0.010503158962819725,19
17099,0.01953795757512317,0.010520033014472574,19
15846,0.01952348336405856,0.010631846031174064,19
13047,0.01950264426781551,0.010459748969879001,19
6433,0.019514946891975245,0.010589079989586025,19
1713,0.019523938042479323,0.010584677977021784,19
31,0.019564625889822645,0.010540232993662357,19
11056,0.019513880686932487,0.010494854999706149,19
14165,0.019551877100878443,0.010610149998683482,19
1433,0.01953427006159664,0.010538036993239075,19
12897,0.01946381910544771,0.01049283699830994,19
2252,0.019511492674753658,0.010486815997865051,19
11937,0.019532888940854098,0.010524024022743106,19
6440,0.01952446473909444,0.010476964991539717,19
11119,0.019503916524914337,0.010394946031738073,19
647,0.019533255995300255,0.010541217983700335,19
7757,0.019479634889744614,0.010520886979065835,19
10446,0.019512149103990708,0.0104464819887653,19
9861,0.019513625415703773,0.01047191402176395,19
7803,0.019490549641073142,0.010568499041255563,19
17765,0.019483292006617903,0.010645531991031021,19
1321,0.01953788746859094,0.010474248032551259,19
15148,0.01948045552585666,0.010541618976276368,19
5149,0.019538133830983975,0.010495447961147875,19
13020,0.019535100534803382,0.010448575019836426,19
6814,0.019490637736836153,0.010411822993773967,19
8612,0.019492295999570114,0.010442790982779115,19
10231,0.019481804947932495,0.010443918989039958,19
15465,0.019528403740351724,0.010588758043013513,19
3376,0.019548954319600995,0.010623890033457428,19
13909,0.019487189524194325,0.010487694991752505,19
16071,0.01952902000017562,0.010532834043260664,19
4254,0.0195171750505994,0.010504886973649263,19
2534,0.019520822051593934,0.01048983505461365,19
9534,0.019502880633808672,0.010546784033067524,19
9334,0.019516719214152545,0.010453902999870479,19
1624,0.019593669371189254,0.010652935015968978,19
1429,0.019461743741933452,0.010485560982488096,19
3222,0.01960364272389071,0.010448309010826051,19
7704,0.019559961369898366,0.010602417984046042,19
217,0.019592489106703158,0.010541972995270044,19
1862,0.01953997967862769,0.010567424003966153,19
11373,0.019516601417164662,0.010472034977283329,19
265,0.01954135552698158,0.010500072035938501,19
1396,0.019500573778426962,0.010590059973765165,19
18791,0.019550749998368127,0.010687801986932755,19
8689,0.019519781785723018,0.010505792975891382,19
15032,0.019518986099252577,0.010565680975560099,19
12922,0.019540085739113,0.01068175199907273,19
8764,0.01950528046520623,0.010575241991318762,19
2879,0.01953013305625829,0.010490712942555547,19
19214,0.019502045690866287,0.010480122989974916,19
8583,0.019516433895516553,0.010473611997440457,19
17884,0.019535405000696254,0.010529703053180128,19
13033,0.019555546168703586,0.010553499043453485,19
2859,0.019518481374497673,0.010464810999110341,19
8361,0.019471197680104524,0.010507242986932397,19
12396,0.01950367257354389,0.0104782409616746,19
12840,0.019530750838672055,0.010558417008724064,19
12807,0.019517077641610644,0.010595205996651202,19
13129,0.01947084063124892,0.010422769002616405,19
9688,0.019495412367273514,0.010490822023712099,19
14862,0.019526035160340956,0.010509806976187974,19
7093,0.019564014412217626,0.010408883972559124,19
6926,0.01954451310264535,0.010576782980933785,19
4347,0.019468864309601486,0.010513069981243461,19
17473,0.019505260729745618,0.010585700976662338,19
12882,0.019520668625390453,0.010545238968916237,19
1632,0.019495411423696696,0.010493387002497911,19
14961,0.019531582834468663,0.010631321056280285,19
10117,0.0195096222665406,0.010536120971664786,19
3468,0.019526665478846746,0.010582600953057408,19
9051,0.01953022589747745,0.010594294988550246,19
7606,0.019522053416279193,0.010626434988807887,19
8227,0.01952727583825196,0.010565539996605366,19
17769,0.01951171036527835,0.010517656977754086,19
9593,0.01950915421261207,0.010547028039582074,19
6472,0.019537091258251548,0.01047303999075666,19
12506,0.019480569677206835,0.010514986992347986,19
387,0.01952387557953204,0.01056182396132499,19
3710,0.019512329103523178,0.010494456975720823,19
15851,0.019519538159090046,0.010504523990675807,19
5587,0.019522989377085315,0.010543876036535949,19
4258,0.019527702001045998,0.010547337005846202,19
1035,0.019529594053318233,0.010546913952566683,19
2043,0.019516594312766467,0.010525510995648801,19
14105,0.019480330259906815,0.010514600959140807,19
13966,0.019525020159658436,0.010456098010763526,19
19161,0.019592595418400475,0.010491904977243394,19
2641,0.019514416258684116,0.010547744983341545,19
5723,0.019544277879360476,0.01056472398340702,19
16587,0.019536573112035466,0.010574721964076161,19
13880,0.019523546424400257,0.010594460007268935,19
1554,0.019547031475476137,0.010576200031209737,19
1611,0.01950866852788941,0.010609121003653854,19
18667,0.019514801106293146,0.010572574974503368,19
1163,0.019508910950542867,0.010522302007302642,19
15227,0.019540808733405645,0.010569905047304928,19
13113,0.019511079786369873,0.010599056957289577,19
14529,0.019498219113110712,0.010622454050462693,19
2647,0.019529257006453055,0.01060989499092102,19
15260,0.019511511681086727,0.010518390976358205,19
13804,0.01952886120661309,0.010525729041546583,19
16455,0.019485408997800397,0.010467918997164816,19
3912,0.019511823058373443,0.010497565031982958,19
6478,0.019508299105310517,0.01044648204697296,19
19208,0.01953823589658561,0.010504667006898671,19
3522,0.01956149562580609,0.010535660956520587,19
17958,0.019535109259825396,0.010594830964691937,19
15074,0.019541409375195048,0.010582218994386494,19
8211,0.01952419142042728,0.010583224997390062,19
2003,0.019496323050636994,0.01050369895529002,19
19357,0.019475630999199654,0.010528735001571476,19
7451,0.019512012211826482,0.010477901028934866,19
13274,0.019535815104303,0.010566901008132845,19
17,0.01950052095037934,0.01061770599335432,19
2020,0.01956322957075348,0.010542107978835702,19
6935,0.019551785739359298,0.010542600008193403,19
1328,0.019465342733861978,0.010461842000950128,19
1444,0.019547287485023077,0.010593954008072615,19
4472,0.01950873357954582,0.010503213969059289,19
6243,0.019510319003051047,0.01046946196584031,19
705,0.019500996004544982,0.010528693033847958,19
278,0.019516654943704213,0.010445007006637752,19
18561,0.01949720005014617,0.010455997020471841,19
8675,0.019521366311604844,0.010558877023868263,19
16599,0.019520769581982966,0.010477068019099534,19
14323,0.019516492201211422,0.010574864980299026,19
13365,0.019519647365852603,0.010605224000755697,19
273,0.019507455743702228,0.010638101026415825,19
5144,0.019523491470241232,0.010525723977480084,19
8616,0.019522200050567717,0.010480822995305061,19
513,0.019489788790355976,0.010536794026847929,19
16469,0.01950988395592982,0.01048258994705975,19
5102,0.019503004144338008,0.010525010002311319,19
5034,0.019551452904890635,0.010652392986230552,19
14398,0.019521235424020376,0.010518141963984817,19
4084,0.019469656849794677,0.01049200602574274,19
10873,0.019508787893420577,0.010499212017748505,19
11217,0.01947711310410676,0.010472228983417153,19
2405,0.019517359578075183,0.010554277978371829,19
17608,0.01950798273441921,0.010491297987755388,19
7516,0.019535870003317923,0.010481525969225913,19
8852,0.019582279115351604,0.010610699013341218,19
9981,0.019509903467750472,0.010542201984208077,19
10404,0.019481904835342186,0.010505161015316844,19
18223,0.019528532682574894,0.010646858951076865,19
13592,0.019568441898292422,0.010530881001614034,19
16178,0.01955526673516847,0.010515381000004709,19
5348,0.01950593258707637,0.010536606016103178,19
4028,0.019501700540881996,0.010538790025748312,19
9416,0.019492806842256533,0.010549235972575843,19
12044,0.019511834785685335,0.010571033984888345,19
3458,0.01953026030433217,0.010545542987529188,19
2199,0.019517676999767947,0.010560477036051452,19
7762,0.019522940378489072,0.010386408015619963,19
1427,0.019551835742803586,0.010450711008161306,19
9924,0.019502629789425747,0.010536729008890688,19
8918,0.019496637096285428,0.010590486985165626,19
17504,0.019534478043696207,0.010510977997910231,19
3820,0.019510808900170224,0.01045360800344497,19
6126,0.019531237635467397,0.010538487986195832,19
14516,0.019529562054422536,0.01052664703456685,19
9771,0.019524878574118606,0.010617656982503831,19
15572,0.01952242837471299,0.01048623101087287,19
14592,0.019521508794768078,0.010509073035791516,19
11018,0.019502238523656207,0.010434283991344273,19
6846,0.019522493316081205,0.010563952033407986,19
3585,0.019475336471498992,0.010394080018159002,19
11858,0.019525061732182575,0.01047803700203076,19
13885,0.01954731478747961,0.010625452036038041,19
14994,0.019518360422041855,0.010515254980418831,19
10511,0.019515706998247066,0.010427066998090595,19
8994,0.01948148156761339,0.010412971954792738,19
16381,0.019518148144829627,0.010614711965899915,19
15341,0.019499844994003836,0.010534756991546601,19
15565,0.019492580117290152,0.010490005020983517,19
6462,0.01954065815631398,0.01054987299721688,19
14002,0.01953150658855999,0.010496827017050236,19
11191,0.019496319371300114,0.010531615000218153,19
8054,0.019545367266370083,0.010531738982535899,19
6161,0.0195294915863901,0.010539764014538378,19
6423,0.019497570734912234,0.01052937499480322,19
4178,0.019496648269092764,0.01047586603090167,19
2929,0.019509536367350894,0.010604462993796915,19
19373,0.019515516211915957,0.010591474012471735,19
1705,0.019547401477068075,0.010571748949587345,19
17294,0.019531802320240165,0.010537312016822398,19
19998,0.01951023116156361,0.010652256023604423,19
17888,0.019495004316252704,0.010456478979904205,19
17801,0.019537818847885847,0.010510303021874279,19
8337,0.019555780047085136,0.010539361974224448,19
5019,0.019506402996883384,0.010540226008743048,19
476,0.01949795879619686,0.010421928949654102,19
17092,0.019508418415697587,0.010448278044350445,19
8877,0.01947106462964592,0.010490379005204886,19
16068,0.019509383896978472,0.010585969022940844,19
4600,0.019515461898041202,0.010601305984891951,19
2235,0.019490991464791524,0.010572300991043448,19
9997,0.01952203956898302,0.01051557797472924,19
7250,0.019511392214458044,0.010600067966151983,19
13361,0.019500957213734325,0.01056341698858887,19
19775,0.01953386331871642,0.0105660849949345,19
11907,0.019549752003513277,0.010567928955424577,19
6335,0.019519181572832167,0.010559401009231806,19
19663,0.01949162110625031,0.010526067984756082,19
18375,0.01952342251867154,0.010501561977434903,19
17672,0.019493750373122135,0.010601171990856528,19
8833,0.019476435312658157,0.010418694990221411,19
8028,0.019490655839418697,0.010625193011946976,19
2826,0.019529577580550194,0.010596628009807318,19
4634,0.01954067699721475,0.01044092996744439,19
4286,0.019523810049960094,0.01053964497987181,19
9559,0.019535162694458114,0.010580262984149158,19
3068,0.019525718311534115,0.010487639985512942,19
18080,0.019533288000323074,0.010460844961926341,19
3111,0.019497146624704136,0.010529580002184957,19
3213,0.01954027753335571,0.010563364019617438,19
970,0.019500065319191077,0.010476268013007939,19
19534,0.019468504629146895,0.010590496007353067,19
2034,0.019507412734367933,0.01047639298485592,19
10351,0.019506101582297368,0.010456722986418754,19
18555,0.01957183126605263,0.010534370027016848,19
7668,0.019498850693803672,0.010419554018881172,19
3572,0.019524719847954418,0.010535213048569858,19
15017,0.019493593626018418,0.010566458979155868,19
16510,0.01954598731888262,0.010465670027770102,19
17907,0.01953220315657458,0.010611786041408777,19
9091,0.019531290892413573,0.010624746966641396,19
18987,0.0195064176835953,0.010498890012968332,19
19220,0.01950735489433435,0.010484220052603632,19
8576,0.019488314001232777,0.010459550016094,19
6756,0.019525479050475712,0.010435356991365552,19
19137,0.019504618469478662,0.010509092011488974,19
8771,0.01956184726441279,0.01042483001947403,19
16383,0.019452357735166226,0.010430472029838711,19
11804,0.01954724083924176,0.010606354044284672,19
15468,0.019502850889693946,0.010516801965422928,19
9125,0.019505036945797895,0.01041593198897317,19
3366,0.019487853431584018,0.010404293017927557,19
18260,0.019462915526482424,0.0104521430330351,19
17066,0.019488118273377614,0.010454152012243867,19
13410,0.01957719478952257,0.010591575992293656,19
14097,0.01952734026800547,0.010533110005781054,19
16658,0.01951970183596897,0.0105415050056763,19
12189,0.019499853841568295,0.010522545024286956,19
19291,0.01956246331285097,0.01060457102721557,19
733,0.01951819926341015,0.010455020994413644,19
14532,0.019481715161083758,0.010580444009974599,19
18893,0.019480037165952747,0.010502095974516124,19
16470,0.019535300689504334,0.010426148015540093,19
18031,0.019526538099039738,0.010517221002373844,19
2948,0.019515284376929662,0.010463037004228681,19
18779,0.01953153010751856,0.010465527011547238,19
6584,0.019520303464225053,0.010452257003635168,19
5553,0.01948834425696221,0.010463369020726532,19
2117,0.01957278031132821,0.010535394947510213,19
16243,0.019509946063504015,0.010529146005865186,19
18725,0.019518536111143858,0.010506541992072016,19
15976,0.019521947466082087,0.010460485005751252,19
13789,0.01954138808957252,0.010645573027431965,19
16941,0.019509625317847456,0.01044898695545271,19
3860,0.01952683173830768,0.010664979985449463,19
4794,0.01948796236568964,0.010580896981991827,19
6070,0.01953004037128075,0.010611634992528707,19
18240,0.019500237374909614,0.010599264001939446,19
11091,0.01953986984383511,0.010678388993255794,19
12834,0.019485381214364775,0.010413128999061882,19
16483,0.01951192731748482,0.010509915999136865,19
18294,0.019544342165126613,0.010603676026221365,19
5031,0.019501463522350316,0.010447116976138204,19
16944,0.019455347476698654,0.010597275046166033,19
3242,0.01952391346659217,0.010537659982219338,19
6141,0.019498825201911752,0.010472500987816602,19
16266,0.019525525907642748,0.010447934037074447,19
7268,0.019508650697963804,0.010568428027909249,19
11465,0.019523397418915442,0.010535191977396607,19
4375,0.019479165637963695,0.010655741964001209,19
6281,0.019454332423935596,0.010491239023394883,19
1441,0.019507201627436046,0.010512526030652225,19
2386,0.019484838945668582,0.010507027036510408,19
6045,0.01955620689918042,0.01050718902843073,19
18568,0.01952937110265913,0.010483805963303894,19
3699,0.019550819574904284,0.010645310976542532,19
7559,0.019468374482944216,0.010412465024273843,19
17573,0.019496899104285006,0.010443861014209688,19
3798,0.019537569262626533,0.010595130966976285,19
2214,0.01951684336496615,0.010477543983142823,19
10447,0.019505486777664994,0.010540578979998827,19
3821,0.019523064581383216,0.010625518043525517,19
12609,0.019481478690929515,0.010525354009587318,19
18005,0.019523154426439617,0.010572865954600275,19
7403,0.019524341623764485,0.010542923002503812,19
13400,0.0195141919937573,0.010550380975473672,19
7594,0.01948445640798462,0.010365349007770419,19
4265,0.019516949367243797,0.010583002993371338,19
17200,0.019508042887441422,0.010371009993832558,19
16580,0.019490894791057433,0.010610107972752303,19
12262,0.019519842370707346,0.010435457050334662,19
7589,0.019546783149340434,0.010530157014727592,19
7453,0.019564761467719155,0.010573908977676183,19
5770,0.01961282710851121,0.01054860296426341,19
9367,0.019475596264543895,0.010525093995966017,19
6002,0.019542631745264914,0.010624609014485031,19
6706,0.019523487579518634,0.01046885596588254,19
4743,0.019510681259960524,0.010494416987057775,19
8188,0.01949882752715463,0.010488327010534704,19
2145,0.01949637458586183,0.010564900992903858,19
2794,0.019555942942755984,0.010627009032759815,19
921,0.019492176266411615,0.010478087002411485,19
1086,0.019546481008690438,0.010420928010717034,19
12642,0.01951603131295231,0.010580333007965237,19
1838,0.01954690283654552,0.01054046698845923,19
13618,0.019557963538988445,0.01063909800723195,19
7303,0.019514908153245126,0.01061735296389088,19
10048,0.019521272575825845,0.010402197018265724,19
977,0.019509583628907996,0.010637785017024726,19
6659,0.019490594687675566,0.010615685023367405,19
16020,0.019488358217610146,0.010506096004974097,19
10440,0.01951476094913424,0.010643003974109888,19
14876,0.01953698399685029,0.010557324974797666,19
651,0.019540763735820196,0.010494702029973269,19
7198,0.019501076674235885,0.010442484985105693,19
5274,0.019520092636077225,0.010500568023417145,19
19318,0.019480297424658937,0.010524230019655079,19
1362,0.019513887154109972,0.010427696048282087,19
9842,0.01949553473815812,0.010511026019230485,19
4819,0.019532470577886624,0.010548346035648137,19
4219,0.019503377476020864,0.010580444999504834,19
6879,0.019526985734333528,0.010556027002166957,19
8654,0.019522701583091953,0.010527292964980006,19
3474,0.019528413102594448,0.010501337994355708,19
17187,0.019499189051873003,0.010569485952146351,19
5116,0.019535899845466605,0.010535223002079874,19
7975,0.01953386567765847,0.010647178976796567,19
7517,0.019536090527636635,0.010528888960834593,19
14236,0.019531289905946898,0.010464825027156621,19
5438,0.01950444036935407,0.010459020966663957,19
1288,0.019556994522358047,0.010510532010812312,19
18033,0.019537766742838646,0.010604018054436892,19
8546,0.01953723415499553,0.010510866006370634,19
11799,0.01950957752016716,0.010567657998763025,19
10172,0.019517745421341572,0.010528540005907416,19
17223,0.01951459604989443,0.010596061998512596,19
10977,0.019529444208417675,0.010588167991954833,19
18613,0.019541377272138272,0.010456721996888518,19
5550,0.019526684635294306,0.010593882005196065,19
18157,0.019475447580732993,0.010590908001177013,19
17798,0.01956900400354674,0.010521085001528263,19
6880,0.01952411279719519,0.01044157100841403,19
11860,0.01951031920218252,0.010583753988612443,19
2988,0.019525216677912363,0.010448813962284476,19
14674,0.01952630247442836,0.010415402008220553,19
5954,0.0195274922022547,0.010501687997020781,19
3263,0.0195046872127262,0.010360889020375907,19
327,0.019520336005371064,0.010511360014788806,19
6424,0.019496239216287473,0.010543050011619925,19
9614,0.019510486570652574,0.010573208972346038,19
17062,0.01952400310332642,0.010505557991564274,19
7717,0.019525601353961974,0.010568382975179702,19
17130,0.019515608048287073,0.010542408970650285,19
1807,0.01953479762826311,0.01054433302488178,19
5022,0.019536224993460468,0.010558900947216898,19
10013,0.019525131164731358,0.010578932997304946,19
13927,0.019492815484562397,0.010444229992572218,19
9560,0.019511316005312102,0.010591130005195737,19
17323,0.01952288804980191,0.010552940017078072,19
16270,0.01952247473864669,0.010545390017796308,19
1383,0.01950362920577295,0.010561938979662955,19
3472,0.01950554594115697,0.01047348795691505,19
19900,0.019533955951613422,0.010428422014229,19
2150,0.019495018898803545,0.010464049002621323,19
5502,0.01952004115599649,0.010460879013407975,19
11335,0.019505623100006853,0.010447025008033961,19
15216,0.019486789897966542,0.010511444008443505,19
9711,0.019526956952176988,0.010588439006824046,19
2752,0.01953502137238454,0.010552656021900475,19
1712,0.019533983735049044,0.010526917001698166,19
13655,0.01948928364282964,0.010442656988743693,19
14689,0.01946590632800699,0.010573215025942773,19
18179,0.019545610638727482,0.010406775050796568,19
11750,0.01953616031862207,0.01045296504162252,19
16656,0.019523298318840955,0.01055646501481533,19
13348,0.019546024682073806,0.01049417001195252,19
14129,0.01951987094147817,0.010642828012350947,19
14727,0.019533420683154345,0.010544727963861078,19
19673,0.01954229746173185,0.010522616968955845,19
4525,0.019540854741966252,0.010525599005632102,19
169,0.019552166209139517,0.010641471017152071,19
4672,0.019488779803443896,0.010470799054019153,19
6501,0.019503200631956326,0.010501536016818136,19
2878,0.019516510901188378,0.010586637014057487,19
6063,0.019536806687124465,0.010614042985253036,19
17287,0.019531887474984518,0.010542878007981926,19
11955,0.019505788847853086,0.010456165007781237,19
10951,0.019472644422325845,0.010445678024552763,19
10389,0.01953430657924496,0.01054403802845627,19
13657,0.01951890932028427,0.010485370003152639,19
6136,0.019535536574518408,0.01053716300521046,19
10301,0.019523803423477436,0.010466188017744571,19
5937,0.01951601826218202,0.010577968962024897,19
11884,0.019520022318159278,0.01045802398584783,19
12294,0.019535893776552064,0.010534258966799825,19
3323,0.019508830369695238,0.010457443015184253,19
14829,0.01953279726378816,0.01060946297366172,19
3470,0.019532325165958975,0.010509753017686307,19
13398,0.019542907052183228,0.010625896975398064,19
12785,0.019517171634728776,0.010621573950629681,19
16971,0.019550875322525633,0.010526391037274152,19
10381,0.019511695905269955,0.010562853014562279,19
18246,0.019546612674419424,0.010616838000714779,19
5568,0.01957280852366239,0.010543960030190647,19
137,0.019496414997296308,0.010509059997275472,19
7029,0.01948176062433049,0.010533814958762378,19
9423,0.0195290518979738,0.010616810992360115,19
9841,0.01951555321054337,0.010545694036409259,19
5225,0.01952113247917671,0.01058374298736453,19
12712,0.019584381631207896,0.010608887998387218,19
9751,0.01956088346809051,0.010506618011277169,19
7765,0.01951955000588082,0.010471710993442684,19
8048,0.019524517943960075,0.010463356040418148,19
2140,0.01946197405432988,0.010489117004908621,19
3000,0.019484648156273914,0.010574983025435358,19
4738,0.01953915368434728,0.010610397963318974,19
19655,0.019533731159754097,0.010535560955759138,19
7948,0.019465190376841315,0.01040815602755174,19
4441,0.019488273580607614,0.01053994899848476,19
7473,0.019525692733862485,0.010461417026817799,19
6669,0.0194707682086645,0.010537990019656718,19
6549,0.019526816255069877,0.010508615989238024,19
4352,0.019504439796468143,0.010514751018490642,19
1397,0.01955739999692397,0.010584821982774884,19
18871,0.01953114053283475,0.010605806019157171,19
2141,0.01950679868643515,0.010508300038054585,19
18513,0.019488518840118655,0.01045260502723977,19
10963,0.019488539684588385,0.010616325016599149,19
11785,0.019519018208436472,0.010475140996277332,19
13604,0.01951505811456101,0.010546682984568179,19
11813,0.019530716673838662,0.010573207982815802,19
11850,0.01950509410878447,0.010516569018363953,19
4614,0.01953352046946652,0.010517267975956202,19
16640,0.019558754676070652,0.010627798968926072,19
19873,0.019507719108859373,0.010443350998684764,19
17696,0.019524146637291108,0.010508442006539553,19
18705,0.019524393100781662,0.01067081099608913,19
6835,0.01949620026617164,0.010546225006692111,19
11387,0.019504571425434398,0.010496037022676319,19
16503,0.01956100947542214,0.010663977998774499,19
2312,0.019475177000889455,0.010514645953662694,19
4197,0.019498735473270676,0.010600021982099861,19
13587,0.019552431951620076,0.010592531005386263,19
18464,0.019513654954559905,0.01053021801635623,19
4828,0.019501237789977734,0.010541849012952298,19
5199,0.01947780079392128,0.010630459990352392,19
13027,0.019477738677156402,0.010520470968913287,19
8542,0.019512533522701186,0.01056496798992157,19
6225,0.019485768420915855,0.01050527102779597,19
4388,0.01951652022360481,0.010440081998240203,19
11055,0.019470282052153426,0.010546258999966085,19
12454,0.019551662630156466,0.010515377041883767,19
19070,0.019534646576319478,0.010586465010419488,19
11677,0.01950125620504351,0.010646400973200798,19
12009,0.019542973583539652,0.010498172021470964,19
8086,0.01948360951715394,0.010441919963341206,19
15994,0.019536462480716995,0.010619904031045735,19
714,0.019537548366076265,0.010552104969974607,19
5667,0.019534101219553696,0.010600046021863818,19
19991,0.01952214121487678,0.010636624996550381,19
12535,0.019530722313854647,0.010522708995267749,19
17299,0.019498687519348766,0.01053909701295197,19
12644,0.01950235995709112,0.010587892960757017,19
2676,0.01949030905349278,0.010505595011636615,19
16529,0.01957250531995669,0.010645622969605029,19
15551,0.019520346893267215,0.010454103990923613,19
6,0.01953699179054973,0.010522957018110901,19
2910,0.019492491892857577,0.01049856998724863,19
5632,0.019496954211622085,0.010517585964407772,19
11550,0.019494687691085824,0.01049290900118649,19
8348,0.01955153079899518,0.010598716035019606,19
10580,0.01951054673592903,0.010525147954467684,19
2554,0.019523638466029967,0.0104865119792521,19
4546,0.019521872372072386,0.01063784898724407,19
14412,0.019550754425213916,0.010566715965978801,19
15912,0.019503296683787516,0.01048882503528148,19
9895,0.019513139632947155,0.010609262040816247,19
10719,0.019505930850037226,0.010638704989105463,19
17385,0.019474931425831624,0.010557400994002819,19
17016,0.01954317090751015,0.01059289404656738,19
11935,0.01950722379536417,0.010510420019272715,19
16985,0.019523818480880244,0.010536504967603832,19
1023,0.019496669104371808,0.010632583987899125,19
19445,0.019493939692007477,0.010538177040871233,19
15483,0.019526219160884227,0.010620952001772821,19
19397,0.019529932163239113,0.010571608028840274,19
2247,0.01953845589090825,0.010620081971865147,19
7285,0.01955128931991854,0.011026328022126108,19
13706,0.019527162694813388,0.01051921199541539,19
11146,0.019508064047457946,0.010544229997321963,19
13055,0.01948565404592572,0.01058331097010523,19
11043,0.01953861362141508,0.0105526780243963,19
4279,0.01951761432237139,0.010571881022769958,19
5359,0.01957086388536386,0.010581923997960985,19
8153,0.0195287373223293,0.010540868039242923,19
6954,0.019574132680549826,0.010575902997516096,19
11433,0.019517488624459428,0.010488072002772242,19
14476,0.01952644311026425,0.010448662971612066,19
14313,0.01956791374035866,0.010539848997723311,19
17810,0.019515033639771372,0.010541120020207018,19
9773,0.019510784103706675,0.010566349024884403,19
2111,0.019532402370762276,0.010534547036513686,19
2876,0.019523412320076636,0.010541031020693481,19
8506,0.01948721915189373,0.010550468985456973,19
9729,0.019521233631837134,0.010576711036264896,19
3204,0.019494766317381475,0.010485545033589005,19
4941,0.019530933999799584,0.010473939997609705,19
4463,0.01949266884108319,0.01044805400306359,19
8124,0.0194728560990801,0.010519773990381509,19
13152,0.01952128884027173,0.010556651977822185,19
558,0.019555736520009016,0.010567018995061517,19
12287,0.0194719279963082,0.010467863001395017,19
3617,0.01951470584486072,0.0105848090024665,19
5333,0.019496114581431214,0.010681157989893109,19
13740,0.01948487031347069,0.010499101015739143,19
8477,0.01950185109652873,0.010474722948856652,19
4166,0.019507850321181314,0.010539832001086324,19
18509,0.019552512462005803,0.010525084973778576,19
12141,0.019506288520795733,0.010531442007049918,19
7700,0.019487613943822094,0.010479883989319205,19
5216,0.019518181987989106,0.01048656995408237,19
6619,0.019517056791013794,0.010479126998689026,19
2796,0.01950201294139812,0.010563129966612905,19
15696,0.019484639155531402,0.010512001987081021,19
12890,0.01947579926529311,0.010535703040659428,19
4153,0.019523492006364426,0.010538657021243125,19
7626,0.01949315746682451,0.01051774702500552,19
19008,0.019501981003773643,0.01047961600124836,19
17024,0.01953084784020719,0.010634742036927491,19
11282,0.01950540362955316,0.01050788100110367,19
15100,0.019553612997314257,0.010522555967327207,19
4442,0.01953828752678084,0.010482204961590469,19
17741,0.019545963377152618,0.010524948011152446,19
18399,0.019508294681528288,0.01053329702699557,19
9060,0.019491141900959377,0.010455609008204192,19
12151,0.019503711471579185,0.010498408984858543,19
2351,0.019516701427116794,0.010496711009182036,19
19365,0.01951242409842579,0.010425738990306854,19
5337,0.019500314729827408,0.010660707950592041,19
10969,0.019536678633334015,0.010564272990450263,19
6119,0.019521930377538268,0.010565749020315707,19
2724,0.019504594270409525,0.010526672005653381,19
6590,0.019528097883602113,0.010547879966907203,19
7649,0.019496665526132443,0.0104583470383659,19
1869,0.019533288946963455,0.01061304600443691,19
16901,0.019551349368779676,0.010579214023891836,19
10836,0.019513773584836407,0.010514680005144328,19
19374,0.019520029217298878,0.010531719017308205,19
13294,0.01950748584319004,0.01053211698308587,19
6422,0.01949636200381639,0.010559844959061593,19
8164,0.01948346288899254,0.010503614030312747,19
1199,0.01947158278811625,0.01059668097877875,19
3165,0.019538085684057717,0.010626682953443378,19
13881,0.01951113174130258,0.01053640799364075,19
14425,0.019507257096273333,0.010516584967263043,19
13844,0.019525236266322042,0.010439288977067918,19
17489,0.01949870962906923,0.01056144799804315,19
715,0.01951702068694622,0.010458105010911822,19
3635,0.019520063323924614,0.01043313997797668,19
12980,0.019520208950301533,0.01054540096083656,19
16508,0.019534028741825176,0.010625816998071969,19
13901,0.019480807890527342,0.010542491974774748,19
3702,0.019493542155128364,0.010521566960960627,19
361,0.01954948348544636,0.010686702968087047,19
3115,0.019536463317069177,0.01045732997590676,19
18878,0.01951625721075719,0.010563495045062155,19
11756,0.01954146626552469,0.010514635010622442,19
4296,0.019526657682083743,0.010503574972972274,19
12148,0.01952450999095546,0.010579264955595136,19
3489,0.019486480992973634,0.010460105957463384,19
18338,0.01952994064011268,0.010522468015551567,19
4245,0.019488357264842642,0.010554904991295189,19
3589,0.01950017841973979,0.010562570008914918,19
2760,0.019499567358779085,0.010465739003848284,19
8657,0.019510287635248938,0.010328526026569307,19
11796,0.019493081530335507,0.010580817994195968,19
7020,0.01952753320802003,0.01050592795945704,19
1157,0.01952291215390065,0.010506741993594915,19
4824,0.019479175514884685,0.010445249965414405,19
19643,0.019494274514727294,0.010509809013456106,19
460,0.019541180000248317,0.01064977899659425,19
14675,0.019474133579550607,0.01050753699382767,19
17942,0.019513105900075874,0.010525782010518014,19
6241,0.019451996853795686,0.010435166012030095,19
291,0.01952690179275937,0.010439289035275578,19
7703,0.01953543310274223,0.010507103987038136,19
10870,0.019566775691744528,0.010463876998983324,19
6134,0.01948828010599276,0.010522683965973556,19
17375,0.01950939220841974,0.010465305007528514,19
13802,0.01951633305840292,0.010471602960024029,19
17752,0.019534728266176228,0.010570186015684158,19
6268,0.01949493363377099,0.010570530022960156,19
18385,0.01952607710968311,0.010564630036242306,19
4325,0.01948234600039493,0.010516569018363953,19
8596,0.019505858265084067,0.010514353984035552,19
14972,0.019508878531939302,0.010537812020629644,19
12657,0.01952525894586487,0.010665806999895722,19
2687,0.019488212735220594,0.010448024026118219,19
14314,0.019510388107798798,0.010519360017497092,19
18652,0.01945718241806485,0.010390507988631725,19
6246,0.01955153210407221,0.010534838016610593,19
3682,0.019505141949354623,0.010534365952480584,19
17576,0.019548316942650433,0.010589153971523046,19
13388,0.019500873682677354,0.010567107005044818,19
2279,0.01952416715702336,0.010430557013023645,19
7648,0.019507972367328444,0.01058924599783495,19
6193,0.01948348431553888,0.010547825950197875,19
9652,0.01953283151440126,0.010445665975566953,19
4978,0.019533523327769024,0.010496795002836734,19
8628,0.019523867212946674,0.010509195039048791,19
14505,0.019511950793553536,0.010509493004065007,19
19399,0.019507467835577892,0.010622309986501932,19
19493,0.019527237889920605,0.010459625977091491,19
10331,0.019504443944529874,0.010482175974175334,19
230,0.01955313478768068,0.01062082900898531,19
11822,0.019542480690257723,0.01052225602325052,19
19763,0.019533147416567725,0.010579808964394033,19
3256,0.01953329099035871,0.010454314004164189,19
11455,0.019574182745265335,0.01057576696621254,19
18618,0.01953672615529381,0.010541147028561682,19
12321,0.01950407926434357,0.010454197996295989,19
16115,0.019483176727877242,0.010543638956733048,19
10899,0.019527978683503245,0.010456337011419237,19
3410,0.019511562579090855,0.010558083013165742,19
16693,0.019539923526616276,0.010542445990722626,19
2616,0.019555390475464885,0.010544005024712533,19
5885,0.019524467848608958,0.010605119983665645,19
10596,0.019566423734527473,0.010584551957435906,19
18879,0.019505630473998423,0.010445354972034693,19
4739,0.019538310534124703,0.010508352017495781,19
14509,0.01950378468456237,0.010479266988113523,19
16773,0.01953061795058219,0.01051101996563375,19
6810,0.01955982299497057,0.010521631978917867,19
5203,0.019521911374268758,0.010669558017980307,19
19465,0.0195100990485547,0.010482913989108056,19
10170,0.019505955263555638,0.01043959497474134,19
3287,0.019500378623457725,0.010547999991104007,19
15999,0.019551065223487585,0.010473569040186703,19
13694,0.019538896357469065,0.010455032985191792,19
3707,0.019515890523938362,0.010567555960733443,19
2781,0.019512830522695656,0.010511310014408082,19
4972,0.019471265685033837,0.01053841196699068,19
6866,0.019490180883287012,0.010454231989569962,19
8525,0.019544848424725626,0.010562459006905556,19
10227,0.01955556037137285,0.010561381990555674,19
4462,0.019484311636341244,0.01035596098517999,19
3048,0.01950940809911117,0.010506664984859526,19
9558,0.019520351791901414,0.010643418005201966,19
11222,0.01951523068802137,0.010531437990721315,19
18331,0.019516617675483423,0.010603478993289173,19
9233,0.019531927105210917,0.010648783994838595,19
13078,0.019515140944062488,0.01049512904137373,19
8091,0.01947316373575871,0.010503661003895104,19
13464,0.01951362332022798,0.01051537599414587,19
9539,0.019529760796821824,0.01052256696857512,19
10414,0.019525405359576996,0.010479029966518283,19
8241,0.0195760221073502,0.010599944973364472,19
6831,0.01950456274023868,0.010493659996427596,19
13837,0.019505173047563357,0.0105551439919509,19
11946,0.01952973236697481,0.010431906033772975,19
19169,0.019522606150100107,0.010516477981582284,19
11557,0.019519907832880944,0.010616965999361128,19
13174,0.019549468051225535,0.01059504400473088,19
11436,0.019556323626985478,0.010558996989857405,19
4230,0.019511680256599856,0.010463999002240598,19
17683,0.019522446477295535,0.010555437998846173,19
14772,0.0195333583825758,0.01058189501054585,19
18002,0.01957039036604233,0.010645939037203789,19
1957,0.019535569418956965,0.010614013997837901,19
487,0.019489546367702514,0.010435042961034924,19
16947,0.01953770152268637,0.010651887045241892,19
7698,0.019520045209087823,0.01056004100246355,19
2512,0.019537500160942346,0.010525345045607537,19
8451,0.019527136844484823,0.010517846036236733,19
9791,0.019545004847091867,0.010543785989284515,19
9698,0.019515918999738795,0.010500875010620803,19
16687,0.019519281374462145,0.010462683974765241,19
19112,0.019495119628692537,0.010514368012081832,19
13191,0.019553764156482526,0.010553542000707239,19
9538,0.01955984136714649,0.010566145007032901,19
8858,0.01952442226588334,0.01060447795316577,19
9398,0.019521899052626013,0.010605980001855642,19
18961,0.019520263426545028,0.01053986104670912,19
17864,0.01955002457160797,0.010637592989951372,19
14386,0.019560394741251673,0.010375847050454468,19
17131,0.019540906629500615,0.010554295033216476,19
1020,0.019497034847613816,0.01042647403664887,19
15960,0.019523409415820713,0.010669742012396455,19
5182,0.019558394275679205,0.01066287001594901,19
4848,0.019544305264533154,0.010515612957533449,19
10289,0.019479924580082297,0.010480116994585842,19
8503,0.019542233206601322,0.010504011996090412,19
9798,0.019488229269259853,0.010472060996107757,19
14452,0.01951607662608455,0.010514126974157989,19
6491,0.019485207421607094,0.010500037053134292,19
12103,0.019597077527769693,0.010566699027549475,19
15339,0.019650464421015625,0.010607283969875425,19
15561,0.019528101581320362,0.010497143026441336,19
134,0.01952832804894761,0.010515986010432243,19
11899,0.01952379310540365,0.010452180984430015,19
9162,0.019517845691696397,0.010526457044761628,19
6266,0.019480670266172017,0.010417388053610921,19
4205,0.019526103897461372,0.010593076003715396,19
12063,0.019540828848747832,0.010507134022191167,19
16442,0.01951366315571297,0.010419605008792132,19
8126,0.01951019314889747,0.01050651102559641,19
18442,0.019528917787523057,0.01057924801716581,19
15214,0.019512665644900774,0.010530185012612492,19
18764,0.01951769863463644,0.010558941983617842,19
4680,0.01952943826204558,0.010619167995173484,19
7508,0.01950972879268719,0.010416045028250664,19
18028,0.019538840949903,0.010467429994605482,19
5503,0.01950464026365233,0.010537775000557303,19
485,0.019540573108794267,0.010570694983471185,19
11236,0.01953482195600181,0.010524596029426903,19
967,0.019536470887128655,0.010614814993459731,19
11457,0.019507890842903993,0.010496272996533662,19
6069,0.019528228109457382,0.010446037980727851,19
9453,0.019459566790733095,0.010473033005837351,19
5354,0.019488074219368986,0.010443472012411803,19
12094,0.01955093579109464,0.010488788015209138,19
16932,0.019487842586577722,0.01055617700330913,19
2225,0.019503526358963234,0.010431425005663186,19
13641,0.019501321265890607,0.010378072038292885,19
5758,0.019485690321552715,0.010521769989281893,19
10146,0.01948630521502836,0.010667863010894507,19
12443,0.01949961568951901,0.010512546985410154,19
13185,0.01949945084235974,0.010534970031585544,19
6206,0.01948241841991579,0.010564983007498085,19
6056,0.01949676226726488,0.010587994009256363,19
6253,0.01950794900154793,0.010487431020010263,19
10534,0.01953909219867599,0.010608766984660178,19
10347,0.01949042488980156,0.010515241010580212,19
13338,0.019493380999560224,0.010476663010194898,19
5350,0.019545845001151686,0.01046488800784573,19
3964,0.019495142731006797,0.01048706698929891,19
12767,0.01949325800064559,0.010506070975679904,19
15642,0.019493419220548515,0.010387421993073076,19
10315,0.019470434424491895,0.01058986404677853,19
17176,0.019488350895699114,0.010454664996359497,19
11140,0.01952587178369102,0.010584298986941576,19
3485,0.01952760384454833,0.010568732977844775,19
7261,0.0195409344711439,0.010586910007987171,19
9347,0.019498317585155172,0.010522051015868783,19
6211,0.019485843318857644,0.01054296299116686,19
5525,0.019505515529185925,0.010535633016843349,19
11612,0.01947995178144131,0.010443120962008834,19
16218,0.01953378437687398,0.010549016005825251,19
601,0.019525665851113826,0.01062789501156658,19
3508,0.019499656836208152,0.010451151989400387,19
10140,0.019510729884802316,0.01046489499276504,19
5771,0.019471548678426955,0.010401461040601134,19
2856,0.019522815633344612,0.010498752002604306,19
4954,0.019492883685559622,0.010450822999700904,19
12610,0.019523822791310715,0.010571492020972073,19
2167,0.01950847331777607,0.010598338965792209,19
2412,0.019514557586884813,0.010534654022194445,19
7386,0.01949333278829918,0.010494483984075487,19
17830,0.019514539784531257,0.01045981701463461,19
5100,0.019505900419684814,0.010493083042092621,19
16046,0.01946828331442942,0.010603845003060997,19
13080,0.019509606002094716,0.010563383984845132,19
11591,0.019544878153522547,0.010583509982097894,19
5975,0.019532212105236556,0.010421186976600438,19
741,0.01953504636797956,0.010630165983457118,19
411,0.019537932628545127,0.0104700590018183,19
14066,0.0195060284152676,0.010518922004848719,19
16692,0.01954346794120379,0.010593977989628911,19
9409,0.01951843806187083,0.010609869961626828,19
16637,0.01951660030509198,0.010466117993928492,19
7501,0.01951728294615781,0.010583897994365543,19
3230,0.019491548677538766,0.010447688982822001,19
3105,0.019508816050610653,0.010449052962940186,19
3208,0.019570757163149353,0.010522730008233339,19
2075,0.019516739736948358,0.010578848014120013,19
11476,0.01952521032408664,0.010538339032791555,19
3265,0.019526320788396622,0.010488469968549907,19
17673,0.01948056958223644,0.010368180985096842,19
2677,0.019522039942737473,0.010539062961470336,19
11176,0.019534792417145678,0.010501068958546966,19
18768,0.019514625316093628,0.010523562028538436,19
4489,0.019541130309287263,0.010636707011144608,19
10826,0.01946996757760644,0.010534166009165347,19
17718,0.01955638558138162,0.010435897973366082,19
286,0.019485939474849914,0.010362285014707595,19
1323,0.019539472267129702,0.010582970979157835,19
2624,0.019474293950847106,0.010372265009209514,19
10113,0.01950667089917452,0.010535876033827662,19
2516,0.019497656790343553,0.010469240020029247,19
72,0.01950513758071649,0.01047207199735567,19
19570,0.01950728758483341,0.010480507975444198,19
410,0.019529563157304534,0.010431974951643497,19
7881,0.019529637626347768,0.010555832006502897,19
3143,0.019522925008603028,0.010568861966021359,19
7449,0.019501339527778327,0.01059108501067385,19
16356,0.019517062216580502,0.01042254501953721,19
15815,0.019519978058892058,0.01050921599380672,19
6916,0.019505725217689025,0.0104045340558514,19
12077,0.019511616853139315,0.010512061009649187,19
8387,0.019512610261843196,0.010533402964938432,19
12016,0.019529949637791633,0.010329927026759833,19
8670,0.01948704158482877,0.010468808992300183,19
11352,0.01950362654047479,0.01048874604748562,19
5230,0.019491362894002936,0.010444135987199843,19
5858,0.019479208003950158,0.010477510979399085,19
19239,0.019537706307968812,0.01050121698062867,19
11249,0.019454008112293912,0.010448109998833388,19
8629,0.0194916186891006,0.010468699969351292,19
10630,0.01950609446564493,0.010583788971416652,19
18858,0.019482080790974004,0.01051182800438255,19
2298,0.019505201045448256,0.010511507978662848,19
15299,0.01951169268546724,0.010464223974850029,19
16413,0.019509166423966617,0.010473257047124207,19
5331,0.019499456948037015,0.010472586960531771,19
19666,0.019510202321199405,0.010456155985593796,19
7348,0.019502834475133568,0.01061042898800224,19
2585,0.0195560475848125,0.010484108002856374,19
5762,0.019484116833681536,0.010489748965483159,19
16679,0.019544623835061333,0.0106473250198178,19
13723,0.01958763346651961,0.010530119994655252,19
1071,0.01952679695157138,0.010544064978603274,19
3755,0.019524773423510947,0.01046850101556629,19
6228,0.019535938997777474,0.010590699966996908,19
15821,0.019535584635664953,0.010491701017599553,19
10731,0.019526008317418592,0.010548130027018487,19
4771,0.019502740527968854,0.010446634027175605,19
18698,0.019529656160892427,0.010573640000075102,19
14120,0.019520614103193543,0.010581635986454785,19
15267,0.01950203557192397,0.010445737047120929,19
9396,0.019523516416819275,0.010553961037658155,19
6730,0.01950538057931944,0.010548581019975245,19
3633,0.01954903042764942,0.010526498022954911,19
7772,0.019516205954316416,0.010393870004918426,19
12667,0.019536019728739598,0.010589716956019402,19
18937,0.019520707946197178,0.010662482993211597,19
12405,0.019494498736764256,0.010425296030007303,19
15808,0.01951128473554395,0.010453083028551191,19
14237,0.019519953581038862,0.010536401998251677,19
16820,0.01950439741822744,0.010481241974048316,19
11573,0.019510717318074678,0.010501722048502415,19
1731,0.019490484463810725,0.010499985015485436,19
8239,0.019521406949742845,0.01055531797464937,19
19314,0.019542348466960614,0.010474611015524715,19
697,0.0195274226839262,0.010529661958571523,19
1005,0.019529865261191798,0.010501910001039505,19
11512,0.01953105074598601,0.010497589013539255,19
8059,0.01955179088920551,0.010539805982261896,19
13019,0.019538750152079093,0.010540878982283175,19
12387,0.019532785263819324,0.010461623023729771,19
5787,0.01955586093735244,0.01055871497374028,19
12125,0.01952922921689031,0.010562555980868638,19
9172,0.019558040998067315,0.01045596896437928,19
1029,0.01956597873695979,0.010580420028418303,19
12806,0.019544407274990686,0.010548986960202456,19
7791,0.01949189152678867,0.010521475982386619,19
2935,0.019452742319309005,0.010442867991514504,19
9214,0.019530048624514358,0.01039626996498555,19
11762,0.019534681580568616,0.010486821993254125,19
13312,0.019511103792434658,0.010619145992677659,19
12102,0.019457792998046466,0.010456398013047874,19
12124,0.01952005321723654,0.010507336992304772,19
16763,0.019486079583753292,0.010465455998200923,19
7428,0.019475904412837208,0.010534066997934133,19
17494,0.019545208264485393,0.010574617015663534,19
18110,0.019520906850965202,0.010528048034757376,19
10312,0.019522209428128247,0.010513414046727121,19
2101,0.01951191531751599,0.010557412984780967,19
15461,0.0194765056305761,0.010520923999138176,19
101,0.01952438457795468,0.010580050002317876,19
11105,0.019506143847186314,0.010404901986476034,19
9681,0.01949153435845418,0.010510592954233289,19
11808,0.01946631705045308,0.010456257965415716,19
4574,0.01949822884910789,0.01058396598091349,19
18735,0.01946377615738464,0.01041613903362304,19
7513,0.019494995315510192,0.010441460006404668,19
8279,0.01949146641173253,0.010451474983710796,19
13373,0.019509180047622834,0.010493198991753161,19
3846,0.019520669360645115,0.010507425991818309,19
1664,0.01950038220476065,0.010534643020946532,19
19612,0.019530725043487587,0.010420158971101046,19
13602,0.019522391106492204,0.010596714972052723,19
1476,0.019516539475022767,0.010537036985624582,19
13536,0.01949668747961129,0.010520545009057969,19
7809,0.0195335641098944,0.01054894900880754,19
16936,0.019476904573629758,0.010407664987724274,19
635,0.019526357208010985,0.010658362996764481,19
817,0.019518618159437257,0.01050488295732066,19
17480,0.019531186106369683,0.010525410994887352,19
11453,0.019531321414672818,0.010561523959040642,19
19803,0.019527630941746265,0.010521914984565228,19
15203,0.019488232216405634,0.010477336996700615,19
14717,0.019515056837056028,0.010623731999658048,19
16876,0.01946476079204953,0.010473079979419708,19
4556,0.019546251796112444,0.010636517952661961,19
707,0.019523573570615172,0.01047410600585863,19
11934,0.01951194631769077,0.010520433017518371,19
7019,0.019467587794152724,0.010398951009847224,19
18917,0.019525026685043582,0.01049357297597453,19
19640,0.019525031951305113,0.010558184003457427,19
724,0.019537135051857484,0.010565138014499098,19
3578,0.019532095202808512,0.010528276034165174,19
5701,0.019537748208293987,0.010452854970935732,19
836,0.019507816058313966,0.010607635020278394,19
13924,0.019497746941756065,0.010506031976547092,19
7402,0.01951612352614144,0.010459012002684176,19
9400,0.019488558102717723,0.010476515046320856,19
4902,0.019566128201978773,0.010584905976429582,19
4540,0.019522100319399646,0.010477530013304204,19
15365,0.019526905266837657,0.010492473957128823,19
15531,0.019531352574152772,0.010549845988862216,19
7321,0.01950958499831981,0.010515181988012046,19
8178,0.019472989318034564,0.01042762299766764,19
13549,0.01952021684203493,0.01047167502110824,19
7568,0.01954469079225275,0.010533121996559203,19
3233,0.019499899323196394,0.010487958032172173,19
1158,0.019506170371498325,0.010538100032135844,19
11135,0.019528707884570683,0.010506614984478801,19
13959,0.019536133310267406,0.010498415969777852,19
4013,0.019511008056150258,0.010509921004995704,19
12613,0.019528139358092295,0.010552895022556186,19
4148,0.019517780949459655,0.010584126983303577,19
123,0.019516847047366594,0.010510885971598327,19
1247,0.019541050521901956,0.01055326295318082,19
820,0.019530989058119685,0.010513055021874607,19
17971,0.019521836252687007,0.010509299987461418,19
13169,0.019535331061649088,0.010630462027620524,19
4034,0.01951675978182864,0.010527178994379938,19
10162,0.01955139163366862,0.010522563010454178,19
14265,0.019549998690643788,0.010571313032414764,19
4411,0.01957130100651595,0.010544389951974154,19
9426,0.01956091804956821,0.010588100005406886,19
18152,0.01953853309877511,0.010442597966175526,19
11208,0.01957191562733466,0.010621693974826485,19
6788,0.019513225945717607,0.010518322989810258,19
10915,0.019515047471749744,0.010404012980870903,19
18477,0.019490448996963863,0.01056814898038283,19
3753,0.0195284618959321,0.010539200040511787,19
2909,0.01948703437014238,0.010492365981917828,19
4475,0.01953104489764787,0.010449515015352517,19
9585,0.019486988631175144,0.01056854403577745,19
8439,0.0195645130435495,0.010460413002874702,19
16822,0.019525816471095345,0.010560693976003677,19
6648,0.019545389740654315,0.010535084002185613,19
8824,0.01951248995579877,0.010515951027628034,19
18532,0.01951695199884278,0.010525174031499773,19
963,0.019540550003416444,0.010562921990640461,19
11270,0.019499013690572036,0.010509831015951931,19
1959,0.019513562526921498,0.010418002028018236,19
19940,0.019528537939645742,0.01062419597292319,19
18374,0.019491537045197266,0.01052832801360637,19
8991,0.01952402526206386,0.01054631598526612,19
7553,0.019521614781727915,0.010609588993247598,19
15221,0.019523470849411462,0.010526500002015382,19
5436,0.019507525687865717,0.01051191403530538,19
19363,0.019514534735782563,0.010595814033877105,19
10840,0.01948741268011202,0.010463913960848004,19
930,0.0195228549572149,0.010471265006344765,19
5601,0.01948295841851321,0.010468616965226829,19
9466,0.01952108831181632,0.01044338702922687,19
8968,0.019520067370888825,0.01058012101566419,19
14076,0.0194584538939556,0.010536604037042707,19
15351,0.019551688425340934,0.010524635028559715,19
2152,0.019527737568990376,0.010460555960889906,19
13606,0.019516279675850744,0.010563304997049272,19
12107,0.01950142763273202,0.010450533998664469,19
927,0.01950594589212223,0.010515164001844823,19
19430,0.019501708270246654,0.010478968964889646,19
3974,0.01956956446673231,0.0105802440084517,19
16627,0.0195447763728321,0.010490099026355892,19
4101,0.019504823412525615,0.010519268980715424,19
2767,0.019515936253714915,0.010599432978779078,19
3948,0.019516522573356173,0.010582654038444161,19
18443,0.019543525481008385,0.01046711002709344,19
8351,0.01956287773607887,0.010553676984272897,19
7691,0.019530511785935806,0.010558418987784535,19
11721,0.019475995109563594,0.010459411016199738,19
14545,0.019529258421818286,0.010479466989636421,19
15513,0.019464291941595116,0.010451051988638937,19
17895,0.019505908161303716,0.01048530696425587,19
9639,0.019560380795921543,0.010490382032003254,19
18933,0.019516480216560394,0.010507330007385463,19
15331,0.01956493899802138,0.010571169026661664,19
12730,0.019519296686140525,0.010527999955229461,19
3703,0.019511807418894023,0.010487221996299922,19
4596,0.019514749580258995,0.010538926988374442,19
8826,0.019559486309605602,0.010596474981866777,19
17295,0.01950729778342831,0.010417916986625642,19
14055,0.01952250368317197,0.010486080020200461,19
2885,0.019537882049151353,0.01049894600873813,19
4527,0.019509351472247784,0.010543752985540777,19
3018,0.019527392896921618,0.010486980027053505,19
8835,0.019518980949406364,0.010482146986760199,19
16660,0.019497204207398585,0.010399835999123752,19
7821,0.019563229583007723,0.010632411984261125,19
13499,0.01953747041989118,0.010598400956951082,19
4609,0.019542406840053827,0.010619729990139604,19
5207,0.01951455864074983,0.010517538990825415,19
6223,0.01951720273906463,0.010505529993679374,19
15329,0.019545025213646067,0.010590133024379611,19
18481,0.01952955541262207,0.010588202974759042,19
7168,0.0195315851627751,0.010513817018363625,19
14213,0.01947418706013674,0.010475505026988685,19
4572,0.019554450057177365,0.01057040796149522,19
18291,0.019534065636291512,0.010439107019919902,19
11019,0.01955361520920537,0.010437208984512836,19
6583,0.019568364368751645,0.010537630005273968,19
12286,0.019542924637023947,0.010504225036129355,19
12985,0.019556132258577764,0.010445936000905931,19
15065,0.01953287111092849,0.010700196027755737,19
8029,0.019499946045566742,0.010556986962910742,19
16549,0.019508745790900367,0.010538706963416189,19
15019,0.019521089215566844,0.010475207993295044,19
3616,0.01954797562518108,0.010623339971061796,19
17502,0.019492390795341253,0.010633666010107845,19
9438,0.019497227000293174,0.010507007013075054,19
11325,0.019520460836295234,0.010484090016689152,19
3921,0.019505642103276363,0.010499120980966836,19
13082,0.019497855361183418,0.010541419964283705,19
12147,0.01952864895390935,0.010582335002254695,19
7534,0.019552147466272703,0.010551819985266775,19
6735,0.019490895170939007,0.010637152008712292,19
12223,0.01956223889168254,0.01057829597266391,19
2678,0.019497605154021203,0.01050054602092132,19
1557,0.019495020464283266,0.01047995698172599,19
18808,0.019513723639599783,0.010500136006157845,19
11766,0.019536590951151754,0.010574015032034367,19
11504,0.01950734194159802,0.01064142002724111,19
8570,0.0195261934729244,0.010514580993913114,19
15230,0.01952628736188145,0.010611176956444979,19
10127,0.019524791152339037,0.010490164975635707,19
9086,0.019492964048894418,0.010437581047881395,19
12908,0.01952050115582288,0.010527968988753855,19
17054,0.01949762068014886,0.010628009971696883,19
10036,0.019534363258188886,0.010531403997447342,19
10132,0.01953392084320321,0.010546532983426005,19
14762,0.019494700423245758,0.010423409985378385,19
11401,0.019526790839766984,0.010504375968594104,19
3794,0.019510457626127294,0.010587335040327162,19
14895,0.01951050715471961,0.010480255004949868,19
17775,0.019505708267005456,0.010465319966897368,19
19743,0.019552965366624687,0.010510249994695187,19
13305,0.019516283735069202,0.01056299195624888,19
16399,0.01952498557818073,0.010499944037292153,19
14102,0.019518153098607927,0.010486034967470914,19
16428,0.019532780787956557,0.010403078980743885,19
11044,0.01953607136199839,0.010526363970711827,19
11446,0.019552268623987113,0.010538575006648898,19
1697,0.019512830167322567,0.010503897035960108,19
14329,0.019556729423225318,0.01059071096824482,19
15589,0.019520671109938503,0.0105834020068869,19
17530,0.019497782947789682,0.010439049976412207,19
6442,0.019517403313473455,0.010422802995890379,19
14577,0.019491231160875606,0.010496230039279908,19
17632,0.01952530715712591,0.010487382998690009,19
1066,0.019536880583281777,0.010480338998604566,19
10663,0.019523490955562967,0.010487799008842558,19
7066,0.019521861790532346,0.010517127986531705,19
12925,0.019515887573729025,0.010424330015666783,19
16540,0.01954473857461524,0.010572747967671603,19
7395,0.019533713470752303,0.010567388962954283,19
735,0.019502892269213732,0.01053112099179998,19
2439,0.01954859379053998,0.010608063021209091,19
16739,0.01953326841804052,0.010605601011775434,19
2498,0.019525234998007745,0.010595919040497392,19
15142,0.019544203682974177,0.01056387199787423,19
9887,0.019518041842322992,0.010605868010316044,19
2136,0.019522827057363957,0.01053048501489684,19
1698,0.019516691473606778,0.010442445985972881,19
4043,0.019496197527348016,0.010552833962719887,19
4518,0.019547282463846433,0.010566679993644357,19
2039,0.019541513263615536,0.010548368969466537,19
9463,0.019562365416756,0.010660670988727361,19
2360,0.019507299741043857,0.010603452974464744,19
16195,0.01946228469023481,0.010440700978506356,19
4328,0.01949358004525206,0.010473222006112337,19
7582,0.019550487472626724,0.010539895039983094,19
14515,0.019491836152921774,0.010489409964065999,19
4751,0.01951058642129953,0.010514609981328249,19
13430,0.01951037347010386,0.010559563990682364,19
6340,0.019498046429362148,0.010555511980783194,19
14653,0.01953918004322699,0.010532774962484837,19
15404,0.0194972392055206,0.010595700005069375,19
6490,0.019546078426126195,0.010620803048368543,19
4110,0.019514471163826163,0.010506630002055317,19
18907,0.019546979845280907,0.010669783048797399,19
4045,0.01951691115850975,0.010478416981641203,19
6913,0.01957622999754293,0.010585511976387352,19
1219,0.019546492726811648,0.010617116000503302,19
4966,0.0195665683683106,0.010599887988064438,19
13943,0.01954975905583093,0.010592329956125468,19
13788,0.019530054632157675,0.010606354975607246,19
7101,0.01951951916194766,0.01054569601546973,19
14548,0.01956477742580893,0.01051934901624918,19
12733,0.019523472849916863,0.010504875041078776,19
3532,0.01950169242244508,0.010492640023585409,19
16563,0.019519292317502396,0.010553156025707722,19
5671,0.019597969949245453,0.01055185601580888,19
13218,0.01951408184341792,0.010481609031558037,19
10690,0.019534094850410168,0.010654804995283484,19
17230,0.019564179204232795,0.010636296996381134,19
13942,0.019531872273594337,0.010524754994548857,19
17596,0.01956238262784226,0.010571151971817017,19
16948,0.01954278311275534,0.010542910022195429,19
16945,0.01954653895594866,0.01053650100948289,19
3125,0.019473345996199275,0.010462746024131775,19
2046,0.01951977510409626,0.010505536978598684,19
7681,0.01949909110676105,0.010596539999824017,19
5597,0.019530093217709737,0.010483563004527241,19
12259,0.019494979679094332,0.010457084979861975,19
19918,0.019538227208326327,0.010610852972604334,19
15022,0.019512395524591403,0.01055851299315691,19
9683,0.019526815100107342,0.01052147097652778,19
17737,0.019533745475775122,0.010562409006524831,19
6346,0.01952485231020929,0.010536309971939772,19
14608,0.019518095460769377,0.010559196991380304,19
12887,0.01950552263664768,0.010492412024177611,19
4156,0.019544213890759766,0.010498801013454795,19
4653,0.019506495213136077,0.010502427991013974,19
4170,0.019502534203255845,0.0106468930025585,19
14467,0.019510830884284684,0.010483487974852324,19
6328,0.019516162151519797,0.010629995027557015,19
17040,0.019524801887057134,0.010522341006435454,19
2968,0.019528989364564615,0.010610348952468485,19
6020,0.019559890108403602,0.010553180996794254,19
5407,0.019527075527309392,0.010547220008447766,19
17856,0.01952665099739342,0.010526717000175267,19
14310,0.019543677844156167,0.010596224979963154,19
8403,0.019515654369330917,0.010572051047347486,19
7468,0.019512612155123957,0.010435996984597296,19
11290,0.01951928495270151,0.010520384006667882,19
13822,0.01955941310274954,0.010529354971367866,19
1026,0.01954938904811187,0.010510084975976497,19
7138,0.019526069104597952,0.010478808952029794,19
16871,0.01954366763024346,0.010613996011670679,19
18044,0.01950834542022724,0.01049220800632611,19
14458,0.019520943478901723,0.010560665978118777,19
18886,0.019532707578036934,0.010667003982234746,19
12073,0.019510317321156004,0.010489128006156534,19
4049,0.01955648247262855,0.010489912005141377,19
18950,0.019490962786796063,0.010553437983617187,19
10881,0.019548319111651693,0.01063327502924949,19
17454,0.01953035510010331,0.010521929012611508,19
12669,0.019506635168861402,0.010525763034820557,19
16602,0.01954007357983899,0.010425387998111546,19
19636,0.01953687909132752,0.010541163966991007,19
18040,0.019511163207138645,0.010578097018878907,19
18214,0.019525511478269964,0.010534772009123117,19
10365,0.01949540957330579,0.01048884796909988,19
16238,0.019520242624965153,0.010521823016460985,19
16450,0.019509034418182348,0.010603746981360018,19
11579,0.01951876620602745,0.010475678951479495,19
9431,0.019505516111262534,0.010437934019137174,19
18265,0.019552952162676343,0.010566528013441712,19
11179,0.019522893159821825,0.010527386970352381,19
631,0.01954839804736701,0.010533927008509636,19
17547,0.019511813570524714,0.010429383022710681,19
18341,0.019544557150526855,0.010564748954493552,19
1119,0.01951891427099901,0.010544012009631842,19
2290,0.019514315730990155,0.010527654958423227,19
15616,0.01951147815347404,0.010554787004366517,19
12981,0.01950330057144655,0.01044353295583278,19
5489,0.019538865737175865,0.010576220985967666,19
11623,0.0195156328386235,0.010556842025835067,19
2184,0.019544742848282975,0.010504673002287745,19
3314,0.01951442568219806,0.01068393001332879,19
14903,0.019546541734598577,0.01063900301232934,19
12416,0.01950377884541491,0.010478804004378617,19
16246,0.019506912001433147,0.010559861024376005,19
274,0.019529330623826308,0.010533305001445115,19
11327,0.019513749640042845,0.01048181700753048,19
14732,0.019503496265602542,0.010540014016442,19
1804,0.01950060447224563,0.010492179018910974,19
6179,0.019502082790591214,0.010441517981234938,19
12163,0.01956358120323306,0.010587450000457466,19
11319,0.01951551846976049,0.010581689013633877,19
8886,0.019523072261730896,0.010542989009991288,19
6962,0.0195325277408732,0.01051641401136294,19
11423,0.0195348041107584,0.010512158973142505,19
18636,0.019543554364262444,0.010527873993851244,19
10512,0.01953213332269929,0.010495897033251822,19
1776,0.019528394362791197,0.010640869964845479,19
14807,0.019518138733569924,0.01051168201956898,19
12056,0.01954357520566861,0.010652868018951267,19
2701,0.01951965178044415,0.010596294945571572,19
9366,0.01952633110953397,0.010534567991271615,19
6562,0.019487292478228675,0.010560505033936352,19
14049,0.019505125838086793,0.010446264990605414,19
19108,0.019503036529242405,0.010535203968174756,19
6467,0.019486617793231027,0.01053555402904749,19
285,0.019505414155949103,0.010540694987867028,19
4269,0.019493403795518373,0.010584221046883613,19
4577,0.01953899342333898,0.010455176990944892,19
7661,0.019496912106038315,0.010465587954968214,19
11048,0.019624705686797632,0.010473336034920067,19
15108,0.01953045805413766,0.010579205001704395,19
6367,0.019530536784594387,0.010563660005573183,19
18556,0.019512277629569565,0.0106052560149692,19
549,0.0195364071619942,0.010524563025683165,19
15284,0.019538336589711866,0.010536578018218279,19
18524,0.019498841576645838,0.0106567979673855,19
17776,0.01950575273153127,0.0104317840305157,19
6682,0.019546417896268202,0.010570634040050209,19
14920,0.01950209020747264,0.010481015022378415,19
18066,0.01949938284049399,0.010464718972798437,19
5915,0.01949127047861877,0.01055319799343124,19
3023,0.01952365720889678,0.01053164602490142,19
19586,0.0195182258398027,0.010483665973879397,19
5195,0.019546236156633024,0.010576412023510784,19
18170,0.019502778108672875,0.01056292001157999,19
11237,0.01950388493959939,0.010527034988626838,19
12154,0.019542197056580335,0.010517660004552454,19
8647,0.019516025954783942,0.010469616972841322,19
10712,0.019457795160920603,0.010603073984384537,19
2067,0.019544774519377632,0.010584795963950455,19
13831,0.019581584584605145,0.010615097009576857,19
3169,0.019497182891140448,0.010542402975261211,19
18678,0.019562277627349096,0.010578677000012249,19
9464,0.019536334059299214,0.010537689027842134,19
17804,0.019493459105050487,0.010468121967278421,19
14443,0.019505432472980925,0.010437889955937862,19
18027,0.019494925107880447,0.010499658004846424,19
8619,0.01950526699779163,0.010552317020483315,19
13514,0.019549262483212117,0.010485758015420288,19
10411,0.019489864677828,0.010505976970307529,19
16214,0.019524358948202508,0.010551079991273582,19
8049,0.019568331796970023,0.010541171010117978,19
1358,0.019516117316303087,0.010515776986721903,19
6275,0.019512498377528237,0.01055857102619484,19
9442,0.019534700415342263,0.010435465956106782,19
3394,0.01952295022477445,0.010433330025989562,19
17655,0.019513108623581694,0.010651208984199911,19
2255,0.019523792207780246,0.010469503002241254,19
3502,0.01953650073540446,0.010449163964949548,19
5081,0.019520151428878307,0.010497996001504362,19
5584,0.01950066506335708,0.010349403019063175,19
6641,0.01950323268293256,0.010612581972964108,19
6290,0.019562257784663847,0.010416436998639256,19
9360,0.019513458797806187,0.010528063983656466,19
12032,0.019501919466021814,0.010656873986590654,19
10628,0.01946519726066311,0.01036510500125587,19
11402,0.01953440457950101,0.010430613008793443,19
5927,0.01950389415172762,0.010510899999644607,19
7932,0.019572782321024294,0.010622663015965372,19
16892,0.019501046167294447,0.01052179402904585,19
8272,0.019538763046607767,0.010359167004935443,19
15607,0.019507115728246344,0.010467033018358052,19
13818,0.019534903474299137,0.01052647497272119,19
5653,0.019574449468085443,0.010573474981356412,19
14781,0.019506860309966692,0.010404985980130732,19
6245,0.019506349430517538,0.010453725000843406,19
15593,0.01955217537531433,0.010500147007405758,19
5572,0.019507297792618995,0.010642693028785288,19
4318,0.019521464213826938,0.010639465996064246,19
49,0.01950621136194585,0.010495112044736743,19
9492,0.01951884316574586,0.010468590015079826,19
8171,0.019536745109546342,0.010403917985968292,19
6624,0.01964805089549995,0.010503605008125305,19
6631,0.019534232998634445,0.010502082004677504,19
4160,0.019557940994242306,0.010597450018394738,19
8653,0.019572570690223456,0.01061699801357463,19
7103,0.019581891795448763,0.010681806015782058,19
1303,0.019528775583143886,0.010470726992934942,19
18986,0.019582696001682626,0.010655745049007237,19
17336,0.019591217783990464,0.010565031960140914,19
16183,0.019657170681871082,0.01042282598791644,19
17141,0.01976368158112133,0.010433599003590643,19
9254,0.01974629384992448,0.010464983992278576,19
19313,0.019737376203441893,0.01049422804499045,19
6291,0.019807512623772613,0.010771702975034714,19
16051,0.019660500631863743,0.010593626007903367,19
15496,0.019855539155143657,0.010516138980165124,19
426,0.019959715207254414,0.010870792961213738,19
16824,0.019842311001603344,0.01082007004879415,19
9222,0.01987127915306605,0.010756869043689221,19
7660,0.019870759370908337,0.01082484400831163,19
16753,0.019913445533204236,0.010785882011987269,19
14316,0.01989591183251162,0.010755973984487355,19
4373,0.019847990108629393,0.010804343037307262,19
14250,0.01998773632313762,0.011018825985956937,19
15473,0.020023147005734866,0.011061307974159718,19
18673,0.019822325199033673,0.010656913975253701,19
8686,0.01988546842231268,0.010626176022924483,19
14260,0.019649121374210442,0.010625722003169358,19
17983,0.019754578209310574,0.010765238956082612,19
10538,0.019952455682581978,0.011023995000869036,19
19925,0.019621597520247298,0.01062905602157116,19
3958,0.019784950522558863,0.010658524988684803,19
6733,0.019735297111573777,0.010597943037282676,19
11429,0.02003884673314659,0.01082751399371773,19
15150,0.020012125164564503,0.010929220996331424,19
9660,0.019945343218033054,0.010726203036028892,19
54,0.020448611470208943,0.010877022985368967,19
8251,0.020152575627435,0.011071016022469848,19
18523,0.020370918163711105,0.010932884004432708,19
19969,0.020263743834986695,0.01093442999990657,19
14952,0.02036853842008369,0.011104670993518084,19
401,0.01999314478598535,0.01106154394801706,19
4989,0.019953507047734763,0.010758055956102908,19
13473,0.019989813739237815,0.010519509029109031,19
3077,0.020223066566119854,0.010858510970138013,19
5960,0.02057571101039158,0.01175792096182704,19
12799,0.020188477941127003,0.010956864047329873,19
19537,0.020010231359935318,0.010628013988025486,19
3429,0.02017648190284442,0.01115484704496339,19
14374,0.02011654752698776,0.0110078519792296,19
4438,0.02021627589802895,0.011038652970455587,19
18596,0.02016353957649124,0.010982117033563554,19
11082,0.020300183687236552,0.011136236018501222,19
1722,0.020190416106120927,0.011067523970268667,19
9231,0.02024732616203102,0.011087591003160924,19
664,0.020232288525317256,0.011104350967798382,19
16495,0.02020298968694222,0.01113560498924926,19
14922,0.01997392552316581,0.01091042801272124,19
13576,0.019866999477687244,0.010692120005842298,19
7344,0.01989013457817859,0.010751141991931945,19
18865,0.019888371786739873,0.010826868005096912,19
5809,0.019733079053510568,0.010701015999075025,19
18363,0.01964227989083156,0.010550956008955836,19
16788,0.019725461220858914,0.010671932017430663,19
4847,0.019618505578316552,0.010575197986327112,19
5566,0.019524451418730774,0.010482332028914243,19
16337,0.019573472685327654,0.01051216502673924,19
15208,0.019573619414586574,0.010472064022906125,19
12064,0.019552128159710646,0.010496597969904542,19
9676,0.019586139110431663,0.010484525002539158,19
8425,0.019560421740415654,0.010687873000279069,19
19279,0.01951284468247506,0.010524801968131214,19
7017,0.019561360694320972,0.010578865010757,19
7676,0.019576365799079405,0.010614923026878387,19
8238,0.019511417635888057,0.010560754977632314,19
10018,0.0195529948993537,0.010598501015920192,19
18275,0.01947277511077884,0.010406297980807722,19
608,0.019565959473287587,0.010489085980225354,19
4702,0.019554798111417575,0.010500774951651692,19
16950,0.019547695428819248,0.010528178012464195,19
19,0.019607611735792535,0.01058465795358643,19
16108,0.0195138132548891,0.010561599978245795,19
8715,0.019554798947769757,0.010681868996471167,19
7745,0.01955577263326727,0.01048469397937879,19
18162,0.019548860259084522,0.010527265025302768,19
10809,0.019539362159680183,0.010518896044231951,19
19188,0.019569703840381026,0.010554785025306046,19
3047,0.019529124096918263,0.010478580952621996,19
17065,0.019505677475152833,0.010371444979682565,19
2487,0.019546117425259007,0.010604179988149554,19
7808,0.019543832890983475,0.010564827010966837,19
14611,0.019542738954585633,0.01059927698224783,19
14439,0.019507442055711227,0.010535665031056851,19
14799,0.019553627527784556,0.010671943018678576,19
11379,0.019585639370090672,0.010598380002193153,19
14511,0.019522166945726463,0.010481895005796105,19
5143,0.019548876465322745,0.01046904199756682,19
15163,0.01950654179151905,0.01045899500604719,19
4140,0.01951722494988261,0.010560834954958409,19
3979,0.019547467267042713,0.01051892404211685,19
12385,0.01949943199533185,0.010533099004533142,19
8586,0.019528296619874277,0.010590201010927558,19
11213,0.01955705189366678,0.01046620903071016,19
13806,0.0195301799471245,0.010633158963173628,19
13205,0.01955345015678751,0.010567602002993226,19
12797,0.01957951067628241,0.010575759981293231,19
6541,0.01953802885193574,0.010444970044773072,19
2958,0.019546038792836236,0.010388388007413596,19
14626,0.01952545831323062,0.010426499007735401,19
7897,0.019538597050613088,0.010470150969922543,19
14253,0.019568788108268852,0.010580405010841787,19
6876,0.01956712463748102,0.010602372989524156,19
17966,0.019546532479580492,0.010617332009132951,19
19616,0.0195565941608756,0.010495070018805563,19
13133,0.019559375898863533,0.01049735100241378,19
14356,0.019529020842654926,0.010518705006688833,19
17318,0.019515996933669635,0.010550984006840736,19
12417,0.019546589376037253,0.010493821988347918,19
16488,0.01961551205941329,0.01055386703228578,19
11764,0.019671021001781093,0.01052607299061492,19
12753,0.01968410021723493,0.010544402990490198,19
1983,0.019758793574414756,0.010655135964043438,19
8409,0.01976262031760263,0.01063216500915587,19
18445,0.01978789052717682,0.010718272009398788,19
4115,0.019814207261477253,0.010652347991708666,19
4488,0.019823620261281337,0.010651073011104017,19
15541,0.019803738696378116,0.010742857994046062,19
6023,0.019857593419912615,0.010628574003931135,19
7793,0.019823218107615646,0.010693032993003726,19
657,0.019807665372929096,0.010582844028249383,19
13515,0.01990810010312615,0.01078445604071021,19
751,0.01987915573715183,0.010881432972382754,19
2081,0.019899913253826333,0.01080032397294417,19
12217,0.01991783588585493,0.010781156946904957,19
6061,0.019916180729571926,0.010739577992353588,19
3341,0.020003386531147714,0.010899033979512751,19
13037,0.02017179589816614,0.011283394997008145,19
843,0.02014948195152867,0.01108731800923124,19
12758,0.02030246478726009,0.011223912006244063,19
15287,0.020282944106790973,0.011122138006612659,19
13562,0.020192393408107915,0.01106565399095416,19
10678,0.020247205469977894,0.011049175984226167,19
15130,0.020194716472791408,0.011174859013408422,19
10838,0.020193361900869365,0.011052702029701322,19
19158,0.020284375108435358,0.011089531006291509,19
3511,0.020239857788271223,0.011033452989067882,19
17255,0.02034248294627392,0.011119981005322188,19
11771,0.020425246369804403,0.011232614982873201,19
553,0.02041286505195067,0.011114247958175838,19
19215,0.02036851279339508,0.011205006972886622,19
5883,0.0204452178839251,0.01117150898789987,19
12119,0.02043087890151104,0.011276962992269546,19
15839,0.020375249631653884,0.011140289017930627,19
11098,0.020455660473089665,0.011204558017197996,19
576,0.020479801791033855,0.011159388988744467,19
6874,0.020442338157935364,0.011149146012030542,19
4461,0.020448715426027775,0.011145729047711939,19
14785,0.020464573150476145,0.011208575975615531,19
47,0.020450250264012107,0.01119856903096661,19
6267,0.020400038629304618,0.011299307981971651,19
7578,0.020433950363535826,0.011288273031823337,19
8552,0.020462321209427165,0.011186763003934175,19
15298,0.02044780341614234,0.011310075991787016,19
4852,0.02044447205384801,0.011206772003788501,19
17389,0.02047273562914741,0.011245574976783246,19
1215,0.02052563921499409,0.01130309299333021,19
18319,0.020444280207524763,0.011254663986619562,19
1944,0.020485429528267367,0.011247349029872566,19
16432,0.020479627532614886,0.0112156139803119,19
1450,0.020482176170365785,0.01123383897356689,19
16747,0.020508162260643746,0.011263357009738684,19
5226,0.020498732420444293,0.011342260986566544,19
15174,0.020479600095361667,0.011257952952291816,19
5046,0.020532464001964974,0.011286113993264735,19
2403,0.02047911579230506,0.011277245008386672,19
10664,0.020473143955888718,0.011302714992780238,19
13858,0.02043124537388059,0.01127643696963787,19
10436,0.020488468847409087,0.011218436993658543,19
18244,0.020513451321197574,0.01119289203779772,19
14321,0.020504963268697458,0.011288514011539519,19
15778,0.020548909734076772,0.01135595201049,19
3704,0.020464002050606434,0.011184992967173457,19
2168,0.020476763519630032,0.011170361016411334,19
8786,0.020477328225847725,0.011205916991457343,19
9826,0.020435042523068228,0.01131036301376298,19
19245,0.020462017524742374,0.011210213007871062,19
6173,0.020505137787519122,0.011273475014604628,19
14086,0.020472530581939378,0.01128164102556184,19
10609,0.020495573481495836,0.01125800801673904,19
15412,0.020450684058136846,0.011259452032390982,19
12701,0.02042553721204106,0.011139373993501067,19
15157,0.02048873789240851,0.011196831008419394,19
1213,0.020503510788426195,0.011250300041865557,19
16925,0.020522424369119108,0.011232054966967553,19
6670,0.02043888804894921,0.011193185986485332,19
13022,0.02042902772939813,0.01122234296053648,19
17970,0.020454592059219356,0.011282340972684324,19
4874,0.020479988793867004,0.011193855025339872,19
5459,0.020448943370291472,0.011151570011861622,19
16062,0.020485771531974405,0.011244015011470765,19
3207,0.020521734053832723,0.011221271008253098,19
4930,0.020454548994740963,0.011307098960969597,19
3353,0.02043520164749536,0.011288847017567605,19
744,0.02050703246832678,0.011249268020037562,19
10327,0.020473380747716874,0.011235651036258787,19
5371,0.020462586366767555,0.011323639017064124,19
9626,0.020468952835807085,0.011137095978483558,19
18184,0.0204305514834184,0.011159708024933934,19
18136,0.02043716100314142,0.01121230301214382,19
17182,0.020439751633124326,0.011178818996995687,19
4445,0.020430706888682357,0.011230906005948782,19
4401,0.020474083308056976,0.011225671973079443,19
18733,0.0205118981600543,0.011251568037550896,19
3623,0.020498902000805463,0.011282104009296745,19
16635,0.020437916477308853,0.011131684004794806,19
729,0.020450078312454645,0.011102535005193204,19
4547,0.02055627137643138,0.01135284296469763,19
1640,0.020458160311375793,0.011205171002075076,19
14921,0.020493554466060902,0.011390083993319422,19
14099,0.020386143428224483,0.011245323054026812,19
12645,0.02049524473381768,0.011247408052440733,19
542,0.02048025077735809,0.011220861983019859,19
18280,0.020511029217710818,0.011245836038142443,19
12116,0.020508828208365134,0.011261957988608629,19
9003,0.020458704994158132,0.011254920973442495,19
146,0.02047526000043083,0.011251248011831194,19
3482,0.02048632663086449,0.011203586996998638,19
19846,0.02045009452481999,0.011191829980816692,19
241,0.020441696939279178,0.011171774007380009,19
7502,0.020455861951249016,0.011262040003202856,19
9808,0.020486076163299578,0.011224584945011884,19
18653,0.020483153740458778,0.01126869599102065,19
11188,0.020489160216560488,0.011245984002016485,19
10299,0.020449057000836258,0.011224060959648341,19
1952,0.020469151994850682,0.011250663024839014,19
5227,0.020468323898967355,0.01124558103037998,19
12060,0.020470803419716264,0.011196733976248652,19
1594,0.020480697946990596,0.011245820031035691,19
17352,0.020496066901710276,0.01135493500623852,19
3919,0.02052038404661672,0.011236638994887471,19
5460,0.020473178684417354,0.01116082799853757,19
9430,0.020467509739223476,0.011225116031710058,19
19540,0.02046115489639832,0.0112634600372985,19
14438,0.020494295997961768,0.011247248039580882,19
8822,0.020503704362597904,0.011181789974216372,19
13688,0.020497484475766357,0.0112180570140481,19
15843,0.020472630846167083,0.01125111902365461,19
2078,0.020450703732326235,0.011185045004822314,19
16121,0.020436757838500564,0.011185121024027467,19
9477,0.020439892737685067,0.011272445961367339,19
14284,0.020441524368882375,0.011266642017289996,19
7780,0.020448359997795994,0.011253345990553498,19
16491,0.020498720788102793,0.011297042015939951,19
0,0.020438501626669773,0.011306521017104387,19
6409,0.020466396995624036,0.011187162017449737,19
8760,0.02044173321184261,0.01125064998632297,19
10193,0.02045677326264252,0.011184871022123843,19
12354,0.020435921372968312,0.011250472976826131,19
2144,0.020516062470912737,0.011171507008839399,19
18278,0.02044572657599163,0.011261995998211205,19
7949,0.020446222097808987,0.01124400901608169,19
15756,0.020497899729219313,0.011230901989620179,19
13954,0.02042523779183332,0.0113184759975411,19
2066,0.020454508476081844,0.01113120699301362,19
13030,0.02047849731752649,0.011313297029118985,19
6891,0.020461522833150076,0.011207438015844673,19
3503,0.020451902997018278,0.011153826024383307,19
2271,0.020449954835624482,0.011196875013411045,19
7327,0.02044978527058112,0.011335728981066495,19
5468,0.020443166630636705,0.011214255006052554,19
3268,0.02043683948546746,0.01121745997807011,19
16057,0.02047097894644953,0.011243905988521874,19
6137,0.020483887202939706,0.011229737021494657,19
12053,0.020422383949871323,0.011177758977282792,19
5304,0.020446739836571443,0.011215834994800389,19
14418,0.020513391842158807,0.011270303977653384,19
19683,0.020455245899747274,0.011195405037142336,19
15315,0.020459928577398194,0.011251172982156277,19
8700,0.02048114678932746,0.011253674980252981,19
7221,0.020459200001297223,0.011237856990192086,19
6661,0.02043636721607886,0.011180802015587687,19
12239,0.02044250222388655,0.011222915025427938,19
4822,0.020423209573460843,0.011273370997514576,19
18349,0.020418892583907826,0.011237261001951993,19
6664,0.020494821894987438,0.011221521010156721,19
3421,0.02042528157318501,0.011252145981416106,19
9071,0.020482186898956763,0.011246931040659547,19
19625,0.020441330996905697,0.011264347995165735,19
19280,0.020472951153734403,0.01122737699188292,19
19324,0.02048690221272409,0.011190675955731422,19
4252,0.020543339843003963,0.011207155999727547,19
16427,0.020504960416522073,0.011310020054224879,19
17603,0.020506145153807376,0.011274879972916096,19
9338,0.020494058529086607,0.011258860991802067,19
12759,0.020460300888915203,0.011252587020862848,19
17485,0.020482199370714004,0.011309182038530707,19
16265,0.020457898992677463,0.011295955046080053,19
3993,0.020508992096629777,0.01129595102975145,19
6612,0.020475038955306734,0.011180986010003835,19
12649,0.02049068316792775,0.01125083799706772,19
8161,0.020466830532409643,0.011170155019499362,19
3656,0.020423934957331146,0.011331330053508282,19
6235,0.02048528610765444,0.01125267194584012,19
11648,0.020438382840151655,0.011272574018221349,19
6068,0.020443413587360595,0.011207778996322304,19
7301,0.020510950260550567,0.01125860499450937,19
7276,0.020439013826513763,0.011246131965890527,19
4720,0.020451537633657847,0.011226469010580331,19
1175,0.020484259627808473,0.011169731966219842,19
10519,0.020465045579169925,0.011231890006456524,19
14578,0.0204861205879991,0.011180314002558589,19
12606,0.020436848734358425,0.011129892023745924,19
14572,0.020449644052668622,0.011222325963899493,19
4885,0.020445157161080522,0.011297254008240998,19
4871,0.020511483059779397,0.011203223024494946,19
13973,0.020476589579821416,0.011121032002847642,19
19757,0.020499636474261552,0.011274303018581122,19
10557,0.020458623310428505,0.011202793975826353,19
8507,0.020429302209154947,0.011305823980364949,19
16655,0.020410020952112973,0.011187639029230922,19
14074,0.020478755532837425,0.011265309003647417,19
7286,0.02045062530822562,0.011241553991567343,19
16842,0.020459774311778967,0.011251627001911402,19
8374,0.020466204365029148,0.011138515954371542,19
8846,0.020494873852983705,0.011250033043324947,19
4767,0.020432097310396403,0.011291250993963331,19
13974,0.020467914319229556,0.011227197013795376,19
4605,0.020436363530614853,0.011226537986658514,19
8843,0.02043452178201589,0.01120020600501448,19
5379,0.020411668210535458,0.011272044968791306,19
1166,0.020490446324019057,0.01129595999373123,19
6586,0.02046422132192866,0.011354218993801624,19
7569,0.020471308003547357,0.01127119199372828,19
3857,0.020420193258599426,0.011206592025700957,19
9502,0.020470470049124407,0.011212306970264763,19
8158,0.02038080693761769,0.01121130195679143,19
6812,0.020416405787201303,0.011141280003357679,19
5852,0.020434244894300048,0.011189103999640793,19
1783,0.02039229573596171,0.01119142200332135,19
1413,0.020382792891101224,0.01116827898658812,19
1130,0.020416474830677833,0.011113384971395135,19
3277,0.020425148421628892,0.011112532985862345,19
8631,0.020420705103070327,0.011173302016686648,19
13619,0.02047346242225582,0.01119928399566561,19
13690,0.020470972785628157,0.011334277980495244,19
7998,0.020486713531059457,0.011233324010390788,19
18113,0.020432212739251554,0.011148081975989044,19
10510,0.020403405792373968,0.01118891901569441,19
1621,0.0204514664181165,0.011151456972584128,19
5128,0.020451441327551084,0.011190229037310928,19
9422,0.0203699584174166,0.011149116966407746,19
6934,0.020332117947921353,0.011226863018237054,19
13933,0.02044419690010775,0.011254468001425266,19
18064,0.020355469737152913,0.011262700951192528,19
7873,0.020413043103058283,0.011268634989392012,19
10560,0.02039093068359714,0.011135785025544465,19
5035,0.020404711577085483,0.011252754018642008,19
16197,0.02044546631728544,0.01113295799586922,19
8380,0.020448335899824376,0.011220729036722332,19
19413,0.02043229352229422,0.011275210010353476,19
13611,0.020395415372484803,0.01121375197544694,19
3910,0.02034035505187747,0.011179223016370088,19
11901,0.02034895383985713,0.011222750006709248,19
12539,0.02041297674326128,0.01119057898176834,19
9331,0.02030548131657078,0.01119886600645259,19
16096,0.020377722584127792,0.0112104780273512,19
9243,0.020368076000044023,0.011191594996489584,19
14739,0.02035459384052573,0.01121770398458466,19
5732,0.020354085209730425,0.011219556035939604,19
5026,0.020354330260919307,0.011136218032334,19
10154,0.02032859906198849,0.011175081017427146,19
16382,0.02035221604532317,0.011101205949671566,19
4400,0.020326508683961277,0.011149661964736879,19
17445,0.02031861347036044,0.011257398000452667,19
14679,0.020313242006140125,0.011159626999869943,19
15376,0.020287194430190874,0.011080202995799482,19
15894,0.020363842363861438,0.011130422994028777,19
9452,0.02033293510995511,0.011139105015899986,19
7685,0.02033017394377997,0.01107705500908196,19
12482,0.020430118632870482,0.011279134021606296,19
7115,0.02032639362886058,0.011001626960933208,19
9138,0.02042956431825204,0.0111166019923985,19
13153,0.020357759265033037,0.01112950500100851,19
9780,0.020342898588799136,0.01120358903426677,19
15893,0.020389298102695887,0.01108067500172183,19
19275,0.020334409264921163,0.011109995015431195,19
8785,0.020294838051899876,0.011100786970928311,19
8079,0.02033113400562127,0.011105774028692394,19
9394,0.02029835831030811,0.01110161398537457,19
14255,0.020329052628336574,0.01117444399278611,19
19628,0.02031455357791856,0.011152929975651205,19
17925,0.020284903051919843,0.011112834035884589,19
13298,0.020290350152400174,0.011176453961525112,19
5605,0.020295846570087105,0.011184236966073513,19
10869,0.020272669786783427,0.011092452972661704,19
7356,0.020310729509219527,0.011181547946762294,19
18004,0.02030783984503758,0.011184136965312064,19
7220,0.020240952781597644,0.01115331199252978,19
483,0.02026549941786614,0.011130032013170421,19
19134,0.020237438310256328,0.01110778603469953,19
1315,0.020229002840718942,0.011082276003435254,19
3015,0.0203247566241771,0.011145614029373974,19
13439,0.02025800425939164,0.011078410025220364,19
18575,0.020289425738155842,0.011160196037963033,19
9097,0.020299963950253044,0.011056440998800099,19
12769,0.02031841505269863,0.011139713984448463,19
9899,0.020247330944249898,0.011100068979430944,19
4226,0.02031497084413116,0.011159026995301247,19
18403,0.02026979421191898,0.011064654972869903,19
18675,0.020230016631294825,0.011021028971299529,19
16005,0.020212742475498664,0.011003079998772591,19
2485,0.02025932077882125,0.011121948948130012,19
18432,0.02023394811150961,0.011085649020969868,19
8665,0.02023673557529324,0.011011997004970908,19
19588,0.02021097678899471,0.011046789004467428,19
10215,0.020192414062636856,0.011082560988143086,19
907,0.020192560255772582,0.011093549022916704,19
1576,0.020215625834871867,0.011153280967846513,19
14175,0.02018126594454148,0.01106296997750178,19
14883,0.020242525944731346,0.011035409988835454,19
10360,0.02021955299852906,0.011102934018708766,19
1339,0.020176401153500927,0.011023397033568472,19
11720,0.020235114951470966,0.011053848953451961,19
15857,0.020243206998872523,0.011095885012764484,19
8685,0.020254633582417705,0.011071045999415219,19
5384,0.02026754352999361,0.011088835017289966,19
18832,0.02023473990113033,0.011096893984358758,19
6132,0.02023598479143785,0.011046950006857514,19
11160,0.020286694527481143,0.011175305990036577,19
1989,0.020252536838310527,0.011142500967253,19
14725,0.020275339263638382,0.011159460991621017,19
7061,0.020309200528764018,0.011133186984807253,19
16776,0.02027419678817846,0.011032224982045591,19
15792,0.020299984310680117,0.011197126004844904,19
16092,0.02028792984416022,0.011093912995420396,19
6872,0.020288517848760085,0.011131651001051068,19
15255,0.020234218268581714,0.011102430988103151,19
4985,0.020199655588887828,0.011070785054471344,19
14816,0.02027704325002177,0.011161805014126003,19
121,0.02025648195749933,0.011254673008807003,19
2609,0.020306617523984688,0.01110047596739605,19
15867,0.020263228684933365,0.011054789007175714,19
19511,0.020240187574496592,0.011073184025008231,19
15758,0.020311490050517023,0.011075149988755584,19
6218,0.020211845424982083,0.01107241801219061,19
7172,0.02024588131615402,0.011058667965698987,19
13457,0.020255313898240656,0.011047754029277712,19
953,0.020214141631425406,0.011119035014417022,19
16366,0.02025114177223785,0.011108201986644417,19
16691,0.020282630630964905,0.011167283984832466,19
4193,0.020265567735278683,0.011158048990182579,19
6698,0.02023367089905629,0.011049751017708331,19
15494,0.020262754044348474,0.011090971995145082,19
8157,0.020267478484464318,0.011097087000962347,19
4821,0.0202700479391129,0.01106051099486649,19
10325,0.020289450522365148,0.011130047962069511,19
11765,0.020281001205531585,0.01115876401308924,19
2540,0.020283952891508018,0.011086400947533548,19
5306,0.020273845694885637,0.011140555026941001,19
1270,0.020295413161971067,0.011199626023881137,19
5245,0.02026121832099498,0.011126490018796176,19
16290,0.020240880794038896,0.011128576006740332,19
1691,0.020270533945509477,0.011133123014587909,19
19668,0.020261557417382534,0.01110798300942406,19
18050,0.020244470576902752,0.01113186200382188,19
16160,0.020267311998299863,0.01108019903767854,19
2727,0.02028974199569539,0.011182827991433442,19
9601,0.020259955315850675,0.0111638120142743,19
18616,0.020302745997660646,0.011089784966316074,19
14431,0.020284628575226588,0.01122422597836703,19
13765,0.020324785884249172,0.011180383968167007,19
14068,0.020333272006705795,0.0111348339705728,19
2974,0.02025387237632745,0.011065363010857254,19
7369,0.020285079794886866,0.011110463994555175,19
7974,0.020279529835342577,0.011052482994273305,19
17184,0.020322971367644833,0.011265149980317801,19
2045,0.02032792973822277,0.011136317974887788,19
4977,0.020305307517685976,0.011146003962494433,19
7121,0.020249143475666642,0.011173581995535642,19
13631,0.020275070255401692,0.011192500009201467,19
15546,0.02035109601044831,0.011148631980177015,19
2736,0.020324962152364224,0.011154002975672483,19
17584,0.02030352495402392,0.01122157700592652,19
1208,0.020360465997854543,0.011172035010531545,19
17060,0.020310840636834894,0.011119597998913378,19
8327,0.020318025049116267,0.011143040959723294,19
6848,0.02026292769005522,0.011107145983260125,19
14636,0.020324012310562755,0.01118613500148058,19
10418,0.0203010784247645,0.011147139011882246,19
10599,0.02030178015794311,0.011227382987271994,19
15505,0.020280209988796788,0.011225204973015934,19
13068,0.020280672785654468,0.011162034003064036,19
1090,0.020343723467943307,0.01110062497900799,19
3120,0.020292365421099884,0.011135788983665407,19
12766,0.02024532099695582,0.011175993015058339,19
10480,0.020263814054870682,0.011078987969085574,19
11544,0.02025638426666295,0.011165332980453968,19
1533,0.02025937210266037,0.011118438036646694,19
8063,0.02028219231502398,0.011104062024969608,19
1411,0.020306854956097117,0.011175023042596877,19
9990,0.0203162466365795,0.011228055052924901,19
7921,0.020299386953028214,0.011084799014497548,19
3200,0.020348783101469866,0.011161473987158388,19
11050,0.02027793542028552,0.011329479049891233,19
2614,0.020325913691378542,0.011191958037670702,19
13719,0.020336488099450146,0.011160894995555282,19
16933,0.020265000850869047,0.011204504990018904,19
2546,0.020280923259346502,0.011104414996225387,19
12594,0.0202876190029967,0.011076767987105995,19
9737,0.020293893632601555,0.011153989005833864,19
16398,0.020318915163730515,0.011071435001213104,19
11545,0.020229582999538826,0.011119085014797747,19
2664,0.020302745948643668,0.0111192999756895,19
14301,0.02029265016684995,0.011110757011920214,19
13206,0.020234089577570558,0.011131462990306318,19
10268,0.02030764304493603,0.011122581025119871,19
1457,0.020288477094206763,0.011118712951429188,19
3588,0.020293914311638985,0.0110856179962866,19
7702,0.020281705417131122,0.011118224007077515,19
16354,0.0203327347867583,0.011134109983686358,19
5548,0.020260659202712736,0.011127504985779524,19
19721,0.02023280120614034,0.011112128966487944,19
6052,0.020262169428047185,0.011102340009529144,19
10696,0.020276769520837422,0.011113067041151226,19
13617,0.020248431409096445,0.011081510048825294,19
12042,0.020236124211039982,0.011083795980084687,19
17284,0.020238666421439695,0.011071853048633784,19
10532,0.020198442054128175,0.011159953020978719,19
18778,0.020152657047698374,0.011069330968894064,19
2950,0.020114493047769525,0.011003867024555802,19
7859,0.02015886268590724,0.011082758021075279,19
1393,0.02015721373639903,0.011068801977671683,19
13144,0.020144664308693456,0.010999864956829697,19
16931,0.020168891994552195,0.010972102987580001,19
12104,0.020134788043306845,0.010967510985210538,19
6847,0.020135356526895378,0.011107599013485014,19
7077,0.02016025237236662,0.011108730977866799,19
3014,0.02018755315619178,0.011097059003077447,19
17382,0.02019585399753659,0.011117830988951027,19
16632,0.020160883628322107,0.010989851027261466,19
12277,0.020114585790954726,0.011020994046702981,19
18633,0.020102244847772743,0.010962063039187342,19
16181,0.020127321519937954,0.011016781034413725,19
5642,0.020025830366648734,0.010911146004218608,19
13059,0.0200848720483727,0.010970762989018112,19
5112,0.020105652305861248,0.01095437299227342,19
13119,0.020065933214745632,0.011008055007550865,19
1767,0.02007568957847788,0.011029566987417638,19
7900,0.02004734151935401,0.010959218954667449,19
17267,0.020051165572735237,0.010937985964119434,19
19876,0.02006912984162275,0.010965845955070108,19
10624,0.020066296782859257,0.010902272013481706,19
10448,0.020047892041283807,0.010883183975238353,19
15491,0.020038804210918516,0.010934924008324742,19
15904,0.020012886367591198,0.010884088987950236,19
10579,0.01998611048207079,0.010994145995937288,19
17761,0.02001272689698166,0.010933760029729456,19
16368,0.020054121051400312,0.011005684966221452,19
19436,0.020109964409034307,0.011020196019671857,19
9707,0.020079646783415228,0.011052222980652004,19
5466,0.020086866258153396,0.01099587301723659,19
17921,0.02008109141790651,0.011047952983062714,19
16180,0.020089056321395266,0.011034082039259374,19
19518,0.020150633792294877,0.011032427020836622,19
17756,0.02016726905161417,0.011110598978120834,19
15303,0.02016060058284845,0.010998055979143828,19
17862,0.02013069448539203,0.011044227983802557,19
13108,0.020070315154857542,0.010923726949840784,19
4688,0.020100536370208782,0.010955025034490973,19
3984,0.02002144215542725,0.0109201290179044,19
19394,0.0200282946277998,0.010890071978792548,19
1002,0.020010142580998178,0.010993522999342531,19
1061,0.020056449311883433,0.010939460014924407,19
8621,0.020004633167685058,0.010948920040391386,19
14121,0.020007966527421223,0.010948246985208243,19
18034,0.020026819422032292,0.010848099016584456,19
13797,0.019995910106349345,0.010906432988122106,19
7139,0.020041189104392145,0.010948123002890497,19
5170,0.020034294835855497,0.010935326979961246,19
9693,0.020047863675771577,0.010958361031953245,19
13796,0.02000800331159936,0.010901237023063004,19
11644,0.020085237460750107,0.010993113974109292,19
4671,0.020023892630553364,0.010992561001330614,19
10786,0.019993528637937026,0.010912517958786339,19
4293,0.020058115205948093,0.011065715982113034,19
4165,0.02008856931321421,0.010975804005283862,19
15622,0.020004450049447387,0.010953205986879766,19
11830,0.02006893083882077,0.010935107944533229,19
10743,0.020083457847297388,0.011037054006010294,19
8929,0.020054776359374,0.01091414800612256,19
10429,0.020093384630806548,0.01090851699700579,19
2146,0.020047294365021548,0.010939161002170295,19
5734,0.02003043158727355,0.01098661299329251,19
19897,0.02007049873262938,0.010956917947623879,19
2662,0.02003933757690615,0.01088823500322178,19
14605,0.020055258107420645,0.011036537995096296,19
19278,0.02007355389650911,0.010969244001898915,19
19032,0.020042298413739588,0.010931570956017822,19
19407,0.02006065436197739,0.010924133996013552,19
8360,0.020063806309879414,0.01093457598472014,19
586,0.02003475152090878,0.011031367001123726,19
10105,0.020070885684904886,0.010958249040413648,19
17001,0.020077838167229568,0.010925642040092498,19
3194,0.020039457475496947,0.010942760040052235,19
17226,0.020061922841705382,0.01101869996637106,19
2953,0.020085769000855323,0.010907446034252644,19
2266,0.020055319734015746,0.01097662397660315,19
9444,0.02001481220787881,0.010881346999667585,19
6178,0.020039392310488773,0.010931506985798478,19
11304,0.02010332126672821,0.011027832981199026,19
11632,0.020079604527716965,0.01085962902288884,19
5532,0.020036675945831167,0.010923689987976104,19
11343,0.02009717599599083,0.011006687011104077,19
4509,0.020070253849936354,0.010973347001709044,19
9055,0.020059433143806496,0.011035972973331809,19
19552,0.02007919042003586,0.010978067992255092,19
4046,0.020124819001035864,0.01103587803663686,19
13141,0.020100840520554858,0.010956777026876807,19
1280,0.02011724704521169,0.010937288985587656,19
5217,0.020115532988902965,0.01102451200131327,19
14759,0.020057631898548846,0.011004264000803232,19
4921,0.020072752208522473,0.010899537010118365,19
9875,0.02009448046354871,0.010960599989630282,19
8603,0.02005904410830944,0.010980278952047229,19
10818,0.020075349327127793,0.010869947029277682,19
14214,0.020075967471041765,0.010956113983411342,19
13546,0.02008725406209889,0.011009344016201794,19
2638,0.02011658053379506,0.011016896984074265,19
3545,0.02012638031737879,0.011060664022807032,19
9666,0.020158849947620183,0.011066247010603547,19
15357,0.020178396530498407,0.011097974027507007,19
15256,0.020236277683196885,0.011126399971544743,19
5168,0.02023251041904778,0.011034491995815188,19
9498,0.020194284997782426,0.011018963996320963,19
14100,0.020226541784052785,0.011057420982979238,19
6332,0.02020895020962742,0.011115539993625134,19
11000,0.020245734265221183,0.011160460009705275,19
16612,0.02026318221377503,0.011100139003247023,19
18135,0.020319600528302163,0.011094454035628587,19
8875,0.020325144841703342,0.011113838001620024,19
2442,0.020335787953196193,0.011158448993228376,19
6074,0.020309302860895467,0.011178170971106738,19
13238,0.020341643110824453,0.01117745804367587,19
8103,0.020323644839472285,0.01116753596579656,19
14989,0.020327345042268893,0.011093945999164134,19
1570,0.020284292738468043,0.01116589002776891,19
1398,0.020293268626310715,0.011107371014077216,19
2281,0.020288471641068003,0.011109452054370195,19
8651,0.020266600467852856,0.011042536003515124,19
9246,0.02034290642232487,0.011110391991678625,19
17306,0.02031158941405776,0.011112281994428486,19
2021,0.020274976106041943,0.011062254954595119,19
18707,0.020310660628111737,0.011207576957531273,19
17132,0.02032829568365981,0.01118813903303817,19
3894,0.02031296341814787,0.011078701994847506,19
18741,0.020381683989207408,0.011207108967937529,19
16072,0.020318316847183986,0.011156409978866577,19
19633,0.020320601954345444,0.01120641699526459,19
4881,0.020300031887784013,0.011124770971946418,19
9975,0.020325556326976146,0.011137692956253886,19
2002,0.02032994089868704,0.011097425012849271,19
18668,0.020310094163409974,0.011125684017315507,19
2556,0.020315493999269643,0.011135659005958587,19
8814,0.020393855943295517,0.011179826979059726,19
2305,0.02027823763446098,0.011089342006016523,19
11266,0.02031324015574922,0.01117097696987912,19
13761,0.02031516358195069,0.011203347006812692,19
12549,0.020297060423457112,0.01109484297921881,19
18251,0.02028914158367307,0.011093336972407997,19
902,0.020307025314602805,0.011119249975308776,19
16085,0.02026966521148815,0.01113800099119544,19
7132,0.020282081218044225,0.011046136962249875,19
181,0.020338344418345707,0.01114811998559162,19
1063,0.02029769425586748,0.011080766969826072,19
7729,0.02035935010185073,0.011185309034772217,19
14474,0.02031737689149419,0.011174982006195933,19
11287,0.020362887853192853,0.01110131200402975,19
4772,0.020373653733833253,0.011165654985234141,19
1853,0.020360399733027935,0.011144669027999043,19
13166,0.02037865452554175,0.011228138988371938,19
9630,0.020310054888556663,0.011130393017083406,19
9687,0.020342111100418198,0.011116200010292232,19
16659,0.02033844852427903,0.011119731003418565,19
8908,0.020291095317684506,0.01108263898640871,19
5554,0.02032683500223548,0.011264746019151062,19
13642,0.020331883524225925,0.011069541040342301,19
8287,0.020303528425038644,0.011124683020170778,19
15028,0.020365127215259952,0.011150977981742471,19
17567,0.02034354025473524,0.01111701998161152,19
19401,0.020353117473668567,0.011129025020636618,19
18182,0.020367052681793115,0.011076185968704522,19
1926,0.020332860003691167,0.01104356796713546,19
7677,0.020334932478267308,0.011211513949092478,19
16671,0.02037506336713896,0.011066833976656199,19
16582,0.020392912053993267,0.011284189007710665,19
11752,0.0203442821021829,0.011113582004327327,19
9185,0.0203687928488331,0.011183860013261437,19
50,0.02040506585035473,0.011242966982536018,19
17127,0.020400387005218745,0.011198111984413117,19
14013,0.020374449000595825,0.011175176012329757,19
2497,0.020382971107641135,0.011259846040047705,19
12404,0.02039040932370546,0.011209637043066323,19
15854,0.020326403637514694,0.011187552998308092,19
9684,0.020337387891853916,0.011287286004517227,19
6956,0.020388029371755885,0.011126020981464535,19
11930,0.020331455318036637,0.011235474026761949,19
2458,0.02038727905662534,0.01113738096319139,19
15755,0.020397493741352503,0.01120063301641494,19
19935,0.02041286911116913,0.0111670580226928,19
8442,0.02037071443689791,0.011043237056583166,19
10413,0.02039761600194891,0.011250294977799058,19
5376,0.02039294064927258,0.01121383102145046,19
19695,0.02040449695624901,0.011164972034748644,19
6757,0.02036332036674905,0.011225780996028334,19
6215,0.02039945567958057,0.011137266992591321,19
3931,0.02031799021949011,0.011172970000188798,19
13953,0.020338148586329464,0.011243866989389062,19
11972,0.020369860898139643,0.01118500402662903,19
13112,0.020286467364425527,0.011157721979543567,19
9469,0.020390168481849526,0.01113013899885118,19
7401,0.020365431004105823,0.011103170982096344,19
8317,0.020334095415340637,0.011095269001089036,19
12029,0.02030540777885012,0.011084002966526896,19
1097,0.020312763949684603,0.011067309009376913,19
8359,0.02030620084903938,0.011159683053847402,19
9696,0.020340126626634675,0.011141178023535758,19
11869,0.020325301211989045,0.011184608039911836,19
3934,0.020338038206223007,0.01108463597483933,19
4068,0.02036227068655487,0.011177730979397893,19
11558,0.020377534582573725,0.011202156019862741,19
7275,0.020387911841297818,0.011165725998580456,19
205,0.020378236521010923,0.011132220970466733,19
9625,0.02032646251915905,0.011165963020175695,19
10671,0.02038259183571331,0.011190593999344856,19
5446,0.020332793634703483,0.011175905005075037,19
2086,0.020306300420902278,0.011103265976998955,19
3668,0.02029155231522102,0.01101653603836894,19
15201,0.02031947594859,0.011066483973991126,19
11491,0.02030920194719281,0.011219383974093944,19
18247,0.020343992430226582,0.01114840799709782,19
19299,0.020319400425681745,0.011137706984300166,19
6527,0.020375230738672576,0.011120217968709767,19
18734,0.02035837573317909,0.011093245993833989,19
19779,0.020361208632637403,0.011231406009756029,19
16970,0.020318390675942953,0.0110606899834238,19
4918,0.020337106004406354,0.011201955028809607,19
8242,0.02038900625867475,0.011130006983876228,19
10614,0.020343119900453052,0.011157925997395068,19
431,0.020362978372232693,0.011205019021872431,19
2533,0.020317304269778298,0.0111386280041188,19
2202,0.020357338258212333,0.011140151007566601,19
1572,0.020386174269094084,0.01127754698973149,19
8573,0.020333332793885155,0.011172397003974766,19
10423,0.020344810149828464,0.011117324989754707,19
16447,0.020343424730909693,0.01119549700524658,19
5268,0.020325573415519965,0.011186574993189424,19
1277,0.0202753189981817,0.011113245971500874,19
6677,0.020313024888501355,0.011140310030896217,19
16620,0.020362293166966226,0.011154237028677016,19
9526,0.02032712473239946,0.011121985036879778,19
13630,0.020333807256783507,0.01114102901192382,19
18489,0.02030321184276162,0.011126152006909251,19
10430,0.020330044373526777,0.01111774705350399,19
18792,0.02030466631741116,0.011162384005729109,19
14293,0.02033994872870512,0.011233458993956447,19
13316,0.020326220994128993,0.011129766993690282,19
19199,0.020335194954991732,0.011247566028032452,19
18462,0.020345740057037848,0.011148124991450459,19
7638,0.02036520958216371,0.011120378971099854,19
4730,0.020345329898287003,0.011094191984739155,19
19650,0.020321198261195893,0.01119151001330465,19
1372,0.020330025838982118,0.011153511004522443,19
884,0.020299682225174222,0.011175312043633312,19
11150,0.020340397105380697,0.011166027979925275,19
1039,0.020273161310653546,0.011204720009118319,19
14271,0.020280806847088235,0.011178288026712835,19
1470,0.020295439153223446,0.011166882992256433,19
4504,0.020293332890631927,0.011183094989974052,19
293,0.020308057106663717,0.011107092024758458,19
2445,0.020326776987578916,0.011201104964129627,19
12558,0.020283062259151944,0.011041609977837652,19
12503,0.0203799916841825,0.01123567100148648,19
12522,0.020393373619299382,0.011158175009768456,19
10791,0.020417579786704953,0.011170408979523927,19
9740,0.020374367834608022,0.011098106973804533,19
16893,0.020388690261537896,0.011182229034602642,19
12198,0.020375480372948868,0.011187413998413831,19
16978,0.02036822052966607,0.011188520991709083,19
2095,0.020319398201536387,0.01123407599516213,19
18257,0.02035215694616598,0.011207002971787006,19
6143,0.020331247366572682,0.011204201960936189,19
7026,0.02035813721350247,0.011201098968740553,19
3477,0.020313420887472795,0.011107276019174606,19
5921,0.02035487436162504,0.011147009034175426,19
1194,0.020324601421108174,0.011185432027559727,19
2636,0.02032861273466168,0.011260621948167682,19
1010,0.020309600948454125,0.01111541799036786,19
10653,0.020358715004189627,0.01114690100075677,19
3652,0.020282181059500498,0.011097249982412905,19
19970,0.020296409419786773,0.011145694996230304,19
13781,0.02029271936350453,0.011079784948378801,19
3433,0.02034522905810981,0.011246911017224193,19
6544,0.020352977952968917,0.011216055019758642,19
11311,0.020282797582790647,0.011097620008513331,19
7930,0.020293566796585526,0.011184617003891617,19
8773,0.020302954316751932,0.01110840099863708,19
16811,0.02031989505600282,0.011140974005684257,19
5385,0.020347851518492558,0.011119208997115493,19
6712,0.020326724211611833,0.011283839005045593,19
10926,0.020265568479724032,0.011255337041802704,19
900,0.020299542269448898,0.011089279025327414,19
13413,0.020321498891510265,0.011058306030463427,19
934,0.020360266532454836,0.011212226992938668,19
6366,0.020360076269992675,0.011407916026655585,19
13775,0.020387288841639498,0.011223811015952379,19
18580,0.02036161452997476,0.0111914380104281,19
11759,0.020416457892248507,0.011146780045237392,19
10373,0.02033023242103426,0.011123619973659515,19
5576,0.02029762931449927,0.011129365011584014,19
18336,0.020326263105839883,0.011213076009880751,19
3302,0.020293650422612892,0.011113660992123187,19
1343,0.020290379044844917,0.011125267948955297,19
16897,0.020321693991335404,0.011226086993701756,19
359,0.020306721057032087,0.011116180976387113,19
7918,0.02033287704934513,0.011236149992328137,19
10908,0.02038710362486247,0.011224524001590908,19
18394,0.02040875295030051,0.011285382031928748,19
16968,0.020389590730988665,0.011209383956156671,19
959,0.020345267790712808,0.011175656982231885,19
10277,0.02029774119881423,0.011061683995649219,19
1148,0.0202804520530136,0.011061728990171105,19
2954,0.020275422574118955,0.011132527026347816,19
5186,0.02027428030698119,0.011140967952087522,19
2051,0.02023834073732264,0.011069530970416963,19
19272,0.02027492006431873,0.011075464019086212,19
2054,0.020363531213278246,0.011125951015856117,19
11216,0.02029875157964661,0.011176851985510439,19
2501,0.020286275530356522,0.011086051003076136,19
12457,0.020263154794903177,0.011164533032570034,19
9072,0.020311738370525603,0.01120609900681302,19
9934,0.020286722531493166,0.011099116003606468,19
13453,0.020287473738119986,0.01117349899141118,19
10220,0.020267724571136857,0.011066661041695625,19
2323,0.020240131422485177,0.011061601981054991,19
222,0.020312565155204777,0.011111403000541031,19
18308,0.02031894010418144,0.011152832012157887,19
18194,0.020350455523983232,0.011097277980297804,19
5859,0.02037157621050842,0.011185750016011298,19
4338,0.020333924217419207,0.011160958034452051,19
8489,0.020304580157818764,0.011053646972868592,19
3156,0.020315702578763625,0.011126579018309712,19
668,0.02035703300498426,0.011217106017284095,19
15944,0.020309095368965677,0.011079969990532845,19
10644,0.020282241537260187,0.011142617964651436,19
13597,0.020337598422836316,0.011155826970934868,19
10679,0.020237652842249525,0.011066865990869701,19
14931,0.020244156693623058,0.01107810897519812,19
19329,0.020233651255502513,0.011064057995099574,19
12066,0.020259504374974455,0.011033106013201177,19
19241,0.020294385306586168,0.011188390024472028,19
14493,0.02028684467567425,0.011224696005228907,19
3608,0.020237554633671318,0.011073599976953119,19
19011,0.02029086431905039,0.011165748990606517,19
7811,0.02021687658577177,0.011082470009569079,19
17511,0.020228772586530174,0.011057160038035363,19
12461,0.02023463657946865,0.011141269991640002,19
10201,0.02021439341325803,0.011113954009488225,19
3843,0.020173021625898974,0.011048827960621566,19
14647,0.020160380407775704,0.011078046984039247,19
8147,0.020209964894763146,0.011059192009270191,19
4691,0.020230552941364676,0.011025021027307957,19
5297,0.0201871377311794,0.011064648977480829,19
17387,0.02021451779690228,0.01118302799295634,19
15864,0.020203238634980823,0.010996025986969471,19
15749,0.020226894586812705,0.011062064964789897,19
7176,0.020241415737760497,0.011141345021314919,19
15043,0.02022609747578635,0.011048501008190215,19
5763,0.02020248620599312,0.010997573030181229,19
9144,0.02016448447983222,0.011009715031832457,19
13460,0.020209282998142664,0.011050944973248988,19
13747,0.02020634726106532,0.011078788957092911,19
1056,0.020236794119945875,0.011180497007444501,19
9722,0.020217975947736323,0.011088744038715959,19
12166,0.020200394152197987,0.01106966397492215,19
6515,0.02019317231851777,0.011132062994875014,19
2394,0.020218347986596392,0.01104975095950067,19
459,0.02022535053057302,0.011009578010998666,19
17820,0.02016205942307256,0.011071164044551551,19
10445,0.02018944257992859,0.011111326981335878,19
14185,0.02025951431623023,0.011049989028833807,19
9375,0.020284831618865656,0.011110426974482834,19
18747,0.020280885427430468,0.011134548054542392,19
12663,0.020290831367387192,0.011177886975929141,19
12877,0.020248749057492733,0.011101149022579193,19
16058,0.0201969460620986,0.011084954021498561,19
5160,0.02018544294773356,0.011009333014953882,19
9357,0.020216261104092394,0.01104605698492378,19
4528,0.02018534083924207,0.010965577966999263,19
2157,0.0201870181634532,0.011042779020499438,19
12545,0.020248418523758454,0.011141912022139877,19
10286,0.020280319572377362,0.011110741004813462,19
9253,0.02023762257120229,0.011025813000742346,19
6164,0.02025719336234033,0.011097492999397218,19
3537,0.020204896793553705,0.011053306981921196,19
12138,0.02020552810771685,0.011068104999139905,19
4339,0.020173406838071777,0.011043548001907766,19
16162,0.02020667821144391,0.01107160997344181,19
5888,0.020228119478193356,0.011055604030843824,19
13437,0.020201259798149726,0.011040975048672408,19
13724,0.020160089893340085,0.010951568954624236,19
2746,0.020139294477351206,0.011033167014829814,19
6153,0.020240377104767646,0.011136488988995552,19
15367,0.020234425255023922,0.010990906972438097,19
102,0.020211370576075034,0.011062101984862238,19
5685,0.020145455525428253,0.0110190529958345,19
1661,0.02012014153143881,0.011083701974712312,19
14650,0.02015190389264669,0.011014441028237343,19
2684,0.020153083363670464,0.010998164012562484,19
9412,0.020243819901033452,0.011043608014006168,19
7341,0.02024587588752375,0.011137454013805836,19
14525,0.020249457052590226,0.011063038022257388,19
19722,0.020250746364533705,0.011094608984421939,19
11716,0.020266312100973568,0.011087763996329159,19
15154,0.020189128111508723,0.011021092999726534,19
1694,0.020126086831288904,0.011032897979021072,19
9199,0.020225611996322283,0.010953568969853222,19
1065,0.020241294999753957,0.011082451965194196,19
7305,0.02014027121721914,0.0110738460207358,19
12809,0.020233322844816076,0.011138644011225551,19
11731,0.02021235347676434,0.011070596054196358,19
16607,0.020176811640052812,0.011006871005520225,19
18519,0.02022004558545488,0.01111963699804619,19
15350,0.02022832411182064,0.011090842017438263,19
5250,0.020219980631832425,0.011063963989727199,19
3479,0.020205294210953934,0.011041107005439699,19
5749,0.020210371622325557,0.010999460006132722,19
17740,0.020236873110805294,0.011131788021884859,19
720,0.02022562999780731,0.01112631696742028,19
3965,0.02025823758633219,0.011133012012578547,19
34,0.02023535315560079,0.011036420008167624,19
11562,0.020225850957151698,0.01106031599920243,19
13175,0.020189066680981534,0.010998873971402645,19
2358,0.020234905903252137,0.011068132007494569,19
11711,0.02017860263769858,0.011108888022135943,19
15159,0.02024195736617242,0.011119972972664982,19
8980,0.020229776634981756,0.010997303994372487,19
2893,0.020230685532289117,0.011049997003283352,19
2608,0.020197530693717693,0.011114233057014644,19
6292,0.020218177376878692,0.011082025012001395,19
937,0.020264261680973793,0.011053277994506061,19
396,0.020238446206540653,0.011073763947933912,19
14540,0.020247845628641938,0.011095082969404757,19
17233,0.020189567842814875,0.011163188959471881,19
17416,0.02022101015379456,0.011097572976723313,19
15136,0.020253858991629004,0.01107793697156012,19
12531,0.020266656209347082,0.011084146972279996,19
2134,0.0202507659988968,0.011053834983613342,19
11651,0.020284274531724423,0.011123117990791798,19
15292,0.020274990627321562,0.011115333007182926,19
15364,0.020261178004530894,0.011038960015866905,19
7113,0.020265673422009536,0.011122586962301284,19
15396,0.02026679884262481,0.011055827024392784,19
10780,0.020216173213587974,0.01108016399666667,19
18839,0.020221491160459425,0.01108250702964142,19
3119,0.020260743894859365,0.011103966971859336,19
13720,0.020238474985633633,0.011066425999160856,19
5282,0.020259666054411547,0.01105915498919785,19
1210,0.020279293696052934,0.011134708998724818,19
4104,0.02028676532025106,0.011086405953392386,19
17265,0.020291253323911837,0.011098766000941396,19
19948,0.020239618628310335,0.01111683901399374,19
1085,0.02025010074047666,0.011227579961996526,19
7888,0.020264540884741826,0.011020840960554779,19
8950,0.020270676002837718,0.011150112957693636,19
7591,0.020270068949014928,0.011091169028077275,19
6383,0.02025733652867769,0.011152538994792849,19
19697,0.02023449143100726,0.011033156013581902,19
10279,0.020230218740547763,0.011074279027525336,19
12059,0.020240155572537333,0.011016780976206064,19
10384,0.020290114417500598,0.011138968984596431,19
10829,0.020230370736068214,0.011158939974848181,19
17595,0.020254299157960832,0.01114786701509729,19
10319,0.020247638268445275,0.011111525003798306,19
9209,0.020284199269218862,0.011120790964923799,19
3379,0.02018613352954976,0.011063912999816239,19
2635,0.020247184322215617,0.011168172000907362,19
10479,0.020228927317810685,0.011083147954195738,19
1458,0.020196995370114518,0.011023450992070138,19
7922,0.0202165195736789,0.011066892999224365,19
1318,0.02021390127054857,0.011090358020737767,19
1769,0.020210036318626647,0.011167396965902299,19
13023,0.02021062410265011,0.011104241013526917,19
10569,0.02024413662423429,0.011192256002686918,19
11698,0.020264399207295163,0.011128324025776237,19
9004,0.020283991792606877,0.011138633999507874,19
8474,0.020271057048567423,0.011042008001822978,19
2583,0.020248715321557892,0.011093134002294391,19
11827,0.020296297685586308,0.011133394029457122,19
3609,0.020214763745714567,0.0110504130134359,19
3334,0.02021614837117101,0.011080980009865016,19
16256,0.020210820467725984,0.011075170012190938,19
3562,0.02023432958307431,0.011130544997286052,19
16316,0.020237063841992302,0.011084394995123148,19
1475,0.020290207485423276,0.011119502014480531,19
130,0.020243999894438803,0.011082612036261708,19
9161,0.02026679405734237,0.01119295897660777,19
12711,0.02024571958769995,0.011143636016640812,19
5760,0.02024282036520737,0.011187138967216015,19
15625,0.02025419373163267,0.011134484026115388,19
12110,0.020303967623285166,0.011201990011613816,19
15574,0.020278743164932455,0.011143020004965365,19
13164,0.02029591852701024,0.011126287980005145,19
2751,0.020283523423131555,0.011237447033636272,19
5106,0.020258315422229077,0.011116270965430886,19
9237,0.020303715265503054,0.011068166000768542,19
6779,0.020287002642075287,0.01113132998580113,19
7178,0.020288334987861544,0.011128277983516455,19
1825,0.02026590452480473,0.011182518035639077,19
15972,0.02028617416018326,0.011120637995190918,19
9315,0.020266822049100148,0.011049004970118403,19
4010,0.020258289593345438,0.011081579024903476,19
339,0.020233592946744084,0.011101845011580735,19
13754,0.020250948893494512,0.01109289302257821,19
4417,0.020270005517982338,0.011066326987929642,19
11320,0.020316576894593277,0.01118619495537132,19
15720,0.02028593020268569,0.01119635603390634,19
14244,0.02025186126488016,0.011147943034302443,19
14720,0.020260439318678294,0.011042858997825533,19
8138,0.02024298795119026,0.01109883701428771,19
4128,0.020252131627210856,0.011072840017732233,19
6741,0.020186152584899805,0.011026419000700116,19
17668,0.020232803059594805,0.011114972992800176,19
15462,0.020255737527469665,0.011113140033558011,19
2216,0.020176662049427824,0.01095793698914349,19
9000,0.020235322887617115,0.011161485977936536,19
2995,0.020194881421048194,0.01102079899283126,19
15120,0.020255316315390366,0.011026312015019357,19
12429,0.020165826154162028,0.011002258979715407,19
19061,0.020207863316356548,0.011058603995479643,19
11114,0.02016749995834145,0.010974366043228656,19
6503,0.020175006369275873,0.0111391989630647,19
19202,0.02017545552409597,0.01100797503022477,19
12334,0.02017982721353244,0.011024400999303907,19
9451,0.0201570246840435,0.01100003399187699,19
5083,0.020165726107447164,0.010975993005558848,19
12314,0.020180332532618195,0.011064152990002185,19
8478,0.02017882357559804,0.011082057957537472,19
15956,0.020190563996469502,0.01106791797792539,19
16231,0.020184219107154365,0.011077183007728308,19
9624,0.020229575208902947,0.011099598952569067,19
655,0.020241677794777053,0.011071428016293794,19
18963,0.02021717200496871,0.011109090002719313,19
15418,0.020213083311988924,0.011092334985733032,19
2589,0.020175827685498485,0.011096613015979528,19
15402,0.020181709526743936,0.011099562980234623,19
5980,0.02010977273120692,0.011049036984331906,19
7826,0.020193802955633913,0.011013149050995708,19
3350,0.020191226105548833,0.011051266978029162,19
11733,0.02022115426064518,0.011121276998892426,19
8416,0.020254499514856816,0.011124117998406291,19
6087,0.020174513626108437,0.01110922999214381,19
3223,0.020137388681943872,0.011046650994103402,19
12883,0.02018960495479405,0.011037531949114054,19
12335,0.02013834283723937,0.011030850990209728,19
8365,0.020184942732540595,0.011081853008363396,19
11078,0.020171186316905444,0.011056122020818293,19
3615,0.020206040111492928,0.011133463005535305,19
17785,0.020193312323260073,0.011078559036832303,19
449,0.02016781995036198,0.011031034984625876,19
14861,0.02015853821189682,0.011049291992094368,19
10044,0.020205183840038155,0.011038195982109755,19
11418,0.020203254841219046,0.011138480971567333,19
15618,0.020163062056158913,0.01103844802128151,19
6407,0.020195488419726883,0.011036385025363415,19
8696,0.02019065605341702,0.011051020002923906,19
19474,0.020172788164161733,0.011066030012443662,19
11076,0.020175933102635962,0.011070643027778715,19
5815,0.02020017105142439,0.011002826038748026,19
535,0.02018347189234766,0.011033851013053209,19
9234,0.020179454632422055,0.011083805991802365,19
14620,0.020205209632159063,0.010934552003163844,19
5426,0.02019743473992046,0.011006594984792173,19
11020,0.02019285274314155,0.011069929983932525,19
2425,0.020229912525361504,0.011096563015598804,19
1836,0.02014751841412171,0.011092445987742394,19
10354,0.02016206711261092,0.011072886001784354,19
4742,0.020176283417784265,0.010986245993990451,19
10463,0.020172413119948225,0.01105322502553463,19
7463,0.020180276784996846,0.011178840999491513,19
17298,0.020155500792162984,0.011076710012275726,19
3463,0.020143093942591037,0.0109986939933151,19
14634,0.02017292889803158,0.010992892959620804,19
2680,0.020148603784802713,0.01104246499016881,19
10119,0.02019541852764393,0.011072494962718338,19
6373,0.020162014162020857,0.01100703899282962,19
1890,0.02020767767987165,0.011090838990639895,19
1038,0.020195737729265698,0.011055707989726216,19
17604,0.020239476148210662,0.011113915999885648,19
12557,0.02028421000700052,0.011140912014525384,19
4073,0.020213663734275064,0.011035664996597916,19
7442,0.020268396842048356,0.011041269986890256,19
9999,0.020269708790644807,0.011135341017507017,19
1870,0.02023536331743296,0.011141956027131528,19
15196,0.020273260208532998,0.011166448006406426,19
