"sim_idx","method","pred_beta","pred_R0","true_beta","true_R0","smape","mae","pearson_r","err_beta_pct","err_R0_pct","time_sec","n_model_runs"
6,"BiLSTM",0.466480940580368,2.33377909660339,0.5486803,2.4661314,21.1090022408363,1.70467032967033,0.991519356377733,14.9812849886595,5.36679851676219,NA,500
6,"ABC",1.24335766277122,5.58846993311238,0.5486803,2.4661314,34.4392231671653,4.34752747252747,0.961063166212381,126.60876703086,126.608765985153,40.16,500
6,"ABC-SMC",2.01504644873631,9.05694863977345,0.5486803,2.4661314,39.9459106097583,5.81593406593407,0.932071269588558,267.253289162434,267.25328746771,28.529,500
6,"NelderMead",10.0005,44.9488471736499,0.5486803,2.4661314,45.4188837622837,7.58241758241758,0.86924707978169,1722.64608370302,1722.64607529225,12.417,500
6,"DE",0.536794696706928,2.41270964310839,0.5486803,2.4661314,21.2704880464871,1.45467032967033,0.991297136275423,2.16621651863065,2.16621697009369,31.136,500
19,"BiLSTM",0.387422561645508,1.74667572975159,0.33168313,1.5862021,35.3321403830193,2.46016483516484,0.981837576520335,16.8050246165694,10.1168463811507,NA,500
19,"ABC",0.317183676176361,1.51686166105742,0.33168313,1.5862021,29.4534247850349,1.91346153846154,0.983256528401269,4.37147762795136,4.37147567403784,48.188,500
19,"ABC-SMC",1.25316308034627,5.99297875144418,0.33168313,1.5862021,80.9286132723546,11.4450549450549,0.834291064561435,277.81936040771,277.81936812744,38.449,500
19,"NelderMead",10.0005,47.8252072246311,0.33168313,1.5862021,91.2954391862143,15.0343406593407,0.681069637616233,2915.07646771182,2915.07652931686,16.201,500
19,"DE",0.360166945011307,1.72241975707495,0.33168313,1.5862021,32.823662863339,2.01785714285714,0.983124177691994,8.58765865219236,8.58766087089121,61.011,500
218,"BiLSTM",0.907593607902527,4.48253440856934,0.95965236,4.3959727,5.85345408469167,1.03983516483516,0.996796922603871,5.42475111481757,1.96911387937728,NA,500
218,"ABC",0.972684432495703,4.45567019329592,0.95965236,4.3959727,7.48939061713897,1.44093406593407,0.994403204866548,1.35799931713849,1.35800418632986,33.089,500
218,"ABC-SMC",1.34075848865793,6.1417428250534,0.95965236,4.3959727,17.7473504547637,6.30494505494505,0.915431599831796,39.7129361155252,39.71294282727,23.288,500
218,"NelderMead",10.0005,45.8102631022139,0.95965236,4.3959727,28.8107364324859,17.8104395604396,0.366613109159375,942.096119057114,942.096169118929,9.336,500
218,"DE",0.90359930837784,4.13920524531447,0.95965236,4.3959727,6.41060284290494,1.03571428571429,0.996742952408089,5.84097470694078,5.84097018358477,21.608,500
274,"BiLSTM",0.267545133829117,2.16058564186096,0.27680475,2.3088672,19.6930356658398,1.90796703296703,0.990689235042864,3.34517965131854,6.42226448273153,NA,500
274,"ABC",0.291542486230431,2.43179688046704,0.27680475,2.3088672,16.1746410940575,2.00824175824176,0.989830817792254,5.32423530681147,5.3242421420792,48.594,500
274,"ABC-SMC",2.14245316890978,17.8705031985753,0.27680475,2.3088672,75.3382094998735,20.0673076923077,0.545915337446453,673.994365671029,673.994415901241,40.038,500
274,"NelderMead",10.0005,83.4155769800533,0.27680475,2.3088672,77.9536719885765,22.1895604395604,0.435219402492657,3512.83540112661,3512.83563559019,18.128,500
274,"DE",0.293370843596729,2.4470474664013,0.27680475,2.3088672,16.5521399227066,2.05906593406593,0.989615989272045,5.98475770257888,5.9847645807128,54.548,500
285,"BiLSTM",0.738605678081512,4.2064995765686,0.75713855,4.4793363,7.83228795961324,1.12362637362637,0.995740577720472,2.44775172502939,6.09100780022693,NA,500
285,"ABC",4.1503278871047,24.5539136325734,0.75713855,4.4793363,19.7947236332784,6.35714285714286,0.909204166161615,448.159631695507,448.159637680551,41.308,500
285,"ABC-SMC",1.73860891577145,10.2858507375558,0.75713855,4.4793363,16.3932165737136,4.31868131868132,0.961586213405402,129.628898934211,129.628901441398,27.654,500
285,"NelderMead",10.0005,59.1643407369071,0.75713855,4.4793363,21.1236041000641,7.35302197802198,0.869460373659244,1220.82826848534,1220.82828290671,11.356,500
285,"DE",0.741743853662399,4.38825919679903,0.75713855,4.4793363,8.2836111831873,1.15521978021978,0.99557943560241,2.03327334707775,2.03327227743467,25.073,500
323,"BiLSTM",0.368765860795975,3.47444772720337,0.40295416,3.9455984,13.0999511329454,2.61401098901099,0.993973647056524,8.4844140097785,11.9411715291813,NA,500
323,"ABC",0.409394500591906,4.00865996346436,0.40295416,3.9455984,13.5499931030064,2.14423076923077,0.995634110927638,1.59828120198729,1.59827628337342,69.587,500
323,"ABC-SMC",1.44939974341993,14.1920585501335,0.40295416,3.9455984,43.1617317765764,19.032967032967,0.77642250021419,259.693455806468,259.693438392855,55.039,500
323,"NelderMead",10.0005,97.9216963263183,0.40295416,3.9455984,49.2452703895447,26.353021978022,0.562291916555823,2381.79594423346,2381.79582408383,23.363,500
323,"DE",0.38850495010137,3.80411616870134,0.40295416,3.9455984,13.313994190685,2.10576923076923,0.995504185554436,3.58581976139176,3.58582442903102,61.198,500
359,"BiLSTM",0.999798357486725,4.69317293167114,0.86728495,4.0366483,11.9743091455776,2.44505494505495,0.993951283475373,15.2791083814754,16.2641028615533,NA,500
359,"ABC",1.36413917861536,6.3491821357054,0.86728495,4.0366483,19.735773933186,5.6717032967033,0.971251795652813,57.2884642602592,57.2884646825783,61.264,500
359,"ABC-SMC",1.82207259415153,8.48056484712054,0.86728495,4.0366483,24.024009004916,8.26785714285714,0.937071448720116,110.089266987918,110.089267552007,37.067,500
359,"NelderMead",10.0005,46.5458341373724,0.86728495,4.0366483,31.3119163156875,15.4423076923077,0.766101137043022,1053.08123356689,1053.08123666291,16.137,500
359,"DE",0.836463133619784,3.89319276831091,0.86728495,4.0366483,8.48532748494948,1.4739010989011,0.997001052789664,3.55382811384145,3.5538278548837,38.061,500
409,"BiLSTM",0.375096470117569,1.97103643417358,0.21480735,1.1275607,55.7272348506526,5.34615384615385,0.951535841691422,74.6199420632343,74.8053505388742,NA,500
409,"ABC",0.198750721415522,1.04327675486267,0.21480735,1.1275607,43.7489482081528,1.80494505494505,0.981241478683446,7.47489719717582,7.47489205125056,46.225,500
409,"ABC-SMC",1.48697794032581,7.80540321608279,0.21480735,1.1275607,95.3682700167128,11.6964285714286,0.853834893128548,592.237924040219,592.237962540091,39.496,500
409,"NelderMead",10.0005,52.4943462478891,0.21480735,1.1275607,101.430016353652,13.1126373626374,0.812202605638333,4555.56695336542,4555.56721229191,16.688,500
409,"DE",0.212487093719228,1.11538133802358,0.21480735,1.1275607,40.3621328027195,1.60164835164835,0.98233281420694,1.08015683856791,1.08015133698938,72.624,500
431,"BiLSTM",0.232032418251038,1.74065709114075,0.24728762,1.9948326,49.9801253613647,3.99862637362637,0.942325722754179,6.16901151337961,12.7416961633399,NA,500
431,"ABC",0.308272899638718,2.48679193820338,0.24728762,1.9948326,66.1660321277595,6.80769230769231,0.898878795809905,24.6616792376092,24.6616853064953,57.331,500
431,"ABC-SMC",1.07702240936856,8.68818066077488,0.24728762,1.9948326,135.563305443203,25.1057692307692,0.15861679454892,335.534301866206,335.534323069258,47.215,500
431,"NelderMead",10.0005,80.6725560603881,0.24728762,1.9948326,142.534181069215,28.6895604395604,-0.0555118102776304,3944.07628655248,3944.07648342964,19.809,500
431,"DE",0.368572103031793,2.97321670357757,0.24728762,1.9948326,93.5660446359921,11.5013736263736,0.755299971660345,49.0459178796712,49.0459251356516,57.307,500
542,"BiLSTM",0.864322662353516,4.09947109222412,0.82430446,3.5648758,7.50284963577706,2.28708791208791,0.995387214130666,4.85478415991048,14.9961828186026,NA,500
542,"ABC",0.822261394605663,3.55604049538001,0.82430446,3.5648758,6.37044305387023,1.61538461538462,0.997408082791576,0.247853250040264,0.247843266236236,55.244,500
542,"ABC-SMC",1.14487199394192,4.95123716033924,0.82430446,3.5648758,17.4028896862209,8.88598901098901,0.946856895534166,38.889457657662,38.8894715585671,38.751,500
542,"NelderMead",10.0005,43.2492431328393,0.82430446,3.5648758,29.6687513821146,28.668956043956,0.440183686600966,1113.20464528361,1113.20476670854,14.71,500
542,"DE",0.792984065167867,3.42942459226162,0.82430446,3.5648758,7.07921308466982,1.55494505494505,0.997365726962439,3.79961486950264,3.79960524118061,36.96,500
640,"BiLSTM",0.469690680503845,3.76661396026611,0.46964404,4.034237,11.6195110366691,1.51923076923077,0.993816897779343,0.00993103284036778,6.63379567769288,NA,500
640,"ABC",0.479544778467915,4.11928417621808,0.46964404,4.034237,11.2510082813663,1.58653846153846,0.99329916389454,2.10813672157223,2.10813534797481,38.93,500
640,"ABC-SMC",1.54779209750021,13.2955164597514,0.46964404,4.034237,37.7004539128142,11.1771978021978,0.77885569303822,229.567069029602,229.567064596141,32.305,500
640,"NelderMead",10.0005,85.9041809106573,0.46964404,4.034237,44.0310819879503,15.6428571428571,0.558624229502109,2029.37866729875,2029.37863865354,14.25,500
640,"DE",0.432702687776667,3.71691115157187,0.46964404,4.034237,10.7948207063265,1.48626373626374,0.994374576408221,7.86581944558123,7.8658206850052,34.102,500
720,"BiLSTM",0.309450447559357,2.53415870666504,0.31748608,2.5315435,15.1833656304991,1.67032967032967,0.99562475075653,2.53101882156324,0.10330482826145,NA,500
720,"ABC",0.363059418662038,2.89493249382366,0.31748608,2.5315435,14.0730710721498,1.98626373626374,0.994819923543896,14.3544367872878,14.3544439913303,47.089,500
720,"ABC-SMC",1.73906912841977,13.8668423681757,0.31748608,2.5315435,45.1797804811743,13.8159340659341,0.833272241624004,447.762323444154,447.762357951806,37.534,500
720,"NelderMead",10.0005,79.7411413018127,0.31748608,2.5315435,48.2699675726375,17.0892857142857,0.730092612394447,3049.9018791627,3049.90207759862,17.526,500
720,"DE",0.32630950746182,2.60189915930583,0.31748608,2.5315435,14.7990130389084,1.58104395604396,0.99586963127973,2.77915411655847,2.77916059138724,42.787,500
751,"BiLSTM",0.937900722026825,4.20382452011108,1.0312747,4.456529,14.2182522616992,2.0728021978022,0.996366473106791,9.05422948639921,5.670432749095,NA,500
751,"ABC",1.32677539283863,5.7334996466781,1.0312747,4.456529,16.2460131833514,4.91071428571429,0.982777386437247,28.6539263339463,28.6539288014977,81.235,500
751,"ABC-SMC",1.6945037122368,7.32259317428121,1.0312747,4.456529,21.1450379137616,8.07554945054945,0.954175720714965,64.3115759784272,64.3115791298837,49.576,500
751,"NelderMead",10.0005,43.2159531493348,1.0312747,4.456529,35.2604721477702,18.260989010989,0.734121793190311,869.722228228813,869.722246827851,22.158,500
751,"DE",0.999111006561804,4.31753756817755,1.0312747,4.456529,12.6546387826843,1.78434065934066,0.99698710597733,3.11882890545031,3.11882704729277,49.37,500
878,"BiLSTM",0.655646085739136,3.41451001167297,0.6607333,3.1471155,13.8901369294331,1.94642857142857,0.994116522569751,0.76993459552655,8.4964950181515,NA,500
878,"ABC",0.714682751748646,3.40408033551337,0.6607333,3.1471155,14.8288594234034,2.17857142857143,0.994073842200588,8.16508744884595,8.16509071603401,54.419,500
878,"ABC-SMC",1.60981479807181,7.66765237376537,0.6607333,3.1471155,41.5158933531719,15.8351648351648,0.773067156822137,143.640633531231,143.640640890535,36.572,500
878,"NelderMead",10.0005,47.6330306167431,0.6607333,3.1471155,49.0690221517153,24.8681318681319,0.437088660888864,1413.5456318003,1413.54567751781,16.1,500
878,"DE",0.655562326315709,3.12248591176236,0.6607333,3.1471155,13.9182576706016,1.94917582417582,0.994127916136163,0.782611332634595,0.782608335716872,40.33,500
900,"BiLSTM",0.854993760585785,3.59435558319092,0.7942366,3.1901891,5.13360946653959,0.950549450549451,0.997371586234634,7.64975582663717,12.6690447030528,NA,500
900,"ABC",1.87126332295735,7.51625416481807,0.7942366,3.1901891,16.1344850371416,4.93818681318681,0.959866290128725,135.605274669708,135.605286370581,29.982,500
900,"ABC-SMC",1.3360432189492,5.36644965227735,0.7942366,3.1901891,13.5219210953417,3.20879120879121,0.983554235485114,68.2172817204845,68.2172900746652,20.134,500
900,"NelderMead",10.0005,40.1687452819147,0.7942366,3.1901891,19.5555457657736,8.85302197802198,0.832914345258004,1159.13361333386,1159.13367586626,9.18600000000001,500
900,"DE",0.808763116377127,3.2485375346393,0.7942366,3.1901891,4.18385248351204,0.872252747252747,0.99737946160785,1.82899105595573,1.82899611309246,18.623,500
928,"BiLSTM",0.18046809732914,1.97831189632416,0.21734461,2.3894646,37.0012038787816,3.60576923076923,0.964296457228263,16.9668402040705,17.2068966276312,NA,500
928,"ABC",0.239414657881837,2.63210028943455,0.21734461,2.3894646,19.681115186585,2.17994505494505,0.979531551838196,10.1544031305109,10.1543956514172,35.441,500
928,"ABC-SMC",1.74871380825427,19.2251809541084,0.21734461,2.3894646,76.0122184439582,17.0398351648352,0.425620465737266,704.581171005011,704.5811163768,29.179,500
928,"NelderMead",10.0005,109.944475318974,0.21734461,2.3894646,79.0577003114107,18.9725274725275,0.301079202604337,4501.21831408656,4501.21800168013,13.939,500
928,"DE",0.207878265689539,2.28539241552469,0.21734461,2.3894646,22.3425605424797,2.16071428571429,0.980379562601927,4.3554539081787,4.35546040210454,44.268,500
930,"BiLSTM",0.213034301996231,1.6768581867218,0.1608755,1.2931038,42.0932411468803,2.93543956043956,0.97718656204364,32.4218429756122,29.6769978343426,NA,500
930,"ABC",0.170785074130127,1.37275615839138,0.1608755,1.2931038,36.6164425848241,1.82005494505495,0.981514449440589,6.15977829447433,6.1597807068064,43.576,500
930,"ABC-SMC",1.67441605395571,13.4588163601799,0.1608755,1.2931038,95.5091954979064,11.9793956043956,0.836419228943111,940.814825101217,940.814848752274,39.485,500
930,"NelderMead",10.0005,80.3831835534584,0.1608755,1.2931038,99.5531690035388,13.2857142857143,0.770926420785309,6116.29769604446,6116.2978373011,17.295,500
930,"DE",0.152364290477438,1.22469143827213,0.1608755,1.2931038,35.6926142967455,1.88598901098901,0.980950169461589,5.29055668673074,5.29055453459148,67.967,500
980,"BiLSTM",0.328514516353607,1.44822216033936,0.3984853,1.6735333,50.4988571988675,5.30906593406593,0.953197312134078,17.5591881673911,13.4632002638158,NA,500
980,"ABC",0.32499990817072,1.36491401509948,0.3984853,1.6735333,51.8764628901809,5.53571428571429,0.951326235248607,18.4411800960486,18.4411798020701,88.667,500
980,"ABC-SMC",1.23332717318227,5.17964929083992,0.3984853,1.6735333,138.101511318782,25.6043956043956,0.503254931547254,209.503806836105,209.50380795171,62.14,500
980,"NelderMead",10.0005,41.9994660454864,0.3984853,1.6735333,150.125933270563,31.603021978022,0.221390420873757,2409.62833509793,2409.62834414388,26.169,500
980,"DE",0.375589053387787,1.57737510072664,0.3984853,1.6735333,34.8401061075612,3.11538461538462,0.965596142095582,5.74581963555825,5.74581929581934,119.386,500
993,"BiLSTM",0.525730550289154,2.54741358757019,0.522372,2.4757195,11.1767919779961,1.53434065934066,0.996813511197855,0.642942249805523,2.89588895552144,NA,500
993,"ABC",0.552669665135825,2.61931159526218,0.522372,2.4757195,12.5245814607295,2.15934065934066,0.995071127327153,5.80001706366821,5.80001471338649,52.677,500
993,"ABC-SMC",1.44025752203742,6.82592779306794,0.522372,2.4757195,41.0973214497394,18.9835164835165,0.753356599692124,175.714916197158,175.714910072322,41.44,500
993,"NelderMead",10.0005,47.3961703723721,0.522372,2.4757195,46.3325328385736,27.7486263736264,0.472672249928996,1814.44028393559,1814.44024140748,15.635,500
993,"DE",0.519065594902946,2.46004913458894,0.522372,2.4757195,10.9759008116769,1.48489010989011,0.996980749862721,0.632959863287878,0.632962070664994,45.543,500
1005,"BiLSTM",0.187809959053993,1.90986514091492,0.09545442,1.0287952,138.609561733096,17.0288461538462,0.540913346787599,96.7535490278954,85.6409459253812,NA,500
1005,"ABC",0.112889262593011,1.21670568175853,0.09545442,1.0287952,75.4508556699788,5.09203296703297,0.67956683798305,18.2650971982344,18.2651009412302,54.517,500
1005,"ABC-SMC",1.75481020335225,18.913114460885,0.09545442,1.0287952,178.638852624061,26.396978021978,0.44023965919293,1738.37501013808,1738.37506832118,45.61,500
1005,"NelderMead",10.0005,107.784078759493,0.09545442,1.0287952,180.224061052139,26.8681318681319,0.450344924573917,10376.7280551283,10376.7283867084,18.227,500
1005,"DE",0.0909867246559696,0.98064299748886,0.09545442,1.0287952,74.4644777464061,2.22527472527473,0.828970486313351,4.68044889281229,4.68044587602469,135.248,500
1010,"BiLSTM",0.278800696134567,3.56585669517517,0.31946102,4.1874785,16.1519777334041,2.00137362637363,0.987840877571439,12.7277887816901,14.8447760346669,NA,500
1010,"ABC",0.351561096437035,4.6082446692535,0.31946102,4.1874785,14.6034782790761,1.53296703296703,0.993381190820868,10.0481981923915,10.0481989162094,35.341,500
1010,"ABC-SMC",1.77750200263564,23.2994043176223,0.31946102,4.1874785,46.3331580211714,11.8777472527473,0.71156161738268,456.406538311196,456.406541970838,30.274,500
1010,"NelderMead",10.0005,131.086036771203,0.31946102,4.1874785,49.9811661784201,14.6703296703297,0.555497126404096,3030.42887047691,3030.42889106662,13.505,500
1010,"DE",0.331812348076105,4.34937909714949,0.31946102,4.1874785,14.4295769203809,1.33653846153846,0.994293389192272,3.86630208471291,3.86630276787079,32.584,500
1052,"BiLSTM",0.251637578010559,1.39346730709076,0.21627265,1.223084,51.3031319344895,3.05357142857143,0.906968530664955,16.3520112277531,13.9306300377373,NA,500
1052,"ABC",0.204371366539196,1.15577883312528,0.21627265,1.223084,46.6415735129611,2.23901098901099,0.926854193736776,5.50290730742154,5.50290633143106,44.907,500
1052,"ABC-SMC",1.80895310029485,10.2301498435994,0.21627265,1.223084,130.725525184865,16.7513736263736,0.558906294178731,736.422497386911,736.4225060257,36.163,500
1052,"NelderMead",10.0005,56.5557025741794,0.21627265,1.223084,133.969534188977,17.7239010989011,0.47981947156966,4524.0243507443,4524.02439850243,15.898,500
1052,"DE",0.224958309181335,1.27220391236937,0.21627265,1.223084,46.0863200190066,2.10164835164835,0.923206992470856,4.01606915221823,4.01607022652319,83.257,500
1086,"BiLSTM",0.578218340873718,2.94019269943237,0.6261031,2.9499824,19.5900957459844,2.5206043956044,0.992867530908433,7.64806293504724,0.331856236417786,NA,500
1086,"ABC",0.62644895406477,2.95161187897381,0.6261031,2.9499824,16.8981089134469,2.13736263736264,0.994373679999701,0.0552391554632938,0.0552369049325267,75.882,500
1086,"ABC-SMC",1.59658153696669,7.52254273821315,0.6261031,2.9499824,48.5829489803361,13.1909340659341,0.87912845162165,155.002975862392,155.00297012664,50.576,500
1086,"NelderMead",10.0005,47.1189143251818,0.6261031,2.9499824,60.3209147377908,20.478021978022,0.675223701171452,1497.26089840475,1497.26086247775,22.567,500
1086,"DE",0.773527620702941,3.64459593900941,0.6261031,2.9499824,24.200104003311,3.91620879120879,0.987115834566013,23.5463649202409,23.546362141327,47.504,500
1157,"BiLSTM",0.897984981536865,4.5865421295166,0.88879824,4.4375815,7.38036797316196,1.27335164835165,0.998445203799367,1.03361383083581,3.35679760510542,NA,500
1157,"ABC",0.89131349023945,4.45013944727264,0.88879824,4.4375815,7.37328201122976,1.26373626373626,0.99841068384182,0.282994511718441,0.282990797411549,60.613,500
1157,"ABC-SMC",1.33901409166953,6.68541371251062,0.88879824,4.4375815,25.111690556463,12.6868131868132,0.868079107240043,50.6544490535368,50.6544434735592,39.804,500
1157,"NelderMead",10.0005,49.9303780654034,0.88879824,4.4375815,38.8430193238506,31.8063186813187,0.248191429657562,1025.17099493806,1025.1709532637,16.027,500
1157,"DE",0.880556643617603,4.39643279074343,0.88879824,4.4375815,6.74704915014702,1.34752747252747,0.99825945608104,0.92727415643812,0.927277825918782,40.769,500
1227,"BiLSTM",0.2857705950737,1.56890785694122,0.2486722,1.3544701,51.4248168086937,2.78021978021978,0.960528331631926,14.918593664149,15.8318560846211,NA,500
1227,"ABC",0.201893196935653,1.09967388279474,0.2486722,1.3544701,51.5245405390346,2.87912087912088,0.960603624225574,18.8115129332299,18.8115054887708,43.865,500
1227,"ABC-SMC",1.53240131062306,8.34669877355846,0.2486722,1.3544701,112.299616981754,13.8269230769231,0.745260404005339,516.233463420141,516.233519924763,36.684,500
1227,"NelderMead",10.0005,54.4708233452455,0.2486722,1.3544701,117.821591803916,15.6153846153846,0.63818250623009,3921.55930578489,3921.55967453586,15.466,500
1227,"DE",0.2527607964455,1.37674003217703,0.2486722,1.3544701,44.7685922857498,2.06730769230769,0.966942470813777,1.64417109974507,1.64418041985804,69.108,500
1346,"BiLSTM",0.37546506524086,1.71911835670471,0.31806073,1.396958,36.3234610008721,2.12087912087912,0.979766865472324,18.0482309906224,23.0615635333855,NA,500
1346,"ABC",0.327990191841885,1.44056919575617,0.31806073,1.396958,39.1473391175326,1.88186813186813,0.981538845255761,3.12187607752928,3.12186878604592,44.219,500
1346,"ABC-SMC",1.14813658330688,5.0427428489385,0.31806073,1.396958,72.4061674179162,9.12087912087912,0.89475740472917,260.980301877217,260.980276353226,39.061,500
1346,"NelderMead",10.0005,43.9233019782022,0.31806073,1.396958,84.3178067199762,12.2307692307692,0.754961515377948,3044.21085558095,3044.21063326186,15.266,500
1346,"DE",0.321845375895205,1.41358048454908,0.31806073,1.396958,38.9376383374698,1.90659340659341,0.98195729725312,1.18991297517464,1.18990582029544,56.148,500
1347,"BiLSTM",0.255195736885071,1.74252796173096,0.2213433,1.4819394,36.2922799516501,2.40384615384615,0.96691542086156,15.2940870065056,17.5842926998875,NA,500
1347,"ABC",0.187081214494493,1.25254770750706,0.2213433,1.4819394,38.7807654018787,2.62774725274725,0.964926301587631,15.479160880635,15.4791547139472,41.869,500
1347,"ABC-SMC",1.80783146317163,12.1038082892145,0.2213433,1.4819394,92.942633656682,13.2445054945055,0.73809203899801,716.75454516655,716.754604757419,35.278,500
1347,"NelderMead",10.0005,66.9554310023631,0.2213433,1.4819394,96.1003924398253,14.4917582417582,0.648284876712981,4418.09474242049,4418.09507206321,14.353,500
1347,"DE",0.22013169962016,1.4738275911555,0.2213433,1.4819394,35.0029649424524,2.0260989010989,0.969977772568704,0.547385161348734,0.547377905230239,62.721,500
1396,"BiLSTM",0.493733376264572,3.40865159034729,0.41411427,2.629525,16.3493043101553,4.39285714285714,0.984127370370737,19.226361425452,29.6299365987123,NA,500
1396,"ABC",0.411161131688526,2.61077313486868,0.41411427,2.629525,10.46318363993,1.29395604395604,0.997585404051767,0.713121600826313,0.713127470981341,40.529,500
1396,"ABC-SMC",1.59530611569771,10.129805635204,0.41411427,2.629525,37.6874818170126,22.3873626373626,0.632891072769084,285.233311495813,285.233288719598,31.378,500
1396,"NelderMead",10.0005,63.5007414928341,0.41411427,2.629525,40.0040681496793,28.7953296703297,0.401895407873256,2314.91315911427,2314.91301633695,13.708,500
1396,"DE",0.399219170287319,2.53494458591058,0.41411427,2.629525,9.24396906310502,1.375,0.99741862372906,3.59685738737791,3.59686308703733,37.775,500
1510,"BiLSTM",0.341433644294739,4.39581775665283,0.30731535,4.067449,24.2464109015525,2.65659340659341,0.992600304349628,11.1020469022256,8.07308848009728,NA,500
1510,"ABC",0.33029626872783,4.3716114000926,0.30731535,4.067449,24.3613777337787,2.53296703296703,0.993159362803716,7.47795992872805,7.47796469218421,82.757,500
1510,"ABC-SMC",1.00776747920602,13.3382306064434,0.30731535,4.067449,59.3707096359462,15.1387362637363,0.828964680713708,227.926177200722,227.926191734511,71.726,500
1510,"NelderMead",10.0005,132.360864913829,0.30731535,4.067449,72.643028877136,22.7637362637363,0.59982874083761,3154.14919886039,3154.14934308528,23.532,500
1510,"DE",0.334022477993821,4.42092936232413,0.30731535,4.067449,23.4361871769978,2.58653846153846,0.992898339461798,8.69046339332573,8.69046821052043,79.994,500
1522,"BiLSTM",0.239702105522156,1.46381723880768,0.19558021,1.2083687,49.3273245725837,4.5728021978022,0.978980278840683,22.5594887755544,21.1399499844442,NA,500
1522,"ABC",0.191964148108451,1.18602720184721,0.19558021,1.2083687,39.8586456101305,1.81593406593407,0.990713040297438,1.8488894615404,1.84889745594965,48.812,500
1522,"ABC-SMC",1.81801211618317,11.2323673161245,0.19558021,1.2083687,99.5023934809307,25.864010989011,0.659528419569562,829.548094964806,829.548019253102,37.687,500
1522,"NelderMead",10.0005,61.7868760856956,0.19558021,1.2083687,100.879146234887,27.8269230769231,0.595290946558607,5013.24739859928,5013.24698212521,18.538,500
1522,"DE",0.197818429520173,1.22219716936452,0.19558021,1.2083687,40.7190159899665,1.83928571428571,0.990364900356865,1.14439979391237,1.14439155569967,85.928,500
1691,"BiLSTM",0.708769261837006,3.36628723144531,0.7378316,3.0471575,21.834980436083,2.19368131868132,0.984382602324996,3.93888499259105,10.4730304044117,NA,500
1691,"ABC",0.803201739116928,3.31712838864324,0.7378316,3.0471575,24.0014068822049,2.19230769230769,0.985782521117127,8.85976408667344,8.85976155296331,50.968,500
1691,"ABC-SMC",1.76545238370893,7.29110998593869,0.7378316,3.0471575,45.5346292506818,7.00549450549451,0.900379528004028,139.275789178578,139.275783609436,32.816,500
1691,"NelderMead",10.0005,41.3008847404867,0.7378316,3.0471575,59.5201075604075,11.581043956044,0.707300198715705,1255.39057963904,1255.39054809233,14.932,500
1691,"DE",0.772090319821493,3.18864189872436,0.7378316,3.0471575,21.9408182784782,2.1043956043956,0.985953643728961,4.64316245353185,4.64316001796308,36.279,500
1692,"BiLSTM",0.67813777923584,2.96418929100037,0.5065817,2.0637157,25.3388375954996,2.5,0.989924243325458,33.8654316245217,43.6336066542677,NA,500
1692,"ABC",0.725287469142414,2.95468017180385,0.5065817,2.0637157,27.1456143687049,2.92032967032967,0.987937129928436,43.1728523044583,43.1728300464956,40.952,500
1692,"ABC-SMC",1.82078223952013,7.41751292993369,0.5065817,2.0637157,47.0115584870754,7.49725274725275,0.924481984386945,259.42519035333,259.425134476309,29.441,500
1692,"NelderMead",10.0005,40.740093156528,0.5065817,2.0637157,52.994196247181,10.0315934065934,0.81670717120958,1874.11394845096,1874.11364155092,13.214,500
1692,"DE",0.495111097613544,2.01698637464193,0.5065817,2.0637157,21.3863497081487,1.52197802197802,0.993022861595701,2.26431440110376,2.26432959530579,34.704,500
1776,"BiLSTM",0.29830127954483,2.01786327362061,0.29834843,2.1058755,19.5761670393515,2.06868131868132,0.993928426901236,0.0158038221182111,4.1793651324304,NA,500
1776,"ABC",0.322675619366999,2.27758753258,0.29834843,2.1058755,18.9865277678969,2.46565934065934,0.993039638494854,8.1539525336195,8.15394986930626,61.94,500
1776,"ABC-SMC",1.64330222943447,11.5991554532789,0.29834843,2.1058755,70.8183393230027,21.3214285714286,0.735873365604544,450.799690628326,450.799677059678,50.815,500
1776,"NelderMead",10.0005,70.5879612604403,0.29834843,2.1058755,75.1422358747881,25.6538461538462,0.594450443927589,3251.95328495612,3251.95320238259,23.378,500
1776,"DE",0.315473873370203,2.22675441749282,0.29834843,2.1058755,18.8324491631619,2.27884615384615,0.993347781792216,5.74008161202759,5.74007900717871,70.365,500
1804,"BiLSTM",0.650990009307861,3.76772880554199,0.527622,2.6009154,13.9096737016969,4.29945054945055,0.983488238199199,23.3818925874701,44.8616439251347,NA,500
1804,"ABC",0.581246009414673,2.86525546134835,0.527622,2.6009154,8.16579083757004,2.22252747252747,0.99459747850916,10.1633384155082,10.16334715648,41.904,500
1804,"ABC-SMC",1.11131743002366,5.47824550034067,0.527622,2.6009154,28.5438675876408,13.2032967032967,0.848522860527556,110.627576185917,110.62759289828,33.35,500
1804,"NelderMead",10.0005,49.297520803746,0.527622,2.6009154,35.1717047335046,24.7925824175824,0.461022078820022,1795.39101857011,1795.39116896098,13.292,500
1804,"DE",0.544903306167009,2.68610390198471,0.527622,2.6009154,5.57313959078657,1.38598901098901,0.997064305778083,3.27531948383667,3.2753276782748,34.486,500
1815,"BiLSTM",0.842694878578186,3.88772964477539,1.062577,4.5735416,17.8499528791831,2.52472527472527,0.988977586564327,20.6932882437521,14.99520536174,NA,500
1815,"ABC",1.38580957320646,5.9647982627159,1.062577,4.5735416,15.1039180471314,3.28434065934066,0.978066965976559,30.4196847105158,30.4196787608951,55.011,500
1815,"ABC-SMC",1.63721514696092,7.04689753418942,1.062577,4.5735416,19.5621868717938,4.62637362637363,0.960032659273971,54.0796711166272,54.0796640876606,36.105,500
1815,"NelderMead",10.0005,43.0441282695654,1.062577,4.5735416,34.8437053685505,11.081043956044,0.76495163876736,841.155323331862,841.15528039726,16.474,500
1815,"DE",1.02212134123157,4.39941224129114,1.062577,4.5735416,13.7574374822525,1.58241758241758,0.993981075966955,3.80731549510534,3.80731988332318,33.995,500
1957,"BiLSTM",0.508220076560974,2.13915157318115,0.49820906,2.0102558,10.0125713626524,1.25961538461538,0.993611122503154,2.00940074453366,6.4119090307389,NA,500
1957,"ABC",0.522997982955482,2.11027816743174,0.49820906,2.0102558,10.8120894564563,1.43269230769231,0.992863088468749,4.97560661692554,4.97560397197908,33.593,500
1957,"ABC-SMC",1.33024433202182,5.36748833208104,0.49820906,2.0102558,42.2465096870309,11.4436813186813,0.796866423741461,167.005247159059,167.005240431642,26.436,500
1957,"NelderMead",10.0005,40.3516600468371,0.49820906,2.0102558,49.1947001348507,17.0315934065934,0.515100739093593,1907.28987144473,1907.28982086942,10.933,500
1957,"DE",0.513633724507976,2.0724937193077,0.49820906,2.0102558,10.4876023527455,1.3228021978022,0.993305782410746,3.09602248260523,3.09601988501644,31.855,500
2008,"BiLSTM",0.150456011295319,1.50207614898682,0.21285999,1.9635439,26.4520596777578,3.69368131868132,0.968672024265343,29.3169132934195,23.5017791562075,NA,500
2008,"ABC",0.184932646159301,1.70592598233291,0.21285999,1.9635439,18.2681134420469,1.90521978021978,0.987293630081337,13.120053158275,13.1200487886769,30.056,500
2008,"ABC-SMC",1.3137777684871,12.1190480794987,0.21285999,1.9635439,62.5519519384633,15.3104395604396,0.625513337778954,517.202776570222,517.202807612231,26.181,500
2008,"NelderMead",10.0005,92.2504119236183,0.21285999,1.9635439,65.0366212685315,17.7087912087912,0.49751312910934,4598.15863469692,4598.15887098925,11.218,500
2008,"DE",0.209208480858191,1.92986036069022,0.21285999,1.9635439,15.1310770765056,1.33653846153846,0.99070155457218,1.71545114786886,1.7154462046801,37.649,500
2041,"BiLSTM",0.2688889503479,3.44945192337036,0.29791325,3.6117418,11.1976128663628,1.32967032967033,0.996583031921229,9.74253399340232,4.49339641692101,NA,500
2041,"ABC",0.622969773092107,7.5525535397112,0.29791325,3.6117418,29.938267289135,4.99175824175824,0.96925819347803,109.111133221536,109.111114745556,38.324,500
2041,"ABC-SMC",1.67932877927276,20.3592871822372,0.29791325,3.6117418,36.2451057415918,9.02335164835165,0.888966150695317,463.697243836171,463.697194030793,28.971,500
2041,"NelderMead",10.0005,121.240732594444,0.29791325,3.6117418,38.3489476058062,11.543956043956,0.807731012195333,3256.84968694746,3256.84939035355,13.094,500
2041,"DE",0.317562882283847,3.84996315113213,0.29791325,3.6117418,12.8497920783344,0.972527472527473,0.997715633543614,6.5957564102458,6.5957469919951,29.452,500
2045,"BiLSTM",0.613911688327789,3.73068642616272,0.6380234,3.6366858,8.89869438576798,1.17857142857143,0.994218719727062,3.7791265449215,2.58478822016243,NA,500
2045,"ABC",0.687360900070597,3.91790613493615,0.6380234,3.6366858,11.6248001779931,1.77197802197802,0.991098473687632,7.73286686202995,7.73287411676174,31.24,500
2045,"ABC-SMC",1.78500324163162,10.1743860474915,0.6380234,3.6366858,28.5288557154419,8.42307692307692,0.857070742832122,179.770811169563,179.770830009331,22.167,500
2045,"NelderMead",10.0005,57.0021080605615,0.6380234,3.6366858,32.7723809508301,12.6387362637363,0.668357534251087,1467.41900061973,1467.41910616973,7.32000000000001,500
2045,"DE",0.613643028376461,3.49771973542575,0.6380234,3.6366858,8.85057236901907,1.17582417582418,0.99424497465586,3.82123471075493,3.8212282340764,23.013,500
2046,"BiLSTM",0.222208738327026,1.21908807754517,0.23013246,1.2835635,34.5772457765927,2.8282967032967,0.744264908109082,3.44311344561026,5.0231579859379,NA,500
2046,"ABC",0.183070373417707,1.0210747651299,0.23013246,1.2835635,95.6909754590009,6.46016483516483,0.37683150518864,20.4499993535432,20.4499999314489,59.2,500
2046,"ABC-SMC",1.35141249154138,7.5375013806617,0.23013246,1.2835635,177.433967182164,27.2486263736264,-0.0563117845324607,487.23245366663,487.232449400571,49.844,500
2046,"NelderMead",10.0005,55.7777754972005,0.23013246,1.2835635,180.931207732688,28.3145604395604,-0.150660825535546,4245.540824619,4245.54079305002,18.29,500
2046,"DE",0.204029621494108,1.13797494350054,0.23013246,1.2835635,53.1603895869457,4.30631868131868,0.648024047533634,11.3425279101834,11.342528554252,122.796,500
2101,"BiLSTM",0.330414861440659,4.21912384033203,0.36495602,4.4671545,12.6847977947896,3.41208791208791,0.991934254639321,9.46447151614088,5.55231881207532,NA,500
2101,"ABC",0.399498147529202,4.88995886086322,0.36495602,4.4671545,12.4913184239003,3.35714285714286,0.99182436063667,9.46473701932697,9.46473556854196,56.177,500
2101,"ABC-SMC",1.87366839795342,22.9341773962094,0.36495602,4.4671545,40.8135523774399,31.4065934065934,0.478107840795476,413.395668320096,413.395661515834,43.058,500
2101,"NelderMead",10.0005,122.408661693451,0.36495602,4.4671545,42.5876648200538,37.2458791208791,0.285408608981058,2640.19318820936,2640.19315189236,19.483,500
2101,"DE",0.373015711494038,4.56580711310592,0.36495602,4.4671545,10.4659576966827,1.93131868131868,0.996541495428225,2.20840075306549,2.20839939845195,53.174,500
2119,"BiLSTM",0.33446079492569,2.85728597640991,0.3453323,3.035898,10.7707890117958,1.62912087912088,0.997105099366559,3.14812865008871,5.88333414331074,NA,500
2119,"ABC",0.369726747840343,3.25035515135004,0.3453323,3.035898,15.3590376049265,2.85164835164835,0.993718589636968,7.06405043499942,7.06404336871793,55.368,500
2119,"ABC-SMC",1.83050524307341,16.0924038662363,0.3453323,3.035898,45.4562945983411,27.2074175824176,0.635211268232026,430.070671950876,430.070636965943,45.534,500
2119,"NelderMead",10.0005,87.9167571211606,0.3453323,3.035898,47.6519207665141,32.7898351648352,0.468128924844072,2795.90634875452,2795.90615762324,21.067,500
2119,"DE",0.336863518631539,2.96144674271372,0.3453323,3.035898,11.3388330494694,1.64423076923077,0.996950798578355,2.45235715525633,2.4523635934501,55.398,500
2199,"BiLSTM",0.513704895973206,2.45118117332458,0.49655926,2.2017825,20.3915290892796,1.8228021978022,0.990664823741309,3.45288817556349,11.3271257867017,NA,500
2199,"ABC",0.521899134645625,2.31414155513242,0.49655926,2.2017825,19.5640193147009,1.87774725274725,0.99017132549528,5.10309175296121,5.10309511191135,46.972,500
2199,"ABC-SMC",1.55789837359102,6.90784315526437,0.49655926,2.2017825,53.9176561379637,9.0989010989011,0.898252334180359,213.738661039372,213.738671066028,36.174,500
2199,"NelderMead",10.0005,44.3429986482269,0.49655926,2.2017825,63.049147547045,12.8021978021978,0.762062451274311,1913.95901870806,1913.95908307142,13.399,500
2199,"DE",0.482850607466091,2.14099733354977,0.49655926,2.2017825,22.0581478023195,1.83379120879121,0.99056079103085,2.7607284040799,2.76072529644663,45.008,500
2301,"BiLSTM",0.794863939285278,3.65076017379761,0.7416192,3.2080843,11.9814193670946,2.52472527472527,0.994397563781566,7.17952546067824,13.7987606434659,NA,500
2301,"ABC",0.774137214890802,3.34874991301197,0.7416192,3.2080843,10.6448400046167,1.92307692307692,0.996139912862409,4.38473206880329,4.38472308885297,51.185,500
2301,"ABC-SMC",1.14141253248021,4.93750338483991,0.7416192,3.2080843,26.9862125984472,12.8489010989011,0.872571857195803,53.9081691089189,53.9081558685945,34.268,500
2301,"NelderMead",10.0005,43.259996885436,0.7416192,3.2080843,38.2708229163752,31.6648351648352,0.249857766345858,1248.46832444467,1248.46820843941,15.863,500
2301,"DE",0.733789579542006,3.17421478181616,0.7416192,3.2080843,10.0503853869355,1.54807692307692,0.996834170717024,1.05574673066637,1.05575524258626,36.76,500
2308,"BiLSTM",0.158666163682938,2.21150708198547,0.29671285,3.5413327,39.2657724091058,4.64697802197802,0.972977820730648,46.5253480990332,37.5515584292469,NA,500
2308,"ABC",0.47254492237462,5.63992694374667,0.29671285,3.5413327,25.0953176717138,4.30906593406593,0.968533286652189,59.2600126265581,59.2600137159287,43.198,500
2308,"ABC-SMC",1.45746527859299,17.3951666923114,0.29671285,3.5413327,40.4455844000334,9.51236263736264,0.860575052902789,391.203963223364,391.203966583298,33.132,500
2308,"NelderMead",10.0005,119.358153543389,0.29671285,3.5413327,44.4501024394068,12.1277472527473,0.766685649395686,3270.4303672726,3270.43039032703,15.435,500
2308,"DE",0.277214298070772,3.30861324469316,0.29671285,3.5413327,11.775985351481,1.71291208791209,0.991223312256569,6.57152257788221,6.57152193881257,35.396,500
2323,"BiLSTM",0.822611808776855,3.56551027297974,0.7656451,3.3267336,8.21929588674919,1.96291208791209,0.997098323010174,7.44035438571415,7.17751108714375,NA,500
2323,"ABC",0.801444839495239,3.48228368672323,0.7656451,3.3267336,7.091890877174,1.70604395604396,0.997526591164676,4.67576158917998,4.67576023289719,59.901,500
2323,"ABC-SMC",1.66904921728871,7.25203105102429,0.7656451,3.3267336,20.9848398189991,11.7513736263736,0.926803217204464,117.992542143705,117.992539319178,38.101,500
2323,"NelderMead",10.0005,43.4522456105759,0.7656451,3.3267336,27.1835125870899,21.4395604395604,0.721008622577859,1206.15346457517,1206.15344765135,16.931,500
2323,"DE",0.755741436933036,3.28370206846696,0.7656451,3.3267336,5.86762228915774,1.56043956043956,0.997763206728311,1.29350570740459,1.29350698634364,41.255,500
2403,"BiLSTM",0.65534508228302,4.236008644104,0.6129109,3.6029387,21.6607845791877,3.16895604395604,0.989446300476136,6.92338515810699,17.5709329749075,NA,500
2403,"ABC",0.536644552366099,3.15461424472894,0.6129109,3.6029387,23.6236584807531,3.06868131868132,0.990737051622688,12.4433009159898,12.4432995563054,77.526,500
2403,"ABC-SMC",1.54631872972377,9.08988840037638,0.6129109,3.6029387,57.107766928403,18.5673076923077,0.7163830265048,152.29094958562,152.290953503494,55.581,500
2403,"NelderMead",10.0005,58.7869933931426,0.6129109,3.6029387,68.7249780947161,27.4848901098901,0.395281878993081,1531.64009646427,1531.64012180231,22.239,500
2403,"DE",0.639615112282507,3.75991694214348,0.6129109,3.6029387,21.6180310549546,2.7706043956044,0.991823302945086,4.35694850303807,4.35695012361668,62.036,500
2467,"BiLSTM",0.330945193767548,2.07545900344849,0.27609888,1.6596773,38.3554986654876,2.61675824175824,0.981713514507526,19.8647360567155,25.0519606099623,NA,500
2467,"ABC",0.31296225180888,1.88126924774405,0.27609888,1.6596773,35.9625949082502,2.30357142857143,0.98326735201487,13.3515108097794,13.3515080156879,51.075,500
2467,"ABC-SMC",1.48538520207974,8.92890272093642,0.27609888,1.6596773,92.4989908993951,12.4423076923077,0.825482300653035,437.990303357891,437.99029009654,40.167,500
2467,"NelderMead",10.0005,60.1147039405683,0.27609888,1.6596773,98.111141924303,14.6373626373626,0.715057712402071,3522.07191858221,3522.07182929888,18.121,500
2467,"DE",0.251806814221453,1.51365352603773,0.27609888,1.6596773,32.4382319458539,2.20467032967033,0.983487239886231,8.79832101403183,8.79832326213454,60.292,500
2483,"BiLSTM",0.195435732603073,2.37697196006775,0.22710294,2.5158138,20.0075025541643,2.07967032967033,0.986663799484642,13.9439883063279,5.51876454180556,NA,500
2483,"ABC",0.282503604393241,3.12953476977598,0.22710294,2.5158138,25.2863519547195,2.22252747252747,0.987275332850079,24.3945165981739,24.3945306992107,38.219,500
2483,"ABC-SMC",1.27733695675853,14.1501572253614,0.22710294,2.5158138,59.0654634695966,9.45054945054945,0.836509046302476,462.448445959585,462.448509717269,37.741,500
2483,"NelderMead",10.0005,110.78411736503,0.22710294,2.5158138,64.5753127786361,11.7733516483516,0.716674179870252,4303.50970357319,4303.51020274353,14.538,500
2483,"DE",0.241092504512951,2.67078849215457,0.22710294,2.5158138,21.9516030228295,1.73076923076923,0.989607833312628,6.16001030763905,6.16002234165998,39.121,500
2583,"BiLSTM",0.641145408153534,3.91772627830505,0.61466366,3.460845,8.33500100553355,1.6717032967033,0.997131736611605,4.3083315115024,13.2014371722817,NA,500
2583,"ABC",0.636924010183403,3.58618166725319,0.61466366,3.460845,8.01284267580467,1.61675824175824,0.997207684982121,3.62154974045524,3.62156257368327,53.256,500
2583,"ABC-SMC",1.45160960291319,8.17324463004143,0.61466366,3.460845,31.0127161878858,19.3598901098901,0.750302980357558,136.163238105403,136.163267353534,37.245,500
2583,"NelderMead",10.0005,56.3075173646517,0.61466366,3.460845,36.1460486136874,31.3832417582418,0.360823553260421,1526.98735109865,1526.98755259631,16.443,500
2583,"DE",0.618307983877708,3.4813646856554,0.61466366,3.460845,6.86703777511183,1.49587912087912,0.99748225431621,0.592897240371799,0.592909698510013,40.282,500
2585,"BiLSTM",0.660914480686188,3.34222674369812,0.6015245,2.8415031,7.93321172728346,1.15659340659341,0.995819949415222,9.8732438472893,17.621787697438,NA,500
2585,"ABC",1.24848050050877,5.89761802191307,0.6015245,2.8415031,18.2703790472025,3.9217032967033,0.973251983517619,107.552726532131,107.552756916333,32.783,500
2585,"ABC-SMC",1.53963651687405,7.27299150079766,0.6015245,2.8415031,20.1311436839492,4.75824175824176,0.959499689257924,155.95574525627,155.955782726321,22.513,500
2585,"NelderMead",10.0005,47.2407290334988,0.6015245,2.8415031,24.9497083063398,8.34615384615385,0.849113489353372,1562.52579903229,1562.52604241392,9.633,500
2585,"DE",0.62460972137254,2.95055433218832,0.6015245,2.8415031,6.24181537315695,1.10027472527473,0.995952311334032,3.83778572153583,3.83780092262863,21.564,500
2609,"BiLSTM",0.295953691005707,2.79580211639404,0.29349867,2.8776088,13.8096910272387,1.5782967032967,0.994650380018041,0.836467506209405,2.84287021939733,NA,500
2609,"ABC",0.28288318105201,2.77352957231876,0.29349867,2.8776088,14.6335805006892,1.53983516483516,0.994746958906637,3.6168780417268,3.61686507496214,39.937,500
2609,"ABC-SMC",1.76511731794959,17.3061016273183,0.29349867,2.8776088,52.1074734748564,18.7431318681319,0.617213367690893,501.4055593334,501.405640242632,35.127,500
2609,"NelderMead",10.0005,98.0499525805114,0.29349867,2.8776088,54.8074337110569,22.0137362637363,0.458393132011597,3307.34082372503,3307.34128212672,14.79,500
2609,"DE",0.293014836593535,2.87286544006624,0.29349867,2.8776088,14.2719977503565,1.55906593406593,0.994652337915036,0.164850289258557,0.164836858080318,45.176,500
2703,"BiLSTM",0.608081042766571,4.44583177566528,0.6628889,4.683706,8.54455370974581,3.90521978021978,0.989070869028027,8.26803062073131,5.07876080041567,NA,500
2703,"ABC",0.713202977948606,5.03920472149046,0.6628889,4.683706,7.76361834381487,2.02884615384615,0.996925767348083,7.59012225858752,7.59011606387046,58.709,500
2703,"ABC-SMC",1.81186311148427,12.8018943111366,0.6628889,4.683706,28.0887538998212,23.0837912087912,0.675642797207573,173.328322662255,173.328306924828,40.722,500
2703,"NelderMead",10.0005,70.659501397787,0.6628889,4.683706,32.2499813287679,34.0714285714286,0.332730821766152,1408.62384330165,1408.6237564396,18.332,500
2703,"DE",0.665819503437042,4.70441219276871,0.6628889,4.683706,5.62342873457547,1.51236263736264,0.997753913803048,0.442095717252467,0.442089934097367,43.141,500
2748,"BiLSTM",0.270177632570267,2.3540952205658,0.29752892,2.4453754,11.9458671525409,1.5467032967033,0.995623111640013,9.19281642595727,3.73276755111727,NA,500
2748,"ABC",0.387353219147675,3.18363681928332,0.29752892,2.4453754,19.2038768512447,2.52747252747253,0.993529282238895,30.1901069474775,30.1901057515883,39.68,500
2748,"ABC-SMC",2.03338110358591,16.7122580348121,0.29752892,2.4453754,43.9186246961833,11.9423076923077,0.852839232272767,583.423010975173,583.423004697444,32.471,500
2748,"NelderMead",10.0005,82.1936115086344,0.29752892,2.4453754,46.085775451791,14.1304945054945,0.778530339279612,3261.18586388174,3261.18583300684,14.706,500
2748,"DE",0.305229920096237,2.50866951384447,0.29752892,2.4453754,12.8082571833129,1.31318681318681,0.996673805295621,2.58831985012987,2.58831890778277,37.068,500
2777,"BiLSTM",0.761361241340637,3.40768265724182,0.6594252,2.8444173,13.1111128868386,1.7967032967033,0.994567955448402,15.4583175378553,19.8024866900444,NA,500
2777,"ABC",1.46966572112037,6.33937328814866,0.6594252,2.8444173,28.3663456149668,6.08241758241758,0.956663586996636,122.870724552288,122.870719009783,47.546,500
2777,"ABC-SMC",1.76401353060747,7.60903659598242,0.6594252,2.8444173,30.6600765049351,7.00412087912088,0.940889196009524,167.507752298134,167.507745645564,33.314,500
2777,"NelderMead",10.0005,43.1369539733166,0.6594252,2.8444173,36.0380130621125,10.8502747252747,0.831653923379865,1416.54804820926,1416.54801049468,14.354,500
2777,"DE",0.637275513902842,2.74887500740448,0.6594252,2.8444173,13.3411811660186,1.34203296703297,0.996235736257861,3.35893837499053,3.35894077832797,32.093,500
2812,"BiLSTM",0.171585738658905,2.44964575767517,0.22588229,3.0614069,19.9153167847257,2.71291208791209,0.989132789578642,24.037542447925,19.9830065818702,NA,500
2812,"ABC",0.336921535506707,4.56633358786123,0.22588229,3.0614069,23.6651331003564,3.22802197802198,0.985324421720165,49.1580130105408,49.1580092754489,37.968,500
2812,"ABC-SMC",1.17008954189249,15.8583486446282,0.22588229,3.0614069,42.4310334878166,10.9532967032967,0.851949928441852,418.008535282909,418.008522311366,34.95,500
2812,"NelderMead",10.0005,135.537845560178,0.22588229,3.0614069,45.465910768232,14.2815934065934,0.743084955930864,4327.30592115035,4327.30581028541,14.158,500
2812,"DE",0.239169748819384,3.24149317315617,0.22588229,3.0614069,13.5523320319293,1.35714285714286,0.995931970165559,5.88247038729049,5.88246773586905,34.679,500
2864,"BiLSTM",0.299466192722321,3.1692066192627,0.3867234,4.165069,17.2996024532978,3.54945054945055,0.991166510348514,22.5632085562134,23.9098651363832,NA,500
2864,"ABC",0.500383416602333,5.38920430998056,0.3867234,4.165069,22.5196385304401,4.87362637362637,0.983502100067097,29.3905195812648,29.3905169393486,67.52,500
2864,"ABC-SMC",1.65194188629882,17.7916614302072,0.3867234,4.165069,42.8434117249507,16.5989010989011,0.820460946330476,327.163674682944,327.163665961048,52.434,500
2864,"NelderMead",10.0005,107.706882190287,0.3867234,4.165069,47.4414114456522,21.8447802197802,0.684213046440223,2485.9567846166,2485.95673181613,23.514,500
2864,"DE",0.375268638477073,4.04169941844502,0.3867234,4.165069,11.0385347503527,1.73076923076923,0.99657529208235,2.96200372745134,2.96200570878857,57.387,500
2879,"BiLSTM",0.351127475500107,4.251633644104,0.33937955,4.111812,16.5378601524088,1.9217032967033,0.99042168441175,3.4615890969585,3.40048728161707,NA,500
2879,"ABC",0.397661073285442,4.81793257245406,0.33937955,4.111812,19.3180084848272,2.65934065934066,0.98478082849006,17.1729626270769,17.172978055759,49.85,500
2879,"ABC-SMC",1.38322857719549,16.7587487559684,0.33937955,4.111812,49.2031561730251,11.2760989010989,0.79059370459103,307.575700184496,307.575753851791,44.438,500
2879,"NelderMead",10.0005,121.162814083746,0.33937955,4.111812,56.5393256596843,15.0824175824176,0.621662063566834,2846.70082507918,2846.7012130843,17.444,500
2879,"DE",0.331186360292522,4.0125465125939,0.33937955,4.111812,15.7687910641733,1.83241758241758,0.990859096067031,2.41416717874676,2.4141543291887,44.208,500
2937,"BiLSTM",0.6582932472229,4.1908278465271,0.7645676,4.763689,17.3250040677426,1.97115384615385,0.9899283732262,13.8999288979941,12.0255783589756,NA,500
2937,"ABC",1.77663718852509,11.0694547234765,0.7645676,4.763689,27.6466364873194,5.23626373626374,0.937792246977913,132.371498416241,132.371481922445,51.705,500
2937,"ABC-SMC",1.97510359464335,12.3060127055151,0.7645676,4.763689,28.4210068484096,5.64972527472527,0.927915054590809,158.32949168175,158.329473345449,32.356,500
2937,"NelderMead",10.0005,62.3087722564374,0.7645676,4.763689,36.0256867722074,8.96840659340659,0.806026734449393,1207.99421790827,1207.99412506646,15.68,500
2937,"DE",0.819468429282459,5.10575188555584,0.7645676,4.763689,17.454412473901,1.78434065934066,0.990963649997442,7.18063769409778,7.18063008638556,31.913,500
2946,"BiLSTM",0.312438100576401,3.69047284126282,0.32391095,3.5583067,19.0338814809449,2.77472527472527,0.992738020610907,3.54197640542847,3.71429874953773,NA,500
2946,"ABC",0.330581980324403,3.63159094241519,0.32391095,3.5583067,17.6691925336471,2.30357142857143,0.994356648324427,2.05952602849726,2.05952574057749,79.949,500
2946,"ABC-SMC",0.972820678683878,10.6868703546265,0.32391095,3.5583067,67.9886946275933,24.5961538461538,0.610305079475007,200.335841898484,200.335841051208,71.719,500
2946,"NelderMead",10.0005,109.859966305436,0.32391095,3.5583067,78.762968264911,34.760989010989,0.261002104865087,2987.42263884565,2987.42263013573,28.459,500
2946,"DE",0.311668719539758,3.42382031169403,0.32391095,3.5583067,19.3429414071734,2.83104395604396,0.992460991179971,3.77950497204315,3.77950524349045,82.066,500
2950,"BiLSTM",1.07331871986389,4.66962671279907,1.1379088,4.609515,12.3509173104839,1.6510989010989,0.996902528579553,5.67620886103599,1.30407890632902,NA,500
2950,"ABC",2.00202011839052,8.10991341231518,1.1379088,4.609515,23.3133564530809,6.63324175824176,0.968023695754947,75.9385390455303,75.9385404389654,73.307,500
2950,"ABC-SMC",1.66340582384711,6.73823258668645,1.1379088,4.609515,19.8550814221351,4.82142857142857,0.983332366596827,46.1809438372491,46.1809449950037,46.247,500
2950,"NelderMead",10.0005,40.5106763587665,1.1379088,4.609515,31.5900358775819,14.4532967032967,0.822359322179135,778.848990358454,778.848997318948,20.894,500
2950,"DE",1.11030782963293,4.49770722912496,1.1379088,4.609515,12.5293823374208,1.58379120879121,0.997322908934168,2.42558721464045,2.42558644185003,43.677,500
2974,"BiLSTM",0.555190145969391,3.39838433265686,0.48921788,2.9930491,8.9982955463678,1.83791208791209,0.995278918184611,13.4852524133809,13.5425520636083,NA,500
2974,"ABC",0.546352232010781,3.34259887644096,0.48921788,2.9930491,8.38741344569353,1.66483516483516,0.995828488695178,11.6787129715662,11.678718415978,32.07,500
2974,"ABC-SMC",1.62917041135623,9.96731205158276,0.48921788,2.9930491,26.4603314109651,12.1826923076923,0.81227919660635,233.015304215012,233.01532044973,24.425,500
2974,"NelderMead",10.0005,61.1833504199691,0.48921788,2.9930491,29.1627445937005,17.4258241758242,0.598157552918217,1944.18121430885,1944.18131396405,11.485,500
2974,"DE",0.492045532663558,3.01034890730812,0.48921788,2.9930491,7.21470105522825,0.872252747252747,0.998100319959004,0.577994545816364,0.577999449060717,26.664,500
2981,"BiLSTM",0.614089131355286,4.18037796020508,0.71038556,4.9489675,20.4831614512332,2.17994505494505,0.992997407013798,13.5555160559168,15.5303008111272,NA,500
2981,"ABC",0.708013561143184,4.93244292700315,0.71038556,4.9489675,15.8751306559318,1.8489010989011,0.994854754922888,0.333903022580527,0.333899404205947,62.88,500
2981,"ABC-SMC",1.95722582408701,13.6351974063581,0.71038556,4.9489675,35.9540697777793,12.1771978021978,0.819402516254353,175.515992201053,175.516002203653,42.106,500
2981,"NelderMead",10.0005,69.6694218848719,0.71038556,4.9489675,45.8448996750117,17.7445054945055,0.604859171266235,1307.756655414,1307.75670652256,20.419,500
2981,"DE",1.80158020133935,12.550877566776,0.71038556,4.9489675,34.829625598952,11.6098901098901,0.836164983310948,153.605971571177,153.605980778334,41.022,500
3014,"BiLSTM",0.937258183956146,4.13282632827759,1.0031382,4.303432,7.87467344643373,1.07554945054945,0.99717024579853,6.56739181539032,3.96440960894495,NA,500
3014,"ABC",4.47248862269058,19.186838986257,1.0031382,4.303432,18.3517881848386,7.50961538461539,0.894732657410568,345.849696750715,345.849707541725,43.446,500
3014,"ABC-SMC",1.5714784273461,6.74159424417434,1.0031382,4.303432,11.5451058000817,3.53434065934066,0.978355429741167,56.6562241719139,56.6562279635031,28.586,500
3014,"NelderMead",10.0005,42.901838208955,1.0031382,4.303432,19.83004673147,8.7706043956044,0.846517711701437,896.921461070867,896.921485199603,9.07600000000001,500
3014,"DE",0.902316733554388,3.87091110606301,1.0031382,4.303432,8.89348447683627,1.13461538461538,0.997161572525519,10.050605833335,10.0506036562677,25.282,500
3015,"BiLSTM",0.210057705640793,2.47090530395508,0.09098219,1.0628144,80.2803707801807,13.2925824175824,0.787444706047117,130.877829650828,132.486999042832,NA,500
3015,"ABC",0.0819637792817241,0.957465239595144,0.09098219,1.0628144,42.6539886523224,2.10576923076923,0.970557123935748,9.91228142373345,9.91228199437798,42.344,500
3015,"ABC-SMC",1.88647411352256,22.036970536529,0.09098219,1.0628144,113.573942783444,23.1071428571429,0.494013006988095,1973.45428102199,1973.45426788807,38.131,500
3015,"NelderMead",10.0005,116.821493743716,0.09098219,1.0628144,114.329556028982,23.7266483516484,0.545799322632329,10891.7116745596,10891.7116049346,16.216,500
3015,"DE",0.0798077410284429,0.932279337958535,0.09098219,1.0628144,48.4671140267317,2.34478021978022,0.968046205703437,12.2820180208424,12.2820185764763,94.691,500
3048,"BiLSTM",0.778237581253052,4.52645826339722,0.78879035,4.573431,14.9162357071368,2.17445054945055,0.994939608621872,1.33784201935891,1.02707872061005,NA,500
3048,"ABC",0.866624842706401,5.02471812554745,0.78879035,4.573431,16.6174005451315,2.94093406593407,0.992415155992612,9.86757668959832,9.86758356138854,81.257,500
3048,"ABC-SMC",1.64755163151521,9.55255623621021,0.78879035,4.573431,34.8533601415406,12.6813186813187,0.879265161437969,108.870662719848,108.870675783896,53.632,500
3048,"NelderMead",10.0005,57.9832138871203,0.78879035,4.573431,48.2899670916639,22.7266483516484,0.587350094240722,1167.82737643786,1167.82745573554,21.597,500
3048,"DE",0.754383966046695,4.37394198853054,0.78879035,4.573431,14.8964621297544,2.18269230769231,0.994571769420109,4.36191745415048,4.36191147235985,54.373,500
3050,"BiLSTM",0.241578981280327,1.69811165332794,0.20634939,1.4450082,13.8696678462397,2.24725274725275,0.991927308028409,17.0727867333782,17.5157105217771,NA,500
3050,"ABC",0.228297254033009,1.59870302542262,0.20634939,1.4450082,13.7709696499008,1.83241758241758,0.993262568719686,10.6362631035686,10.6362597404373,39.058,500
3050,"ABC-SMC",2.15704564807401,15.105198781988,0.20634939,1.4450082,45.0523710344832,16.3928571428571,0.805962176314194,945.336576024775,945.336544248538,32.585,500
3050,"NelderMead",10.0005,70.0307573713841,0.20634939,1.4450082,46.6631532345698,18.2898351648352,0.760686679613803,4746.39184055742,4746.39169323635,16.689,500
3050,"DE",0.199630826458969,1.39795989916474,0.20634939,1.4450082,15.8441527455502,1.48763736263736,0.994057730756722,3.25591635673384,3.25591929756943,53.06,500
3062,"BiLSTM",0.851986467838287,3.90947294235229,0.9127125,3.9755764,18.5625182210966,1.6717032967033,0.99437355798087,6.65335822197162,1.6627389590024,NA,500
3062,"ABC",3.61145540275846,15.7307104447608,0.9127125,3.9755764,36.1663744384822,6.99313186813187,0.907932612533541,295.683789008966,295.683766629685,60.663,500
3062,"ABC-SMC",1.94772311556977,8.48385621325772,0.9127125,3.9755764,31.2756038219817,5.0206043956044,0.955639119817304,113.399412801925,113.399400732375,38.236,500
3062,"NelderMead",10.0005,43.5599923738978,0.9127125,3.9755764,38.7410031409165,8.56043956043956,0.851615383326071,995.690044784091,995.689982813507,16.207,500
3062,"DE",0.921829410665597,4.01528744549054,0.9127125,3.9755764,18.0855501201077,1.65659340659341,0.994264276928155,0.998880881504009,0.998875169158919,36.143,500
3068,"BiLSTM",0.641521573066711,3.04079556465149,0.5659913,2.5765822,10.3180172927919,1.56043956043956,0.995298210687635,13.344776336087,18.0166332225492,NA,500
3068,"ABC",0.658991401642369,2.99995002283164,0.5659913,2.5765822,10.9760978091733,1.75412087912088,0.994618062950538,16.4313659313083,16.4313726467428,30.314,500
3068,"ABC-SMC",1.45214229465502,6.61063907533239,0.5659913,2.5765822,24.3278927513201,7.69368131868132,0.92697726530886,156.566186557111,156.566201355128,21.951,500
3068,"NelderMead",10.0005,45.5256322443024,0.5659913,2.5765822,28.0277684704758,12.5686813186813,0.762464964576372,1666.89995058228,1666.90005249211,9.712,500
3068,"DE",0.55910821792255,2.54524824897848,0.5659913,2.5765822,7.00376622219106,0.98489010989011,0.997037650479751,1.21611093270339,1.21610523512588,23.178,500
3100,"BiLSTM",0.303998440504074,4.45979452133179,0.31842378,4.039116,13.1035786150794,1.96978021978022,0.994948920830856,4.53023310505449,10.4151136370381,NA,500
3100,"ABC",0.335633087040713,4.25741107239794,0.31842378,4.039116,17.3717076850797,2.51373626373626,0.993485433771493,5.40452947349394,5.40452595067695,62.685,500
3100,"ABC-SMC",1.72306086966104,21.856541289151,0.31842378,4.039116,57.6005711312362,22.4793956043956,0.618340082357976,441.121919242666,441.121901157357,51.385,500
3100,"NelderMead",10.0005,126.8535227111,0.31842378,4.039116,61.9344967519026,27.3667582417582,0.445567824595805,3040.62599219191,3040.62588722631,24.734,500
3100,"DE",0.331102422301019,4.19994086766286,0.31842378,4.039116,17.485500875345,2.32967032967033,0.994175225315136,3.98168827121481,3.98168479595186,62.306,500
3106,"BiLSTM",0.611709296703339,2.84544277191162,0.51110685,2.2131777,27.7303304415815,5.20741758241758,0.960489656387789,19.6832514968912,28.5682018173064,NA,500
3106,"ABC",0.519852427120011,2.25104758471976,0.51110685,2.2131777,16.1628208485748,1.79807692307692,0.992714543390818,1.71110544106595,1.71110908625886,44.17,500
3106,"ABC-SMC",1.79200834327661,7.75969456424065,0.51110685,2.2131777,56.6520737410575,20.5837912087912,0.483159087196051,250.61325107981,250.61326364533,31.74,500
3106,"NelderMead",10.0005,43.3038304653197,0.51110685,2.2131777,60.5245668717197,25.1648351648352,0.237089359635345,1856.63587760563,1856.6359477289,13.545,500
3106,"DE",0.510134281861747,2.20896639730901,0.51110685,2.2131777,17.0963317558551,1.57554945054945,0.993818173075653,0.190286656939254,0.19028307988974,40.737,500
3111,"BiLSTM",0.843662202358246,4.21865558624268,0.7229783,3.747719,10.2600646494692,4.55769230769231,0.985882580147905,16.6926036864794,12.5659524164612,NA,500
3111,"ABC",0.70486050401204,3.65380146503431,0.7229783,3.747719,4.55838203447873,1.1771978021978,0.99862535115732,2.50599443827841,2.50599191043103,46.442,500
3111,"ABC-SMC",1.53239801191539,7.94352651210045,0.7229783,3.747719,20.7188853074374,14.5192307692308,0.85293781313955,111.956294112201,111.956299607854,30.963,500
3111,"NelderMead",10.0005,51.8398198552653,0.7229783,3.747719,24.8322137033032,26.0357142857143,0.514832190419579,1283.2365369749,1283.23657283978,15.439,500
3111,"DE",0.673620530850323,3.4918621039037,0.7229783,3.747719,3.73606373059593,0.916208791208791,0.998900906684337,6.82700561685969,6.82700320104849,32.816,500
3125,"BiLSTM",0.374205082654953,1.71301698684692,0.37169486,1.7910817,26.6046256470684,1.89148351648352,0.986160463750762,0.675345000722632,4.3585232964569,NA,500
3125,"ABC",0.374543094784901,1.80480638503603,0.37169486,1.7910817,27.3315751600041,1.8956043956044,0.986126250060851,0.766283070177865,0.766279117029271,47.948,500
3125,"ABC-SMC",1.21905235573987,5.87423318162114,0.37169486,1.7910817,83.8421176229506,15.2843406593407,0.722568496333895,227.971270772986,227.971257906389,39.177,500
3125,"NelderMead",10.0005,48.1892911786781,0.37169486,1.7910817,92.1046818403498,19.9436813186813,0.48086677759696,2590.51339585379,2590.51329030262,16.166,500
3125,"DE",0.353700956701402,1.70437462053506,0.37169486,1.7910817,25.6361773815753,1.93406593406593,0.986804680850434,4.84104173477083,4.84104546793922,55.977,500
3143,"BiLSTM",0.439886897802353,3.92515063285828,0.3812888,3.1192267,19.4030160318498,3.93131868131868,0.974098563775067,15.3684288136323,25.8372991247567,NA,500
3143,"ABC",0.396569443202218,3.24423390914511,0.3812888,3.1192267,14.105368061532,2.02884615384615,0.99131931099339,4.00762970279172,4.00763462127039,39.572,500
3143,"ABC-SMC",1.23179194307723,10.0769770824353,0.3812888,3.1192267,48.7723581526571,20.4574175824176,0.459758156453578,223.060090691683,223.060105969064,31.428,500
3143,"NelderMead",10.0005,81.8115509516498,0.3812888,3.1192267,53.3067270680694,26.6098901098901,0.160280411201781,2522.81504203638,2522.81516606824,13.562,500
3143,"DE",0.389581301244554,3.18706569437317,0.3812888,3.1192267,13.4016019795509,1.84340659340659,0.992071431003785,2.17486095698443,2.1748657887922,35.952,500
3165,"BiLSTM",0.553428828716278,4.25807237625122,0.51412094,3.6284711,18.242580053554,2.82692307692308,0.992330484301473,7.64565020757141,17.3516960422041,NA,500
3165,"ABC",0.463771047219317,3.27312062569005,0.51412094,3.6284711,21.6806536554759,4.15659340659341,0.985433100269268,9.79339467882451,9.7933940912455,77.146,500
3165,"ABC-SMC",1.57185706036343,11.0935725629269,0.51412094,3.6284711,62.9384317703242,25.2225274725275,0.559759777069534,205.736829229993,205.736831221472,58.735,500
3165,"NelderMead",10.0005,70.5797462206259,0.51412094,3.6284711,71.7681160387684,34.2101648351648,0.250381353845858,1845.16488668989,1845.16489936012,25.734,500
3165,"DE",0.522263722749713,3.6859398042012,0.51412094,3.6284711,17.4220728599299,2.06456043956044,0.995797034572125,1.58382631715269,1.58382697883954,66.827,500
3211,"BiLSTM",0.675742864608765,3.48681974411011,0.70899147,3.3619375,17.0047196960376,1.57142857142857,0.994200003913615,4.68956352764517,3.71459148512153,NA,500
3211,"ABC",1.47325366219333,6.98596130971727,0.70899147,3.3619375,29.2712278546107,5.14285714285714,0.956232553035594,107.795682251766,107.795692505208,49.217,500
3211,"ABC-SMC",1.68507194093392,7.99037374590949,0.70899147,3.3619375,30.037835784223,5.80906593406593,0.94322474664262,137.671680441222,137.671692168861,32.219,500
3211,"NelderMead",10.0005,47.4209620995055,0.70899147,3.3619375,38.6044504053259,9.75137362637363,0.817591939374384,1310.52472746957,1310.52479707031,14.455,500
3211,"DE",0.675365865106886,3.2024897847641,0.70899147,3.3619375,18.1576142498557,1.58516483516484,0.994191102739191,4.7427375809069,4.74273288054576,31.731,500
3213,"BiLSTM",0.519660115242004,4.59862804412842,0.58050096,4.760153,13.7110702963217,3.48214285714286,0.990891536105119,10.4807483450149,3.39327235640497,NA,500
3213,"ABC",0.543566531440761,4.4572875722069,0.58050096,4.760153,12.1638882524615,2.27747252747253,0.995806694856051,6.36250947099877,6.36251456188702,78.205,500
3213,"ABC-SMC",1.39324159956935,11.4246888055853,0.58050096,4.760153,51.1757109558338,25.021978021978,0.583456924788809,140.006769251397,140.006756202696,60.274,500
3213,"NelderMead",10.0005,82.0048729779327,0.58050096,4.760153,61.9709892924473,36.8914835164835,0.188546592641384,1622.73616911848,1622.73607545667,23.839,500
3213,"DE",0.514284071234778,4.21716913516145,0.58050096,4.760153,14.8338219613213,3.7706043956044,0.989355064489705,11.406852585605,11.4068574022421,64.492,500
3223,"BiLSTM",0.39337170124054,3.9572229385376,0.3529915,3.5328798,23.5468276711613,2.88186813186813,0.99020673509493,11.43942594667,12.0112532143776,NA,500
3223,"ABC",0.390775150997419,3.91103364941278,0.3529915,3.5328798,24.0146660285407,2.86263736263736,0.990202499897586,10.7038415931882,10.7038413651316,71.638,500
3223,"ABC-SMC",1.76762403429096,17.6910867028706,0.3529915,3.5328798,69.2431630993645,21.081043956044,0.628700558091505,400.755410340181,400.755409308594,54.865,500
3223,"NelderMead",10.0005,100.088994684339,0.3529915,3.5328798,75.4900813098465,25.967032967033,0.438076658655543,2733.07105128594,2733.07104544964,24.896,500
3223,"DE",0.361693129996554,3.6199691780998,0.3529915,3.5328798,20.3607540843364,2.41208791208791,0.991698066344149,2.46511034870643,2.46511013762206,67.119,500
3274,"BiLSTM",0.544031500816345,3.47425174713135,0.57428396,3.5120738,6.71743407579114,1.35989010989011,0.997152788714226,5.2678572432451,1.07691509411483,NA,500
3274,"ABC",0.578992911181348,3.54087158356044,0.57428396,3.5120738,9.03532766348906,1.79945054945055,0.996212468412181,0.819969128399062,0.819965217144394,51.525,500
3274,"ABC-SMC",1.67851718814109,10.2650890869802,0.57428396,3.5120738,37.1210213680962,18.9134615384615,0.714922719388784,192.280005198315,192.279993859474,35.949,500
3274,"NelderMead",10.0005,61.1587561566971,0.57428396,3.5120738,41.719706357218,26.3365384615385,0.435222377468002,1641.3859164724,1641.3858489163,17.261,500
3274,"DE",0.560447588807679,3.42745636943129,0.57428396,3.5120738,7.04174557153392,1.51236263736264,0.996939344939414,2.40932572665298,2.40932951262896,41.452,500
3314,"BiLSTM",0.663291275501251,2.97218132019043,0.6412119,2.8781505,11.0865702063206,2.1771978021978,0.996075125071463,3.44338205533167,3.2670570976198,NA,500
3314,"ABC",0.673904427305589,3.02489426879256,0.6412119,2.8781505,11.0833060730603,2.4271978021978,0.995403610750131,5.09855280377508,5.09854397094811,58.033,500
3314,"ABC-SMC",1.28755739686522,5.77934323134069,0.6412119,2.8781505,31.9122021818363,15.3104395604396,0.86701899737907,100.800608482972,100.80059160703,45.368,500
3314,"NelderMead",10.0005,44.8883460463491,0.6412119,2.8781505,39.6577265975563,28.4244505494506,0.500079439914255,1459.62482917114,1459.62469809515,13.111,500
3314,"DE",0.603144482255608,2.70728045952061,0.6412119,2.8781505,9.89845369629678,1.81730769230769,0.996653732588081,5.93679215005078,5.93680005543119,45.172,500
3341,"BiLSTM",0.38528910279274,3.61464929580688,0.4107986,4.055365,11.7499055414486,1.81318681318681,0.996044793400893,6.2097332384434,10.8674731915158,NA,500
3341,"ABC",0.561545878874382,5.54352791080794,0.4107986,4.055365,18.7694959437358,5.11950549450549,0.982367792243454,36.6961520497834,36.6961521541943,63.579,500
3341,"ABC-SMC",1.42080236184362,14.0260268037402,0.4107986,4.055365,33.6349522665227,14.5576923076923,0.853408025460677,245.86348683847,245.863487102646,49.498,500
3341,"NelderMead",10.0005,98.7239920327799,0.4107986,4.055365,38.5725912503095,20.706043956044,0.671248149130244,2334.40459631557,2334.40459817501,19.434,500
3341,"DE",0.394745396340819,3.89688929186816,0.4107986,4.055365,11.9844358205534,1.74038461538462,0.996314768826632,3.90780388715567,3.90780381375881,48.784,500
3350,"BiLSTM",0.570421874523163,4.15462303161621,0.5494768,3.6872847,10.147779206884,1.39010989010989,0.995682174323572,3.81182144963406,12.6743218828807,NA,500
3350,"ABC",0.599504582535496,4.02299796842166,0.5494768,3.6872847,12.423871934563,1.88324175824176,0.993289739553395,9.10462143906638,9.1046202215321,44.266,500
3350,"ABC-SMC",1.5844701128666,10.6326460727425,0.5494768,3.6872847,38.3654682811571,14.989010989011,0.687400917359981,188.359783864688,188.359780646787,31.551,500
3350,"NelderMead",10.0005,67.1087300334668,0.5494768,3.6872847,44.2366944699364,21.5906593406593,0.36983936165226,1720.00404748663,1720.0040271766,14.081,500
3350,"DE",0.543711029968616,3.64859324297605,0.5494768,3.6872847,9.98386877349447,1.41758241758242,0.995225365496356,1.04932001339897,1.04932111762208,33.797,500
3352,"BiLSTM",0.326850563287735,1.55112981796265,0.2826393,1.2992388,31.1041799210392,1.76373626373626,0.981930662796095,15.6422915311972,19.3875843272728,NA,500
3352,"ABC",0.27373869456204,1.25832427752329,0.2826393,1.2992388,31.5370566865942,1.79395604395604,0.982497693767059,3.1491039773873,3.14911488763363,39.056,500
3352,"ABC-SMC",1.64306247233499,7.55284305616488,0.2826393,1.2992388,74.529540985357,10.0755494505495,0.853429578136015,481.328382972568,481.328317485968,32.544,500
3352,"NelderMead",10.0005,45.9703804663232,0.2826393,1.2992388,80.872580274165,11.9010989010989,0.776561149993722,3438.25529570729,3438.25489712309,14.388,500
3352,"DE",0.309205919632741,1.42136030878021,0.2826393,1.2992388,31.0076833475264,1.65521978021978,0.983092067716441,9.39947828654435,9.39946596270114,54.702,500
3353,"BiLSTM",0.799548149108887,4.04729652404785,0.9591131,4.7023535,13.4511822337633,3.26923076923077,0.991263807288727,16.6367189532823,13.9304068899148,NA,500
3353,"ABC",1.11539571108712,5.46857794259735,0.9591131,4.7023535,16.0096953538114,4.4532967032967,0.984569243056557,16.294492389596,16.2944883364756,75.468,500
3353,"ABC-SMC",1.71040877997142,8.38581647212914,0.9591131,4.7023535,24.4139253945736,11.2788461538462,0.911997383818445,78.332334317133,78.3323281018566,46.05,500
3353,"NelderMead",10.0005,49.0305935116451,0.9591131,4.7023535,36.7729442126662,22.7912087912088,0.633780470370329,942.6820361436,942.681999803823,20.815,500
3353,"DE",0.90571891132908,4.44057154914113,0.9591131,4.7023535,12.6872038249109,2.11401098901099,0.995926945283409,5.56703778427388,5.56704107547156,47.501,500
3449,"BiLSTM",0.594848811626434,4.74408149719238,0.59212524,4.8614616,13.2957348785984,1.84065934065934,0.989945202050434,0.459965467176223,2.41450231361731,NA,500
3449,"ABC",0.572078347745922,4.6968729673796,0.59212524,4.8614616,12.9219009265659,1.49725274725275,0.992933528577913,3.38558313340565,3.38557919742497,37.687,500
3449,"ABC-SMC",1.3102362246715,10.7572907256302,0.59212524,4.8614616,35.9591977413276,10.760989010989,0.736495841492835,121.27687458003,121.276883594642,28.761,500
3449,"NelderMead",10.0005,82.1060232315259,0.59212524,4.8614616,45.6679482398209,17.5521978021978,0.353117692436875,1588.91635154752,1588.91642035239,14.034,500
3449,"DE",0.567539332591735,4.65960678231906,0.59212524,4.8614616,13.4566342730253,1.43818681318681,0.993516966033468,4.15214649662037,4.15214259186877,29.395,500
3463,"BiLSTM",0.515486299991608,4.01570272445679,0.5071398,3.8638234,13.9114026195456,1.9532967032967,0.99461885953899,1.64579865189197,3.930803992149,NA,500
3463,"ABC",0.489977124873157,3.73306348022753,0.5071398,3.8638234,13.829516583939,1.99587912087912,0.994683424884853,3.38420986221998,3.38421056646809,65.606,500
3463,"ABC-SMC",1.2358465171169,9.41573242099783,0.5071398,3.8638234,47.0616211075668,17.2788461538462,0.748165815534471,143.689514630266,143.689512853973,48.544,500
3463,"NelderMead",10.0005,76.1923351905048,0.5071398,3.8638234,58.3307734153186,27.0645604395604,0.397591987390366,1871.94146466122,1871.94145028742,22.57,500
3463,"DE",0.492629729092287,3.75327328071668,0.5071398,3.8638234,14.2071908795367,1.92857142857143,0.994849100580679,2.86115798990991,2.86115869797063,56.72,500
3479,"BiLSTM",0.31734511256218,1.53244256973267,0.23228616,1.1283019,20.0108368111126,3.69093406593407,0.954789653343836,36.6181749968141,35.818487031943,NA,500
3479,"ABC",0.199166818938539,0.967428648209694,0.23228616,1.1283019,19.3473522561373,1.96428571428571,0.98004293821544,14.25799154864,14.2579970653516,32.344,500
3479,"ABC-SMC",1.44218133201324,7.00522076889409,0.23228616,1.1283019,56.3387073931832,13.2664835164835,0.771648811699987,520.86408075851,520.864040811603,27.676,500
3479,"NelderMead",10.0005,48.5762148935389,0.23228616,1.1283019,60.3516339990063,15.0892857142857,0.665228249408509,4205.25004158664,4205.2497645833,12.183,500
3479,"DE",0.234785019908083,1.14043973609708,0.23228616,1.1283019,18.905604936939,1.21840659340659,0.983199634946681,1.07576788392534,1.07576138062709,53.76,500
3489,"BiLSTM",0.270944714546204,1.70720732212067,0.28505448,1.7337698,13.899759497586,1.78571428571429,0.994819640108031,4.94984869341341,1.53206486116746,NA,500
3489,"ABC",0.331560889769853,2.01663291795802,0.28505448,1.7337698,13.3324348907219,2.1978021978022,0.993740349461106,16.3149197900182,16.3149178142348,45.074,500
3489,"ABC-SMC",1.83557304654287,11.1643958717335,0.28505448,1.7337698,44.6404973995224,16.3763736263736,0.823517420190558,543.937624324611,543.937613386364,37.533,500
3489,"NelderMead",10.0005,60.8254414748313,0.28505448,1.7337698,47.0571718133606,19.5137362637363,0.725565176255285,3408.2767336265,3408.27667403316,15.692,500
3489,"DE",0.291638349236017,1.773814443605,0.28505448,1.7337698,11.8603819460585,1.57005494505495,0.99522679633772,2.30968804139384,2.30968630351033,48.7,500
3507,"BiLSTM",0.716282844543457,4.01802253723145,0.7628079,4.120238,10.1666027045734,1.58516483516484,0.994881157318895,6.09918374685723,2.48081452499963,NA,500
3507,"ABC",0.871329198024165,4.70640608838362,0.7628079,4.120238,13.9679800050894,2.20192307692308,0.991042031251289,14.2265566499986,14.2265589605168,45.052,500
3507,"ABC-SMC",1.76370839452696,9.52651184530232,0.7628079,4.120238,30.6027925926134,9.39697802197802,0.86777383608106,131.212654526383,131.212659203238,30.833,500
3507,"NelderMead",10.0005,54.0167989246874,0.7628079,4.120238,38.8423654579031,15.7692307692308,0.618998419633531,1211.01159282698,1211.01161934547,13.854,500
3507,"DE",0.76773473780055,4.14684995342932,0.7628079,4.120238,11.441069460896,1.36538461538462,0.996059576396071,0.645881853157296,0.645883888972355,30.014,500
3579,"BiLSTM",0.935791790485382,4.7657036781311,0.9081029,4.958669,8.27267779679128,1.13461538461538,0.997291775922285,3.04909173678248,3.89147414092162,NA,500
3579,"ABC",1.96762050649652,10.7441338519498,0.9081029,4.958669,15.6399679155126,5.93818681318681,0.943075233872239,116.673738900792,116.673745554499,44.531,500
3579,"ABC-SMC",1.62942844010539,8.89744602928445,0.9081029,4.958669,13.6059141994896,4.85027472527473,0.963102098621934,79.4321370524629,79.4321425625394,30.053,500
3579,"NelderMead",10.0005,54.6074358503918,0.9081029,4.958669,21.6641734159484,10.7692307692308,0.795164903852615,1001.25185152476,1001.25188534245,12.495,500
3579,"DE",0.933768169883386,5.09881360292433,0.9081029,4.958669,8.89428203216764,1.15247252747253,0.997215992683241,2.82625128533184,2.82625444296304,27.427,500
3616,"BiLSTM",0.937519669532776,4.22941923141479,1.1039655,4.7643337,8.82937828854786,4.14010989010989,0.987387943733089,15.0770862374978,11.2274769625227,NA,500
3616,"ABC",1.13111040960283,4.88148180935556,1.1039655,4.7643337,9.48018683470225,2.71016483516484,0.994706178030957,2.45885488294953,2.45885609052874,68.086,500
3616,"ABC-SMC",1.51367827373634,6.53251256086944,1.1039655,4.7643337,19.9923855654553,11.1401098901099,0.919770425850274,37.1128240634635,37.1128256794741,44.883,500
3616,"NelderMead",10.0005,43.1587035359366,1.1039655,4.7643337,33.8687843677981,32.3475274725275,0.364801849733778,805.870699763716,805.8707104403,17.864,500
3616,"DE",1.02065996327658,4.40481583581361,1.1039655,4.7643337,6.88840679834318,1.78296703296703,0.997245745407459,7.5460271832241,7.54602609356236,41.402,500
3643,"BiLSTM",0.906363844871521,4.35985565185547,0.9583307,4.474731,11.4350070429558,1.6456043956044,0.997396809568589,5.4226432617132,2.56720120482173,NA,500
3643,"ABC",1.73004348389169,8.07808804535911,0.9583307,4.474731,18.841725891981,8.04532967032967,0.958406671518195,80.526772636178,80.5267857522411,73.181,500
3643,"ABC-SMC",1.71654192670716,8.01504525556705,0.9583307,4.474731,19.1453532817114,7.98901098901099,0.95929028495266,79.1179106238755,79.1179236375785,44.089,500
3643,"NelderMead",10.0005,46.6953115628574,0.9583307,4.474731,28.654020702447,16.918956043956,0.782998153261511,943.533302230639,943.533378047918,7.14699999999999,500
3643,"DE",0.925148119312651,4.31979197771069,0.9583307,4.474731,10.9407214377633,1.57417582417582,0.997583235080634,3.46253967313669,3.46253265926615,45.433,500
3710,"BiLSTM",0.267846912145615,2.23782014846802,0.2526095,2.1097317,16.0650190744413,1.64972527472527,0.990957488503663,6.03200281288496,6.07131458791738,NA,500
3710,"ABC",0.248395998910834,2.07454154032208,0.2526095,2.1097317,15.6832797405965,1.41758241758242,0.993235685977094,1.66798995650054,1.66799217539952,31.405,500
3710,"ABC-SMC",1.3631989170678,11.3850979628476,0.2526095,2.1097317,58.0546812598567,21.2362637362637,0.38424963790334,439.646734215381,439.646722038048,26.49,500
3710,"NelderMead",10.0005,83.5216861984892,0.2526095,2.1097317,60.3961608169036,24.2513736263736,0.233528856377581,3858.8772393754,3858.87715004184,12.075,500
3710,"DE",0.243112021472466,2.03041107629655,0.2526095,2.1097317,17.5486651475063,1.60164835164835,0.992239158025554,3.75974717005268,3.75974934175037,38.668,500
3769,"BiLSTM",0.371191918849945,2.88717699050903,0.38512668,3.0638218,12.2709309144957,1.75549450549451,0.997320099316066,3.61822794257072,5.76550534012672,NA,500
3769,"ABC",0.392541460647237,3.1228089794325,0.38512668,3.0638218,10.3587763133579,2,0.996627722801188,1.92528355792875,1.92528101446708,58.366,500
3769,"ABC-SMC",1.94825939069246,15.4991065389285,0.38512668,3.0638218,44.3386342327515,26.1524725274725,0.640782154400901,405.874947612682,405.874934988989,45.269,500
3769,"NelderMead",10.0005,79.5575864707951,0.38512668,3.0638218,46.8465798284753,31.4271978021978,0.471023443641974,2496.67805928169,2496.67799448372,23.088,500
3769,"DE",0.37493412086116,2.98273623731446,0.38512668,3.0638218,11.5985160667012,1.73214285714286,0.997340004513882,2.64654714101856,2.64654957039395,55.168,500
3843,"BiLSTM",0.341426938772202,3.01408243179321,0.52485293,4.439558,25.9706076190261,3.74450549450549,0.981481452644936,34.9480741638993,32.1085019771515,NA,500
3843,"ABC",2.05077080243378,17.346795723717,0.52485293,4.439558,27.7215732013418,6.43681318681319,0.918104392740365,290.732467175859,290.732494624847,53.23,500
3843,"ABC-SMC",1.87993137258046,15.9017211753058,0.52485293,4.439558,27.8352325446014,6.16620879120879,0.92481332959068,258.182505064887,258.182530227238,36.691,500
3843,"NelderMead",10.0005,84.5909403572334,0.52485293,4.439558,31.8830898740913,8.71703296703297,0.84487581259879,1805.39090636305,1805.39104021692,17.22,500
3843,"DE",0.500907680789724,4.23701332435015,0.52485293,4.439558,14.9319535576057,1.74862637362637,0.993096527166036,4.5622778956908,4.56227119118278,35.296,500
3857,"BiLSTM",0.602784514427185,3.25023055076599,0.56498617,2.978742,11.3323483545243,1.68269230769231,0.995740153849181,6.69013622531417,9.11420159134263,NA,500
3857,"ABC",0.79866783754864,4.21076742731173,0.56498617,2.978742,17.1672067448056,3.91208791208791,0.986256106449992,41.3605995963831,41.3605954228908,44.58,500
3857,"ABC-SMC",1.58895876397502,8.37736978018731,0.56498617,2.978742,28.1017377453164,8.83241758241758,0.927961897223986,181.238523763338,181.238515460127,33.202,500
3857,"NelderMead",10.0005,52.7250224399657,0.56498617,2.978742,33.5019967497308,13.6401098901099,0.793355221538677,1670.04332690126,1670.04327464298,14.868,500
3857,"DE",0.551516330447829,2.90772570360175,0.56498617,2.978742,10.1961188910361,1.31730769230769,0.996520013659055,2.38410075633729,2.38410363832281,34.972,500
3974,"BiLSTM",0.443142890930176,2.70439648628235,0.19155811,1.1229231,27.1390604527178,3.7032967032967,0.980612904435989,131.336011265812,140.835413064559,NA,500
3974,"ABC",0.250534655673346,1.46864665417549,0.19155811,1.1229231,26.9852011737665,1.73763736263736,0.988506278151401,30.787809335426,30.7878210160154,32.644,500
3974,"ABC-SMC",1.36876650098879,8.02377753537492,0.19155811,1.1229231,44.0120377336245,6.31456043956044,0.946053608337971,614.54374914682,614.543812962341,29.401,500
3974,"NelderMead",10.0005,58.6234300624326,0.19155811,1.1229231,49.5047777717394,7.53571428571429,0.911733882163623,5120.60903607788,5120.60950232768,12.436,500
3974,"DE",0.187737770892576,1.1005281817907,0.19155811,1.1229231,24.2931532560559,1.4478021978022,0.98711192140888,1.99434996901147,1.99434121617919,41.804,500
4013,"BiLSTM",0.500920832157135,3.40840029716492,0.4462771,3.095542,21.7298583700619,2.36401098901099,0.991910728824143,12.2443504623327,10.1067372746006,NA,500
4013,"ABC",0.44554000154121,3.09042915541965,0.4462771,3.095542,17.2437946792891,2.0206043956044,0.993226609237257,0.165166094964217,0.165167992563151,61.142,500
4013,"ABC-SMC",1.82178996751111,12.6366045948101,0.4462771,3.095542,56.5514161123916,15.5082417582418,0.755544857619939,308.219459952373,308.21945219319,43.411,500
4013,"NelderMead",10.0005,69.3671424829754,0.4462771,3.095542,62.9085798217142,20.0274725274725,0.577594734551999,2140.87231901435,2140.87227642123,19.604,500
4013,"DE",0.459288533181559,3.18579402249908,0.4462771,3.095542,16.9289403715184,1.93956043956044,0.993556263997443,2.91555026721279,2.9155483110575,50.772,500
4032,"BiLSTM",0.870318472385406,3.9869909286499,0.84350616,3.7497952,19.7060403969023,2.55494505494505,0.99343986456201,3.17867416468025,6.32556489084797,NA,500
4032,"ABC",1.16367102028866,5.17308354215041,0.84350616,3.7497952,27.2977895241996,5.19230769230769,0.982953875931941,37.9564341638791,37.9564287177713,93.979,500
4032,"ABC-SMC",1.76021487555961,7.82501105952346,0.84350616,3.7497952,36.1144606207039,9.33241758241758,0.942107545527346,108.678366446027,108.678358208029,57.86,500
4032,"NelderMead",10.0005,44.4570854316214,0.84350616,3.7497952,48.4271442369899,17.0178571428571,0.768186980461175,1085.58707383951,1085.58702703607,26.521,500
4032,"DE",0.880396978898907,3.91379268083097,0.84350616,3.7497952,19.7019435004496,2.56593406593407,0.993397914214845,4.37350912753347,4.37350500717922,63.209,500
4046,"BiLSTM",0.867364346981049,4.36659622192383,0.89186543,4.6059575,7.40767402294806,1.17994505494505,0.997232089841913,2.74717263331435,5.19677565579299,NA,500
4046,"ABC",1.95351670412239,10.0887581266996,0.89186543,4.6059575,17.2577000254311,5.3956043956044,0.951859116153838,119.037159465009,119.037151921172,44.852,500
4046,"ABC-SMC",1.68138072261441,8.68333677083801,0.89186543,4.6059575,15.5509988107949,4.64697802197802,0.964349986011177,88.5240380507194,88.5240315577817,26.421,500
4046,"NelderMead",10.0005,51.6466664621561,0.89186543,4.6059575,24.4690026422877,9.37087912087912,0.827092219617286,1021.30145015263,1021.301411534,12.266,500
4046,"DE",0.860838728191027,4.44572278111981,0.89186543,4.6059575,6.86921987471298,1.19230769230769,0.997189292991167,3.47885463045395,3.47885795472914,26.875,500
4049,"BiLSTM",0.111373223364353,1.26883137226105,0.18587252,2.0119925,32.7422114187385,5.76785714285714,0.943825733701318,40.0808557583697,36.936575446427,NA,500
4049,"ABC",0.181251975514761,1.96197708754805,0.18587252,2.0119925,16.6851347211858,1.24725274725275,0.994568961418165,2.48586745649075,2.48586475605419,32.354,500
4049,"ABC-SMC",1.5189018060946,16.4414789594956,0.18587252,2.0119925,61.8799452963827,19.3653846153846,0.560167013416061,717.173945935955,717.173968565766,27.876,500
4049,"NelderMead",10.0005,108.251244204653,0.18587252,2.0119925,63.5091127352615,21.7527472527473,0.465317494442628,5280.30043386725,5280.30058286268,12.451,500
4049,"DE",0.183341980862776,1.98460052430791,0.18587252,2.0119925,15.9037993948519,1.21016483516484,0.994698689458049,1.3614380098922,1.36143527831707,42.513,500
4069,"BiLSTM",0.671867191791534,4.78905963897705,0.67876357,4.964864,10.5249467327675,1.3282967032967,0.994496671189343,1.01602067542687,3.54097032714188,NA,500
4069,"ABC",0.696790886075444,5.09672594766618,0.67876357,4.964864,11.3114061197233,1.56318681318681,0.992493971456666,2.6559050709578,2.65590251145209,40.866,500
4069,"ABC-SMC",1.58262021163469,11.5761868576824,0.67876357,4.964864,35.1467437103719,10.8612637362637,0.73100054201211,133.16222048197,133.162214668568,27.898,500
4069,"NelderMead",10.0005,73.1493606736368,0.67876357,4.964864,45.9794927462992,17.0137362637363,0.365192519792335,1373.340709785,1373.3406730504,12.819,500
4069,"DE",0.642217282389805,4.69754348486323,0.67876357,4.964864,9.94991446350295,1.34615384615385,0.994301654511859,5.38424412055514,5.3842464795969,31.017,500
4073,"BiLSTM",0.730458736419678,4.05019330978394,0.76556665,4.0929837,10.9755255314422,2.00961538461538,0.994719991453298,4.58587290607843,1.04545713719955,NA,500
4073,"ABC",0.914033636322707,4.8867397333334,0.76556665,4.0929837,11.6823617442907,3.56318681318681,0.989111397051186,19.3930843673384,19.3930905059164,67.766,500
4073,"ABC-SMC",1.6617199814415,8.88412935398502,0.76556665,4.0929837,28.0546754581901,11.6195054945055,0.89080718158763,117.057519608711,117.057530768691,42.128,500
4073,"NelderMead",10.0005,53.4661294302159,0.76556665,4.0929837,39.663257263738,20.456043956044,0.623063769275865,1206.28731019043,1206.287377353,20.339,500
4073,"DE",0.771748738593744,4.12603549275126,0.76556665,4.0929837,9.22810393773527,1.9271978021978,0.995640278944404,0.807518012147476,0.807523195151246,46.939,500
4110,"BiLSTM",0.342439830303192,2.5060441493988,0.34426346,2.554479,13.295514395436,1.73214285714286,0.995895383841423,0.52971921469908,1.89607550507154,NA,500
4110,"ABC",0.37314620530582,2.76879270139727,0.34426346,2.554479,13.6359888809666,1.94368131868132,0.995304684119791,8.38972143770931,8.38972257737363,53.337,500
4110,"ABC-SMC",1.40687993028762,10.4392295227286,0.34426346,2.554479,47.8340907060387,18.0631868131868,0.759795787355651,308.663739767102,308.663744063999,45.472,500
4110,"NelderMead",10.0005,74.2049926184564,0.34426346,2.554479,52.2187812354777,23.9821428571429,0.573903234538587,2804.89731323795,2804.89734378151,18.098,500
4110,"DE",0.353113999447675,2.6201511646906,0.34426346,2.554479,13.083871020078,1.69642857142857,0.996040929465472,2.57086228311162,2.5708633615935,47.824,500
4148,"BiLSTM",0.410660237073898,1.85054576396942,0.36947945,1.6294358,12.1348320813537,1.53021978021978,0.996020866908849,11.1456231392296,13.569725420874,NA,500
4148,"ABC",0.384006749533414,1.69350239923359,0.36947945,1.6294358,10.6214181687784,1.13186813186813,0.996695257437881,3.93182882929333,3.93182715352091,34.544,500
4148,"ABC-SMC",1.67762412694358,7.39846496824113,0.36947945,1.6294358,39.6971512531002,14.2802197802198,0.815418718390858,354.050726486569,354.050719165562,27.166,500
4148,"NelderMead",10.0005,44.1030548658673,0.36947945,1.6294358,42.3744925513395,18.0741758241758,0.662435042023076,2606.64579586226,2606.64575222094,7.88800000000001,500
4148,"DE",0.376725021694692,1.66138936064657,0.36947945,1.6294358,10.7828505939578,1.14010989010989,0.996543368006524,1.96102156552728,1.96101992153171,36.885,500
4165,"BiLSTM",0.368938833475113,4.61337947845459,0.3427608,4.627341,17.3415344135016,4.38186813186813,0.984389956334894,7.63740587462538,0.301718017872695,NA,500
4165,"ABC",0.344291070901939,4.6479993630866,0.3427608,4.627341,13.9561041029134,2.10027472527473,0.996055471810561,0.446454466770646,0.446441338267368,52.208,500
4165,"ABC-SMC",1.28676671601825,17.3716119352898,0.3427608,4.627341,44.8770844613959,32.4766483516484,0.33283832425126,275.412449737031,275.412400670057,43.403,500
4165,"NelderMead",10.0005,135.008780532059,0.3427608,4.627341,47.3496338823795,39.4725274725275,0.113861613303449,2817.63235469167,2817.63197335271,15.224,500
4165,"DE",0.329544375284065,4.44891597803119,0.3427608,4.627341,12.7395596343238,1.40247252747253,0.998244977830768,3.85587404275368,3.85588660893614,47.37,500
4186,"BiLSTM",0.933369636535645,4.248375415802,0.924778,3.8847404,12.9392247508668,1.85164835164835,0.9940739784641,0.929048543071369,9.36060015238089,NA,500
4186,"ABC",1.47652731698223,6.20248900242059,0.924778,3.8847404,24.636988597868,5.15659340659341,0.961690069709088,59.6628939034266,59.6628954259231,51.933,500
4186,"ABC-SMC",2.11968804294431,8.90423199334733,0.924778,3.8847404,29.5242974906093,7.74587912087912,0.915926526987374,129.210474615995,129.210476801676,31.012,500
4186,"NelderMead",10.0005,42.0093760239274,0.924778,3.8847404,37.9487905005508,12.4615384615385,0.761562009695254,981.394669855901,981.39468016775,14.33,500
4186,"DE",0.890286774203825,3.73985219405608,0.924778,3.8847404,12.0516298634403,1.69368131868132,0.994723289927725,3.7296762894635,3.72967537145915,32.587,500
4205,"BiLSTM",0.375731378793716,1.81937038898468,0.43789423,2.20006,31.5620991513147,5.32554945054945,0.972366874482327,14.1958598555372,17.3036013115697,NA,500
4205,"ABC",0.41688145902796,2.09448785574069,0.43789423,2.20006,17.9369022469545,2.75274725274725,0.988546862442231,4.79859507900811,4.79860295897876,72.011,500
4205,"ABC-SMC",1.65684326617609,8.32428025934064,0.43789423,2.20006,78.1639302459766,27.146978021978,0.476021489422973,278.366087668269,278.366056350311,51.467,500
4205,"NelderMead",10.0005,50.2443208920212,0.43789423,2.20006,83.8158835890351,33.0412087912088,0.247341393108355,2183.77067220091,2183.77048316961,21.576,500
4205,"DE",0.455713994031484,2.28958953563347,0.43789423,2.20006,15.0702304408535,2.53159340659341,0.989465135337391,4.0694219769656,4.06941336297517,72.256,500
4258,"BiLSTM",0.690867841243744,2.89605212211609,0.627698,2.6020284,7.8686070236592,2.52197802197802,0.996205378059449,10.0637314829335,11.2997891228277,NA,500
4258,"ABC",0.706474401924768,2.92858407394762,0.627698,2.6020284,7.8148335203661,2.86401098901099,0.995288091694794,12.5500482596358,12.5500426493276,45.829,500
4258,"ABC-SMC",1.46750656339506,6.08332918823864,0.627698,2.6020284,21.1056026402538,13.0686813186813,0.900499747105147,133.791817624887,133.791805971012,30.741,500
4258,"NelderMead",10.0005,41.4555785060588,0.627698,2.6020284,24.7242849658043,23.0947802197802,0.652372436795533,1493.20246360511,1493.20238418838,13.58,500
4258,"DE",0.596109296256506,2.47108201881436,0.627698,2.6020284,6.49521167023167,1.14010989010989,0.998586565485775,5.03246843920071,5.03247317306909,33.525,500
4265,"BiLSTM",1.02644217014313,4.73833274841309,1.0605179,4.652652,13.1502069199,1.76373626373626,0.995458407048251,3.21312161321111,1.84154646453434,NA,500
4265,"ABC",1.11521651217902,4.89262278769822,1.0605179,4.652652,13.7957827414743,1.98351648351648,0.994172416688704,5.15772644469433,5.15772053655041,73.233,500
4265,"ABC-SMC",1.59928620986715,7.01630945112075,1.0605179,4.652652,27.7090476065327,7.10714285714286,0.937904694180485,50.8023777691214,50.8023692964948,45.604,500
4265,"NelderMead",10.0005,43.873699549852,1.0605179,4.652652,47.7191813874127,18.6222527472527,0.571213951451422,842.98266912798,842.982616147781,18.063,500
4265,"DE",1.03546433045127,4.54273795598298,1.0605179,4.652652,12.5461855280618,1.7032967032967,0.995687751507206,2.36239006892079,2.36239555455718,43.492,500
4286,"BiLSTM",0.487043976783752,2.41389441490173,0.4126784,1.9236205,9.72805509352374,1.47664835164835,0.995848758100095,18.0202251399037,25.487039408331,NA,500
4286,"ABC",0.584406990924827,2.72410019965694,0.4126784,1.9236205,12.8760420562926,2.33379120879121,0.993048753473213,41.6131764892048,41.6131820001367,30.321,500
4286,"ABC-SMC",1.07918353163541,5.03040538468279,0.4126784,1.9236205,24.235838259068,5.51923076923077,0.961380404518063,161.507152212332,161.507162388984,24.893,500
4286,"NelderMead",10.0005,46.6153972654538,0.4126784,1.9236205,31.2968946919879,9.9478021978022,0.828589629264189,2323.31558908826,2323.31568339253,9.74199999999999,500
4286,"DE",0.431491546149056,2.0113144183214,0.4126784,1.9236205,9.64908281487089,1.12087912087912,0.996148729439511,4.55879109472552,4.5587951636716,28.093,500
4387,"BiLSTM",0.147665426135063,1.36332058906555,0.19887717,1.7418182,41.1380545954413,5.35164835164835,0.971652314638065,25.7504387582229,21.730029628491,NA,500
4387,"ABC",0.193314934047368,1.69310260729367,0.19887717,1.7418182,19.8431074227276,2.07005494505495,0.987507442958786,2.79681974187,2.79682418672246,52.98,500
4387,"ABC-SMC",1.81538997391418,15.8996588299575,0.19887717,1.7418182,77.7484971718403,24.5865384615385,0.569625116438802,812.819693640142,812.819651899236,42.688,500
4387,"NelderMead",10.0005,87.586987046182,0.19887717,1.7418182,79.7408952903106,26.6387362637363,0.488209420943429,4928.48064461094,4928.4804146714,19.463,500
4387,"DE",0.182750786642965,1.60057904928523,0.19887717,1.7418182,25.1460594939955,2.4793956043956,0.987048320747432,8.10871522208178,8.10871942403487,79.391,500
4417,"BiLSTM",0.789372742176056,3.60283160209656,0.74339384,3.2093418,16.1351997165637,1.47664835164835,0.993936990039052,6.18499908151727,12.2607633159098,NA,500
4417,"ABC",1.11407428586668,4.80962446964553,0.74339384,3.2093418,24.684944945395,3.24038461538462,0.981344300429535,49.8632657309459,49.8632669678728,42.717,500
4417,"ABC-SMC",1.53907319677948,6.64440800915495,0.74339384,3.2093418,32.6051858994225,5.15659340659341,0.949742960917215,107.033353515477,107.033355224269,30.866,500
4417,"NelderMead",10.0005,43.1736466040703,0.74339384,3.2093418,44.197466140378,10.0178571428571,0.769284037643548,1245.2492423128,1245.24925341608,12.516,500
4417,"DE",0.803720124744705,3.469779374462,0.74339384,3.2093418,16.6673526480672,1.48626373626374,0.993829170623521,8.11498313527929,8.11498402762827,29.422,500
4484,"BiLSTM",1.06208765506744,4.9635157585144,0.87594366,4.974534,8.37126553602921,2.70879120879121,0.993564019011752,21.2506812444357,0.221492937541405,NA,500
4484,"ABC",1.40213551865518,7.96280807270726,0.87594366,4.974534,13.2383344037913,5.69917582417582,0.969770304168033,60.0714272713816,60.0714372985944,52.784,500
4484,"ABC-SMC",1.66359919771918,9.44767531033881,0.87594366,4.974534,14.7988869255227,7.30769230769231,0.94836196695623,89.9207989837135,89.920810880754,34.992,500
4484,"NelderMead",10.0005,56.7934133838118,0.87594366,4.974534,21.8765677396143,16.1483516483516,0.727585823190472,1041.6830164625,1041.68308797994,15.065,500
4484,"DE",0.84334515626325,4.7894055382125,0.87594366,4.974534,6.10609504950701,1.50137362637363,0.99729781210879,3.72152973134716,3.72152370026016,33.57,500
4618,"BiLSTM",0.298420399427414,1.83285963535309,0.39757252,2.5412402,77.5415107008186,10.7046703296703,0.847991625235062,24.9393797570783,27.8753879561213,NA,500
4618,"ABC",0.359693427841191,2.29912125456711,0.39757252,2.5412402,34.7165823911253,4.14010989010989,0.971655394221845,9.52759314421645,9.52758993159674,78.598,500
4618,"ABC-SMC",1.14152389831814,7.29649655533403,0.39757252,2.5412402,110.993697269148,28.1126373626374,0.317895687168399,187.123440603526,187.123450799103,60.89,500
4618,"NelderMead",10.0005,63.922107902538,0.39757252,2.5412402,121.923828755563,35.8997252747253,-0.00461171139123314,2415.39014819233,2415.3902375123,23.491,500
4618,"DE",0.40885595259526,2.61336276370073,0.39757252,2.5412402,30.6844782348739,3.31181318681319,0.981105008234445,2.83808161471013,2.83808526642739,87.554,500
4688,"BiLSTM",0.286621659994125,1.7341855764389,0.16478275,1.0381774,63.9682853904085,7.33379120879121,0.922080943009359,73.9391168032609,67.0413530904163,NA,500
4688,"ABC",0.145738376494633,0.918192488243885,0.16478275,1.0381774,52.0561846078062,2.06730769230769,0.976014381939641,11.557261609827,11.5572648524342,54.395,500
4688,"ABC-SMC",1.45635675585635,9.17545443824661,0.16478275,1.0381774,109.167755993149,15.9546703296703,0.831100145186279,783.804133537248,783.804101134027,45.563,500
4688,"NelderMead",10.0005,63.0059439355779,0.16478275,1.0381774,112.622825294138,17.0494505494506,0.793233387815583,5968.89980899093,5968.89958648473,22.414,500
4688,"DE",0.155395039625489,0.979032163842855,0.16478275,1.0381774,46.9825489448028,1.86813186813187,0.977440097973134,5.69702251874721,5.69702597621035,96.345,500
4743,"BiLSTM",0.411047577857971,1.87285244464874,0.29299793,1.2955276,38.2738528561834,4.71565934065934,0.958024239120018,40.2902668486331,44.5629135688613,NA,500
4743,"ABC",0.250787472415234,1.10888867937113,0.29299793,1.2955276,32.7447067853584,2.86675824175824,0.965797869588186,14.4064012959975,14.4064025057339,49.454,500
4743,"ABC-SMC",1.43786556620535,6.3577053250201,0.29299793,1.2955276,85.6814688522953,14.6497252747253,0.78898520187639,390.74256811485,390.742561178944,40.024,500
4743,"NelderMead",10.0005,44.218481614145,0.29299793,1.2955276,92.3607495143834,17.0824175824176,0.713553177260268,3313.16404522039,3313.16399698046,16.962,500
4743,"DE",0.292323543242464,1.29254569494012,0.29299793,1.2955276,28.5235221717064,1.94917582417582,0.973885403988231,0.23016775495168,0.230169165047819,77.927,500
4768,"BiLSTM",0.47628727555275,2.85835909843445,0.50127107,2.921147,17.5654756210858,2.16895604395604,0.990536430293442,4.98408863835896,2.14942628924706,NA,500
4768,"ABC",0.474861667875722,2.76724671967219,0.50127107,2.921147,18.4961267247894,2.2032967032967,0.990395224542403,5.26848719282334,5.26848804006826,54.16,500
4768,"ABC-SMC",1.17128471669302,6.82563788433477,0.50127107,2.921147,63.7416138434688,15.8337912087912,0.686398939982932,133.662939433751,133.662937343953,41.971,500
4768,"NelderMead",10.0005,58.2777105254248,0.50127107,2.921147,75.8074942699628,24.4326923076923,0.290759724531933,1895.02835860845,1895.02834076562,17.584,500
4768,"DE",0.47668474836519,2.77787068417694,0.50127107,2.921147,18.6933540302222,2.14423076923077,0.990657191550596,4.90479564974891,4.90479650024655,48.157,500
4871,"BiLSTM",0.865870893001556,4.38185262680054,0.8680757,4.1397157,9.62711568699805,1.66895604395604,0.996689723622605,0.253987872076549,5.84911970647011,NA,500
4871,"ABC",0.956013693187386,4.55907809697357,0.8680757,4.1397157,12.3714829943815,1.98214285714286,0.995782887952734,10.1302217292094,10.1302221544724,62.134,500
4871,"ABC-SMC",1.89141039079323,9.01983700286128,0.8680757,4.1397157,33.3322127813441,13.581043956044,0.830971331292123,117.885420683154,117.885421524509,41.645,500
4871,"NelderMead",10.0005,47.6908027925575,0.8680757,4.1397157,43.5854557627451,23.2884615384615,0.5001849345047,1052.03086551092,1052.03086995944,18.098,500
4871,"DE",0.865410381244075,4.1270052323927,0.8680757,4.1397157,9.49799660919458,1.69230769230769,0.996593472231811,0.30703759544532,0.307037210485332,41.236,500
4921,"BiLSTM",0.411619454622269,1.92589700222015,0.4362178,2.0721662,26.9115962067975,3.35989010989011,0.987014840305575,5.63900541833261,7.05875801756857,NA,500
4921,"ABC",0.414415220488233,1.96859727863883,0.4362178,2.0721662,25.2761817865928,3.24038461538462,0.987503701620593,4.99809487640509,4.99809915638841,68.556,500
4921,"ABC-SMC",1.46623986695083,6.9650815636322,0.4362178,2.0721662,68.1003194998691,23.5398351648352,0.631993913637597,236.125638832443,236.125623689461,51.681,500
4921,"NelderMead",10.0005,47.505390998511,0.4362178,2.0721662,75.5360052520495,30.7046703296703,0.37709224100215,2192.54743845849,2192.54733517567,22.315,500
4921,"DE",0.42697055985585,2.02823892713417,0.4362178,2.0721662,21.098015492938,2.81868131868132,0.989084613504676,2.11986767714429,2.1198720867962,73.949,500
4949,"BiLSTM",0.373869031667709,2.09367299079895,0.3406527,1.951364,18.945140085827,2.48351648351648,0.99141303580258,9.75079066383721,7.29279574692113,NA,500
4949,"ABC",0.347493008312942,1.99054753481877,0.3406527,1.951364,17.2640690072173,1.67857142857143,0.994407543133533,2.00800061556596,2.00800746650897,50.83,500
4949,"ABC-SMC",1.55390877577895,8.90127055498754,0.3406527,1.951364,65.6251332579852,22.5947802197802,0.618719860173715,356.156306930474,356.156337566315,39.385,500
4949,"NelderMead",10.0005,57.2859601365789,0.3406527,1.951364,69.3781760772152,27.217032967033,0.425674996734218,2835.68787213488,2835.68806929814,18.433,500
4949,"DE",0.346819402328001,1.98668891118984,0.3406527,1.951364,17.0633891433641,1.66208791208791,0.994474848618063,1.81026081049728,1.81026764815992,56.074,500
4966,"BiLSTM",0.576875030994415,3.94006943702698,0.6284906,4.056128,26.7780649138035,2.80082417582418,0.986265007161987,8.21262386511186,2.86131411466854,NA,500
4966,"ABC",0.585392290272126,3.77798142434955,0.6284906,4.056128,24.3433379805727,2.61263736263736,0.987728567564329,6.85743107818538,6.8574407822054,64.224,500
4966,"ABC-SMC",1.1023717163167,7.11444263305344,0.6284906,4.056128,43.5166843733477,10.0233516483516,0.860153031676966,75.3998733340956,75.3998550601323,50.084,500
4966,"NelderMead",10.0005,64.5408281968394,0.6284906,4.056128,68.2278268559564,20.885989010989,0.401247527844515,1491.19324935011,1491.1930835723,16.796,500
4966,"DE",0.631460963391625,4.07529759024745,0.6284906,4.056128,21.0550951296587,2.26236263736264,0.990219127999975,0.472618586757779,0.472608119059579,52.102,500
4978,"BiLSTM",0.594015777111053,4.54272508621216,0.57846147,4.2828903,12.25972570766,2.1717032967033,0.995998377471857,2.68890979222064,6.06680928092317,NA,500
4978,"ABC",0.560579264331377,4.15049164585577,0.57846147,4.2828903,9.9318305833873,1.6456043956044,0.997544968077848,3.09133911176886,3.09133890597745,73.408,500
4978,"ABC-SMC",1.2550505636026,9.29231102683083,0.57846147,4.2828903,42.5804677055363,24.7664835164835,0.645941925468849,116.963553960232,116.963554420967,54.894,500
4978,"NelderMead",10.0005,74.0430378813378,0.57846147,4.2828903,51.5277393279319,39.3365384615385,0.195145311377555,1628.81004503204,1628.81004870327,22.382,500
4978,"DE",0.576944152278608,4.27165618944865,0.57846147,4.2828903,11.0301786348596,1.57967032967033,0.997520824730745,0.262302296709939,0.262302084910879,58.777,500
4980,"BiLSTM",0.279959142208099,1.26706099510193,0.2652748,1.2275927,45.5785340836351,2.05494505494505,0.920457794386188,5.53552097979129,3.21509692114728,NA,500
4980,"ABC",0.273900676768513,1.26751013852205,0.2652748,1.2275927,45.4035432782465,1.95467032967033,0.922330182055138,3.25167591060769,3.25168425342168,50.399,500
4980,"ABC-SMC",1.58586400348416,7.33878691520057,0.2652748,1.2275927,140.651378746211,18.7458791208791,0.472225815108961,497.819319243349,497.819367547605,36.813,500
4980,"NelderMead",10.0005,46.2785827689017,0.2652748,1.2275927,145.009594344551,20.114010989011,0.345252917370732,3669.86430674908,3669.86461135698,15.857,500
4980,"DE",0.277341339089999,1.28343224001945,0.2652748,1.2275927,45.8203324761212,2.00824175824176,0.921043037754919,4.54869406743462,4.54870251504866,89.71,500
5023,"BiLSTM",0.638681888580322,3.18928408622742,0.61058843,2.7064948,8.85945826628454,1.00824175824176,0.995789391717117,4.60104666253213,17.8381752748026,NA,500
5023,"ABC",1.17829234897411,5.22289976042727,0.61058843,2.7064948,18.050244169767,3.90384615384615,0.974144386418425,92.9765274088324,92.976530397445,34.394,500
5023,"ABC-SMC",1.39760998309059,6.19504730910802,0.61058843,2.7064948,20.7685873482304,4.63324175824176,0.963395267905536,128.895588979731,128.89559252462,25.125,500
5023,"NelderMead",10.0005,44.3282255881818,0.61058843,2.7064948,28.0265447506164,8.39835164835165,0.851061671813594,1537.84629852878,1537.84632389398,7.00700000000001,500
5023,"DE",0.647574162577067,2.87043783448769,0.61058843,2.7064948,9.58424496609132,1.05357142857143,0.995617541400844,6.05739165038987,6.05739329289254,24.204,500
5034,"BiLSTM",0.810747385025024,3.84993362426758,0.7687452,3.5531435,14.6726541937252,1.92445054945055,0.994474533438689,5.4637329800595,8.35288876645647,NA,500
5034,"ABC",0.991962870311488,4.58485674356906,0.7687452,3.5531435,18.5045678085427,3.44368131868132,0.986959460584294,29.0366262204289,29.0366331550939,72.566,500
5034,"ABC-SMC",1.44666673456173,6.68650000132528,0.7687452,3.5531435,28.7141614600996,6.85302197802198,0.953711171375211,88.1854656863852,88.1854757998174,47.289,500
5034,"NelderMead",10.0005,46.2223549251039,0.7687452,3.5531435,43.677599015993,13.989010989011,0.77527228435402,1200.88617138683,1200.88624129884,21.444,500
5034,"DE",0.749294356561313,3.46324180714508,0.7687452,3.5531435,15.2201910093369,1.80494505494505,0.99506827827857,2.53020681477904,2.53020157657355,46.184,500
5035,"BiLSTM",0.387293100357056,1.82663941383362,0.33901107,1.5810926,23.790520635,2.55494505494505,0.985766322413823,14.2420217596598,15.5301981575031,NA,500
5035,"ABC",0.358229146220939,1.67072255539561,0.33901107,1.5810926,21.5180382320029,2.06181318681319,0.987642706863819,5.66886391672664,5.66886186145025,53.622,500
5035,"ABC-SMC",1.15970808932895,5.40869017207673,0.33901107,1.5810926,69.3647808936823,12.0068681318681,0.897244822395471,242.085610752756,242.085604099136,44.716,500
5035,"NelderMead",10.0005,46.6407077466809,0.33901107,1.5810926,79.452835324401,16.3145604395604,0.772337126572587,2849.90367128719,2849.90361391109,15.43,500
5035,"DE",0.344543662225671,1.60689568079982,0.33901107,1.5810926,21.8501762131678,2.02197802197802,0.987876151509638,1.63197981283348,1.63197783607513,65.198,500
5112,"BiLSTM",0.280716329813004,3.54769110679626,0.3215995,3.9050338,14.8225990181932,2.08104395604396,0.995144359318295,12.7124483051113,9.150822028832,NA,500
5112,"ABC",0.384873346955447,4.67333899445276,0.3215995,3.9050338,12.9422754084786,2.96703296703297,0.991320136026203,19.6747342441287,19.674738652781,48.616,500
5112,"ABC-SMC",1.34919581304918,16.3826605665293,0.3215995,3.9050338,32.7938905359951,14.3557692307692,0.833812427445315,319.526713520756,319.526728975542,38.988,500
5112,"NelderMead",10.0005,121.431444873305,0.3215995,3.9050338,36.1223216644552,19.4917582417582,0.684872994144583,3009.61304355262,3009.61315810648,17.181,500
5112,"DE",0.31861296026298,3.86876977352079,0.3215995,3.9050338,10.9162906380191,1.51373626373626,0.99641220930152,0.928651859539724,0.928648209887767,43.405,500
5128,"BiLSTM",0.1820038408041,2.01393866539001,0.21003678,2.417595,41.0872731816515,4.5206043956044,0.965664541817819,13.346681088855,16.696606942436,NA,500
5128,"ABC",0.201278782629807,2.31678729537674,0.21003678,2.417595,28.8880488483473,2.94230769230769,0.979621950154292,4.16974463719766,4.16975153502819,59.888,500
5128,"ABC-SMC",1.40688149421337,16.193684845009,0.21003678,2.417595,97.2604060077577,23.2541208791209,0.412220222561811,569.826253389224,569.826205175348,48.671,500
5128,"NelderMead",10.0005,115.109158773221,0.21003678,2.417595,102.008309949841,26.5700549450549,0.254879357178507,4661.30894788998,4661.30860517252,21.707,500
5128,"DE",0.204463330378423,2.35344252385694,0.21003678,2.417595,27.9002321300349,2.75824175824176,0.981503681735271,2.65355887743895,2.65356588440402,70.009,500
5245,"BiLSTM",0.419172435998917,1.79611313343048,0.41266462,1.7616512,34.1522127789557,2.74862637362637,0.980397970668925,1.57702300694366,1.9562291008845,NA,500
5245,"ABC",0.37379229391078,1.59570653844108,0.41266462,1.7616512,38.2896539761475,2.90934065934066,0.980185966277055,9.41983494713461,9.41983643293997,74.877,500
5245,"ABC-SMC",1.15104651136618,4.91377825107119,0.41266462,1.7616512,98.6360071467092,16.9285714285714,0.806169210865016,178.930263361608,178.930258786256,68.145,500
5245,"NelderMead",10.0005,42.6917930027978,0.41266462,1.7616512,113.542773364201,23.7074175824176,0.554455198273968,2323.39651022179,2323.39647047031,25.981,500
5245,"DE",0.370143297018943,1.58012909531582,0.41266462,1.7616512,37.5975471606276,2.98076923076923,0.979709154667087,10.3040873678623,10.3040888391631,84.93,500
5252,"BiLSTM",0.454303741455078,1.93970322608948,0.2691622,1.0974069,35.7146608491483,4.22802197802198,0.969541852070022,68.7843766528428,76.7533287871142,NA,500
5252,"ABC",0.358942544906822,1.46345213780906,0.2691622,1.0974069,32.50373259175,2.8282967032967,0.976433442052412,33.3554804154601,33.3554707747014,46.661,500
5252,"ABC-SMC",1.61155587040742,6.570508058215,0.2691622,1.0974069,67.0407346235877,9.21016483516484,0.917229024271823,498.730382797963,498.730339513539,37.588,500
5252,"NelderMead",10.0005,40.7732471723536,0.2691622,1.0974069,73.7924597770646,10.6318681318681,0.875129143153071,3615.41769238028,3615.41742377906,16.381,500
5252,"DE",0.29274245689323,1.19354637795607,0.2691622,1.0974069,29.5531586009063,1.98763736263736,0.979330662471161,8.76061233458108,8.76060447187592,61.261,500
5268,"BiLSTM",0.932648777961731,4.02304887771606,0.9901382,4.0145407,12.5095171966777,1.82005494505495,0.993435201209541,5.80620180478533,0.211934025629982,NA,500
5268,"ABC",1.3752251152922,5.57588564036673,0.9901382,4.0145407,17.5622026346131,3.7032967032967,0.979726199428487,38.8922390119076,38.8922433982728,60.933,500
5268,"ABC-SMC",1.65701560493779,6.71841243640542,0.9901382,4.0145407,21.8132203596894,4.80082417582418,0.966499636894829,67.3519519737534,67.3519572589068,36.929,500
5268,"NelderMead",10.0005,40.5472847510057,0.9901382,4.0145407,33.3987075996477,10.2239010989011,0.828268908585542,910.010521763528,910.010553660739,12.194,500
5268,"DE",0.91028917007754,3.69079087894512,0.9901382,4.0145407,13.14019390076,1.82142857142857,0.993213820911712,8.06443281578872,8.06442991236533,37.129,500
5332,"BiLSTM",0.39378434419632,3.82227849960327,0.45935196,4.7273855,13.2877934656454,1.77472527472527,0.992438374302768,14.2739383987129,19.1460374957094,NA,500
5332,"ABC",0.55211836845412,5.6820838202887,0.45935196,4.7273855,16.249306662293,2.71428571428571,0.9825327165064,20.1950609842004,20.1950596220405,38.492,500
5332,"ABC-SMC",1.74955034374189,18.0053631049995,0.45935196,4.7273855,36.2541381969997,10.5934065934066,0.765885979242514,280.873599351115,280.873595034708,30.62,500
5332,"NelderMead",10.0005,102.919378328053,0.45935196,4.7273855,41.477911918368,14.1717032967033,0.590330881931438,2077.08878394685,2077.08875927409,13.062,500
5332,"DE",0.434851254122929,4.47523831203501,0.45935196,4.7273855,10.5329149091136,1.28708791208791,0.994655057122218,5.33375450864981,5.33375558149395,30.688,500
5333,"BiLSTM",0.744408309459686,3.0042576789856,0.6985074,2.8139112,10.6869297413813,1.9532967032967,0.995581000400708,6.57128463630969,6.76448066255948,NA,500
5333,"ABC",1.06583641080498,4.29368205264741,0.6985074,2.8139112,17.7779913762403,5.11675824175824,0.976913194153682,52.5877049842249,52.5876883622842,53.439,500
5333,"ABC-SMC",1.53543636959301,6.18544789450797,0.6985074,2.8139112,24.211594086101,8.17994505494505,0.941597213774521,119.816764946657,119.816741001207,36.085,500
5333,"NelderMead",10.0005,40.2866396120494,0.6985074,2.8139112,32.4311950156394,14.4835164835165,0.795014212827065,1331.69564130602,1331.69548534614,15.638,500
5333,"DE",0.661783240782096,2.66596899381855,0.6985074,2.8139112,10.3140706516479,1.35989010989011,0.997029930950188,5.25751899234053,5.25752931298794,37.168,500
5359,"BiLSTM",0.114238649606705,1.32228374481201,0.15721868,1.8205183,34.0217329882177,3.24038461538462,0.966659944306756,27.3377377251197,27.3677312218168,NA,500
5359,"ABC",0.139944374934889,1.62048991752932,0.15721868,1.8205183,27.4455549488441,1.85302197802198,0.985396020115041,10.9874380481445,10.9874414594285,30.354,500
5359,"ABC-SMC",1.23937149877853,14.3513379425092,0.15721868,1.8205183,82.7842370500744,13.9217032967033,0.651885479673579,688.310586743593,688.310556532674,26.866,500
5359,"NelderMead",10.0005,115.801077590949,0.15721868,1.8205183,85.5386837232172,15.8626373626374,0.537103710543177,6260.8853604419,6260.88511666971,12.235,500
5359,"DE",0.160027021861699,1.85303750565022,0.15721868,1.8205183,24.2975742061475,1.43818681318681,0.988805281800485,1.78626475028224,1.78626084946358,40.66,500
5426,"BiLSTM",0.689881682395935,3.48551607131958,0.6669847,3.2086864,12.8850649595081,1.1978021978022,0.995716869442303,3.43290968982273,8.62750785865456,NA,500
5426,"ABC",0.746602787047271,3.59170788607021,0.6669847,3.2086864,13.2671814904889,1.53296703296703,0.994103362495823,11.9370185024141,11.9370184032386,39.78,500
5426,"ABC-SMC",1.37318895613672,6.60604767138179,0.6669847,3.2086864,28.4976770534863,6.43406593406593,0.924335695045784,105.8801283053,105.880128122891,27.753,500
5426,"NelderMead",10.0005,48.1097517150991,0.6669847,3.2086864,38.9803786841358,12.3791208791209,0.688790131548796,1399.35973044059,1399.35972911217,12.121,500
5426,"DE",0.642084800542297,3.08889958843346,0.6669847,3.2086864,12.4696669568717,1.31043956043956,0.995478363038588,3.73320399369028,3.73320407898201,27.63,500
5446,"BiLSTM",0.599265098571777,4.31195878982544,0.55624145,4.3879757,15.9945176716208,2.23076923076923,0.995441827409355,7.73470739582196,1.73239132054812,NA,500
5446,"ABC",0.625369625791352,4.93330116190922,0.55624145,4.3879757,14.7749192596342,2.53708791208791,0.99430755544047,12.427728244875,12.4277229226501,82.892,500
5446,"ABC-SMC",1.38032042170588,10.8888184832958,0.55624145,4.3879757,37.7489993016168,12.7678571428571,0.888187520014565,148.151305823376,148.151294076122,58.236,500
5446,"NelderMead",10.0005,78.8901095208187,0.55624145,4.3879757,50.3261897269667,21.7101648351648,0.658666113261603,1697.87033131026,1697.87024620074,26.413,500
5446,"DE",0.573057525658785,4.52063106454186,0.55624145,4.3879757,14.7636976109152,2.00549450549451,0.995979790492246,3.02316119354016,3.02315631651881,64.161,500
5456,"BiLSTM",0.430747836828232,2.90035843849182,0.5735806,3.5452828,45.4697992376204,6.34065934065934,0.909296977524444,24.9019515603854,18.1910554923342,NA,500
5456,"ABC",0.5533469620451,3.42021915387078,0.5735806,3.5452828,17.1619156084068,1.82967032967033,0.990813527101305,3.52760151840905,3.52760705377919,48.276,500
5456,"ABC-SMC",1.49322453899804,9.22957117255249,0.5735806,3.5452828,66.5834573022534,15.7637362637363,0.515645883709978,160.333863976229,160.333849038855,34.301,500
5456,"NelderMead",10.0005,61.8127576265558,0.5735806,3.5452828,76.9666809119757,21.4793956043956,0.164450033560614,1643.52131156458,1643.52121152523,15.438,500
5456,"DE",0.547288459548089,3.38277175159813,0.5735806,3.5452828,17.0329815035804,1.85164835164835,0.990575968322373,4.58386152737918,4.58386700214347,40.399,500
5474,"BiLSTM",0.219903826713562,3.00313019752502,0.2601156,3.2466862,37.0345182893387,4.6456043956044,0.963625614064453,15.4591932534758,7.50167978891756,NA,500
5474,"ABC",0.239372709406491,2.98777971619836,0.2601156,3.2466862,27.1453521599593,2.87087912087912,0.983568048537117,7.97448926304642,7.97448437738285,53.633,500
5474,"ABC-SMC",1.54629858823259,19.3004439334895,0.2601156,3.2466862,80.1408523470876,23.0398351648352,0.363081965974552,494.465917550729,494.465949111114,44.035,500
5474,"NelderMead",10.0005,124.823298052336,0.2601156,3.2466862,84.5923380782469,26.5315934065934,0.187428722770479,3744.63676919031,3744.6369733033,19.398,500
5474,"DE",0.280833449778679,3.50528047645515,0.2601156,3.2466862,21.3848016775496,2.42032967032967,0.989035116784182,7.96486246064404,7.96486819253285,58.386,500
5537,"BiLSTM",0.311990439891815,2.65078258514404,0.3356649,2.7604675,15.0914473704778,1.72115384615385,0.99505059855083,7.05300438269977,3.97341808429032,NA,500
5537,"ABC",0.443534976630539,3.64757797413738,0.3356649,2.7604675,21.9759380232467,3.48489010989011,0.988775303707522,32.1362396337953,32.1362404787369,54.871,500
5537,"ABC-SMC",1.64446037995228,13.5238431629983,0.3356649,2.7604675,48.8314883494305,12.7623626373626,0.856361291445918,389.911331197357,389.911334330082,45.098,500
5537,"NelderMead",10.0005,82.2429018055691,0.3356649,2.7604675,53.6199994334243,16.2870879120879,0.753377940250924,2879.31061603403,2879.31063508515,20.942,500
5537,"DE",0.351604565950648,2.89155340151681,0.3356649,2.7604675,15.7205560683575,1.81318681318681,0.995118281339617,4.74868416407206,4.74868483388466,50.076,500
5548,"BiLSTM",0.518787741661072,3.20337915420532,0.4913991,2.934718,13.4851542819038,2.02884615384615,0.995315129159384,5.57360435968886,9.15458160563714,NA,500
5548,"ABC",0.521064629200058,3.1118855173615,0.4913991,2.934718,13.8271615084143,2.08104395604396,0.995161432645462,6.03695228584223,6.03695201247613,63.732,500
5548,"ABC-SMC",1.5665375971326,9.35562574723828,0.4913991,2.934718,46.610456924274,19.8076923076923,0.756655748198922,218.791303674061,218.791302852209,48.93,500
5548,"NelderMead",10.0005,59.7246663319864,0.4913991,2.934718,52.7758540026255,27.7568681318681,0.508333603191317,1935.10751240692,1935.10750716036,20.642,500
5548,"DE",0.495319172979549,2.95812932693755,0.4913991,2.934718,13.2351123489325,1.90659340659341,0.995920730686895,0.797737110130882,0.797736850271618,54.535,500
5553,"BiLSTM",0.39799776673317,2.81309413909912,0.4472005,3.0259566,12.5735416341474,1.44917582417582,0.992526456406623,11.0023878029721,7.03455102101858,NA,500
5553,"ABC",0.435948297632744,2.94981923199483,0.4472005,3.0259566,9.4154478685679,1.30494505494505,0.993143069212881,2.51614261774205,2.51614210214284,28.307,500
5553,"ABC-SMC",1.03539554115963,7.00594473385774,0.4472005,3.0259566,28.6360045304308,9.78434065934066,0.801070334908996,131.528261072971,131.52826229754,25.126,500
5553,"NelderMead",10.0005,67.6678115036836,0.4472005,3.0259566,34.6621750475307,16.0494505494506,0.468379183149672,2136.24526358982,2136.24527541749,6.836,500
5553,"DE",0.427146822709307,2.89026455512132,0.4472005,3.0259566,9.97009757887185,1.26373626373626,0.993456460826963,4.48426987239346,4.48426936720382,24.828,500
5732,"BiLSTM",0.41196995973587,3.99273276329041,0.40230542,4.2041416,20.0155513661702,2.01236263736264,0.99367136021742,2.40228921993403,5.02858506739151,NA,500
5732,"ABC",0.431325991074101,4.50741029899583,0.40230542,4.2041416,21.3915257679415,2.14972527472527,0.993068522296835,7.21356701435957,7.2135700423562,62.9,500
5732,"ABC-SMC",1.72780731357901,18.0558015076082,0.40230542,4.2041416,50.822700908225,12.8571428571429,0.819258017828165,329.476519003648,329.476531133209,45.981,500
5732,"NelderMead",10.0005,104.506469881069,0.40230542,4.2041416,57.1791487252777,16.7225274725275,0.676434514025219,2385.7979790578,2385.79804926336,21.931,500
5732,"DE",0.405621616733949,4.23879638741233,0.40230542,4.2041416,18.8296719434442,1.98763736263736,0.993796298368967,0.824298299025887,0.824301146572565,53.71,500
5760,"BiLSTM",0.82123076915741,4.50446319580078,0.76699454,4.0596128,13.4828866151191,1.7967032967033,0.994357053951508,7.07126665561526,10.9579513543947,NA,500
5760,"ABC",0.900052752071642,4.76387441867144,0.76699454,4.0596128,14.3962107243785,2.37912087912088,0.990972730732562,17.3479999051417,17.3479997568103,59.416,500
5760,"ABC-SMC",1.36539780531751,7.22689160284293,0.76699454,4.0596128,28.6027687194113,6.6771978021978,0.938484819195051,78.0192340505463,78.0192338255246,42.782,500
5760,"NelderMead",10.0005,52.9314820873206,0.76699454,4.0596128,46.7244881708254,14.9821428571429,0.671548115144231,1203.85543552892,1203.8554338808,17.858,500
5760,"DE",0.741103492256682,3.92257449379884,0.76699454,4.0596128,15.7917043569859,1.8021978021978,0.993401788504978,3.37564955068884,3.37564967282491,40.822,500
5814,"BiLSTM",0.22517865896225,3.66047072410583,0.08329877,1.152943,53.5521696030217,5.97664835164835,0.927562607910516,170.326511378559,217.489305551604,NA,500
5814,"ABC",0.110178430360651,1.52498588019362,0.08329877,1.152943,41.7900450417931,2.71978021978022,0.970549091534434,32.2689763133964,32.2689742852528,40.389,500
5814,"ABC-SMC",1.42846037030499,19.7714006997622,0.08329877,1.152943,83.1354946423762,9.95054945054945,0.861503745765896,1614.86370123472,1614.86367493989,42.911,500
5814,"NelderMead",10.0005,138.417485572775,0.08329877,1.152943,86.0786279233909,10.6909340659341,0.868568045197007,11905.5794341261,11905.5792500388,16.936,500
5814,"DE",0.0789143721296932,1.09225828366046,0.08329877,1.152943,36.4129400680161,1.96291208791209,0.978924372591558,5.26346051725224,5.26346196989304,67.655,500
5815,"BiLSTM",0.827479720115662,4.7209038734436,0.7910763,4.611428,10.2750395005872,2.43681318681319,0.995226460494864,4.60175840379261,2.37401241965837,NA,500
5815,"ABC",0.860041796939703,5.01344877932362,0.7910763,4.611428,10.9726916406246,3.11263736263736,0.992978407129328,8.71793238398155,8.71792380415836,78.632,500
5815,"ABC-SMC",1.46970958807094,8.56739029020824,0.7910763,4.611428,32.0790407212245,15.7582417582418,0.831677370280381,85.7860724775772,85.7860578156754,49.153,500
5815,"NelderMead",10.0005,58.2959975852673,0.7910763,4.611428,47.0676182141064,31.6442307692308,0.374525410538087,1164.16377282444,1164.16367305892,21.712,500
5815,"DE",0.787840482495871,4.5925650582626,0.7910763,4.611428,8.83532856252227,2.17032967032967,0.99529965552625,0.409039874425337,0.409047733964336,53.062,500
5852,"BiLSTM",0.379630208015442,1.99402177333832,0.36704698,1.930865,11.2081351454514,1.13873626373626,0.993780228503772,3.42823363250172,3.27090569968992,NA,500
5852,"ABC",0.387486611917753,2.03838842503489,0.36704698,1.930865,11.147290464452,1.12774725274725,0.994128885813824,5.56866914359387,5.56866611777054,27.298,500
5852,"ABC-SMC",1.38730303677748,7.29796169779202,0.36704698,1.930865,37.4475015240021,13.3447802197802,0.649929716282083,277.963343214942,277.963332381706,22.572,500
5852,"NelderMead",10.0005,52.6080200388659,0.36704698,1.930865,40.9030922649436,17.2417582417582,0.390170895933411,2624.58310377598,2624.58302568361,10.931,500
5852,"DE",0.382947929057272,2.01451250694337,0.36704698,1.930865,11.1352316462263,1.1456043956044,0.9937827205546,4.33212910708921,4.33212611670776,28.269,500
5888,"BiLSTM",0.335549026727676,2.2822470664978,0.3253447,2.2074547,11.838567322146,1.84340659340659,0.99400009716851,3.13646625492175,3.38817220112389,NA,500
5888,"ABC",0.300417310887113,2.03832308929494,0.3253447,2.2074547,15.3089200514233,2.55082417582418,0.99065981973827,7.66183961591707,7.66183834735371,43.032,500
5888,"ABC-SMC",1.42513544928584,9.66950434072559,0.3253447,2.2074547,51.2013640795076,26.6456043956044,0.457777672467968,338.038624660504,338.038630678382,35.421,500
5888,"NelderMead",10.0005,67.8531140376053,0.3253447,2.2074547,53.6660146605255,31.5508241758242,0.237514678327339,2973.81678570452,2973.81682793333,16.013,500
5888,"DE",0.833155556807063,5.65293725384673,0.3253447,2.2074547,47.3543274974247,21.2115384615385,0.638533706142283,156.083949364186,156.083952882328,33.174,500
5925,"BiLSTM",0.90401291847229,4.61547994613647,0.9272182,4.8653984,4.80010168891972,0.756868131868132,0.998744660549843,2.50267752808454,5.13664932071186,NA,500
5925,"ABC",1.90458560392279,9.99394515316908,0.9272182,4.8653984,11.7715281100515,4.73214285714286,0.966934939262232,105.408565526732,105.40856742932,37.055,500
5925,"ABC-SMC",2.02752182557152,10.6390292354832,0.9272182,4.8653984,12.3283540680263,5.01648351648352,0.962447503339571,118.66717300971,118.667175035106,23.741,500
5925,"NelderMead",10.0005,52.4756925067671,0.9272182,4.8653984,15.8067571524586,9.0467032967033,0.850274599181526,978.54871701181,978.548727001823,10.397,500
5925,"DE",0.926278538282351,4.86046775166465,0.9272182,4.8653984,5.08990799250219,0.811813186813187,0.998707472601383,0.101342026898239,0.101341101591067,22.275,500
6084,"BiLSTM",0.236325174570084,1.16970181465149,0.25642943,1.2910781,59.6414537042604,2.90934065934066,0.935091503256922,7.84007336050172,9.40115747827422,NA,500
6084,"ABC",0.2145187320649,1.08006501003139,0.25642943,1.2910781,75.1138486415778,4.75824175824176,0.87056530014545,16.3439500431365,16.3439446435197,46.181,500
6084,"ABC-SMC",1.22285190171895,6.15684951511557,0.25642943,1.2910781,149.049589614807,25.5645604395604,0.19052158522754,376.876582270199,376.876613050409,36.294,500
6084,"NelderMead",10.0005,50.3508016705561,0.25642943,1.2910781,152.358557464331,27.2912087912088,0.142075833983604,3799.90337692518,3799.90362864617,14.156,500
6084,"DE",0.219342764745512,1.10435318689792,0.25642943,1.2910781,70.5535549821388,4.34203296703297,0.890790063128852,14.4627179705888,14.462712449547,95.307,500
6137,"BiLSTM",0.781477928161621,3.98643684387207,0.67730534,3.2172518,25.5036775397117,2.80357142857143,0.981537400684387,15.3804468988272,23.908139358942,NA,500
6137,"ABC",0.661645015436629,3.1428640698633,0.67730534,3.2172518,20.7112762556874,2.13736263736264,0.986414883606524,2.31215135013867,2.31215132544791,57.73,500
6137,"ABC-SMC",1.42756570611385,6.78104551600599,0.67730534,3.2172518,48.7425025006167,9.01785714285714,0.86000723231857,110.771364376642,110.771364429915,44.193,500
6137,"NelderMead",10.0005,47.5031344563621,0.67730534,3.2172518,67.2548818625834,15.5851648351648,0.561316512052132,1376.51279406715,1376.51279444034,16.243,500
6137,"DE",0.720390369456797,3.42190896268933,0.67730534,3.2172518,24.5745152452524,2.27335164835165,0.986127592309417,6.36124166048904,6.36124168737202,42.859,500
6141,"BiLSTM",0.259753197431564,2.01874613761902,0.31325608,2.3199143,14.1618945474156,1.68818681318681,0.995062402265437,17.0795990834194,12.9818658551733,NA,500
6141,"ABC",0.346792467206689,2.56827815209624,0.31325608,2.3199143,14.7062343678489,1.46428571428571,0.995140097155282,10.7057418348237,10.7057339185433,34.908,500
6141,"ABC-SMC",1.24454738589033,9.21687799673453,0.31325608,2.3199143,43.399061510359,9.70192307692308,0.883085331774969,297.2939283063,297.293899896842,30.685,500
6141,"NelderMead",10.0005,74.0617749483315,0.31325608,2.3199143,47.8704117195272,13.2362637362637,0.756441181642083,3092.43604146486,3092.43581318204,12.689,500
6141,"DE",0.312604149758549,2.31508606443,0.31325608,2.3199143,13.1832351569109,1.17994505494505,0.996171889494603,0.208114154225228,0.208121290084044,32.913,500
6164,"BiLSTM",0.679208636283875,4.57333278656006,0.6995097,4.837458,17.2224250966836,2.24587912087912,0.994364017829353,2.90218473255274,5.46000013726096,NA,500
6164,"ABC",0.757812528173887,5.24065159885907,0.6995097,4.837458,17.1718938216334,2.5260989010989,0.993022926273092,8.33481339485172,8.33482376196495,79.955,500
6164,"ABC-SMC",1.47566789324541,10.2049794858327,0.6995097,4.837458,34.4751755283606,10.4010989010989,0.906896326751394,110.957459667165,110.957479854765,58.48,500
6164,"NelderMead",10.0005,69.1584453488534,0.6995097,4.837458,48.266451611917,19.0247252747253,0.670689208628535,1329.64422080208,1329.64435761206,24.34,500
6164,"DE",0.685046337040213,4.73743709430806,0.6995097,4.837458,15.9318531609699,2.23351648351648,0.994373774365557,2.06764294473499,2.06763357308609,56.968,500
6225,"BiLSTM",0.394310683012009,3.80319976806641,0.40197977,3.8360727,8.51898118314393,1.12637362637363,0.997057601076837,1.90782909000404,0.856942360179817,NA,500
6225,"ABC",0.466044774054116,4.44744170087305,0.40197977,3.8360727,11.4600124124282,1.90247252747253,0.993025483517455,15.9373701950515,15.9373674245811,33.272,500
6225,"ABC-SMC",1.3034664580267,12.4389144645662,0.40197977,3.8360727,29.0413261773394,9.73901098901099,0.858080993941915,224.261705514858,224.261697766214,27.526,500
6225,"NelderMead",10.0005,95.4342655592494,0.40197977,3.8360727,32.6846685650209,14.625,0.674553842132885,2387.81176226853,2387.81170281912,12.623,500
6225,"DE",0.390312840148121,3.72473568700371,0.40197977,3.8360727,8.32236040136513,1.14285714285714,0.996917560564862,2.90236741313598,2.90236973340694,27.367,500
6275,"BiLSTM",0.638789772987366,4.66363430023193,0.5751792,4.8024693,9.03978616106417,2.25412087912088,0.996254989626991,11.0592617026773,2.8909086366896,NA,500
6275,"ABC",0.726147489993496,6.06298166799406,0.5751792,4.8024693,12.22023209994,4.46565934065934,0.988908839744415,26.2471747923944,26.2471718037649,51.816,500
6275,"ABC-SMC",1.55873782052564,13.0147097680398,0.5751792,4.8024693,21.3901746215749,15.4368131868132,0.857484681765,171.000380494572,171.000374079223,41.05,500
6275,"NelderMead",10.0005,83.4993565443816,0.5751792,4.8024693,24.5230876585082,25.3379120879121,0.597035479581935,1638.67552929591,1638.67548813652,17.792,500
6275,"DE",0.570504710847261,4.76343945415576,0.5751792,4.8024693,5.44797191928585,1.48351648351648,0.997416545137848,0.812701355114959,0.812703703160284,38.528,500
6291,"BiLSTM",0.94616562128067,4.83260679244995,0.8673194,4.67226,6.82089813078602,1.94230769230769,0.996590240514646,9.09079415042143,3.43188933085812,NA,500
6291,"ABC",0.983134591506271,5.29615794798296,0.8673194,4.67226,7.84994631074934,2.51923076923077,0.994543689438418,13.3532342878841,13.3532369342238,43.494,500
6291,"ABC-SMC",1.62109738584801,8.73287124539001,0.8673194,4.67226,16.0778947897334,8.87087912087912,0.935091790059267,86.9089271896852,86.9089315532528,30.217,500
6291,"NelderMead",10.0005,53.8728145834606,0.8673194,4.67226,20.5562314932563,18.6840659340659,0.67743473080943,1053.03543308267,1053.03546000138,12.795,500
6291,"DE",0.837404948398347,4.51111059610385,0.8673194,4.67226,5.28706473520168,0.796703296703297,0.99923113151762,3.44906981230362,3.44906755822986,28.057,500
6402,"BiLSTM",0.77043604850769,3.71305251121521,0.7017501,3.265274,18.4032430939041,2.40247252747253,0.993485625099236,9.78780744137983,13.7133518110643,NA,500
6402,"ABC",0.804406481667348,3.74293851373757,0.7017501,3.265274,20.2675855719862,2.83379120879121,0.991834402820346,14.6286237319165,14.6286196422587,70.825,500
6402,"ABC-SMC",1.35291325508005,6.29516450152034,0.7017501,3.265274,39.5658830381117,9.53296703296703,0.927165921391911,92.7913163218709,92.791309443567,47.062,500
6402,"NelderMead",10.0005,46.5327635464178,0.7017501,3.265274,55.2371537787313,18.7266483516484,0.66639000682437,1325.07995367582,1325.07990283259,22.622,500
6402,"DE",0.685660877935737,3.19041003009978,0.7017501,3.265274,17.0536192670674,1.9010989010989,0.99460883387113,2.29272814699457,2.29273163294156,52.076,500
6427,"BiLSTM",0.901719152927399,4.52391290664673,0.9360807,4.465696,14.6270747339504,1.86263736263736,0.99406088777585,3.67078896857945,1.30364688162222,NA,500
6427,"ABC",0.976238019734361,4.65727173380087,0.9360807,4.465696,15.2513234623125,2.1978021978022,0.991895149462082,4.28994206742655,4.28994122754598,66.527,500
6427,"ABC-SMC",1.33311753446505,6.35981234657079,0.9360807,4.465696,25.6391453238166,5.8021978021978,0.955573290463587,42.4148083028583,42.4148071559459,46.515,500
6427,"NelderMead",10.0005,47.7086991413722,0.9360807,4.465696,47.0040050705011,16.4587912087912,0.639486350789513,968.337377322276,968.33736871861,19.529,500
6427,"DE",0.857057767984903,4.08870668462254,0.9360807,4.465696,15.0634392005351,1.98763736263736,0.993469719860877,8.44189309907754,8.44189383642453,44.167,500
6440,"BiLSTM",0.581535160541534,4.65385723114014,0.54989564,4.8846765,9.50972037440821,1.5521978021978,0.996270473578676,5.75373184292467,4.72537472767876,NA,500
6440,"ABC",0.925178473199061,8.21828158235147,0.54989564,4.8846765,17.2072373626438,5.57005494505495,0.972863740954731,68.2461918045142,68.2461792987001,55.781,500
6440,"ABC-SMC",1.51279483255303,13.4380276567157,0.54989564,4.8846765,22.6125050937026,8.79395604395604,0.922396059932689,175.105805994939,175.105785546202,41.008,500
6440,"NelderMead",10.0005,88.8335897830846,0.54989564,4.8846765,27.8777360885205,15.0206043956044,0.766351211442504,1718.61780173416,1718.61766655549,17.19,500
6440,"DE",0.546669210532027,4.85601603874254,0.54989564,4.8846765,9.8518144693943,1.55631868131868,0.996190651517434,0.586734869906067,0.586742259338178,38.662,500
6442,"BiLSTM",0.18918764591217,1.30919909477234,0.15878671,1.0529559,29.2647832886609,3.12637362637363,0.961306625271285,19.145768504285,24.3356055816145,NA,500
6442,"ABC",0.141345412569421,0.937298016460647,0.15878671,1.0529559,15.1424677943655,1.58928571428571,0.97552996308363,10.9841040415656,10.9841146755864,34.578,500
6442,"ABC-SMC",1.6369942853453,10.8553328241762,0.15878671,1.0529559,61.0245868190162,20.467032967033,0.592381721321335,930.939104000139,930.938980842047,32,500
6442,"NelderMead",10.0005,66.3159040199553,0.15878671,1.0529559,62.0311712157552,21.6387362637363,0.533936501781392,6198.07116729102,6198.07041491057,12.9,500
6442,"DE",0.161300413448,1.06962479242005,0.15878671,1.0529559,21.2277959181033,1.21016483516484,0.981771814755829,1.58306916743867,1.58305703211772,70.883,500
6491,"BiLSTM",0.81320732831955,3.70599269866943,0.8362457,3.5786355,11.7324086989036,1.44093406593407,0.995872414482235,2.75497639993251,3.55882007735724,NA,500
6491,"ABC",1.00568463808094,4.30373362439409,0.8362457,3.5786355,13.9306494828979,2.63186813186813,0.988130755620747,20.2618606087834,20.2618602647321,51.738,500
6491,"ABC-SMC",1.7199835416827,7.36050917101557,0.8362457,3.5786355,28.0303884172241,8.06456043956044,0.902614903936196,105.67920907488,105.679208486463,34.307,500
6491,"NelderMead",10.0005,42.7962071618012,0.8362457,3.5786355,39.316954325694,14.6854395604396,0.65364890438315,1095.88058868345,1095.88058526221,14.643,500
6491,"DE",0.820950083782365,3.51317932653848,0.8362457,3.5786355,11.5761234953566,1.4010989010989,0.995977045780239,1.82908159858223,1.82908187943469,29.948,500
6527,"BiLSTM",0.165871247649193,2.57037305831909,0.24459565,3.1530564,34.2827167616496,3.49175824175824,0.98061869201122,32.1855283815584,18.4799530284618,NA,500
6527,"ABC",0.374118866332403,4.82272657270069,0.24459565,3.1530564,32.1236099428246,3.38461538461538,0.978947579615536,52.9540146492399,52.9540217771141,49.587,500
6527,"ABC-SMC",1.45928782900813,18.8115244204851,0.24459565,3.1530564,57.2534341466239,9.68131868131868,0.85616088321491,496.612339184336,496.612366987318,42.181,500
6527,"NelderMead",10.0005,128.915383399674,0.24459565,3.1530564,62.7072970558893,11.9230769230769,0.767819517278886,3988.58456804117,3988.58475857502,17.813,500
6527,"DE",0.233190192184791,3.00603000155452,0.24459565,3.1530564,20.981219966363,1.88598901098901,0.991023237520523,4.66298473223424,4.66298028939399,45.006,500
6619,"BiLSTM",0.24840983748436,3.89430785179138,0.36156204,4.946624,43.4133810372559,9.17857142857143,0.877188223764959,31.2953767258422,21.2734209879024,NA,500
6619,"ABC",0.325759829194804,4.45680449296372,0.36156204,4.946624,17.8650407329854,2.47252747252747,0.987761608544466,9.90209337384967,9.90209700669146,50.453,500
6619,"ABC-SMC",1.63855601541374,22.4175087195962,0.36156204,4.946624,56.3347962835787,22.1442307692308,0.381621654966029,353.188065708929,353.188047435913,39.312,500
6619,"NelderMead",10.0005,136.819427496785,0.36156204,4.946624,60.6690836606774,26.5892857142857,0.165118627757057,2665.91535991997,2665.91524839538,17.207,500
6619,"DE",0.346182592998831,4.73621360766489,0.36156204,4.946624,15.6602762679144,1.75274725274725,0.993517788064574,4.25361218815131,4.25361604874577,48.243,500
6624,"BiLSTM",0.122293815016747,1.28783345222473,0.15600044,1.5999488,60.2824585549601,4.07692307692308,0.94066402894617,21.6067499445857,19.5078334866259,NA,500
6624,"ABC",0.150374676608236,1.54225059442272,0.15600044,1.5999488,35.022274827212,2.12087912087912,0.96691423338872,3.60624841299391,3.60625324868381,34.526,500
6624,"ABC-SMC",1.6079725152867,16.491450711326,0.15600044,1.5999488,95.6585329608031,18.0549450549451,0.380004311585973,930.748705123335,930.748653414785,31.365,500
6624,"NelderMead",10.0005,102.565654120779,0.15600044,1.5999488,98.1057273223418,19.3585164835165,0.296357760054993,6310.55884201352,6310.55852042137,13.842,500
6624,"DE",0.168196355962535,1.72503067546911,0.15600044,1.5999488,28.3618059893326,2.0260989010989,0.969841009107524,7.8178727973683,7.81786738857583,60.039,500
6631,"BiLSTM",0.552225112915039,4.09172010421753,0.4689635,3.2546878,17.6014695152214,3.57554945054945,0.971001981276497,17.7543908886383,25.7177448545919,NA,500
6631,"ABC",0.502964380688354,3.49065974663202,0.4689635,3.2546878,10.7156500162211,1.96565934065934,0.990118596427512,7.250218980444,7.25021756716627,30.124,500
6631,"ABC-SMC",1.68249068320129,11.6767761842228,0.4689635,3.2546878,39.5409254515447,16.543956043956,0.459006881661651,258.767938912365,258.767934184741,24.102,500
6631,"NelderMead",10.0005,69.405198730809,0.4689635,3.2546878,42.712713927983,20.7554945054945,0.208684349544033,2032.46873157506,2032.46870347469,10.934,500
6631,"DE",0.464238866589379,3.22189798452091,0.4689635,3.2546878,6.49325304513171,1.15247252747253,0.995515401310906,1.00746292848405,1.00746423294711,25.768,500
6687,"BiLSTM",0.147576749324799,1.7615053653717,0.24948466,3.142149,117.828567146823,20.0892857142857,0.528321960274362,40.8473653952116,43.9394705543339,NA,500
6687,"ABC",0.218310006909701,2.74951777847259,0.24948466,3.142149,30.5290113815167,5.93818681318681,0.961243617218623,12.4956192057255,12.4956270860296,68.015,500
6687,"ABC-SMC",1.49809173350582,18.8678014048198,0.24948466,3.142149,87.752146111544,35.6016483516484,0.0875049888477288,500.474487491864,500.474433415467,53.249,500
6687,"NelderMead",10.0005,125.95186511532,0.24948466,3.142149,91.0858585447889,39.1881868131868,-0.0233420847622297,3908.46288505273,3908.46252406616,25.86,500
6687,"DE",0.236546836756557,2.97920256753336,0.24948466,3.142149,20.2233814412458,3.18269230769231,0.987083193314785,5.18581913751469,5.18582767611098,80.748,500
6703,"BiLSTM",0.434309154748917,1.93238639831543,0.41843137,1.7584549,33.94724061652,2.24725274725275,0.972744294223818,3.79459712805868,9.89115491761714,NA,500
6703,"ABC",0.395321375972899,1.66133542281116,0.41843137,1.7584549,36.0399725800512,2.53983516483516,0.97053206404461,5.52300704105934,5.52300074280195,52.826,500
6703,"ABC-SMC",1.54254291082978,6.48252620456182,0.41843137,1.7584549,102.016386608979,14.7651098901099,0.624235502545881,268.648964065428,268.648988641211,37.799,500
6703,"NelderMead",10.0005,42.02703396682,0.41843137,1.7584549,110.469907080314,18.1758241758242,0.395963262744524,2289.99767154169,2289.99783086959,17.358,500
6703,"DE",0.39039987791621,1.64065286033968,0.41843137,1.7584549,37.8624550388708,2.62637362637363,0.969642748186946,6.69918512175356,6.69917890190545,58.937,500
6759,"BiLSTM",0.929673135280609,4.45672369003296,1.0823259,4.926751,21.5312857291027,3.01373626373626,0.989381875322489,14.104140418278,9.54030983029265,NA,500
6759,"ABC",1.13891982892157,5.18436673178262,1.0823259,4.926751,20.5916557795914,2.74587912087912,0.991197918561572,5.2289175489164,5.22891722724815,85.938,500
6759,"ABC-SMC",1.56483881155618,7.12315131339487,1.0823259,4.926751,27.7757077225027,7.00686813186813,0.952663404583489,44.5811110642536,44.5811106222919,58.059,500
6759,"NelderMead",10.0005,45.5223082297942,1.0823259,4.926751,48.8817589470414,18.6098901098901,0.638730901797844,823.982323623596,823.982320799127,18.104,500
6759,"DE",1.08403372302265,4.93452500084281,1.0823259,4.926751,19.1885222589272,2.45879120879121,0.992921988438922,0.157791938883877,0.157791632717266,56.29,500
6760,"BiLSTM",0.82618123292923,3.81823134422302,0.8384854,3.7021754,13.9197078667629,1.86401098901099,0.995201677852329,1.46742770604835,3.13480404583269,NA,500
6760,"ABC",1.00907377917504,4.4553763726326,0.8384854,3.7021754,19.7672492507091,3.65659340659341,0.984911578703973,20.3448240333148,20.3448213888678,64.071,500
6760,"ABC-SMC",1.42929600087232,6.31078892664415,0.8384854,3.7021754,29.3575119789835,7.76098901098901,0.938890292649927,70.4616443974236,70.4616406517138,44.504,500
6760,"NelderMead",10.0005,44.1553356494298,0.8384854,3.7021754,44.9152083612452,17.1909340659341,0.688784177751494,1092.68624116771,1092.68621495972,18.761,500
6760,"DE",0.834426372702385,3.68425344346883,0.8384854,3.7021754,14.1467992021148,1.9217032967033,0.994926570569247,0.484090396519153,0.484092583273364,45.043,500
6810,"BiLSTM",0.330282658338547,1.71832585334778,0.33964694,1.8036945,32.5964038466417,2.25961538461538,0.97195840162992,2.75706345579126,4.73298813364578,NA,500
6810,"ABC",0.31474557867633,1.67145573745838,0.33964694,1.8036945,39.8686911530859,3.07967032967033,0.963738924153539,7.33154296154416,7.33154991278276,58.401,500
6810,"ABC-SMC",1.55993318463284,8.28402191532473,0.33964694,1.8036945,122.48821833864,23.467032967033,0.196324312927204,359.280800419647,359.280765968113,44.912,500
6810,"NelderMead",10.0005,53.1076343399311,0.33964694,1.8036945,128.188406070371,26.3667582417582,0.040726705849116,2844.38100929159,2844.38078842793,18.408,500
6810,"DE",0.412651694403898,2.19138596031751,0.33964694,1.8036945,56.241622867265,5.73214285714286,0.926698703858879,21.494306530157,21.4942974166361,72.25,500
6846,"BiLSTM",0.698883414268494,3.90670418739319,0.86250895,4.6429853,15.0261543993111,2.01648351648352,0.990149695000143,18.9708797493065,15.8579246978622,NA,500
6846,"ABC",1.29221984534938,6.9561683359853,0.86250895,4.6429853,21.1494737306026,3.93406593406593,0.968799137678626,49.8210361004809,49.8210286383052,46.497,500
6846,"ABC-SMC",1.34168242162917,7.22243108390087,0.86250895,4.6429853,22.1339734045991,4.13736263736264,0.965498621266137,55.5557680449776,55.5557602971706,31.282,500
6846,"NelderMead",10.0005,53.8338439038696,0.86250895,4.6429853,35.8693786209535,9.89148351648352,0.766965616078134,1059.46622930695,1059.46617155711,13.411,500
6846,"DE",0.884826355836895,4.76312223610352,0.86250895,4.6429853,12.8956140094368,1.66208791208791,0.99214848966288,2.58749846443854,2.58749335483606,28.058,500
6847,"BiLSTM",0.660369515419006,4.51181077957153,0.63183856,4.001487,7.18864114626096,1.38736263736264,0.997464318473998,4.51554514479241,12.7533534301507,NA,500
6847,"ABC",0.680080496768178,4.30700727157279,0.63183856,4.001487,7.03724100654829,1.6717032967033,0.996499172539945,7.635168193625,7.63516841546123,50.05,500
6847,"ABC-SMC",1.28896449454095,8.16312109694185,0.63183856,4.001487,23.4196019879095,11.3887362637363,0.887186510363597,104.00218918911,104.002189609559,36.972,500
6847,"NelderMead",10.0005,63.3340118177891,0.63183856,4.001487,30.0580360201786,22.2156593406593,0.544814518309668,1482.76190044495,1482.76190370702,17.08,500
6847,"DE",0.618434496912863,3.91659794370358,0.63183856,4.001487,6.28720746068228,1.28021978021978,0.997654911731321,2.12143796464989,2.12143776292204,37.396,500
6896,"BiLSTM",0.698583364486694,4.17434740066528,0.7892164,4.5025125,12.4055132089186,2.11675824175824,0.995610802221723,11.4839270336128,7.28848835699438,NA,500
6896,"ABC",1.04233924265299,5.94658839190113,0.7892164,4.5025125,17.7375976382536,4.70741758241758,0.982189876127826,32.0726790083162,32.0726681358714,67.198,500
6896,"ABC-SMC",1.82559860404272,10.4151153701554,0.7892164,4.5025125,24.9915736818246,10.3447802197802,0.914586443031685,131.317874798689,131.317855756213,42.688,500
6896,"NelderMead",10.0005,57.053265174825,0.7892164,4.5025125,32.3402310777736,17.3282967032967,0.739204862444471,1167.14295344091,1167.14284912757,19.84,500
6896,"DE",0.75932116254997,4.33195856605368,0.7892164,4.5025125,11.8988655097956,1.82142857142857,0.996657058955189,3.78796454939736,3.78797246973372,45.565,500
6916,"BiLSTM",0.898733794689178,4.21502017974854,1.1285882,4.863857,18.8428619094162,2.43818681318681,0.981134697444487,20.3665433778965,13.3399649753573,NA,500
6916,"ABC",1.27322313304363,5.4871875638232,1.1285882,4.863857,20.3057031126547,2.12362637362637,0.987029547627228,12.8155631118271,12.8155610624079,49.189,500
6916,"ABC-SMC",1.5459437899938,6.66252702976376,1.1285882,4.863857,23.777059829547,3.35989010989011,0.969717690791293,36.9803255070187,36.98032301862,33.802,500
6916,"NelderMead",10.0005,43.0989806954233,1.1285882,4.863857,40.8805913204658,10.0755494505495,0.727565156501789,786.107084940282,786.107068843169,12.767,500
6916,"DE",1.16084149762542,5.0028583867411,1.1285882,4.863857,16.212991518508,1.69642857142857,0.990838080753046,2.85784466162437,2.85784279309815,29.739,500
6962,"BiLSTM",0.713402688503265,3.67037057876587,0.76059145,3.7108374,25.2588731925552,2.19093406593407,0.99221900777875,6.20421929496244,1.09050375621769,NA,500
6962,"ABC",0.976078920671094,4.76217596608538,0.76059145,3.7108374,32.4534766567822,4.11401098901099,0.981328628134816,28.331566266107,28.3315719003313,68.628,500
6962,"ABC-SMC",1.58760730981408,7.74575212543262,0.76059145,3.7108374,43.2337873795924,7.8543956043956,0.933017383429955,108.733257495083,108.733266659235,46.402,500
6962,"NelderMead",10.0005,48.7912808485746,0.76059145,3.7108374,55.0920405510681,13.4505494505495,0.766718720379202,1214.8320297316,1214.83208745753,20.105,500
6962,"DE",0.703731824607912,3.43342603835053,0.76059145,3.7108374,25.8092008778718,2.21428571428571,0.991990631852231,7.47571188081173,7.4757078186577,47.42,500
7020,"BiLSTM",0.416941076517105,2.36043524742126,0.35512134,1.9210494,17.5289846649521,2.4217032967033,0.990357538781691,17.4080601625081,22.8721784781414,NA,500
7020,"ABC",0.401925815953544,2.17424085489156,0.35512134,1.9210494,16.4607728922775,2.09203296703297,0.991339157312119,13.1798545121349,13.1798513297763,34.774,500
7020,"ABC-SMC",1.27082356110897,6.87459326136259,0.35512134,1.9210494,45.2473865162225,11.9423076923077,0.849702324769885,257.85615167733,257.856141615233,28.929,500
7020,"NelderMead",10.0005,54.0982808425927,0.35512134,1.9210494,50.1988104800174,16.6126373626374,0.662049864183321,2716.07970954379,2716.07963036207,13.361,500
7020,"DE",0.357960925149422,1.9364102454285,0.35512134,1.9210494,13.2777682259491,1.51648351648352,0.993422214739177,0.799609831789391,0.799606997534954,36.143,500
7040,"BiLSTM",0.832562208175659,4.04939937591553,1.0421588,4.794624,32.2678361031801,5.62774725274725,0.947860735752254,20.1117710491281,15.542921073362,NA,500
7040,"ABC",1.06650738389769,4.9066436824982,1.0421588,4.794624,18.402070572461,2.33516483516484,0.989637262857453,2.33636024545325,2.33636010870086,73.949,500
7040,"ABC-SMC",1.73649010339022,7.98901003796296,1.0421588,4.794624,42.3015769680471,11.353021978022,0.80400479634157,66.6243285946655,66.6243283720049,45.767,500
7040,"NelderMead",10.0005,46.0089549192753,1.0421588,4.794624,67.918421984875,22.771978021978,0.305936847428517,859.594641430845,859.594640148536,20.985,500
7040,"DE",1.05269288009051,4.84308777200405,1.0421588,4.794624,18.5312979535819,2.21565934065934,0.990996564258114,1.01079414101876,1.01079400603773,49.43,500
7138,"BiLSTM",0.409241735935211,2.29780006408691,0.37091166,2.0337791,12.5511505133656,1.83516483516484,0.993821792354847,10.3340175219111,12.98179158626,NA,500
7138,"ABC",0.4047553852408,2.21935089903105,0.37091166,2.0337791,13.8482365572352,1.77747252747253,0.993971934398122,9.12447056552485,9.12448156395387,36.9,500
7138,"ABC-SMC",1.26023026558725,6.91008266944551,0.37091166,2.0337791,40.7580430092569,12.1153846153846,0.860088583350866,239.76561038476,239.765644629031,31.448,500
7138,"NelderMead",10.0005,54.8346469869841,0.37091166,2.0337791,45.8519888490081,17.5178571428571,0.676145183857599,2596.1945601818,2596.19483192565,13.787,500
7138,"DE",0.352785432736421,1.93438974713785,0.37091166,2.0337791,16.1862816275509,1.66620879120879,0.994330554098563,4.88693918750863,4.88692960126053,37.518,500
7149,"BiLSTM",0.395866930484772,1.9152113199234,0.31630945,1.4475273,35.7825685405404,3.16208791208791,0.975012625755043,25.1517874299272,32.3091674971105,NA,500
7149,"ABC",0.323422998807446,1.48008095845792,0.31630945,1.4475273,29.3415830057509,2.25412087912088,0.980022635946981,2.2489207348834,2.24891499164971,52.336,500
7149,"ABC-SMC",1.2119624901182,5.54630502655488,0.31630945,1.4475273,75.1298962809202,10.1181318681319,0.899556360430559,283.157218387941,283.157196866331,45.493,500
7149,"NelderMead",10.0005,45.7652970865896,0.31630945,1.4475273,85.4384616052836,13.043956043956,0.805617660795117,3061.61910432964,3061.61892674422,17.482,500
7149,"DE",0.30794921816631,1.4092682822823,0.31630945,1.4475273,29.1412902923731,2.21840659340659,0.980427768965947,2.64305471546603,2.64306018392168,65.814,500
7161,"BiLSTM",0.131980329751968,2.05865216255188,0.1796312,2.3437812,37.0129745917839,3.00824175824176,0.97527299358154,26.5270566850478,12.1653436527318,NA,500
7161,"ABC",0.189118921798571,2.46757436915905,0.1796312,2.3437812,25.1616246313877,1.86538461538462,0.983899685103234,5.28177833169904,5.28177157317607,42.325,500
7161,"ABC-SMC",1.37171836729929,17.8978235105293,0.1796312,2.3437812,71.0525642453513,10.3804945054945,0.78474679768896,663.630353356925,663.630304335971,40.332,500
7161,"NelderMead",10.0005,130.483915856174,0.1796312,2.3437812,75.825713443548,12.1236263736264,0.700722626619173,5467.23998948958,5467.23963210276,17.501,500
7161,"DE",0.19541881015205,2.54977366937591,0.1796312,2.3437812,25.174120958714,1.89148351648352,0.983552784357804,8.78890201259608,8.78889502893467,46.341,500
7275,"BiLSTM",0.661913216114044,3.64533281326294,0.7446974,3.8037696,21.5881144005883,2.43956043956044,0.992210578727229,11.1164862246002,4.16525718952747,NA,500
7275,"ABC",0.658702389330187,3.36452375321242,0.7446974,3.8037696,21.2020331759089,2.50412087912088,0.991813580578063,11.5476448111425,11.5476459664533,76.118,500
7275,"ABC-SMC",1.63271698191889,8.33960094410069,0.7446974,3.8037696,58.328953111373,17.0576923076923,0.70545866513818,119.24569387766,119.245691014006,53.378,500
7275,"NelderMead",10.0005,51.0806099067218,0.7446974,3.8037696,72.7629459713596,25.782967032967,0.363851433313436,1242.89444276293,1242.89442522286,21.79,500
7275,"DE",0.619476893732544,3.16416754712063,0.7446974,3.8037696,25.4709569453151,3.45879120879121,0.985840691001302,16.8149514510801,16.8149525375925,59.688,500
7277,"BiLSTM",0.184946194291115,1.8472353219986,0.20288292,2.0163682,39.4119797775543,4.15934065934066,0.980441921200739,8.84092446465439,8.3879957044256,NA,500
7277,"ABC",0.22619705973043,2.24807770191424,0.20288292,2.0163682,27.6401738332307,3.03846153846154,0.986046430206324,11.4914255623045,11.4914280990068,82.826,500
7277,"ABC-SMC",1.6456347771434,16.355273814786,0.20288292,2.0163682,100.752865764489,25.0013736263736,0.603328787376692,711.125341228035,711.125359683119,69.75,500
7277,"NelderMead",10.0005,99.3907749498872,0.20288292,2.0163682,105.294554498641,28.385989010989,0.481112083508129,4829.19758844165,4829.19770059294,30.301,500
7277,"DE",0.20678802211893,2.05517941790459,0.20288292,2.0163682,30.665629036168,2.91620879120879,0.985101917205368,1.92480575443693,1.92480807347527,99.594,500
7286,"BiLSTM",0.893011093139648,3.92969346046448,1.1220453,4.721329,31.5604384445268,9.68406593406593,0.915086193636851,20.4122067852654,16.7672182882303,NA,500
7286,"ABC",1.17379099376244,4.93906446114487,1.1220453,4.721329,17.6344891501032,2.61538461538462,0.994580121870866,4.61172946960716,4.61174091330781,101.428,500
7286,"ABC-SMC",1.72727192234313,7.26799524933558,1.1220453,4.721329,39.2734778585019,11.3763736263736,0.894170189113784,53.9395889224015,53.9396057621822,60.959,500
7286,"NelderMead",10.0005,42.0799907361324,1.1220453,4.721329,70.7302506716696,28.7857142857143,0.361988320464404,791.27417582873,791.274273327117,26.679,500
7286,"DE",1.20886844956339,5.0866629827339,1.1220453,4.721329,18.5911034598158,2.87225274725275,0.993900231541635,7.73793621018634,7.73794799586944,64.054,500
7321,"BiLSTM",0.596641778945923,2.73954439163208,0.5328268,2.408155,5.678736678785,1.47252747252747,0.99590154513557,11.9766834074267,13.7611321377602,NA,500
7321,"ABC",0.640152315426886,2.89322179284772,0.5328268,2.408155,7.85047639879963,2.00274725274725,0.99433353632079,20.1426646382813,20.1426732435297,30.22,500
7321,"ABC-SMC",1.48814115530317,6.72577809624196,0.5328268,2.408155,21.1578911984528,8.17445054945055,0.921023965331168,179.291723934151,179.291743938491,24.057,500
7321,"NelderMead",10.0005,45.1980940193573,0.5328268,2.408155,24.6690547064619,13.6002747252747,0.745580845937193,1776.87631327854,1776.87644771027,10.736,500
7321,"DE",0.519505048633212,2.34794640584518,0.5328268,2.408155,5.28723869045116,1.10989010989011,0.99687289265169,2.50020294902353,2.50019596557618,24.779,500
7360,"BiLSTM",0.607728242874146,3.19841909408569,0.7050633,3.452065,19.6080166437101,2.67994505494505,0.98781845725911,13.8051515553078,7.34765729829267,NA,500
7360,"ABC",0.929192294337625,4.54942472623847,0.7050633,3.452065,15.8157498206659,2.92032967032967,0.984906212581315,31.7884925137396,31.7885012662992,46.606,500
7360,"ABC-SMC",1.91178367265474,9.36029707154911,0.7050633,3.452065,30.1998500730233,8.65247252747253,0.886943635664408,171.150643162783,171.150661170897,30.891,500
7360,"NelderMead",10.0005,48.9635162194065,0.7050633,3.452065,38.0463405069755,13.5164835164835,0.717491040176392,1318.38328558585,1318.38337978591,14.454,500
7360,"DE",0.714825971215561,3.49986431035109,0.7050633,3.452065,11.6373728742896,1.56456043956044,0.993706990968131,1.38465173489541,1.38465846822389,32.2,500
7365,"BiLSTM",0.404771715402603,3.8036642074585,0.3828587,3.7214012,15.950753476958,1.99313186813187,0.99296549661203,5.72352552066941,2.21053853205874,NA,500
7365,"ABC",0.419534174363031,4.07788820547655,0.3828587,3.7214012,15.6444923623803,2.22802197802198,0.991730021720882,9.57937598467305,9.57937578664046,57.704,500
7365,"ABC-SMC",1.68050295599422,16.3345529453516,0.3828587,3.7214012,52.7460252521808,14.5590659340659,0.757526566301018,338.93555402926,338.935553236013,41.916,500
7365,"NelderMead",10.0005,97.2052421254714,0.3828587,3.7214012,58.6888794249381,18.9052197802198,0.590009633268878,2512.06027184442,2512.06026712388,20.434,500
7365,"DE",0.386161027371513,3.7534999415098,0.3828587,3.7214012,14.5853432038083,1.83928571428571,0.993431124962751,0.862544685941164,0.862544503661702,50.561,500
7453,"BiLSTM",0.515177488327026,2.40147542953491,0.53170145,2.275015,23.4646944990411,1.67994505494505,0.985978518278789,3.10775185453672,5.55866354880791,NA,500
7453,"ABC",0.490328334298621,2.09799018035863,0.53170145,2.275015,25.4204046957302,1.7760989010989,0.986587039462105,7.78126817246398,7.78125944845963,39.823,500
7453,"ABC-SMC",1.77547224014466,7.59679395369035,0.53170145,2.275015,61.8173286230002,9.87637362637363,0.779190696123396,233.922775675081,233.922807264583,30.582,500
7453,"NelderMead",10.0005,42.7895949123319,0.53170145,2.275015,69.0059085520803,12.8035714285714,0.611759818722584,1780.84873569557,1780.84891362615,13.277,500
7453,"DE",0.504153255546822,2.15714350068315,0.53170145,2.275015,25.1193394643015,1.70467032967033,0.986426691124674,5.18113961381484,5.18113064383515,37.346,500
7508,"BiLSTM",0.581588983535767,4.06296348571777,0.6172782,4.377754,23.0253015439883,2.36813186813187,0.990513210337493,5.78170692958757,7.19068532133662,NA,500
7508,"ABC",0.811507002856876,5.75523003599116,0.6172782,4.377754,24.7602123445471,3.76510989010989,0.981964078691149,31.4653591941002,31.4653595426139,78.388,500
7508,"ABC-SMC",1.7934729465247,12.7193595794478,0.6172782,4.377754,38.495049998845,9.79807692307692,0.894569535058674,190.545324057241,190.545324827474,51.263,500
7508,"NelderMead",10.0005,70.9238216950797,0.6172782,4.377754,48.0082708456159,14.5741758241758,0.745102535026488,1520.0960928152,1520.09609711006,22.463,500
7508,"DE",0.629341714946108,4.46330879217174,0.6172782,4.377754,21.0331845117043,2.33791208791209,0.991006843267359,1.95430762759939,1.95430789787951,53.146,500
7567,"BiLSTM",0.927434742450714,4.07796621322632,1.0272119,4.2158904,15.6448474608852,2.10989010989011,0.995965842232856,9.71339579976496,3.27153160275898,NA,500
7567,"ABC",1.08122658494041,4.43757786169499,1.0272119,4.2158904,16.1308736731791,2.70192307692308,0.993258077016289,5.25837803674295,5.25837819918162,87.043,500
7567,"ABC-SMC",1.72541525450966,7.08146159397743,1.0272119,4.2158904,28.9201873382993,10.260989010989,0.922802002687418,67.9707229355168,67.9707231947355,55.384,500
7567,"NelderMead",10.0005,41.0441234279553,1.0272119,4.2158904,45.2386113748024,21.7239010989011,0.645108391519695,873.55764667446,873.55764817689,23.781,500
7567,"DE",0.964193906090256,3.95725150642976,1.0272119,4.2158904,15.421783132139,1.81593406593407,0.996595116295365,6.13485824197948,6.13485809712328,56.948,500
7578,"BiLSTM",0.118329219520092,1.35624766349792,0.14184867,1.6520443,32.5302784893216,2.70054945054945,0.972330272330429,16.5806633787317,17.9048852686381,NA,500
7578,"ABC",0.150730110420646,1.7554822287474,0.14184867,1.6520443,26.661433031629,1.80769230769231,0.980452971899964,6.26120810342861,6.2612079317363,37.161,500
7578,"ABC-SMC",1.52447515233575,17.7548402945098,0.14184867,1.6520443,89.5039240375913,15.6758241758242,0.590256556610593,974.719383929191,974.719382192705,34.304,500
7578,"NelderMead",10.0005,116.471088487863,0.14184867,1.6520443,92.2326737250223,17.1744505494506,0.522948968523379,6950.11897538412,6950.11896399284,14.658,500
7578,"DE",0.130727863085361,1.52252552464819,0.14184867,1.6520443,28.3905895009096,2.02747252747253,0.979050756884913,7.8399091895886,7.83990933849692,59.462,500
7650,"BiLSTM",0.530598223209381,2.53458881378174,0.48502147,2.3459384,6.69940630057677,2.19230769230769,0.996979093405136,9.39685272270135,8.04157576267724,NA,500
7650,"ABC",0.556129221271753,2.68987050833972,0.48502147,2.3459384,8.02260979649923,2.86675824175824,0.99557057200863,14.6607430124182,14.6607476283147,48.74,500
7650,"ABC-SMC",1.77437763570125,8.58226090334878,0.48502147,2.3459384,27.1764087692125,18.3942307692308,0.827903740045113,265.834864114624,265.834878842035,34.723,500
7650,"NelderMead",10.0005,48.3701431065545,0.48502147,2.3459384,29.7677044460533,25.3489010989011,0.640371106438987,1961.86748805161,1961.86757105619,16.262,500
7650,"DE",0.656080997464725,3.17331450796058,0.48502147,2.3459384,13.2782004583878,5.56181318681319,0.985461386963123,35.2684443978788,35.2684498433793,34.558,500
7660,"BiLSTM",1.00531148910522,4.64428091049194,1.0686289,4.9514914,6.57150742012059,1.26373626373626,0.998202472237446,5.92510748069563,6.20440317250792,NA,500
7660,"ABC",1.47682635469278,6.842874750719,1.0686289,4.9514914,10.2542573090105,5.2706043956044,0.979051741703793,38.1982421299648,38.198255796607,56.435,500
7660,"ABC-SMC",1.71552367151701,7.9488787417574,1.0686289,4.9514914,12.0554944310516,7.0728021978022,0.96325550212306,60.5350249761177,60.5350408516796,35.022,500
7660,"NelderMead",10.0005,46.337315641148,1.0686289,4.9514914,19.1913173355778,17.2252747252747,0.7561774133405,835.825336559773,835.825429105018,15.439,500
7660,"DE",1.01475127324464,4.70184991206377,1.0686289,4.9514914,7.33104462422138,1.27472527472527,0.998271047342003,5.041752731501,5.04174334093007,33.474,500
7676,"BiLSTM",0.231205463409424,1.81813395023346,0.25953448,1.9871984,17.4531615144307,1.43681318681319,0.9928376152965,10.9153190707363,8.50767843646314,NA,500
7676,"ABC",0.33427202349751,2.55944722566551,0.25953448,1.9871984,16.6226152960683,2.07554945054945,0.991546087402888,28.7967685440139,28.7967636077762,30.782,500
7676,"ABC-SMC",1.69099420189508,12.9475699861824,0.25953448,1.9871984,40.8949690716473,9.4532967032967,0.865618619172578,551.54895869523,551.548933724103,28.33,500
7676,"NelderMead",10.0005,76.5716248475057,0.25953448,1.9871984,43.3509395354652,11.331043956044,0.799121592158059,3753.24524124887,3753.24509357021,11.83,500
7676,"DE",0.25396303400866,1.94453898957507,0.25953448,1.9871984,16.3961390175739,1.24862637362637,0.993919037400868,2.14670743992841,2.14671119023301,32.138,500
7703,"BiLSTM",0.432647466659546,4.0614218711853,0.42699644,4.1962085,20.2770530012369,1.86813186813187,0.99157269219905,1.32343648100343,3.21210513764264,NA,500
7703,"ABC",0.426317827731914,4.18953957806344,0.42699644,4.1962085,20.488594824541,1.87225274725275,0.991731435631236,0.158926914726923,0.158927325383471,56.055,500
7703,"ABC-SMC",1.30051750480439,12.7805341553029,0.42699644,4.1962085,47.4695292885731,10.1593406593407,0.844290169250752,204.573383516824,204.573382264083,48.45,500
7703,"NelderMead",10.0005,98.2775943791171,0.42699644,4.1962085,58.8463989678104,14.9862637362637,0.648716788446501,2242.05699700916,2242.05698737604,20.422,500
7703,"DE",0.409588769483759,4.02513863802476,0.42699644,4.1962085,19.2519396437309,1.88873626373626,0.992088492052626,4.07677181482837,4.07677220937043,50.482,500
7772,"BiLSTM",0.686747312545776,3.16680121421814,0.6403782,2.8350341,31.64680821083,2.53296703296703,0.991410234187885,7.2408949189364,11.7024029523363,NA,500
7772,"ABC",0.583463432012882,2.58306562660901,0.6403782,2.8350341,25.3426677094324,2.23076923076923,0.992243597020605,8.88768043433053,8.88766993635052,70.38,500
7772,"ABC-SMC",1.16183119879695,5.14357210559184,0.6403782,2.8350341,54.534720872712,9.07554945054945,0.928493843826868,81.4289116645362,81.4289325688124,53.164,500
7772,"NelderMead",10.0005,44.2734649364163,0.6403782,2.8350341,75.2440757427575,18.5714285714286,0.656809152073803,1461.65528433042,1461.65546426466,21.624,500
7772,"DE",0.631639085527585,2.79634527329389,0.6403782,2.8350341,27.9573581436184,2.01510989010989,0.992941179130983,1.36468019561181,1.36466883083019,56.936,500
7782,"BiLSTM",0.340301007032394,1.60090684890747,0.247902,1.2626989,48.7167153951321,4.56181318681319,0.966145936071962,37.2723927327712,26.7845286716786,NA,500
7782,"ABC",0.261964768457598,1.33432817884479,0.247902,1.2626989,36.043869241002,1.96428571428571,0.979393334478911,5.67271278876248,5.67271254016251,47.294,500
7782,"ABC-SMC",1.56457664097469,7.96923461237414,0.247902,1.2626989,98.4489435586518,14.8887362637363,0.802645470022626,531.127074801612,531.127073316856,37.869,500
7782,"NelderMead",10.0005,50.9379525769979,0.247902,1.2626989,102.778147853093,16.6222527472527,0.690619122727709,3934.05377931602,3934.05376982572,16.606,500
7782,"DE",0.271979153624688,1.38533685608384,0.247902,1.2626989,37.5211561976729,2.19917582417582,0.978077469325717,9.7123676391027,9.71236738099926,70.97,500
7826,"BiLSTM",0.280347555875778,3.64056468009949,0.2874152,3.9274259,13.0914632224263,1.69917582417582,0.996899581224207,2.45903630852571,7.30405174291162,NA,500
7826,"ABC",0.284515726232618,3.88780571710362,0.2874152,3.9274259,13.0376546396609,1.67582417582418,0.996799521070246,1.00881016988021,1.00880790383299,54.434,500
7826,"ABC-SMC",1.27833800171088,17.4680319335986,0.2874152,3.9274259,52.7653614637267,23.8598901098901,0.568845405286024,344.770492900473,344.770503081893,48.957,500
7826,"NelderMead",10.0005,136.653258463845,0.2874152,3.9274259,56.0473479537194,30.1043956043956,0.341366015436433,3379.46107234412,3379.46115199387,20.401,500
7826,"DE",0.27758028795395,3.79303543165239,0.2874152,3.9274259,13.7811983345103,1.68681318681319,0.996993840635411,3.4218482690026,3.42184605819321,56.069,500
7841,"BiLSTM",0.635651767253876,4.40954446792603,0.5735378,4.2623672,7.39698557323708,1.32142857142857,0.99615873505366,10.8299692285104,3.45294670825229,NA,500
7841,"ABC",0.881124711550351,6.54826350696869,0.5735378,4.2623672,15.8336211254146,4.09065934065934,0.972558986719428,53.6297540546327,53.6297367098894,35.846,500
7841,"ABC-SMC",1.36595753713586,10.1514005625348,0.5735378,4.2623672,20.4845937805876,7.25137362637363,0.913687345105708,138.163471899474,138.163445010905,25.778,500
7841,"NelderMead",10.0005,74.3208178626803,0.5735378,4.2623672,26.0730290840876,12.9848901098901,0.707457632431957,1643.65142105716,1643.65122419955,11.592,500
7841,"DE",0.56650096160247,4.21007097508028,0.5735378,4.2623672,5.89378772852563,0.925824175824176,0.997498639398781,1.22691798126126,1.22692913270623,25.391,500
7859,"BiLSTM",0.60295957326889,3.9431483745575,0.75243247,4.6772943,33.5007700197644,6.23489010989011,0.9431552767449,19.8652905995816,15.6959532232664,NA,500
7859,"ABC",0.795160192910658,4.9428998291634,0.75243247,4.6772943,20.090598563176,2.0467032967033,0.993665944939748,5.6786123159542,5.67861485995018,69.835,500
7859,"ABC-SMC",1.49350138647266,9.2839503459405,0.75243247,4.6772943,46.9161020589774,12.5453296703297,0.794656398283374,98.4897576885087,98.4897624667427,48.032,500
7859,"NelderMead",10.0005,62.1654229955933,0.75243247,4.6772943,68.5615431195283,22.9684065934066,0.349432188366594,1229.08937329618,1229.08940529129,20.622,500
7859,"DE",0.73239082655942,4.55271091756997,0.75243247,4.6772943,19.9062267981506,2.28983516483516,0.991788671764656,2.66358035300897,2.66357800983418,51.059,500
7921,"BiLSTM",0.218153834342957,1.28709924221039,0.19309889,1.1308175,43.5597450632951,3.39972527472527,0.951445498045824,12.9751881758391,13.8202443993295,NA,500
7921,"ABC",0.180692771291788,1.05816529455996,0.19309889,1.1308175,43.3183307211687,2.66483516483516,0.959129946973783,6.42474884667224,6.42475071707343,76.708,500
7921,"ABC-SMC",1.79665970208321,10.5215218588287,0.19309889,1.1308175,139.004427262928,26.3901098901099,0.645638831263922,830.435023258401,830.435004660676,57.701,500
7921,"NelderMead",10.0005,58.56450123928,0.19309889,1.1308175,141.498846035859,27.6703296703297,0.570125109038506,5078.9526081688,5078.95250465084,28.11,500
7921,"DE",0.190939535545282,1.11817195800902,0.19309889,1.1308175,40.7860601241192,2.28983516483516,0.962437453323695,1.1182635253458,1.11826550181409,136.936,500
7922,"BiLSTM",0.340339303016663,2.07524108886719,0.3908104,2.4217806,42.7665012453355,5.58379120879121,0.962644258300279,12.9144713097035,14.3092859498838,NA,500
7922,"ABC",0.360706819883363,2.23523442334343,0.3908104,2.4217806,31.9789710736514,4.0260989010989,0.977273750800518,7.70286054737476,7.70285205260014,75.382,500
7922,"ABC-SMC",1.69179940751024,10.4837725948229,0.3908104,2.4217806,89.3792787292344,27.6510989010989,0.406703902008178,332.89518587792,332.895225720401,54.791,500
7922,"NelderMead",10.0005,61.9712758906919,0.3908104,2.4217806,95.4165766477577,32.6978021978022,0.202575252508098,2458.9134782493,2458.91371376465,24.178,500
7922,"DE",0.394794534381014,2.44646977753743,0.3908104,2.4217806,23.0864932820905,2.77884615384615,0.986797174937361,1.01945454394603,1.01946384149853,78.661,500
7924,"BiLSTM",0.663457870483398,3.03628325462341,0.63472605,2.6939147,16.0955533337922,1.72802197802198,0.993764604520024,4.52664901391685,12.7089604813179,NA,500
7924,"ABC",1.01801213589057,4.32066386289725,0.63472605,2.6939147,28.9135266266671,5.04120879120879,0.973147444041872,60.3860651206248,60.3860680108857,47.419,500
7924,"ABC-SMC",1.45080777776452,6.15754224964489,0.63472605,2.6939147,35.2576531873311,7.48763736263736,0.938914333555294,128.572275829,128.572279948021,34.193,500
7924,"NelderMead",10.0005,42.444286701066,0.63472605,2.6939147,43.1977797786246,12.8159340659341,0.783864222344619,1475.5616143374,1475.56164273004,15.222,500
7924,"DE",0.609804653195552,2.58814294604031,0.63472605,2.6939147,14.6279870590013,1.57005494505495,0.994378175534339,3.92632330191083,3.92632157060084,34.381,500
8049,"BiLSTM",0.602884590625763,3.15066194534302,0.7095304,3.3123205,15.2001870006877,1.82142857142857,0.99119601368936,15.0304778166287,4.88052272287607,NA,500
8049,"ABC",6.26292213622712,29.2373728212255,0.7095304,3.3123205,33.2719096302588,8.50137362637363,0.843937761941897,782.685524993309,782.685501636255,42.483,500
8049,"ABC-SMC",1.42039357574263,6.63086265860531,0.7095304,3.3123205,23.786037405131,4.625,0.95686867013124,100.187839131718,100.187833834477,30.196,500
8049,"NelderMead",10.0005,46.6856110516496,0.7095304,3.3123205,33.6668513275624,8.93131868131868,0.82161197694975,1309.45335111787,1309.45331382182,11.522,500
8049,"DE",0.716529632853843,3.34499512488333,0.7095304,3.3123205,13.2061161394421,1.43681318681319,0.992816416087697,0.986459897115405,0.986457224877023,27.367,500
8056,"BiLSTM",0.23082047700882,1.33311450481415,0.21832108,1.3033514,41.6458391031184,2.22527472527473,0.974592613214706,5.725235973008,2.28358252533799,NA,500
8056,"ABC",0.226495412355592,1.35215111514485,0.21832108,1.3033514,41.0765693960091,2.08928571428571,0.976256614597792,3.74417914916515,3.74417176709582,55.285,500
8056,"ABC-SMC",1.41994896330064,8.47692919784797,0.21832108,1.3033514,114.87349820086,21.5,0.63620603751196,550.394805348454,550.394759068657,47.952,500
8056,"NelderMead",10.0005,59.7018150892017,0.21832108,1.3033514,118.96706170645,23.7129120879121,0.495249064773305,4480.6387546269,4480.63842868483,19.485,500
8056,"DE",0.323597725353716,1.93184056420718,0.21832108,1.3033514,57.8398390528252,7.43818681318681,0.938667128902497,48.2210171155788,48.2210065686948,56.233,500
8079,"BiLSTM",0.564377427101135,4.3696665763855,0.5178025,3.7662642,20.272087759202,2.48626373626374,0.990842654260284,8.99472812532485,16.0212439792593,NA,500
8079,"ABC",0.50891364801972,3.70161093962695,0.5178025,3.7662642,18.7719468929791,2.12087912087912,0.992037645439067,1.71664910468378,1.71664166239441,62.108,500
8079,"ABC-SMC",1.44978050345651,10.5450568923326,0.5178025,3.7662642,50.3497603668798,13.0590659340659,0.813522859898551,179.987157933093,179.987179134502,50.83,500
8079,"NelderMead",10.0005,72.739177551601,0.5178025,3.7662642,61.4679358420114,19.7774725274725,0.560563486686622,1831.33482360553,1831.33496985158,19.994,500
8079,"DE",0.510313288396637,3.71179129959746,0.5178025,3.7662642,19.7059697361872,2.14697802197802,0.991998634025527,1.4463451998325,1.44633773707498,53.508,500
8086,"BiLSTM",0.195939153432846,1.72528171539307,0.16394833,1.5575309,18.7987191236803,3.0260989010989,0.991002005222653,19.5127473593943,10.7703041649489,NA,500
8086,"ABC",0.160710332159616,1.52676959136141,0.16394833,1.5575309,19.0525717874529,2.2293956043956,0.992429737841236,1.97501117601135,1.97500471024908,57.953,500
8086,"ABC-SMC",1.44816970637737,13.7578053701725,0.16394833,1.5575309,71.4900555178529,22.3475274725275,0.769243253494198,783.308604837496,783.308663100838,48.868,500
8086,"NelderMead",10.0005,95.0060838854178,0.16394833,1.5575309,74.2107275993829,25.3269230769231,0.70399635795406,5999.7876587093,5999.78806105341,23.492,500
8086,"DE",0.172077139335645,1.63475577565971,0.16394833,1.5575309,19.7354532371252,2.19230769230769,0.992731012315803,4.95815317889768,4.95816010197388,83.164,500
8153,"BiLSTM",0.498946487903595,2.89780211448669,0.45858496,2.4811563,12.9083687699396,1.36950549450549,0.995116153027057,8.80131958614495,16.7924049962791,NA,500
8153,"ABC",0.577962709114758,3.12704493320438,0.45858496,2.4811563,17.2513021705985,2.23076923076923,0.991103403954182,26.0317628198617,26.0317591924531,30.564,500
8153,"ABC-SMC",1.3922252808556,7.53258115397567,0.45858496,2.4811563,30.8105199689362,8.18818681318681,0.900016958918358,203.591570219747,203.591561481865,23.37,500
8153,"NelderMead",10.0005,54.1073193154771,0.45858496,2.4811563,34.6927840310015,12.5975274725275,0.737370212365041,2080.73004400319,2080.72998123807,10.398,500
8153,"DE",0.444238195865013,2.40353361489923,0.45858496,2.4811563,9.45862854475823,1.14010989010989,0.995822421272155,3.12848553406267,3.12848832218972,25.136,500
8171,"BiLSTM",0.626905918121338,3.57723999023438,0.638992,3.4856954,12.0662016122717,1.60027472527473,0.996943096243049,1.89142929468008,2.62629345737941,NA,500
8171,"ABC",0.758262200912058,4.13631301406906,0.638992,3.4856954,19.3384829991527,3.49862637362637,0.99053233402786,18.6653668452904,18.6653605495495,72.08,500
8171,"ABC-SMC",1.18911469664803,6.48660923497158,0.638992,3.4856954,34.4398975252755,9.48626373626374,0.932047116099227,86.092266671262,86.0922567982155,51.272,500
8171,"NelderMead",10.0005,54.5526313291662,0.638992,3.4856954,48.9519747254458,19.668956043956,0.674552288632453,1465.04306783184,1465.04298479914,22.083,500
8171,"DE",0.62030278101806,3.38374570524821,0.638992,3.4856954,11.809066353857,1.64423076923077,0.996774582002389,2.92479702123659,2.92480217152041,56.456,500
8180,"BiLSTM",0.836700081825256,4.01033306121826,0.79496443,3.6227424,8.96427187536023,1.81456043956044,0.996809513346954,5.25000242152423,10.6988192485964,NA,500
8180,"ABC",1.20144514256995,5.47512113749345,0.79496443,3.6227424,15.5663838265476,6.2967032967033,0.977186731898147,51.1319371320745,51.1319473748243,71.148,500
8180,"ABC-SMC",1.58803155054801,7.23683903770551,0.79496443,3.6227424,20.9763972128604,10.1813186813187,0.943197727226025,99.7613340445951,99.7613475831324,49.549,500
8180,"NelderMead",10.0005,45.5734073870253,0.79496443,3.6227424,29.1690755308307,20.6222527472527,0.730361036237379,1157.98081305348,1157.98089831133,20.737,500
8180,"DE",0.876320937884406,3.99349343572683,0.79496443,3.6227424,9.25963121640289,2.07142857142857,0.99627180640114,10.233980894517,10.2339883654666,47.057,500
8241,"BiLSTM",0.195811435580254,1.63297522068024,0.15821487,1.2984053,35.6382121982307,3.2293956043956,0.964290519233383,23.7629785242396,25.7677568537526,NA,500
8241,"ABC",0.141793994134292,1.16364585305413,0.15821487,1.2984053,33.7588291560933,2.40247252747253,0.967556179630144,10.378844836587,10.3788429503387,44.924,500
8241,"ABC-SMC",1.20733014491761,9.90806927316005,0.15821487,1.2984053,100.586214338666,15.5027472527473,0.730792461717925,663.095241880622,663.095257941418,39.567,500
8241,"NelderMead",10.0005,82.0700511648359,0.15821487,1.2984053,105.464823847949,17.3846153846154,0.650682114707735,6220.83444495451,6220.83457798854,17.159,500
8241,"DE",0.151265591619741,1.24137541560035,0.15821487,1.2984053,33.3462275874097,2.03983516483516,0.971096397935786,4.39230420014195,4.39230218789541,81.686,500
8331,"BiLSTM",0.734127640724182,3.87796568870544,0.6094906,2.9468288,12.7999175412647,3.14285714285714,0.993352931000959,20.4493786654269,31.5979295677253,NA,500
8331,"ABC",0.810885838745761,3.92055574108796,0.6094906,2.9468288,16.3727967973537,4.51373626373626,0.987400598732995,33.0432066951911,33.0432138130303,60.036,500
8331,"ABC-SMC",1.87820883531849,9.08096069806784,0.6094906,2.9468288,32.3118054357652,14.0412087912088,0.874317585061807,208.160426972703,208.16044345935,38.112,500
8331,"NelderMead",10.0005,48.3514643064854,0.6094906,2.9468288,37.1228425995707,20.2857142857143,0.710146794929021,1540.79642901794,1540.79651680089,18.378,500
8331,"DE",0.614737787520239,2.9721986091828,0.6094906,2.9468288,8.22022757878965,1.39835164835165,0.997699427260463,0.860913608879048,0.860919004958892,44.18,500
8337,"BiLSTM",1.10591685771942,4.73451709747314,1.1916081,4.777398,7.22142577568272,1.1978021978022,0.998114713301607,7.19122690426313,0.897578609252469,NA,500
8337,"ABC",2.42737055522851,9.73182025184732,1.1916081,4.777398,21.0303005738347,7.26373626373626,0.949359490773782,103.705442689464,103.705453300046,63.245,500
8337,"ABC-SMC",1.52540392261567,6.11565331645914,1.1916081,4.777398,14.1236030522186,3.64423076923077,0.987803697094171,28.0122149736704,28.0122216415535,43.746,500
8337,"NelderMead",10.0005,40.0940302332362,1.1916081,4.777398,28.3973534572833,12.625,0.831916981845994,739.244043406553,739.244087120984,16.797,500
8337,"DE",1.04067177874797,4.17226396280153,1.1916081,4.777398,6.56576982345442,1.36126373626374,0.997859058062519,12.6666075240704,12.6666029750603,38.095,500
8349,"BiLSTM",0.568913996219635,3.22986340522766,0.56569135,3.1137137,19.674797654082,2.34065934065934,0.99383115850688,0.569682781897756,3.73026284425769,NA,500
8349,"ABC",0.529044283875465,2.91199880246761,0.56569135,3.1137137,17.9526896105312,2.51648351648352,0.993178614872759,6.47827938760856,6.47827375819386,81.396,500
8349,"ABC-SMC",2.14342514434621,11.7979754129323,0.56569135,3.1137137,60.6172828541551,18.9629120879121,0.755464917494215,278.903644955188,278.903667762786,53.888,500
8349,"NelderMead",10.0005,55.0453807207799,0.56569135,3.1137137,68.0301792230968,24.1414835164835,0.593175813279543,1667.83682479854,1667.83693121111,25.288,500
8349,"DE",0.550596792681151,3.03062947620362,0.56569135,3.1137137,17.8804313458884,2.34752747252747,0.993942497474301,2.66833801132881,2.66833215257979,67.355,500
8453,"BiLSTM",0.224145650863647,1.392338514328,0.2297766,1.4629353,45.9475602004508,1.96978021978022,0.955096703607107,2.45061905187584,4.82569431963239,NA,500
8453,"ABC",0.236383795053581,1.50500186421381,0.2297766,1.4629353,48.4769591504074,2.14697802197802,0.953254452079152,2.87548647407133,2.87549040711575,38.092,500
8453,"ABC-SMC",1.49156372510857,9.49644702325413,0.2297766,1.4629353,124.358975353531,15.2417582417582,0.520709869807073,549.136476520486,549.136501337696,31.23,500
8453,"NelderMead",10.0005,63.670909165574,0.2297766,1.4629353,128.16597968008,16.6881868131868,0.409912394743961,4252.27085786803,4252.2710242602,13.521,500
8453,"DE",0.210267840577598,1.33872752140969,0.2297766,1.4629353,46.1095497576234,2.03708791208791,0.953848631332646,8.49031599492811,8.49031249641097,66.37,500
8477,"BiLSTM",0.768481433391571,4.69342470169067,0.64903283,4.440045,12.6496512315272,4.09065934065934,0.985966059309168,18.4040926545381,5.70669219998163,NA,500
8477,"ABC",0.686213912096188,4.69440091571243,0.64903283,4.440045,8.99991287690987,2.11950549450549,0.995491579894837,5.72869050340453,5.72867877943651,48.139,500
8477,"ABC-SMC",1.86745106059649,12.7752641186375,0.64903283,4.440045,24.4299749968708,16.2032967032967,0.799097115245504,187.728289583825,187.728257678414,33.985,500
8477,"NelderMead",10.0005,68.4135887221733,0.64903283,4.440045,27.4506809163811,23.782967032967,0.566217431789718,1440.83114717017,1440.83097631158,11.991,500
8477,"DE",0.627009945820695,4.28938558652959,0.64903283,4.440045,6.38212973172979,1.14972527472527,0.998301040101096,3.39318493015288,3.39319564262084,35.637,500
8478,"BiLSTM",0.376616239547729,1.73892819881439,0.34267306,1.6789939,22.3639040089971,2.33379120879121,0.992307117678347,9.90541233318123,3.56965554278619,NA,500
8478,"ABC",0.29180195593412,1.4297409101162,0.34267306,1.6789939,20.4382004454244,2.55906593406593,0.991048082186227,14.8453759586121,14.8453779304261,58.589,500
8478,"ABC-SMC",2.08809731742307,10.2310423158975,0.34267306,1.6789939,66.7306265187329,15.4615384615385,0.847249082759023,509.355552322399,509.355538212351,42.177,500
8478,"NelderMead",10.0005,48.9994110075299,0.34267306,1.6789939,70.2110880396423,17.8104395604396,0.772562659812248,2818.37940222088,2818.37933464379,20.271,500
8478,"DE",0.335198192193792,1.64236928036444,0.34267306,1.6789939,20.3750331184669,1.92857142857143,0.992994027732272,2.18134095694827,2.18134322200674,65.413,500
8542,"BiLSTM",0.249447703361511,1.59946584701538,0.26464045,1.7596446,26.8114947690731,1.93269230769231,0.976391451356362,5.74090115040569,9.10290367637982,NA,500
8542,"ABC",0.250684994328923,1.66685214135781,0.26464045,1.7596446,26.1667979699292,1.91895604395604,0.976483502956715,5.27336454841916,5.27336364639716,35.72,500
8542,"ABC-SMC",1.64676842217263,10.9496760193683,0.26464045,1.7596446,90.3570006204955,16.739010989011,0.414644490107653,522.266332366286,522.266338291735,28.549,500
8542,"NelderMead",10.0005,66.495223953361,0.26464045,1.7596446,93.3188061452573,18.4835164835165,0.264079614909396,3678.90076894896,3678.90080493305,12.994,500
8542,"DE",0.278791184190391,1.85373553611947,0.26464045,1.7596446,26.5838777486027,1.84752747252747,0.97661915037504,5.34715467359226,5.34715567674676,47.973,500
8596,"BiLSTM",1.00731551647186,4.59285926818848,1.0289361,4.3665266,19.1600696046613,2.5,0.991837442868628,2.10125619347374,5.18335713764978,NA,500
8596,"ABC",0.926888034761092,3.93346203473116,1.0289361,4.3665266,17.4466615098282,2.14148351648352,0.993524612172538,9.91782339436902,9.91782725585239,75.746,500
8596,"ABC-SMC",1.29350564867786,5.48928799377163,1.0289361,4.3665266,31.4944857516558,7.07554945054945,0.942040179474339,25.7129231521624,25.7129177633232,53.56,500
8596,"NelderMead",10.0005,42.4394162003268,1.0289361,4.3665266,64.1810242702723,23.2087912087912,0.430630190944427,871.92624498256,871.926203319746,19.347,500
8596,"DE",0.952297518615653,4.04129300925635,1.0289361,4.3665266,17.5841587591258,2.0728021978022,0.993999033253003,7.44833244594554,7.44833641328667,52.05,500
8600,"BiLSTM",0.196703970432281,1.41683375835419,0.25549498,1.8401316,75.2368111631724,9.68818681318681,0.88054981966603,23.0106319770817,23.0036722181073,NA,500
8600,"ABC",0.235774913883445,1.69810326519535,0.25549498,1.8401316,49.6089366588683,4.4271978021978,0.94978096613395,7.71837713467226,7.71837920747883,83.236,500
8600,"ABC-SMC",1.37008390786911,9.86764842460834,0.25549498,1.8401316,147.128516002042,32.7967032967033,0.117366790005506,436.246899202914,436.246887157871,69.629,500
8600,"NelderMead",10.0005,72.0258208300359,0.25549498,1.8401316,152.844950044735,36.1744505494505,-0.0354610912171582,3814.16692414074,3814.16683622171,29.201,500
8600,"DE",0.23409559630505,1.68600844723444,0.25549498,1.8401316,51.2662586958107,4.64835164835165,0.947543803262546,8.37565720271673,8.37565926075965,114.666,500
8665,"BiLSTM",0.36786088347435,3.97643280029297,0.41423452,4.983056,13.7816818892295,2.36813186813187,0.995193252119199,11.1950197983621,20.2009208748012,NA,500
8665,"ABC",0.456435105664945,5.49070978957408,0.41423452,4.983056,11.8053473435872,2.90659340659341,0.993095201474776,10.1876071711611,10.1875995287648,72.326,500
8665,"ABC-SMC",1.56861664149054,18.8697552896892,0.41423452,4.983056,38.5476505371685,18.0700549450549,0.790131387320129,278.678397322014,278.678371057623,57.171,500
8665,"NelderMead",10.0005,120.301533710125,0.41423452,4.983056,44.943913377841,24.4862637362637,0.598101294698707,2314.21212312291,2314.21195567789,19.866,500
8665,"DE",0.402174446805276,4.83797837805066,0.41423452,4.983056,12.2495542339049,1.97802197802198,0.996665812244682,2.91141192064911,2.91141865452321,65.876,500
8696,"BiLSTM",0.381774872541428,1.9408130645752,0.2811466,1.3770293,17.6350893516943,2.89835164835165,0.989095096761158,35.7921001148254,40.9420311227361,NA,500
8696,"ABC",0.336411918009223,1.64771365793198,0.2811466,1.3770293,17.0175085941578,2.12087912087912,0.991244558700991,19.6571176778317,19.6571240664222,41.394,500
8696,"ABC-SMC",1.83737894612429,8.99930776008556,0.2811466,1.3770293,42.5034236568631,11.2692307692308,0.902073353781655,553.530558834532,553.530593727058,33.756,500
8696,"NelderMead",10.0005,48.9815002205037,0.2811466,1.3770293,45.4236457467054,13.4299450549451,0.838371232782133,3457.0410597176,3457.0412496309,16.603,500
8696,"DE",0.284820937628733,1.39502593063005,0.2811466,1.3770293,18.5162746467716,1.57142857142857,0.991352374016478,1.30691163568512,1.30691704454323,45.905,500
8773,"BiLSTM",0.481619715690613,3.81143283843994,0.4875108,3.9629948,11.775139022531,1.60851648351648,0.995810133593962,1.20840077991856,3.82442998815085,NA,500
8773,"ABC",0.596580129504345,4.84962380919395,0.4875108,3.9629948,15.7998036167567,2.50412087912088,0.990857063564926,22.3727001544059,22.3727018060671,48.93,500
8773,"ABC-SMC",1.79627550259819,14.601995632187,0.4875108,3.9629948,35.7090817752502,13.081043956044,0.799326828286597,268.458606988439,268.458611961515,36.331,500
8773,"NelderMead",10.0005,81.2944657478586,0.4875108,3.9629948,41.3028587580764,17.9093406593407,0.608552755898888,1951.33917033223,1951.3391980191,16.188,500
8773,"DE",0.503898782800918,4.09621342320852,0.4875108,3.9629948,10.9379564081056,1.43269230769231,0.996477938172459,3.36156302607403,3.36156442114241,38.627,500
8824,"BiLSTM",0.767205953598022,4.68274211883545,0.7012054,4.6236453,7.28266252608782,1.82142857142857,0.996060760884498,9.41244228838262,1.27814343447689,NA,500
8824,"ABC",0.852209813212957,5.6193461879153,0.7012054,4.6236453,9.86144708063113,2.89285714285714,0.990884088720567,21.5349758020913,21.534975615783,42.481,500
8824,"ABC-SMC",2.1664147380911,14.2850202041661,0.7012054,4.6236453,20.1870146312597,10.9423076923077,0.868296998527631,208.955797843414,208.955797369797,30.013,500
8824,"NelderMead",10.0005,65.9418263917646,0.7012054,4.6236453,22.8447903694313,16.4065934065934,0.70047951673675,1326.18696319224,1326.18696100595,13.887,500
8824,"DE",0.68866273830649,4.54094082614706,0.7012054,4.6236453,5.46950435269313,0.934065934065934,0.998102640033644,1.78872862267037,1.78872877322435,28.725,500
8858,"BiLSTM",0.690625846385956,3.9766263961792,0.8509524,4.7121696,18.9692591758527,2.10576923076923,0.989323684681109,18.840836880423,15.6094382473161,NA,500
8858,"ABC",8.10553654471231,44.8846093066538,0.8509524,4.7121696,31.9688455725303,7.45192307692308,0.871524869446514,852.525258135744,852.525335816728,54.515,500
8858,"ABC-SMC",1.92044987891092,10.6345387541506,0.8509524,4.7121696,25.7704911374589,4.43406593406593,0.959694690080604,125.682409369892,125.682427774896,35.023,500
8858,"NelderMead",10.0005,55.3780163589556,0.8509524,4.7121696,33.814906024351,7.66071428571429,0.863069705568379,1075.21262058841,1075.21271643015,15.458,500
8858,"DE",0.813362012780452,4.50401228433668,0.8509524,4.7121696,19.1157696548049,1.69093406593407,0.992741933386112,4.41744887487814,4.41744107986529,33.131,500
8862,"BiLSTM",0.848823487758636,3.65493893623352,0.8812183,3.6399815,16.4945876050468,2.32692307692308,0.994508600833527,3.67613929957691,0.410920666314384,NA,500
8862,"ABC",1.00424076437993,4.14814104932776,0.8812183,3.6399815,15.6136914908296,3.18131868131868,0.992711124449175,13.9604981398971,13.9604981324152,90.108,500
8862,"ABC-SMC",1.51142807490021,6.24314114999223,0.8812183,3.6399815,31.6760864948018,8.76785714285714,0.951353720893427,71.5157384838937,71.5157384726331,58.049,500
8862,"NelderMead",10.0005,41.3083057720886,0.8812183,3.6399815,49.0691037368727,19.4821428571429,0.710882855042541,1034.84933301998,1034.84933294547,25.258,500
8862,"DE",0.882214773906448,3.64409755884021,0.8812183,3.6399815,14.7815269241186,2.17857142857143,0.995113186666846,0.113079120854386,0.113079114281617,58.939,500
9016,"BiLSTM",0.168305024504662,1.9432247877121,0.21190013,2.4228537,23.8811309500482,3.26923076923077,0.987945118575909,20.5734208352484,19.7960327645001,NA,500
9016,"ABC",0.233308097610212,2.66763128292504,0.21190013,2.4228537,23.4660930668898,2.39972527472527,0.991299283450805,10.1028572328919,10.1028627079314,54.184,500
9016,"ABC-SMC",1.67934419188847,19.2015242804159,0.21190013,2.4228537,71.7526142711665,18.1675824175824,0.704536537304644,692.516829455681,692.516868864839,44.504,500
9016,"NelderMead",10.0005,114.345138116304,0.21190013,2.4228537,75.0132067207276,20.9395604395604,0.611058712290898,4619.44023819145,4619.44047287312,21.869,500
9016,"DE",0.202967229869405,2.32071555747219,0.21190013,2.4228537,18.8406923878437,1.89835164835165,0.992835145473439,4.21561805110518,4.21561328807467,62.73,500
9047,"BiLSTM",0.167374432086945,1.37853050231934,0.14462954,1.1917818,48.562818475156,3.56730769230769,0.931990133066498,15.726311572964,15.6697058403926,NA,500
9047,"ABC",0.136704433993424,1.12647696151985,0.14462954,1.1917818,40.9977944619436,2.34203296703297,0.944898947275179,5.4795901353046,5.47959689266507,51.617,500
9047,"ABC-SMC",1.37163302236886,11.3025814468658,0.14462954,1.1917818,139.52465378132,21.6813186813187,0.573090577948434,848.376813179975,848.37674537955,44.321,500
9047,"NelderMead",10.0005,82.4064920543925,0.14462954,1.1917818,142.613792551983,23.0137362637363,0.485581251283792,6814.56254372378,6814.56204939465,19.949,500
9047,"DE",0.140741664846764,1.15974470135662,0.14462954,1.1917818,39.6565555392186,2.24038461538462,0.947389723924683,2.68816118286458,2.68816813978715,109.301,500
9052,"BiLSTM",0.813136637210846,3.91454172134399,0.7641048,3.549573,15.2179677907221,2.16895604395604,0.996173985300974,6.41689951572689,10.2820457937897,NA,500
9052,"ABC",0.880566705409532,4.0905850571193,0.7641048,3.549573,15.0308867138299,3.41758241758242,0.991909179929666,15.2416141620275,15.2416095434379,71.403,500
9052,"ABC-SMC",1.75797819130566,8.16651285577744,0.7641048,3.549573,33.2761953625151,13.8434065934066,0.870133752787387,130.070298119533,130.070288898903,48.313,500
9052,"NelderMead",10.0005,46.4563281945758,0.7641048,3.549573,42.5344266915818,23.1785714285714,0.616378237054294,1208.78643871888,1208.78638626606,21.042,500
9052,"DE",0.759930717403728,3.53018257215609,0.7641048,3.549573,15.1432797628609,1.69093406593407,0.997096159875451,0.546270956061561,0.546274941913003,48.952,500
9058,"BiLSTM",0.634147644042969,4.00120878219604,0.66643655,4.058151,19.9533136045736,2.68543956043956,0.993122639888517,4.84500826928404,1.40315670372923,NA,500
9058,"ABC",0.621549242026811,3.78481728347893,0.66643655,4.058151,22.1629787391363,3.00824175824176,0.991536171799282,6.73542109495483,6.73542498840153,85.393,500
9058,"ABC-SMC",1.36060760455492,8.28518615992489,0.66643655,4.058151,54.5389533062395,18.8090659340659,0.738244835784167,104.161612167718,104.161603644736,64.348,500
9058,"NelderMead",10.0005,60.8963259612476,0.66643655,4.058151,73.4118278417665,31.6744505494506,0.292490173494822,1400.59296717745,1400.59290453331,25.617,500
9058,"DE",0.710667141322966,4.32748541452441,0.66643655,4.058151,22.3836556291929,3.2760989010989,0.989854668916099,6.63687958335511,6.63687513166496,67.462,500
9119,"BiLSTM",0.222056701779366,1.89183759689331,0.2592331,2.2248096,24.4626868942731,3.04120879120879,0.990309425966457,14.3409148834136,14.966314560432,NA,500
9119,"ABC",0.254415237238203,2.18346136717693,0.2592331,2.2248096,19.0847419182403,2.04945054945055,0.99293805060083,1.85850601709327,1.85850658065637,58.086,500
9119,"ABC-SMC",1.53355936433536,13.1614272110738,0.2592331,2.2248096,68.2661632559229,18.9271978021978,0.746433084562317,491.575444777446,491.575441380411,48.732,500
9119,"NelderMead",10.0005,85.8270347306621,0.2592331,2.2248096,72.3830083862229,22.6318681318681,0.620827178093866,3757.72495873405,3757.72493658163,22.116,500
9119,"DE",0.265178069562795,2.27583094707024,0.2592331,2.2248096,20.97455817203,2.18681318681319,0.992796221746454,2.29329108157667,2.29329049417247,63.033,500
9237,"BiLSTM",0.438404053449631,2.92609429359436,0.46199816,2.908883,22.2491000001176,2.21428571428571,0.989893793720942,5.10696980922375,0.591680503972159,NA,500
9237,"ABC",0.481944206226783,3.03446943228316,0.46199816,2.908883,20.7237065185826,2.51098901098901,0.988975860711261,4.31734321772687,4.31734216478136,55.849,500
9237,"ABC-SMC",0.970758038836516,6.11219215198204,0.46199816,2.908883,62.9996147381936,16.2252747252747,0.68737810334949,110.12162447498,110.12162235408,44.28,500
9237,"NelderMead",10.0005,62.9662337786629,0.46199816,2.908883,77.8064436673026,26.4615384615385,0.227163274905294,2064.61901060385,2064.61898875489,17.185,500
9237,"DE",0.484661772854398,3.05158007030961,0.46199816,2.908883,21.0157066455627,2.59203296703297,0.98840550504354,4.90556344518733,4.90556238630453,49.534,500
9246,"BiLSTM",0.349914371967316,3.35237598419189,0.36651927,3.1555452,13.0468573451944,2.18543956043956,0.989671743817802,4.5304297459406,6.23761574360888,NA,500
9246,"ABC",0.379641426793942,3.2685202663848,0.36651927,3.1555452,15.3581548270639,1.80906593406593,0.992724997605791,3.58020924628118,3.58020751484712,42.7,500
9246,"ABC-SMC",1.6107419570593,13.8676718582195,0.36651927,3.1555452,53.0367302122506,19.7211538461538,0.493537364272422,339.469923930412,339.469916584287,35.194,500
9246,"NelderMead",10.0005,86.0992363241817,0.36651927,3.1555452,57.0862763396108,24.1236263736264,0.276303048059122,2628.50592548654,2628.50587987717,16.119,500
9246,"DE",0.362991630875853,3.1251739623499,0.36651927,3.1555452,13.1773919019544,1.78846153846154,0.992182798977298,0.962470301806353,0.962471957305528,42.511,500
9376,"BiLSTM",0.638751447200775,3.20030117034912,0.59204257,2.8608754,12.4235721657779,3.74313186813187,0.988107144700263,7.889445720225,11.8644024255345,NA,500
9376,"ABC",0.621950779022475,3.00539834983071,0.59204257,2.8608754,11.218833063131,2.90796703296703,0.991773405489649,5.05169907334119,5.05170374881445,57.339,500
9376,"ABC-SMC",1.39251245162727,6.72891612229669,0.59204257,2.8608754,35.6282029269676,22.9574175824176,0.662126038170291,135.20478462001,135.204795088129,40.432,500
9376,"NelderMead",10.0005,48.3245414447755,0.59204257,2.8608754,40.9128102705207,34.793956043956,0.272675656878923,1589.15218376949,1589.15225894758,17.528,500
9376,"DE",0.580316503091031,2.80421267983698,0.59204257,2.8608754,8.15304484201404,1.69093406593407,0.996379689917028,1.98061212202508,1.98060775953469,46.923,500
9411,"BiLSTM",0.518572449684143,3.69456481933594,0.5050125,3.4545007,16.2982211433346,1.86813186813187,0.994095485228655,2.68507208913504,6.94931453729152,NA,500
9411,"ABC",0.484808422210616,3.31629626358554,0.5050125,3.4545007,16.6560717368156,1.92032967032967,0.994472793690368,4.00070845560926,4.00070656851973,53,500
9411,"ABC-SMC",1.62295250403184,11.1016869314193,0.5050125,3.4545007,46.9940978210033,14.6277472527473,0.751376643396617,221.368778798909,221.368785116161,39.779,500
9411,"NelderMead",10.0005,68.4076828384376,0.5050125,3.4545007,54.1140660259426,20.2541208791209,0.516579617244214,1880.24801366303,1880.24805258941,16.707,500
9411,"DE",0.500510221911092,3.42370326662567,0.5050125,3.4545007,17.5030477001305,1.86126373626374,0.994598168393576,0.891518148344494,0.891516200136597,42.641,500
9464,"BiLSTM",0.364891618490219,2.23317217826843,0.37451133,2.274083,10.2378991971401,1.59203296703297,0.99645815951515,2.5686036013332,1.79900301491051,NA,500
9464,"ABC",0.432616081904828,2.62690294254916,0.37451133,2.274083,13.6968823529757,2.87362637362637,0.993977519139594,15.5148181778181,15.5148225702034,52.223,500
9464,"ABC-SMC",1.2956106150104,7.8671216335353,0.37451133,2.274083,41.9358848101402,19.1634615384615,0.775132092993177,245.946974424086,245.946987578523,43.533,500
9464,"NelderMead",10.0005,60.7243789026366,0.37451133,2.274083,46.2438587815853,26.4107142857143,0.54888066026659,2570.27969487599,2570.27979641186,14.131,500
9464,"DE",0.379887874330237,2.30673018562537,0.37451133,2.274083,10.7787957047053,1.48489010989011,0.996857525309564,1.43561593456665,1.4356197915983,49.683,500
9469,"BiLSTM",0.180970147252083,1.60668480396271,0.14266625,1.276938,48.4834131726228,3.96016483516484,0.979292517390318,26.8486045242535,25.8232430989373,NA,500
9469,"ABC",0.134410021270515,1.20304029716706,0.14266625,1.276938,42.3788872900885,2.76098901098901,0.975568059249124,5.78709311381313,5.78710186656999,62.895,500
9469,"ABC-SMC",1.61769001281564,14.4791754018481,0.14266625,1.276938,120.47429384105,19.1263736263736,0.778462874646525,1033.89818041453,1033.89807507084,59.577,500
9469,"NelderMead",10.0005,89.50972835281,0.14266625,1.276938,124.39724191714,20.8035714285714,0.71122086459847,6909.71673398579,6909.71608275499,25.853,500
9469,"DE",0.142618564049942,1.27651106706446,0.14266625,1.276938,41.8276320995603,2.54945054945055,0.978686044990888,0.0334248289683063,0.0334341162640258,108.957,500
9477,"BiLSTM",0.427728593349457,3.00096464157104,0.4557913,2.8695107,8.65755545079654,1.29532967032967,0.99507618416854,6.1569202068015,4.58105772426793,NA,500
9477,"ABC",0.408456544512229,2.57150695392603,0.4557913,2.8695107,11.8948539211,1.83104395604396,0.991413750175331,10.3851818777082,10.3851763324657,33.334,500
9477,"ABC-SMC",1.305274829732,8.21757747926099,0.4557913,2.8695107,44.1236942115384,18.7074175824176,0.350942097340244,186.375547258582,186.375564979109,29.353,500
9477,"NelderMead",10.0005,62.9598316840466,0.4557913,2.8695107,47.8938297791868,23.2898351648352,0.0781935937871609,2094.09628924466,2094.09642501234,9.68700000000001,500
9477,"DE",0.418428405685272,2.63428648505261,0.4557913,2.8695107,10.0101006081258,1.48214285714286,0.994046088606775,8.19736890869319,8.19736322807185,31.617,500
9538,"BiLSTM",0.330159246921539,2.41581273078918,0.35771447,2.5764544,11.1564234203017,1.30082417582418,0.994164661714005,7.70313347359437,6.23498980656577,NA,500
9538,"ABC",0.372707011056638,2.68443868777884,0.35771447,2.5764544,11.051040328986,1.62087912087912,0.991937619021915,4.19120340774515,4.19119732058298,32.854,500
9538,"ABC-SMC",1.35391088445125,9.75160286822052,0.35771447,2.5764544,44.1655773530258,11.6648351648352,0.769719836383998,278.489269514663,278.489247402187,26.979,500
9538,"NelderMead",10.0005,72.0290423864679,0.35771447,2.5764544,48.4564233151257,15.3983516483516,0.587267877071234,2695.66549264837,2695.66532931722,12.512,500
9538,"DE",0.333380715653068,2.40118931039506,0.35771447,2.5764544,10.7501039185676,1.28021978021978,0.99421658416544,6.80256360524981,6.80256905012318,31.626,500
9618,"BiLSTM",0.376870453357697,2.56858325004578,0.69474447,4.669885,85.7370018094953,16.8392857142857,0.635955194062845,45.7540909454527,44.9968628767994,NA,500
9618,"ABC",0.571561289699223,3.84188103127764,0.69474447,4.669885,25.1564157004012,4.00549450549451,0.977941445224988,17.7307176408007,17.7307143264204,73.111,500
9618,"ABC-SMC",1.02988250883977,6.92259281106724,0.69474447,4.669885,49.024511347499,13.3626373626374,0.785218168916398,48.2390365539397,48.2390425260416,62.88,500
9618,"NelderMead",10.0005,67.2206672245255,0.69474447,4.669885,79.4294320943437,29.0425824175824,0.14886116278319,1339.45010458306,1339.45016257414,25.144,500
9618,"DE",0.597661109460074,4.01731698935617,0.69474447,4.669885,21.964584199585,2.95192307692308,0.987936410099385,13.9739666499146,13.9739631841862,62.473,500
9676,"BiLSTM",0.16651414334774,2.50286722183228,0.2305553,3.0700219,29.3411298825859,4.62225274725275,0.984575024251143,27.7769180115399,18.4739619664513,NA,500
9676,"ABC",0.268330252382807,3.57302459360338,0.2305553,3.0700219,21.4959103839316,2.51923076923077,0.992755776257924,16.3843348571066,16.3843356818848,59.74,500
9676,"ABC-SMC",1.42810871145174,19.0163706963489,0.2305553,3.0700219,59.7873408498647,15.75,0.811121709435842,519.421332518377,519.421336908016,53.488,500
9676,"NelderMead",10.0005,133.164382811948,0.2305553,3.0700219,63.7790430055418,19.5412087912088,0.704982351459227,4237.57107297035,4237.57110370931,23.862,500
9676,"DE",0.24536413362848,3.26721298123342,0.2305553,3.0700219,17.9727745993838,2.02884615384615,0.994312116652313,6.42311568134853,6.4231164355348,58.183,500
9687,"BiLSTM",0.943886637687683,4.59405899047852,0.9405699,4.3338814,8.95063351399381,1.53846153846154,0.996215125251075,0.352630643154023,6.0033389579723,NA,500
9687,"ABC",0.97344484205935,4.48536015778004,0.9405699,4.3338814,8.59947705825477,2.0782967032967,0.993399597369642,3.49521519446348,3.49522157620747,59.393,500
9687,"ABC-SMC",1.59883316503064,7.36697372826448,0.9405699,4.3338814,26.3963905438371,12.9299450549451,0.804782065294283,69.9855763012021,69.9855867828889,35.709,500
9687,"NelderMead",10.0005,46.0794924579245,0.9405699,4.3338814,39.3660995263795,25.4271978021978,0.293569436845145,963.238362188712,963.238427750342,16.692,500
9687,"DE",0.899899033591621,4.14648174904041,0.9405699,4.3338814,8.95597644382782,1.27884615384615,0.997588080128128,4.32406633556728,4.32406043597748,37.82,500
9696,"BiLSTM",0.324645310640335,2.29328227043152,0.3372385,2.351362,15.0330604173409,2.12087912087912,0.991436805329506,3.73420868603819,2.47004627822009,NA,500
9696,"ABC",0.342420475330122,2.38749265252019,0.3372385,2.351362,16.201317248966,2.13186813186813,0.991433883906176,1.53659067103008,1.53658401046669,49.95,500
9696,"ABC-SMC",1.87052769026487,13.0420679795432,0.3372385,2.351362,59.1440728329823,22.0892857142857,0.579131235463656,454.660185674196,454.660149289783,44.528,500
9696,"NelderMead",10.0005,69.7274900062842,0.3372385,2.351362,62.0674079444953,25.7815934065934,0.432810623333532,2865.40875374549,2865.4085592216,18.318,500
9696,"DE",0.331050623678329,2.30821749453575,0.3372385,2.351362,15.2395660758148,2.05906593406593,0.991743440509476,1.83486651781201,1.83487295721567,51.651,500
9698,"BiLSTM",0.154458373785019,2.1213366985321,0.17838046,2.4333878,27.0169076841701,5.125,0.977616975915469,13.4107100155371,12.8237308277742,NA,500
9698,"ABC",0.173173108561135,2.36235132147338,0.17838046,2.4333878,21.1148082328417,2.55631868131868,0.992674111724627,2.91923870970228,2.91924199367715,63.329,500
9698,"ABC-SMC",1.57733098251152,21.5172549704595,0.17838046,2.4333878,90.0305586631132,35.0288461538462,0.304740148461454,784.25098943658,784.250959524803,54.094,500
9698,"NelderMead",10.0005,136.422419085088,0.17838046,2.4333878,92.0549207660373,38.1456043956044,0.201965076039072,5506.27548555487,5506.27529591,23.207,500
9698,"DE",0.182654790776615,2.49169625670981,0.17838046,2.4333878,21.4704474889551,2.16620879120879,0.994122699444589,2.39618777562018,2.39618431183907,80.607,500
9722,"BiLSTM",0.978799343109131,4.2722864151001,1.0957417,4.4886246,16.4052910061915,2.40796703296703,0.995402117530976,10.672438302829,4.81969877587674,NA,500
9722,"ABC",1.55900954676965,6.38636740022181,1.0957417,4.4886246,23.8917817142559,5.92445054945055,0.974002001055702,42.2789282154406,42.2789377445779,103.69,500
9722,"ABC-SMC",1.66131068114711,6.80543643732147,1.0957417,4.4886246,25.3890436305392,6.71565934065934,0.966678581341019,51.6151736442186,51.6151837986513,61.397,500
9722,"NelderMead",10.0005,40.9663092302762,1.0957417,4.4886246,41.453189462467,17.4052197802198,0.760939788153856,812.669473106664,812.669534232741,26.796,500
9722,"DE",1.03777075331243,4.25115120147331,1.0957417,4.4886246,16.7797262434139,1.98901098901099,0.996512496150211,5.29056680854311,5.29056046537478,60.456,500
9771,"BiLSTM",0.704229176044464,3.49022722244263,0.7961028,3.5613623,17.5813353960761,1.73901098901099,0.990110092582143,11.5404221609993,1.99741198915294,NA,500
9771,"ABC",2.78991408398111,12.4806676064635,0.7961028,3.5613623,33.567786393253,5.71153846153846,0.922649714022952,250.446460429621,250.446445913787,42.282,500
9771,"ABC-SMC",1.83475322915034,8.20775998959618,0.7961028,3.5613623,30.4684981895549,4.65659340659341,0.952275796030958,130.466873015689,130.466863469526,27.586,500
9771,"NelderMead",10.0005,44.7371899783863,0.7961028,3.5613623,37.6322999941024,7.33791208791209,0.855810246489798,1156.18199056705,1156.18193853477,12.483,500
9771,"DE",0.800187992529996,3.57963724216169,0.7961028,3.5613623,17.7529504015128,1.78021978021978,0.990159674584222,0.51314887097439,0.513144707621828,26.585,500
9780,"BiLSTM",0.192539855837822,2.44209480285645,0.19631553,2.5113595,32.3370762770822,2.05906593406593,0.983103864365796,1.9232682010323,2.75805583165432,NA,500
9780,"ABC",0.224042533524219,2.86605616153172,0.19631553,2.5113595,32.7496156042327,1.97664835164835,0.984976989975852,14.1236933849397,14.123691233044,39.954,500
9780,"ABC-SMC",1.09935357821055,14.0634416464126,0.19631553,2.5113595,86.6492889446669,13.3118131868132,0.678773684431593,459.993179454805,459.993168895675,38.694,500
9780,"NelderMead",10.0005,127.931041452446,0.19631553,2.5113595,93.1238851521794,16.3461538461538,0.504317031194936,4994.09520479608,4994.09510874274,17.097,500
9780,"DE",0.214403278913705,2.74274633890802,0.19631553,2.5113595,32.7302285089834,1.87637362637363,0.985262051078599,9.21361082014513,9.21360876083315,46.4,500
9791,"BiLSTM",0.451998710632324,3.28165817260742,0.42545593,2.989332,10.5317960934734,1.47252747252747,0.996746986375777,6.23866745313063,9.77897980577004,NA,500
9791,"ABC",0.444992380343139,3.12659871415997,0.42545593,2.989332,11.0726833801378,1.33653846153846,0.996971870010802,4.5918857784258,4.59188588487228,43.22,500
9791,"ABC-SMC",1.53838368976324,10.8089681503972,0.42545593,2.989332,37.0327050105316,18.3049450549451,0.6904134845432,261.58473329147,261.584733659466,31.575,500
9791,"NelderMead",10.0005,70.2653614357306,0.42545593,2.989332,40.0054113095091,24.8447802197802,0.431070338513478,2250.53722250387,2250.53722489608,14.018,500
9791,"DE",0.435034702956113,3.05663423231808,0.42545593,2.989332,10.991482034195,1.25686813186813,0.997098332132799,2.25141366724224,2.25141377130674,34.748,500
9887,"BiLSTM",0.177085891366005,2.47703051567078,0.26723748,3.229044,33.1218025194284,3.59340659340659,0.969329226804592,33.7346350646605,23.2890441978872,NA,500
9887,"ABC",0.269480868963266,3.25615086417088,0.26723748,3.229044,14.8769924746855,1.54395604395604,0.988764085491937,0.839473925313766,0.839470263362037,32.751,500
9887,"ABC-SMC",1.47276368922058,17.7954775707243,0.26723748,3.229044,43.7422260796531,10.3791208791209,0.774138545290301,451.106711985377,451.106691972121,28.448,500
9887,"NelderMead",10.0005,120.836543397,0.26723748,3.229044,47.4784400175253,13.0824175824176,0.639525741327244,3642.17718263172,3642.17704673581,12.507,500
9887,"DE",0.274639880216575,3.3184874560609,0.26723748,3.229044,15.1473595813305,1.59203296703297,0.988623168882641,2.76997082017663,2.76996708811955,31.09,500
9889,"BiLSTM",0.303717046976089,4.02414131164551,0.107562855,1.3495601,42.0835072988003,5.33653846153846,0.944784552641414,182.362388927004,198.181704664024,NA,500
9889,"ABC",0.166264969583428,2.08607874742542,0.107562855,1.3495601,23.780506280988,2.58516483516484,0.980927391694949,54.574708511993,54.5747201199426,27.924,500
9889,"ABC-SMC",1.3199019188742,16.5604297077618,0.107562855,1.3495601,56.7636960251339,9.02884615384615,0.862559652829078,1127.09825699048,1127.09834914071,28.446,500
9889,"NelderMead",10.0005,125.473396867041,0.107562855,1.3495601,58.7026961682087,10.2032967032967,0.855014951638947,9197.35455608723,9197.35525428181,12.204,500
9889,"DE",0.10939100767981,1.37249750715407,0.107562855,1.3495601,17.6499999420469,1.25,0.993694866971945,1.69961338401641,1.69962102125536,38.909,500
9922,"BiLSTM",0.547450661659241,2.92637038230896,0.5287068,2.788574,14.7323086048996,2.0467032967033,0.995596265489189,3.54522802794303,4.94146407120485,NA,500
9922,"ABC",0.530609693188364,2.79861049464175,0.5287068,2.788574,13.2014763108444,1.95192307692308,0.995698494288123,0.359914642362082,0.359914947272355,71.109,500
9922,"ABC-SMC",1.37446767755788,7.24939577308821,0.5287068,2.788574,46.4722865884653,16.5178571428571,0.843512649251111,159.967845610815,159.967846400641,52.948,500
9922,"NelderMead",10.0005,52.7459347444099,0.5287068,2.788574,55.0378281630717,25.7074175824176,0.583070098116682,1791.50205747306,1791.50206321977,19.362,500
9922,"DE",0.536879039363085,2.83167709373399,0.5287068,2.788574,14.241157075637,1.96291208791209,0.99580468557593,1.54570347177017,1.54570378028307,58.589,500
9982,"BiLSTM",0.596626043319702,3.90675377845764,0.5806034,3.5082557,21.4744339508506,1.88598901098901,0.990459999862134,2.75965371882117,11.3588664149435,NA,500
9982,"ABC",0.580598899691457,3.50822845904644,0.5806034,3.5082557,22.3123853078368,1.86538461538462,0.99057130570578,0.000775108885541122,0.000776481416625827,51.672,500
9982,"ABC-SMC",1.08258704687022,6.54145691499498,0.5806034,3.5082557,49.6531992731892,8.36263736263736,0.872558124427525,86.4589575035594,86.4589549443325,39.218,500
9982,"NelderMead",10.0005,60.427325513945,0.5806034,3.5082557,70.1400542459092,16.6854395604396,0.486963575466386,1622.43221448583,1622.43219084473,17.259,500
9982,"DE",0.549305291458588,3.31913900839963,0.5806034,3.5082557,21.9341445602857,2.03846153846154,0.989059448112,5.39061750954469,5.39061880809794,42.023,500
10036,"BiLSTM",0.289355605840683,1.74016010761261,0.17996982,1.1234903,33.7841773563771,4.45879120879121,0.960009890593668,60.7800718146426,54.8887522760641,NA,500
10036,"ABC",0.177574669503712,1.10853832046791,0.17996982,1.1234903,27.3233162457537,1.64835164835165,0.982730528427085,1.3308623058512,1.33085078990816,38.592,500
10036,"ABC-SMC",1.48974630405563,9.29997994892272,0.17996982,1.1234903,71.1030967637968,12.3200549450549,0.829681829357042,727.775625966413,727.775722578354,33.982,500
10036,"NelderMead",10.0005,62.4297232528854,0.17996982,1.1234903,74.4398539234291,13.646978021978,0.790643945619462,5456.76501760128,5456.76566614642,14.461,500
10036,"DE",0.16131096884847,1.00700956380829,0.17996982,1.1234903,29.0748457434539,1.92994505494505,0.980662632177472,10.3677667464078,10.3677562851864,60.939,500
10105,"BiLSTM",0.697949469089508,3.5664324760437,0.6889139,3.3601189,21.3779522149685,2.39972527472527,0.992159704398017,1.31156724947894,6.14006772330888,NA,500
10105,"ABC",0.717737149496212,3.50070207707268,0.6889139,3.3601189,20.0425568268687,2.56456043956044,0.991073690444607,4.18386818675192,4.18387507277439,84.005,500
10105,"ABC-SMC",1.24886750222306,6.09124532858518,0.6889139,3.3601189,43.0772676988554,9.49725274725275,0.915424457958902,81.2806364079838,81.2806483897095,54.617,500
10105,"NelderMead",10.0005,48.776590631178,0.6889139,3.3601189,63.9406239110777,19.3159340659341,0.629921830748308,1351.63278023567,1351.6328761812,21.823,500
10105,"DE",0.654397593866409,3.19176876616666,0.6889139,3.3601189,21.475283501222,2.28708791208791,0.992813860793773,5.01024963113553,5.01024335279737,57.181,500
10119,"BiLSTM",0.758669853210449,4.2416844367981,0.84209675,4.479144,13.4018830966579,1.75549450549451,0.993311040928773,9.90704414778358,5.30144963416903,NA,500
10119,"ABC",0.789380046394469,4.19874203910019,0.84209675,4.479144,11.9896639172666,1.69093406593407,0.9932780786311,6.26017183958149,6.26016848084844,50.366,500
10119,"ABC-SMC",1.80881374934066,9.62114809583598,0.84209675,4.479144,34.9946938865064,9.74313186813187,0.843226756346637,114.798804215865,114.798811912186,34.031,500
10119,"NelderMead",10.0005,53.1930341459865,0.84209675,4.479144,44.8804649415886,15.7225274725275,0.578533888181537,1087.57138060443,1087.57142315555,15.505,500
10119,"DE",0.779083334966161,4.14397344527014,0.84209675,4.479144,12.0770631102034,1.68543956043956,0.99354036702893,7.48291868289938,7.4829153679778,35.355,500
10259,"BiLSTM",0.203439801931381,1.7517284154892,0.26225024,2.386367,78.7560344398232,10.4546703296703,0.841255411107463,22.4253133452304,26.5943412941431,NA,500
10259,"ABC",0.243052347801735,2.21167432276588,0.26225024,2.386367,37.9539924425505,4.00961538461539,0.970922572231672,7.3204479043624,7.32044472766001,66.371,500
10259,"ABC-SMC",1.67215572753901,15.2159150887146,0.26225024,2.386367,115.737913428536,33.4546703296703,0.0591174606751162,537.618378362212,537.618400217344,56.291,500
10259,"NelderMead",10.0005,91.0003514257859,0.26225024,2.386367,119.537752612587,36.418956043956,-0.0501378933211227,3713.34255404304,3713.34268474991,25.06,500
10259,"DE",0.297892600432283,2.71069759776801,0.26225024,2.386367,42.3120908339929,5.51098901098901,0.957176433473136,13.590973427625,13.5909773210914,85.768,500
10341,"BiLSTM",0.483833074569702,4.02354907989502,0.46636054,3.8204958,14.2223414318276,1.71703296703297,0.995054956628849,3.74657224852303,5.31484107102066,NA,500
10341,"ABC",0.533253453321517,4.36849254126421,0.46636054,3.8204958,17.1694342082616,2.41895604395604,0.992616235275634,14.3436049116671,14.3436027665364,57.076,500
10341,"ABC-SMC",1.65788593987501,13.5816511219929,0.46636054,3.8204958,48.332084057528,16.1332417582418,0.713129759680943,255.494472125582,255.494465456367,41.035,500
10341,"NelderMead",10.0005,81.9256010191691,0.46636054,3.8204958,55.1331153775496,22.0123626373626,0.472309147737082,2044.37096243177,2044.37092220253,18.82,500
10341,"DE",0.480425452557056,3.93571760868387,0.46636054,3.8204958,14.3584509794996,1.75274725274725,0.994865891311659,3.01588821323855,3.01588628062026,47.344,500
10342,"BiLSTM",0.274045675992966,3.26839423179626,0.30798542,3.6732538,24.4870513135149,2.4793956043956,0.99115734820406,11.0199190620888,11.0218239807915,NA,500
10342,"ABC",0.327758037810834,3.90907596374797,0.30798542,3.6732538,18.3428614121804,2.17307692307692,0.990895747953777,6.41998501449647,6.41998012083918,61.118,500
10342,"ABC-SMC",1.98960698791019,23.7294710015122,0.30798542,3.6732538,57.9740800375524,14.5892857142857,0.750274713789588,546.006875231363,546.006845525136,49.334,500
10342,"NelderMead",10.0005,119.273090712192,0.30798542,3.6732538,62.9841774556863,17.3722527472527,0.647037699814846,3147.06929308537,3147.06914377089,15.807,500
10342,"DE",0.301563218314608,3.59665787645604,0.30798542,3.6732538,19.5931621701415,2.0989010989011,0.992092201154393,2.08522912720751,2.08523362975777,56.258,500
10360,"BiLSTM",0.14870996773243,1.56448459625244,0.18204957,1.8693799,54.4706859783721,4.93681318681319,0.948576220122391,18.3134748780623,16.3099701536086,NA,500
10360,"ABC",0.192140850413524,1.97300243899485,0.18204957,1.8693799,40.1334917348365,3.07554945054945,0.96665306937379,5.54314982096557,5.54315037809349,67.519,500
10360,"ABC-SMC",1.99866325105572,20.5233164138466,0.18204957,1.8693799,146.757793598189,24.864010989011,0.354736466902124,997.867603343264,997.867609138549,54.276,500
10360,"NelderMead",10.0005,102.690348505813,0.18204957,1.8693799,150.153335455319,26.543956043956,0.261483229414704,5393.28405444737,5393.28408344463,24.597,500
10360,"DE",0.199490934401718,2.04847693389958,0.18204957,1.8693799,43.4062870180828,3.44917582417582,0.965380649697231,9.58055786768319,9.58055844612327,92.845,500
10373,"BiLSTM",0.299997717142105,2.48192048072815,0.3115214,2.6767278,23.4576150303608,2.25961538461538,0.989389640507977,3.69916251592825,7.27781581944383,NA,500
10373,"ABC",0.292435350431148,2.51273184479543,0.3115214,2.6767278,24.704437935061,2.29120879120879,0.989495816641435,6.12672181392725,6.12673261751054,64.285,500
10373,"ABC-SMC",1.09369695961469,9.39752042606351,0.3115214,2.6767278,77.1921310164383,16.0302197802198,0.760568787072811,251.082448786724,251.082408381738,53.989,500
10373,"NelderMead",10.0005,85.9286497915819,0.3115214,2.6767278,87.2933455330871,21.8736263736264,0.537339481093357,3110.21284573066,3110.21247627726,21.499,500
10373,"DE",0.285296900903444,2.45139517867663,0.3115214,2.6767278,25.3709473689903,2.44642857142857,0.988408353589195,8.4182014771878,8.41821201705182,70.133,500
10384,"BiLSTM",0.250568419694901,2.92655062675476,0.27025774,3.3017097,22.2594107263171,1.94642857142857,0.990688082873449,7.28538627796544,11.3625699208274,NA,500
10384,"ABC",0.27623887541784,3.37478071493403,0.27025774,3.3017097,18.2833807475667,1.71978021978022,0.991271240658805,2.21312270939596,2.21312657905794,46.105,500
10384,"ABC-SMC",1.7991504763105,21.9800284139332,0.27025774,3.3017097,62.4734219154897,14.1840659340659,0.682457016820049,565.716540185123,565.716565388325,40.334,500
10384,"NelderMead",10.0005,122.175035967143,0.27025774,3.3017097,66.96687505769,16.6002747252747,0.557673574684492,3600.35655593065,3600.35669602155,17.45,500
10384,"DE",0.266738180890004,3.25871174881722,0.27025774,3.3017097,17.6852043733515,1.73214285714286,0.991495719369189,1.30229724780347,1.30229351123093,46.561,500
10423,"BiLSTM",0.19116199016571,2.54243874549866,0.14222623,1.8761451,32.6092411003346,2.80494505494505,0.983728030174585,34.4069867883796,35.5139720002817,NA,500
10423,"ABC",0.175240004496518,2.31163889173404,0.14222623,1.8761451,30.3179120083392,2.40521978021978,0.985611867963327,23.2121560815595,23.2121594291423,49.794,500
10423,"ABC-SMC",1.43351629630502,18.9099060570903,0.14222623,1.8761451,80.4926864262904,11.7596153846154,0.839093769520303,907.912743173338,907.91277055758,49.123,500
10423,"NelderMead",10.0005,131.919334305003,0.14222623,1.8761451,84.757791955554,13.5260989010989,0.786975803781912,6931.40341974895,6931.40361078696,20.837,500
10423,"DE",0.151010282129755,1.99201798827738,0.14222623,1.8761451,26.9699739652634,2.05769230769231,0.987083122339861,6.1761126128108,6.17611549753698,60.619,500
10462,"BiLSTM",0.729285955429077,4.62039375305176,0.7175569,4.7050433,13.0914512210847,1.4217032967033,0.995537659773332,1.63458193058656,1.79912365414877,NA,500
10462,"ABC",0.780332663638677,5.11666574194172,0.7175569,4.7050433,12.9425770239046,1.75824175824176,0.993783375951811,8.7485415635578,8.74853674442732,56.762,500
10462,"ABC-SMC",1.67327455779019,10.9717137390933,0.7175569,4.7050433,31.7965297141948,9.82417582417582,0.863997377874592,133.190504863125,133.190494529419,38.595,500
10462,"NelderMead",10.0005,65.5735920545566,0.7175569,4.7050433,43.0666561476269,16.5260989010989,0.597650302299983,1293.68738562754,1293.68732386706,18.405,500
10462,"DE",0.748248870050529,4.90629130143256,0.7175569,4.7050433,13.4996381763553,1.48214285714286,0.9952107546569,4.27728728558381,4.27728266459446,39.538,500
10498,"BiLSTM",0.884614944458008,3.77074599266052,0.82709605,3.3734086,5.77980788556283,1.22252747252747,0.997205031512973,6.95431860157086,11.7785136570922,NA,500
10498,"ABC",1.08932994670993,4.44296033536159,0.82709605,3.3734086,10.8185058443426,2.9793956043956,0.988752463974646,31.7053740868341,31.7053716932362,43.723,500
10498,"ABC-SMC",1.46755983561704,5.98561543186194,0.82709605,3.3734086,16.6999097644805,5.62912087912088,0.961740497750197,77.4352368889974,77.4352336643104,27.014,500
10498,"NelderMead",10.0005,40.788215698999,0.82709605,3.3734086,25.2637866640669,13.2046703296703,0.75962303823783,1109.10987303107,1109.10985105685,12.752,500
10498,"DE",0.832177450453258,3.39413362821164,0.82709605,3.3734086,5.64142002474749,1.0728021978022,0.997679990163376,0.614366427364512,0.614364598810928,27.68,500
10512,"BiLSTM",0.846071720123291,4.5393762588501,0.8289129,4.130887,9.1660558870601,1.36813186813187,0.996724183307146,2.07003897795427,9.88865729927004,NA,500
10512,"ABC",0.906446060660651,4.51727338526099,0.8289129,4.130887,9.61117286877054,1.99587912087912,0.994228111715285,9.35359561428602,9.35359367760451,44.132,500
10512,"ABC-SMC",1.66125755481311,8.27887600168019,0.8289129,4.130887,22.3291574538477,9.02747252747253,0.901714824348797,100.41400668431,100.414003134924,29.324,500
10512,"NelderMead",10.0005,49.8374855933262,0.8289129,4.130887,29.6132639728743,17.2857142857143,0.625670510865726,1106.45968955242,1106.4596681857,13.04,500
10512,"DE",0.748638466515662,3.73083933699156,0.8289129,4.130887,8.53077797177967,1.66346153846154,0.995355287472738,9.68430259492141,9.68430419443665,29.113,500
10560,"BiLSTM",0.581072866916656,3.63168692588806,0.60017365,3.4854236,9.35533105870037,1.40384615384615,0.993607800894751,3.18254276630497,4.19642897603785,NA,500
10560,"ABC",0.596094446577761,3.46173430600646,0.60017365,3.4854236,10.0480259338579,1.36538461538462,0.994394328860915,0.679670529060899,0.679667573075958,32.384,500
10560,"ABC-SMC",1.57959357301559,9.17326657318904,0.60017365,3.4854236,29.8386256917113,10.293956043956,0.795987876242921,163.189424096774,163.189431929853,22.627,500
10560,"NelderMead",10.0005,58.0764912774633,0.60017365,3.4854236,34.9270681153163,15.7912087912088,0.493773464365627,1566.26775434076,1566.26780393245,10.28,500
10560,"DE",0.635740029520663,3.69197042939764,0.60017365,3.4854236,9.83203734097549,1.48489010989011,0.994116420456297,5.92601483265105,5.92601798523529,24.012,500
10630,"BiLSTM",0.638840854167938,3.07179951667786,0.6376608,2.9163685,17.2778287164244,1.67307692307692,0.994976417941039,0.185059857519579,5.32960826719451,NA,500
10630,"ABC",0.771935383709004,3.53047867057481,0.6376608,2.9163685,23.0603598915226,3.3282967032967,0.987682509782584,21.0573683859826,21.0573585119578,56.542,500
10630,"ABC-SMC",1.94910832792513,8.91432822436006,0.6376608,2.9163685,48.7457029530253,11.5480769230769,0.858665573450121,205.665383213948,205.6653582824,37.274,500
10630,"NelderMead",10.0005,45.7377038158842,0.6376608,2.9163685,55.6348057989953,16.0837912087912,0.696491807893115,1468.31029914337,1468.31017122439,16.604,500
10630,"DE",0.610142048436463,2.79051010419517,0.6376608,2.9163685,14.7500533285993,1.58516483516484,0.995131169861442,4.31557837074781,4.31558617523228,42.241,500
10809,"BiLSTM",0.302509337663651,1.28662872314453,0.31758377,1.3557559,14.0807947616408,1.62774725274725,0.9947231088701,4.74660034936593,5.09879225718056,NA,500
10809,"ABC",0.308614485412894,1.31746627443743,0.31758377,1.3557559,14.1359425428336,1.43543956043956,0.995041291522694,2.82422637249553,2.82422710183789,46.765,500
10809,"ABC-SMC",1.78544809054772,7.62202603973121,0.31758377,1.3557559,47.7614526753779,19.3021978021978,0.775383432871427,462.197523679411,462.197519459898,33.948,500
10809,"NelderMead",10.0005,42.6918440328047,0.31758377,1.3557559,50.3759402277825,22.5645604395604,0.64548780130793,3048.93295712183,3048.93293348785,15.907,500
10809,"DE",0.323207308026436,1.37976261032221,0.31758377,1.3557559,12.769602280786,1.31456043956044,0.995280975206275,1.77072588641293,1.77072512258366,60.267,500
10838,"BiLSTM",0.287089705467224,1.8289567232132,0.2964414,1.9516268,22.8059822426787,2.11675824175824,0.991436978417374,3.15465199286466,6.28552942533912,NA,500
10838,"ABC",0.292412576691884,1.92510287199225,0.2964414,1.9516268,20.1897217814146,1.91346153846154,0.992142077654517,1.35906229970433,1.35906762541639,45.402,500
10838,"ABC-SMC",1.5005622453326,9.87897552415058,0.2964414,1.9516268,69.2809905852077,22.7486263736264,0.487239138293836,406.19186298965,406.191835659901,38.223,500
10838,"NelderMead",10.0005,65.8384515781083,0.2964414,1.9516268,72.7553007469295,26.4203296703297,0.31617801071648,3273.51665455635,3273.51647241718,17.272,500
10838,"DE",0.292912317350686,1.92839292260633,0.2964414,1.9516268,20.9402288338962,1.91071428571429,0.992178997367742,1.19048238515748,1.19048771997131,55.855,500
10952,"BiLSTM",0.239877060055733,3.89440035820007,0.2992319,4.1289535,34.3717155808675,6.74175824175824,0.95608989339248,19.8357327358037,5.68069225773375,NA,500
10952,"ABC",0.291516255497114,4.02248902014339,0.2992319,4.1289535,18.8416397127666,2.25549450549451,0.993229611793105,2.57848327764719,2.57848580412951,72.571,500
10952,"ABC-SMC",1.33247321674612,18.3861406797244,0.2992319,4.1289535,69.3603784743436,25.0494505494506,0.497285039098092,345.29784984359,345.297838295452,61.196,500
10952,"NelderMead",10.0005,137.991966785338,0.2992319,4.1289535,75.9398651917706,31.2239010989011,0.252459670029343,3242.05677937412,3242.05669270285,26.789,500
10952,"DE",0.297094154994992,4.09945570403351,0.2992319,4.1289535,18.6656140632355,2.15384615384615,0.993934430480824,0.714410798116227,0.714413372940495,71.053,500
11066,"BiLSTM",0.121796458959579,1.57653999328613,0.14713196,2.0339584,48.1684670403539,4.70879120879121,0.948955216660113,17.2195769297307,22.4890738529297,NA,500
11066,"ABC",0.143160683251179,1.97905911161433,0.14713196,2.0339584,32.6505134958543,2.09478021978022,0.982705985190243,2.69912583834303,2.6991352618456,40.306,500
11066,"ABC-SMC",1.36081164593318,18.8119155756598,0.14713196,2.0339584,108.138239928231,26.646978021978,0.223896488373884,824.891944573553,824.891854998597,38.023,500
11066,"NelderMead",10.0005,138.247319000107,0.14713196,2.0339584,110.0195945138,28.4629120879121,0.117624837242517,6696.95968163545,6696.95902335599,16.84,500
11066,"DE",0.145373290157333,2.00964627953362,0.14713196,2.0339584,31.548268419138,1.96840659340659,0.984301521272718,1.19530103633984,1.19531060548648,59.831,500
11078,"BiLSTM",0.220832362771034,1.47909212112427,0.23002563,1.4983306,27.7082436814003,1.6978021978022,0.986290684097456,3.99662734494663,1.28399425839214,NA,500
11078,"ABC",0.209032677417739,1.36158764060422,0.23002563,1.4983306,28.2688336517421,1.8021978021978,0.985555917849472,9.12635369469951,9.12635431698347,42.52,500
11078,"ABC-SMC",1.79421319045346,11.6870650795346,0.23002563,1.4983306,80.2255175375791,14.3406593406593,0.762322228101748,680.005771727898,680.005766386579,35.961,500
11078,"NelderMead",10.0005,65.1408065383509,0.23002563,1.4983306,83.4309507954647,16.0123626373626,0.689740768568121,4247.55900896783,4247.55897919664,16.926,500
11078,"DE",0.210333295404384,1.37005954747371,0.23002563,1.4983306,27.7124513152701,1.77335164835165,0.985822864005333,8.56093062134668,8.56093124750254,61.539,500
11091,"BiLSTM",0.332752406597137,2.27274990081787,0.25766608,1.7221007,27.5382357211546,1.89285714285714,0.991562903223846,29.1409434245817,31.9754356303247,NA,500
11091,"ABC",0.322503272307563,2.15543727970109,0.25766608,1.7221007,26.7445887593328,1.81730769230769,0.991711392148718,25.1632625868189,25.163254373051,36.532,500
11091,"ABC-SMC",1.50242976243699,10.0414271672902,0.25766608,1.7221007,59.7666704447719,8.6771978021978,0.892678439533197,483.091791685187,483.091753420119,30.266,500
11091,"NelderMead",10.0005,66.8379280663357,0.25766608,1.7221007,64.3874690960933,10.581043956044,0.804257364475914,3781.18606841847,3781.18581371785,10.301,500
11091,"DE",0.262434341847227,1.75396906779872,0.25766608,1.7221007,24.1386100568065,1.57692307692308,0.991306899945473,1.85055861727186,1.85055193338692,38.695,500
11098,"BiLSTM",0.366486638784409,4.22798252105713,0.38308448,4.9731383,10.9181704688783,1.75686813186813,0.99493268801077,4.33268432477124,14.9836126403899,NA,500
11098,"ABC",0.436135643910697,5.66183968282135,0.38308448,4.9731383,15.9976572730385,2.98626373626374,0.989605207614085,13.8484242198214,13.8484261099545,55.345,500
11098,"ABC-SMC",1.40249794854088,18.2069928266405,0.38308448,4.9731383,38.2094398868039,16.3255494505494,0.762201362132923,266.106700156811,266.106706234984,45.73,500
11098,"NelderMead",10.0005,129.824811474589,0.38308448,4.9731383,43.5648955969735,22.625,0.554187619836794,2510.5207916541,2510.52083499446,13.455,500
11098,"DE",0.376244663000075,4.88434502697917,0.38308448,4.9731383,11.8914555316624,1.72252747252747,0.995008138727066,1.78545917598248,1.78545754540607,48.663,500
11123,"BiLSTM",0.634569942951202,4.24203157424927,0.51806545,3.3704367,18.9387088380774,6.61813186813187,0.965606401696124,22.4883734190733,25.8599983274947,NA,500
11123,"ABC",0.493552183710125,3.21095781566396,0.51806545,3.3704367,8.49667210845684,2.12774725274725,0.994894224644491,4.73169293375487,4.73169795285111,56.986,500
11123,"ABC-SMC",1.56820334204576,10.2024364269647,0.51806545,3.3704367,41.8236902710604,25.1277472527473,0.571286428934544,202.70371090096,202.703694953378,43.686,500
11123,"NelderMead",10.0005,65.0613748563761,0.51806545,3.3704367,46.7620493297871,33.7664835164835,0.269385066622959,1830.35455269214,1830.35445099373,13.784,500
11123,"DE",0.509644484576845,3.31565130288873,0.51806545,3.3704367,8.62294081602467,1.77197802197802,0.996210392776707,1.62546362108393,1.62546880382813,49.342,500
11179,"BiLSTM",0.256721884012222,1.8329302072525,0.1595424,1.1237192,29.9442183826664,4.22802197802198,0.968306880765805,60.9113840660679,63.1128316800587,NA,500
11179,"ABC",0.174090583046246,1.22618785218267,0.1595424,1.1237192,28.0437588376135,1.51648351648352,0.988529278637895,9.11869386836702,9.1187061841312,35.778,500
11179,"ABC-SMC",1.2394345132067,8.72982051686434,0.1595424,1.1237192,59.7503535587392,11.5123626373626,0.864801252978796,676.868414419424,676.868502101267,36.284,500
11179,"NelderMead",10.0005,70.4374205725727,0.1595424,1.1237192,63.9630646558178,13.3804945054945,0.826890924242168,6168.23966544317,6168.24037291279,15.483,500
11179,"DE",0.167945432451057,1.18290516062174,0.1595424,1.1237192,26.9393763986319,1.47115384615385,0.988871339586677,5.26695878403326,5.26697066506844,56.162,500
11208,"BiLSTM",0.606665134429932,3.08559155464172,0.67449105,3.0292642,21.7107400927972,1.63736263736264,0.99227558230549,10.0558659110552,1.85944014529085,NA,500
11208,"ABC",0.872608731113544,3.91904733661291,0.67449105,3.0292642,24.2950217317884,2.48214285714286,0.986328150429442,29.3729147500985,29.3729129540073,44.398,500
11208,"ABC-SMC",1.6894786896437,7.58776152796808,0.67449105,3.0292642,39.2564451657246,5.73214285714286,0.939451524417623,150.482002636462,150.481999159006,30.153,500
11208,"NelderMead",10.0005,44.9140966533575,0.67449105,3.0292642,48.031642067597,8.83379120879121,0.820718485333293,1382.67349136805,1382.67347078401,13.022,500
11208,"DE",0.629876159235539,2.82889042503381,0.67449105,3.0292642,21.250000670906,1.58928571428571,0.992512999049432,6.61460085563198,6.61460215210655,32.197,500
11213,"BiLSTM",0.211588650941849,1.54581964015961,0.27616456,1.9022685,18.1631534345259,2.2239010989011,0.985583516804136,23.3831267336226,18.7380940093574,NA,500
11213,"ABC",0.263140863035159,1.8125590008624,0.27616456,1.9022685,16.4398916844592,1.60164835164835,0.98915300132731,4.71591900309023,4.71592202350007,32.373,500
11213,"ABC-SMC",1.3946933328881,9.60688478714661,0.27616456,1.9022685,47.2476343092636,10.4134615384615,0.84272260695,405.022560783361,405.022544774652,27.71,500
11213,"NelderMead",10.0005,68.8851441735312,0.27616456,1.9022685,50.8129832268751,13.1332417582418,0.745969191985246,3521.21048406791,3521.21036927916,8.88200000000001,500
11213,"DE",0.263750474879427,1.81675811088512,0.27616456,1.9022685,17.26616795165,1.62362637362637,0.989099644924567,4.49517676003518,4.49517978744232,35.398,500
11248,"BiLSTM",0.213144078850746,2.06606292724609,0.10580058,1.0725105,39.7560485738576,6.61538461538461,0.959171102974652,101.458327403069,92.638014009755,NA,500
11248,"ABC",0.123083310095292,1.24770721814179,0.10580058,1.0725105,34.9207606518555,2.08241758241758,0.986471970649028,16.3351940937298,16.3351984098795,46.684,500
11248,"ABC-SMC",1.4310904810392,14.5071002853612,0.10580058,1.0725105,81.4682456724127,15.0989010989011,0.830788156966639,1252.63009053372,1252.63014071762,47.052,500
11248,"NelderMead",10.0005,101.376019424296,0.10580058,1.0725105,84.262968960773,16.4258241758242,0.801131863557597,9352.21661355732,9352.21696424381,14.062,500
11248,"DE",0.107773227199063,1.09250745202253,0.10580058,1.0725105,33.9055153763204,1.85989010989011,0.984901379960625,1.86449563798499,1.86449941725757,81.223,500
11270,"BiLSTM",0.362556755542755,1.52501618862152,0.31550407,1.3656718,29.8249192897372,3.12912087912088,0.98456513018845,14.913495582721,11.6678391266131,NA,500
11270,"ABC",0.278847936179106,1.20700418296642,0.31550407,1.3656718,26.3881046677277,2.83653846153846,0.983071050257962,11.61827605612,11.6182831800129,67.102,500
11270,"ABC-SMC",1.60218824236409,6.93513438518315,0.31550407,1.3656718,87.8077902190203,18.5769230769231,0.821075087505368,407.818565498725,407.818524566675,45.852,500
11270,"NelderMead",10.0005,43.2875548485416,0.31550407,1.3656718,93.1991127095518,21.6346153846154,0.7261913677068,3069.68969687142,3069.68944138274,22.109,500
11270,"DE",0.284116555430409,1.2298096071769,0.31550407,1.3656718,27.0149854528478,2.66483516483516,0.983941068565624,9.94837073562653,9.94837799412005,92.428,500
11292,"BiLSTM",0.602111279964447,3.36877584457397,0.6054778,3.2217987,7.83318840445061,1.59478021978022,0.997051832332633,0.556010482226257,4.56195927368072,NA,500
11292,"ABC",0.732389286328177,3.89710536895936,0.6054778,3.2217987,16.3253650833512,4.70192307692308,0.984569285175027,20.960551539326,20.9605481856878,59.341,500
11292,"ABC-SMC",1.5218358622167,8.0978174039838,0.6054778,3.2217987,34.9847114826355,18.0535714285714,0.768661236566058,151.344617790561,151.344610822017,41.49,500
11292,"NelderMead",10.0005,53.2135067645086,0.6054778,3.2217987,41.2444841711206,28.0879120879121,0.434751817786843,1551.67079618774,1551.67075039507,13.596,500
11292,"DE",0.602576054184733,3.20635817564024,0.6054778,3.2217987,8.35458482747533,1.61813186813187,0.996978548549459,0.479248919657597,0.479251678876094,43.565,500
11311,"BiLSTM",0.435363858938217,3.12662649154663,0.5057733,3.6563487,22.4955246192673,1.88049450549451,0.991705814732033,13.9211463044377,14.4877376835904,NA,500
11311,"ABC",1.60313100492575,11.5893934046613,0.5057733,3.6563487,36.9317270228512,5.96565934065934,0.931321766149706,216.966317701182,216.966305884921,50.231,500
11311,"ABC-SMC",1.10059880765387,7.95647549913901,0.5057733,3.6563487,33.559832889413,4.5467032967033,0.961752801273155,117.607138940285,117.607130828058,36.869,500
11311,"NelderMead",10.0005,72.2958562882286,0.5057733,3.6563487,44.3807211549139,8.95741758241758,0.832122217805458,1877.26926273095,1877.26918901987,15.892,500
11311,"DE",0.518338598970728,3.74718592668662,0.5057733,3.6563487,20.8577825496719,1.48901098901099,0.993894974523085,2.4843737244984,2.48436990395962,35.916,500
11366,"BiLSTM",0.139813303947449,1.69247841835022,0.17200437,1.9074457,35.6376308650972,4.12912087912088,0.985187596486041,18.7152605788744,11.2699030777013,NA,500
11366,"ABC",0.167224692572733,1.85444133636609,0.17200437,1.9074457,25.3651252814715,2.47664835164835,0.990415793050352,2.77881162395317,2.77881376302946,69.526,500
11366,"ABC-SMC",2.15259834431467,23.8712793480192,0.17200437,1.9074457,95.1479699410726,21.8832417582418,0.709637024176807,1151.47886900471,1151.47884146947,56.358,500
11366,"NelderMead",10.0005,110.900730621843,0.17200437,1.9074457,97.7506780084184,23.8434065934066,0.643895035503125,5714.09646743278,5714.09633951009,27.398,500
11366,"DE",0.173697484239772,1.92622147986267,0.17200437,1.9074457,23.8884817296482,2.34203296703297,0.990595532764205,0.98434373485503,0.98434151298119,89.967,500
11401,"BiLSTM",0.994302570819855,4.47591829299927,1.1152272,4.5892086,17.4641717003949,2.78159340659341,0.99190539268676,10.8430487689096,2.4686240455649,NA,500
11401,"ABC",1.15178140924145,4.73963054004781,1.1152272,4.5892086,16.7099980433173,1.99862637362637,0.995553946830026,3.27773652233816,3.27773159075413,79.163,500
11401,"ABC-SMC",1.8169106304669,7.47666618301284,1.1152272,4.5892086,30.0121589243712,8.10714285714286,0.932705764726254,62.9184286813392,62.9184209018705,48.252,500
11401,"NelderMead",10.0005,41.1524919880104,1.1152272,4.5892086,47.99939499075,18.6634615384615,0.638658827468542,796.723107183899,796.723064364745,19.308,500
11401,"DE",1.09116894593182,4.4902076201215,1.1152272,4.5892086,15.8681532121724,1.92582417582418,0.995925085021061,2.15725137157504,2.15725604363459,49.044,500
11414,"BiLSTM",0.618940412998199,3.67461657524109,0.5232051,3.1570232,10.8796500212456,2.73351648351648,0.994600680711607,18.2978554678078,16.3949816789781,NA,500
11414,"ABC",0.570429475095843,3.44197527249479,0.5232051,3.1570232,9.47376585737598,1.65659340659341,0.997403552481401,9.02597759384283,9.02597334396514,44.759,500
11414,"ABC-SMC",1.47907797445115,8.92476640218699,0.5232051,3.1570232,24.3572164213762,13.5604395604396,0.880152673793889,182.695633978176,182.695622958583,35.456,500
11414,"NelderMead",10.0005,60.3430839663409,0.5232051,3.1570232,27.3810176986316,21.8956043956044,0.67320198828914,1811.39191877143,1811.39184426459,14.952,500
11414,"DE",0.519823758211357,3.13662003794278,0.5232051,3.1570232,8.5738959354321,1.20054945054945,0.998472854342536,0.64627462321046,0.646278496059763,35.036,500
11455,"BiLSTM",0.347314357757568,1.40982103347778,0.40023962,1.6668334,16.4027133142823,1.79807692307692,0.988984810431385,13.2233940863805,15.4191994546196,NA,500
11455,"ABC",0.356952212005276,1.48655909036922,0.40023962,1.6668334,17.2079913118068,1.71978021978022,0.988977324771321,10.8153730494557,10.8153766075708,34.263,500
11455,"ABC-SMC",1.41206226226959,5.88065831095945,0.40023962,1.6668334,43.0022373227868,9.26510989010989,0.883530485685948,252.804218200484,252.804204124987,28.163,500
11455,"NelderMead",10.0005,41.6479676641356,0.40023962,1.6668334,48.8902664014958,12.3489010989011,0.761633436041253,2398.62819677872,2398.6280970933,11.454,500
11455,"DE",0.374943333073409,1.56148470693711,0.40023962,1.6668334,16.7287959071838,1.55494505494505,0.989859230450634,6.32028556458021,6.32028930203158,37.143,500
11476,"BiLSTM",0.324127078056335,1.66205430030823,0.39212394,2.1004102,27.5167753273941,2.76098901098901,0.977918055506201,17.3406555956937,20.8700138521405,NA,500
11476,"ABC",0.363922051291955,1.94934699917556,0.39212394,2.1004102,14.308853073633,1.5782967032967,0.985809561679297,7.19208541769847,7.19208090040903,31.224,500
11476,"ABC-SMC",1.44036216908457,7.71529414626895,0.39212394,2.1004102,57.1532853391501,16.7925824175824,0.388777245937367,267.323191000421,267.323208879339,26.633,500
11476,"NelderMead",10.0005,53.5676378940165,0.39212394,2.1004102,60.7996825362349,19.7554945054945,0.183195138616628,2450.34160882909,2450.34173296323,10.701,500
11476,"DE",0.350645220694872,1.87822970965956,0.39212394,2.1004102,17.8120031230659,1.79120879120879,0.985934011596512,10.5779614744073,10.5779571219204,36.183,500
11596,"BiLSTM",0.570401072502136,4.13385248184204,0.50995,3.8837788,12.7602427788375,1.41346153846154,0.994762316100876,11.8543136586207,6.43892700176542,NA,500
11596,"ABC",2.24781833748914,17.1193845897942,0.50995,3.8837788,27.8952382081909,6.10576923076923,0.921366273419293,340.791908518313,340.791957301846,42.248,500
11596,"ABC-SMC",1.56337375481776,11.9066546081351,0.50995,3.8837788,25.4327328381523,5.14835164835165,0.945058226757673,206.573929761301,206.573963690598,30.173,500
11596,"NelderMead",10.0005,76.1638085849381,0.50995,3.8837788,31.1326733601776,7.87637362637363,0.857567011798112,1861.07461515835,1861.07483219534,8.898,500
11596,"DE",0.502514227014712,3.82714838233655,0.50995,3.8837788,10.5758127211657,1.23763736263736,0.995314277025875,1.45813765766987,1.45812675179777,28.332,500
11623,"BiLSTM",0.130659908056259,1.13868153095245,0.13132599,1.0198599,79.7641506164309,1.37362637362637,0.757272086318401,0.507197351979489,11.6507797740115,NA,500
11623,"ABC",0.15010356944279,1.16568411210951,0.13132599,1.0198599,109.420491031579,3.22252747252747,0.535423912582051,14.2984488011779,14.2984553181774,50.61,500
11623,"ABC-SMC",1.64788244457311,12.7972332129995,0.13132599,1.0198599,125.889276065895,18.8804945054945,0.444856921132036,1154.80298650184,1154.80305804744,39.504,500
11623,"NelderMead",10.0005,77.6625366500309,0.13132599,1.0198599,127.42326290644,19.239010989011,0.363322221980653,7515.01969259855,7515.02012678711,17.638,500
11623,"DE",0.145677748406082,1.13131378177904,0.13132599,1.0198599,104.025133936209,2.7032967032967,0.604878705279284,10.9283458712795,10.9283521961244,100.99,500
11658,"BiLSTM",0.298504114151001,1.5930427312851,0.28993,1.6662304,18.0703656716775,1.95879120879121,0.994549388198765,2.95730491877383,4.3924098801045,NA,500
11658,"ABC",0.325325308132677,1.86964764126452,0.28993,1.6662304,18.8745426026339,2.64010989010989,0.993490306200639,12.208225479487,12.2082301021828,56.674,500
11658,"ABC-SMC",1.93029155409394,11.0934039278393,0.28993,1.6662304,63.725983842422,20.9148351648352,0.784335758493478,565.778482424701,565.778509853095,43.18,500
11658,"NelderMead",10.0005,57.4729686533964,0.28993,1.6662304,66.3911977075848,24.0013736263736,0.675692724602151,3349.28086089746,3349.28100299913,20.295,500
11658,"DE",0.285474372175333,1.64062393314144,0.28993,1.6662304,18.4272551181423,1.80769230769231,0.99454266019632,1.53679433817363,1.53679028173798,70.823,500
11750,"BiLSTM",0.410777270793915,2.41397213935852,0.54476637,2.9442866,20.1913546002471,1.87087912087912,0.988879446870317,24.5956994750034,18.011645355499,NA,500
11750,"ABC",1.86084882321524,10.0572875438359,0.54476637,2.9442866,38.7714404617483,5.21428571428571,0.937861436791992,241.586582008585,241.586567823796,47.232,500
11750,"ABC-SMC",1.30854831119427,7.07228145913679,0.54476637,2.9442866,35.0915419761294,4.31868131868132,0.95803364740092,140.203577763853,140.203567789114,34.674,500
11750,"NelderMead",10.0005,54.0494761462402,0.54476637,2.9442866,45.1070789830714,7.13598901098901,0.879041578715535,1735.74107190207,1735.74099567074,13.734,500
11750,"DE",0.5145060184586,2.7807390402255,0.54476637,2.9442866,17.9176695917551,1.64010989010989,0.989705628257955,5.55473928051021,5.55474320246192,32.701,500
11771,"BiLSTM",0.508003830909729,4.45526552200317,0.5317524,4.919548,17.5680351003309,1.78159340659341,0.995104773633763,4.46609532750036,9.43750275425356,NA,500
11771,"ABC",0.627688353416888,5.80710661134182,0.5317524,4.919548,21.0719913328342,3.11126373626374,0.988426977088742,18.0414706951746,18.0414666416878,60.312,500
11771,"ABC-SMC",1.39673549640534,12.9220048314075,0.5317524,4.919548,39.1735026373637,11.0233516483516,0.860034129868962,162.666514792474,162.666505772634,45.19,500
11771,"NelderMead",10.0005,92.5203874671118,0.5317524,4.919548,50.306325132004,17.614010989011,0.627639929700186,1780.66852166535,1780.6684570841,21.009,500
11771,"DE",0.525126037313375,4.85824353195365,0.5317524,4.919548,16.4685030319425,1.76785714285714,0.995337727854911,1.24613686494401,1.24614025610374,46.906,500
11799,"BiLSTM",0.268754601478577,2.06633472442627,0.3413669,2.7240624,61.3427065999887,9.4478021978022,0.909426275112528,21.2710425414483,24.1451031214898,NA,500
11799,"ABC",0.31183639244696,2.48841337032502,0.3413669,2.7240624,32.8529580528573,4.29395604395604,0.977909628507517,8.65066517961757,8.65064727133181,80.749,500
11799,"ABC-SMC",1.42942241534979,11.4066027453923,0.3413669,2.7240624,103.145441318632,30.8090659340659,0.29544674595526,318.734919920412,318.735002009949,62.709,500
11799,"NelderMead",10.0005,79.8026738145008,0.3413669,2.7240624,109.741149080753,36.4793956043956,0.0764941296299522,2829.5458932896,2829.54646760297,18.367,500
11799,"DE",0.343439760842695,2.74060409074143,0.3413669,2.7240624,28.5281215655131,2.7706043956044,0.988190029596814,0.607223735720905,0.607243458939649,86.119,500
11813,"BiLSTM",0.37568724155426,3.45850372314453,0.3589682,3.3652668,9.82631903100794,2.01098901098901,0.995725227186164,4.65752719997488,2.77056556539681,NA,500
11813,"ABC",0.424946120828089,3.98379842337911,0.3589682,3.3652668,15.7008116944313,3.62087912087912,0.990340890085649,18.379879005463,18.3798688228556,51.946,500
11813,"ABC-SMC",1.54546612973516,14.488485079066,0.3589682,3.3652668,39.1917619017524,20.3365384615385,0.759876437583191,330.53009423541,330.530057202775,40.889,500
11813,"NelderMead",10.0005,93.7530058054584,0.3589682,3.3652668,41.7849292807946,26.5645604395604,0.584346311650812,2685.90136953635,2685.90112990323,18.813,500
11813,"DE",0.357480157160363,3.35131635914121,0.3589682,3.3652668,9.07444276189655,1.71565934065934,0.996417151927466,0.414533331820895,0.41454189780119,47.344,500
11825,"BiLSTM",0.432417124509811,3.86939311027527,0.52590835,4.759703,29.5027423837769,3.64423076923077,0.973823642590099,17.7770947143525,18.7051563873782,NA,500
11825,"ABC",0.48866164066281,4.42260388335293,0.52590835,4.759703,22.2393782861028,2.33791208791209,0.98845634691656,7.08235747486983,7.08235611858706,60.162,500
11825,"ABC-SMC",1.03286283975634,9.34786532432023,0.52590835,4.759703,42.5015549571387,8.97802197802198,0.858476612132891,96.3959765530133,96.3959794197292,48.732,500
11825,"NelderMead",10.0005,90.5089461810031,0.52590835,4.759703,65.6360420018642,17.9381868131868,0.469711032521621,1801.56706962344,1801.56709737988,22.119,500
11825,"DE",0.50206872338836,4.54394390923673,0.52590835,4.759703,20.1199857856839,2.16483516483516,0.989994191617494,4.53303823976944,4.53303684627525,49.238,500
11858,"BiLSTM",0.13237476348877,1.31429147720337,0.17174287,1.6578239,60.9007762731926,6.38461538461539,0.957595332317919,22.9227021251191,20.7218886636048,NA,500
11858,"ABC",0.165740311379477,1.599881455894,0.17174287,1.6578239,35.7789685280953,2.71428571428571,0.977242751563953,3.49508461138603,3.49509040773289,67.687,500
11858,"ABC-SMC",1.31320922593956,12.6763312485834,0.17174287,1.6578239,133.730437416084,29.1497252747253,0.414749481556537,664.636823607033,664.636777680873,59.99,500
11858,"NelderMead",10.0005,96.534237003063,0.17174287,1.6578239,137.875030359771,31.9162087912088,0.296675708765178,5722.94915649191,5722.9488067498,24.707,500
11858,"DE",0.177014168622925,1.7087073353078,0.17174287,1.6578239,33.3069503672874,2.84752747252747,0.97517174019131,3.06929692215185,3.06929073153044,112.017,500
11882,"BiLSTM",0.243637070059776,1.69194662570953,0.18103269,1.2109296,53.253788495333,3.89285714285714,0.965871342630198,34.581809539358,39.7229554640942,NA,500
11882,"ABC",0.189972592466459,1.27072869189881,0.18103269,1.2109296,44.5584251085692,2.15384615384615,0.975000096240889,4.93828074170403,4.93827980576332,54.429,500
11882,"ABC-SMC",1.57682903944003,10.5474262188082,0.18103269,1.2109296,110.270485831442,14.7568681318681,0.812179714051218,771.018952124076,771.01894435549,46.654,500
11882,"NelderMead",10.0005,66.8934508833307,0.18103269,1.2109296,115.336839256268,16.3104395604396,0.749067771574591,5424.14041905912,5424.14036978951,19.725,500
11882,"DE",0.204786615236772,1.36981984779806,0.18103269,1.2109296,45.813027621311,2.40796703296703,0.973614362446457,13.1213457838866,13.1213447749614,84.055,500
11884,"BiLSTM",0.685081958770752,3.15196752548218,0.6462534,2.9519057,12.0213108373663,1.52335164835165,0.995695114934522,6.00825601393385,6.77737860942433,NA,500
11884,"ABC",1.0377282103627,4.74005352530448,0.6462534,2.9519057,21.4909746744552,4.7239010989011,0.973881795854831,60.5760542788175,60.5760483915352,41.657,500
11884,"ABC-SMC",1.77781037146755,8.12054277261316,0.6462534,2.9519057,28.9282744958339,8.14423076923077,0.919506514735341,175.09493512414,175.094925038193,27.376,500
11884,"NelderMead",10.0005,45.679499512921,0.6462534,2.9519057,33.7340530981715,12.4354395604396,0.787413667889736,1447.45800950525,1447.45795277,8.461,500
11884,"DE",0.625419245371303,2.85674097438227,0.6462534,2.9519057,10.2256032862878,1.22252747252747,0.996754290543467,3.22383675330715,3.22384030146132,28.678,500
11937,"BiLSTM",0.618840932846069,3.88026332855225,0.5690734,3.574687,7.82081484040346,1.03021978021978,0.997382181578152,8.7453626976888,8.54833803777075,NA,500
11937,"ABC",1.21937767186462,7.65963410013337,0.5690734,3.574687,17.8824936001513,4.95054945054945,0.953027240068443,114.274234547709,114.2742595403,30.725,500
11937,"ABC-SMC",0.981947235139855,6.16819275959643,0.5690734,3.574687,15.5215612437052,3.74725274725275,0.972894992536281,72.5519476292258,72.5519677553988,25.811,500
11937,"NelderMead",10.0005,62.8190695842823,0.5690734,3.574687,23.359000696447,9.70192307692308,0.791145800458559,1657.33042521404,1657.33063018615,9.70099999999999,500
11937,"DE",0.574899462290646,3.61128436834184,0.5690734,3.574687,6.9683990608331,0.781593406593407,0.99818524157894,1.02378046323122,1.02379224647745,20.81,500
11943,"BiLSTM",0.662746131420135,4.0483078956604,0.60289013,3.6610878,9.52869639456583,2.46565934065934,0.994509441815193,9.92817736461127,10.5766405181651,NA,500
11943,"ABC",0.67421479627101,4.09421091324957,0.60289013,3.6610878,10.1476060544371,2.75274725274725,0.993462641996995,11.8304584404143,11.8304486783838,50.125,500
11943,"ABC-SMC",0.985699987286367,5.98572393762123,0.60289013,3.6610878,20.8565667308774,8.63324175824176,0.945948966712319,63.4957910633512,63.4957767912922,37.255,500
11943,"NelderMead",10.0005,60.7286527445094,0.60289013,3.6610878,30.4263429660096,22.0302197802198,0.618099075598051,1558.75994685798,1558.75980205963,17.931,500
11943,"DE",0.571795247339181,3.47226188856777,0.60289013,3.6610878,7.63565398884267,1.1978021978022,0.998150569061559,5.15763670916607,5.15764498825264,38.142,500
11997,"BiLSTM",0.203755781054497,1.50028157234192,0.24985139,1.7672151,9.56535875383836,2.19230769230769,0.991626936778079,18.4492105269069,15.104755932545,NA,500
11997,"ABC",0.244078841406575,1.72638543411659,0.24985139,1.7672151,10.4182673277853,1.33791208791209,0.995386468076432,2.31039282728226,2.31039593784622,32.823,500
11997,"ABC-SMC",1.50047464143606,10.6129542008173,0.24985139,1.7672151,45.6428977271425,17.3942307692308,0.729430567250889,500.546845641348,500.546826519156,29.202,500
11997,"NelderMead",10.0005,70.7341834072551,0.24985139,1.7672151,47.3334939146433,20.5769230769231,0.613169972336359,3902.57929323507,3902.57916578775,11.419,500
11997,"DE",0.235256752017483,1.66398622518871,0.24985139,1.7672151,10.3685752147939,1.31181318681319,0.995309450893854,5.84132751173308,5.84133050986749,38.728,500
12000,"BiLSTM",0.635449767112732,3.43902325630188,0.54300326,2.9938278,12.0894770984109,4.11263736263736,0.987713330334625,17.0250372185117,14.8704429928094,NA,500
12000,"ABC",0.554894537110925,3.05938983682041,0.54300326,2.9938278,8.73033107341014,1.83653846153846,0.996700200422644,2.18990897235587,2.18990674147702,46.412,500
12000,"ABC-SMC",1.64823328994956,9.08747129181548,0.54300326,2.9938278,29.1220819271654,17.6771978021978,0.79508550526261,203.540219988654,203.540213362154,34.545,500
12000,"NelderMead",10.0005,55.1373747927283,0.54300326,2.9938278,32.3238416626935,25.0837912087912,0.574407168273422,1741.70165018899,1741.70160998332,15.713,500
12000,"DE",0.503336653237859,2.77512741327867,0.54300326,2.9938278,7.53727026845323,1.22252747252747,0.9983943490848,7.30504026111029,7.30504228470759,38.718,500
12014,"BiLSTM",0.319508612155914,1.74709510803223,0.36234862,1.8954062,23.8725365289274,2.21291208791209,0.988471627968957,11.8228704290596,7.82476558152936,NA,500
12014,"ABC",0.341274965113375,1.78517233231527,0.36234862,1.8954062,23.9161826092016,2.12087912087912,0.987939476127885,5.81585073695748,5.81584399611705,51.74,500
12014,"ABC-SMC",1.92182053603828,10.052834808645,0.36234862,1.8954062,63.6641191710323,11.3008241758242,0.86797043981472,430.378875470336,430.378913430008,39.949,500
12014,"NelderMead",10.0005,52.3115309773398,0.36234862,1.8954062,68.1941035634775,13.581043956044,0.806410498924629,2659.9111595899,2659.91135711911,16.494,500
12014,"DE",0.333394374871622,1.7439498193858,0.36234862,1.8954062,24.6230024217031,2.15796703296703,0.987981197723564,7.99071488898667,7.99070830380314,57.009,500
12029,"BiLSTM",0.773195505142212,4.30949544906616,0.8487385,4.7309914,19.4346997355458,1.98901098901099,0.994669551578979,8.90062072803202,8.9092521058871,NA,500
12029,"ABC",1.18040193751013,6.57973194776877,0.8487385,4.7309914,24.2034256192571,4.63324175824176,0.977140754538214,39.077223138827,39.0772333208801,74.557,500
12029,"ABC-SMC",1.41548768473317,7.89013406785613,0.8487385,4.7309914,27.5679699406368,6.18131868131868,0.960573331899762,66.7754773387998,66.7754895486838,53.109,500
12029,"NelderMead",10.0005,55.7442403749839,0.8487385,4.7309914,41.5358542458933,13.2554945054945,0.78789841707584,1078.27811510848,1078.278201372,20.874,500
12029,"DE",0.832781480320648,4.64204499963293,0.8487385,4.7309914,19.8344307868174,2.02472527472527,0.994367615709805,1.88008670271845,1.88007951921173,46.763,500
12084,"BiLSTM",0.544623076915741,4.15522384643555,0.594115,4.17329,10.3688564873644,2.14285714285714,0.996080911391929,8.33036080291846,0.432899548424693,NA,500
12084,"ABC",0.685790236835764,4.81725084217578,0.594115,4.17329,10.9574160287076,3.38049450549451,0.991981799981403,15.4305541579937,15.4305318388077,63.361,500
12084,"ABC-SMC",1.6440163767159,11.5481948413653,0.594115,4.17329,28.7052805446478,17.3516483516484,0.819205671631197,176.716860660966,176.716807156111,42.714,500
12084,"NelderMead",10.0005,70.247306624629,0.594115,4.17329,34.0564291991617,26.2554945054945,0.567407413658656,1583.25997492068,1583.25964945233,21.455,500
12084,"DE",0.582417279824375,4.09111996793212,0.594115,4.17329,9.12055562973798,1.52747252747253,0.997894534328886,1.96893197034672,1.96895092523827,47.817,500
12086,"BiLSTM",0.277080774307251,3.3504593372345,0.30555,3.5128226,18.2528557938785,2.45467032967033,0.990804684187004,9.31737054254591,4.62201714272456,NA,500
12086,"ABC",0.330243125699433,3.79671232587855,0.30555,3.5128226,17.0415973871567,2.82005494505495,0.987058235937458,8.08153352951484,8.08152754080283,52.622,500
12086,"ABC-SMC",1.44907206201895,16.6595739042299,0.30555,3.5128226,60.1073784320814,21.3887362637363,0.524422469488077,374.250388485992,374.250362208154,45.034,500
12086,"NelderMead",10.0005,114.972935574458,0.30555,3.5128226,64.9147596643258,26.021978021978,0.322147544533318,3172.95041728031,3172.95023592873,19.985,500
12086,"DE",0.299451073627943,3.44270476435455,0.30555,3.5128226,13.5889219679044,2.01648351648352,0.993215032677979,1.99604855901055,1.99605398933174,54.11,500
12094,"BiLSTM",0.114373505115509,1.43939328193665,0.18607722,2.2883058,42.5653228556971,8.72115384615385,0.951331913020196,38.5343863609371,37.0978615735429,NA,500
12094,"ABC",0.158038417200994,1.94349538268875,0.18607722,2.2883058,18.3807615654219,3.03708791208791,0.992101550478835,15.0683693570905,15.0683714261988,50.575,500
12094,"ABC-SMC",1.76021912185127,21.6464945449787,0.18607722,2.2883058,73.8938576311058,32.081043956044,0.476986383094082,845.961639931673,845.961616886111,43.663,500
12094,"NelderMead",10.0005,122.982284426831,0.18607722,2.2883058,75.0772355834879,34.8475274725275,0.398482839562835,5274.38166799784,5274.3815370669,20.401,500
12094,"DE",0.17174774274583,2.11208737043487,0.18607722,2.2883058,16.431639000176,1.9271978021978,0.994943460082554,7.70082294553285,7.70082519412969,67.448,500
12259,"BiLSTM",0.860680520534515,3.75857949256897,0.73658776,3.0366387,19.728876769294,2.80494505494505,0.987655950693074,16.8469756454432,23.7743394552987,NA,500
12259,"ABC",0.727083087435739,2.99745495863898,0.73658776,3.0366387,13.9251165976429,1.81456043956044,0.993810054794721,1.29036525997399,1.29036560592538,57.42,500
12259,"ABC-SMC",1.5206319762792,6.26892020503218,0.73658776,3.0366387,39.6237066375421,10.9423076923077,0.860456034441865,106.442742990896,106.442742267369,38.284,500
12259,"NelderMead",10.0005,41.2278167816941,0.73658776,3.0366387,52.9035418773562,19.4752747252747,0.533348575929291,1257.67936192695,1257.67935716864,10.864,500
12259,"DE",0.735844520062566,3.03357462656398,0.73658776,3.0366387,13.3264209878871,1.74862637362637,0.993928009941234,0.100903107246111,0.100903457366246,40.001,500
12387,"BiLSTM",0.298883855342865,3.42382597923279,0.32637775,3.693163,12.5857287922829,1.68543956043956,0.995310540176931,8.42394883141851,7.29285495298237,NA,500
12387,"ABC",0.42314415971888,4.78813372536124,0.32637775,3.693163,20.2620237476679,3.06730769230769,0.988996947848732,29.648592687118,29.6485891730542,43.23,500
12387,"ABC-SMC",1.36973426153714,15.4993768951128,0.32637775,3.693163,39.9604204819152,12.5453296703297,0.817209292051216,319.677585723028,319.677574347865,34.97,500
12387,"NelderMead",10.0005,113.161744574915,0.32637775,3.693163,43.9022197092556,17.010989010989,0.649830236934392,2964.08754886018,2964.08746580953,11.267,500
12387,"DE",0.329105793310959,3.72403237045944,0.32637775,3.693163,9.89972885233057,1.16483516483516,0.997116076044291,0.835854561458036,0.835851828349823,37.276,500
12389,"BiLSTM",0.464918464422226,2.16702771186829,0.42683017,1.8768387,15.7240485161359,1.31318681318681,0.995855348510053,8.92352441305307,15.4615850508776,NA,500
12389,"ABC",0.550373309267857,2.42007722578801,0.42683017,1.8768387,18.1558768204703,2.34478021978022,0.992668068344069,28.9443314815017,28.944337400332,32.533,500
12389,"ABC-SMC",1.3515068230017,5.94278615580848,0.42683017,1.8768387,35.5314199760704,8.5,0.915883640852133,216.638072468425,216.638087002814,24.633,500
12389,"NelderMead",10.0005,43.9737572461281,0.42683017,1.8768387,40.4388385980783,12.739010989011,0.763433409628252,2242.96933602421,2242.96944357169,11.332,500
12389,"DE",0.410168083567673,1.80357299504169,0.42683017,1.8768387,13.3474855952763,1.20741758241758,0.995785133677768,3.90368057448389,3.90367616345004,29.539,500
12417,"BiLSTM",0.526134788990021,3.47834587097168,0.56586665,3.6667562,8.47284574164516,1.79258241758242,0.995781986417876,7.02141768029257,5.13833805008144,NA,500
12417,"ABC",0.68043967700084,4.40917732555858,0.56586665,3.6667562,15.5673326782408,3.48626373626374,0.989187819746473,20.2473545668118,20.2473544752875,59.322,500
12417,"ABC-SMC",1.79451196813721,11.6282482456477,0.56586665,3.6667562,35.7438794487164,14.3406593406593,0.833143861016611,217.126299656855,217.12629941548,39.701,500
12417,"NelderMead",10.0005,64.8021850204279,0.56586665,3.6667562,41.1838824593798,20.6098901098901,0.643468031627469,1667.28916609593,1667.28916475079,13.496,500
12417,"DE",0.550635363376005,3.56805906667491,0.56586665,3.6667562,8.98169420260762,1.6717032967033,0.996475894938085,2.69167419991885,2.69167427398346,43.314,500
12493,"BiLSTM",0.565998613834381,4.27319765090942,0.62233543,4.64929,17.809675946432,1.82692307692308,0.993189748388222,9.05248415080898,8.08924263899597,NA,500
12493,"ABC",0.760248146607192,5.67959665469777,0.62233543,4.64929,21.130768569621,2.71016483516484,0.985850413151919,22.1605118331752,22.1605160077727,55.048,500
12493,"ABC-SMC",1.03770240688867,7.75237814789688,0.62233543,4.64929,29.2517433185442,5.29945054945055,0.952003447542609,66.7432636590634,66.7432693571896,42.776,500
12493,"NelderMead",10.0005,74.7108777558811,0.62233543,4.64929,46.0059178276217,13.0041208791209,0.702687198995994,1506.9308475656,1506.93090247933,16.498,500
12493,"DE",0.611758483675579,4.57027281536017,0.62233543,4.64929,18.1834156952226,1.64285714285714,0.994049196286676,1.69955715431803,1.69955379509192,39.599,500
12532,"BiLSTM",0.463402956724167,2.1872193813324,0.4542219,2.109568,7.16883494671648,1.57417582417582,0.995645718194807,2.02127126062545,3.68091388058586,NA,500
12532,"ABC",0.451007047721995,2.09463714263074,0.4542219,2.109568,7.65220641314755,1.54532967032967,0.99581380902048,0.707771306932911,0.70776848005191,48.452,500
12532,"ABC-SMC",1.64084683323812,7.62067630567756,0.4542219,2.109568,42.7368884160362,19.0178571428571,0.75255304268011,261.243443620424,261.243453905139,35.778,500
12532,"NelderMead",10.0005,46.4458789517429,0.4542219,2.109568,46.7843920541093,24.6675824175824,0.551762973898002,2101.67719786298,2101.67726054543,16.801,500
12532,"DE",0.445181959688432,2.06758336195076,0.4542219,2.109568,7.36373521099594,1.53159340659341,0.996004151971488,1.99020353522533,1.99020074485558,48.247,500
12579,"BiLSTM",0.534136593341827,2.98775100708008,0.64573276,3.2456214,24.3614344171296,2.27747252747253,0.98907028637706,17.2820977300536,7.94517786085346,NA,500
12579,"ABC",1.3908036996557,6.99054268570277,0.64573276,3.2456214,36.5667960663722,5.49175824175824,0.953579843902081,115.383791222812,115.383799407496,57.563,500
12579,"ABC-SMC",1.46588811844138,7.36793658728815,0.64573276,3.2456214,37.3647064420399,5.66895604395604,0.950227159643242,127.011576498206,127.011585124751,41.132,500
12579,"NelderMead",10.0005,50.2651252262823,0.64573276,3.2456214,47.662904953762,9.18406593406593,0.847110665587874,1448.70569057082,1448.70574942235,17.948,500
12579,"DE",0.556947295765536,2.79936258847997,0.64573276,3.2456214,24.0715688268841,2.19093406593407,0.989332895455246,13.7495678915941,13.7495646140376,40.673,500
12591,"BiLSTM",0.473431766033173,3.07507014274597,0.48819038,3.16567,20.2969078317331,2.37087912087912,0.99212974513117,3.02312674961505,2.86194888456561,NA,500
12591,"ABC",0.449109057060003,2.91224682450888,0.48819038,3.16567,19.6409727910576,2.43406593406593,0.991461766637889,8.00534474685822,8.00535670146038,66.915,500
12591,"ABC-SMC",1.28736759777343,8.34793273405392,0.48819038,3.16567,48.4679053295239,13.9271978021978,0.843852423225458,163.701959422762,163.701925154988,51.715,500
12591,"NelderMead",10.0005,64.8482231891618,0.48819038,3.16567,59.1388887885134,21.217032967033,0.597931957026541,1948.48362640821,1948.48336021006,23.359,500
12591,"DE",0.48247332415964,3.12859735092457,0.48819038,3.16567,20.0397037888981,2.40384615384615,0.991927537979626,1.17107097447516,1.17108381718352,56.306,500
12642,"BiLSTM",0.99189567565918,4.44863271713257,0.94793457,4.2162366,7.10248539471215,1.89148351648352,0.997691907489564,4.63756751261637,5.5119325403268,NA,500
12642,"ABC",1.0891928296096,4.84452723431985,0.94793457,4.2162366,8.45880126787713,3.49450549450549,0.992916945474574,14.9016887958422,14.9016930008115,52.18,500
12642,"ABC-SMC",1.67363738083098,7.44402795482736,0.94793457,4.2162366,14.4879162936063,10.9134615384615,0.92965214533054,76.556213244863,76.5562197061558,36.396,500
12642,"NelderMead",10.0005,44.480364991184,0.94793457,4.2162366,19.2388124462486,24.7815934065934,0.622400196707281,954.977876795864,954.977915404083,15.392,500
12642,"DE",0.943654578791368,4.19720014901675,0.94793457,4.2162366,6.10767132354131,1.2293956043956,0.998731994483997,0.451507028447284,0.451503385347142,33.302,500
12649,"BiLSTM",0.596362054347992,4.35399389266968,0.5035396,4.1558948,14.6960708214073,4.62362637362637,0.984501824708074,18.4339929467299,4.76670132915004,NA,500
12649,"ABC",0.483059902681634,3.98686859191181,0.5035396,4.1558948,7.35054253205924,1.19093406593407,0.998318550536125,4.06714731440508,4.06714356889373,44.517,500
12649,"ABC-SMC",1.39126224949752,11.4825919825722,0.5035396,4.1558948,27.5049682310105,17.7005494505494,0.778143558668148,176.29649177493,176.296502562389,34.555,500
12649,"NelderMead",10.0005,82.5377538729214,0.5035396,4.1558948,30.4487915633348,27.3612637362637,0.484676448987048,1886.04042264005,1886.04050018113,14.669,500
12649,"DE",0.478549475557642,3.94964240083918,0.5035396,4.1558948,7.18527151030458,1.17307692307692,0.998324337541471,4.96289158635351,4.96288787581475,34.243,500
12753,"BiLSTM",0.71860134601593,3.98106145858765,0.62670755,3.4896038,7.15983417671348,1.86675824175824,0.994980980265174,14.6629470182592,14.0834801528943,NA,500
12753,"ABC",0.719902957040896,4.00852994876239,0.62670755,3.4896038,6.89298146385569,1.87225274725275,0.99497722571907,14.8706373556368,14.8706322695542,35.136,500
12753,"ABC-SMC",1.23703371342016,6.88799322099708,0.62670755,3.4896038,17.3075008774006,7.0728021978022,0.935310210955387,97.3861194779216,97.3861107383331,27.251,500
12753,"NelderMead",10.0005,55.6843160047209,0.62670755,3.4896038,22.6906783475212,15.0521978021978,0.683006756387567,1495.72036430708,1495.72029365399,12.043,500
12753,"DE",0.611407148348999,3.40440866518783,0.62670755,3.4896038,5.45416286189072,0.888736263736264,0.998334160743389,2.44139417994902,2.44139849951351,25.628,500
12767,"BiLSTM",0.244531884789467,2.49334502220154,0.26824355,2.785012,23.9433855744345,2.27335164835165,0.991413974419932,8.83960311833524,10.4727368427304,NA,500
12767,"ABC",0.244693552920809,2.54050634093461,0.26824355,2.785012,22.852272388382,2.29395604395604,0.991211032238167,8.77933395945246,8.77933951686366,57.979,500
12767,"ABC-SMC",1.721260830287,17.870818423899,0.26824355,2.785012,75.8900572809526,23.8708791208791,0.568190965815607,541.678366651129,541.678327558337,48.357,500
12767,"NelderMead",10.0005,103.829191081053,0.26824355,2.785012,79.2715155087088,27.3695054945055,0.428861782084587,3628.14183230128,3628.14160517273,22.878,500
12767,"DE",0.267981700580963,2.7822932049244,0.26824355,2.785012,25.4082947076301,2.5989010989011,0.990181414246871,0.0976162964725558,0.0976223827976253,65.497,500
12783,"BiLSTM",0.262649238109589,1.42505240440369,0.21037622,1.1276217,21.4801826911531,3.04532967032967,0.984023530986121,24.8473986791799,26.3768163031703,NA,500
12783,"ABC",0.213753050240795,1.14572153345145,0.21037622,1.1276217,18.3836779032167,1.6043956043956,0.988613150289698,1.60513875607937,1.60513348150844,41.395,500
12783,"ABC-SMC",1.46428405777409,7.84859806300563,0.21037622,1.1276217,61.4260112382344,15.8997252747253,0.826602082416821,596.031166342892,596.031130210214,33.83,500
12783,"NelderMead",10.0005,53.6029225425039,0.21037622,1.1276217,64.6993426444814,18.4120879120879,0.748087115223891,4653.62662186819,4653.62637509583,15.466,500
12783,"DE",0.220223176463042,1.18040156692291,0.21037622,1.1276217,17.8850729324244,1.66758241758242,0.988912345157522,4.68064140663895,4.68063597241116,65.558,500
12785,"BiLSTM",0.425885587930679,3.81909012794495,0.39246845,3.6407864,21.8033757245304,2.54120879120879,0.99147317026227,8.5146049142751,4.89739601161294,NA,500
12785,"ABC",0.389609738782307,3.61426730477213,0.39246845,3.6407864,19.3553501007763,1.99313186813187,0.993664482082257,0.728392617977994,0.728389208108257,62.176,500
12785,"ABC-SMC",1.25139326306137,11.6087184325285,0.39246845,3.6407864,54.9352256275724,15.0425824175824,0.7973432906128,218.85193906959,218.851950021801,52.526,500
12785,"NelderMead",10.0005,92.7709874356329,0.39246845,3.6407864,64.1835756383232,21.5975274725275,0.569176429729116,2448.10291120216,2448.10299872667,22.395,500
12785,"DE",0.37325736353722,3.4625722896824,0.39246845,3.6407864,17.8723970213733,2.15384615384615,0.993362368786828,4.89493778742734,4.89493452067381,57.032,500
12787,"BiLSTM",0.450214445590973,3.94124698638916,0.5547203,4.850334,14.045697407608,1.68269230769231,0.993413200158846,18.8393780449403,18.7427713969974,NA,500
12787,"ABC",1.96232714513654,17.1580942680669,0.5547203,4.850334,27.0814629145159,6.21703296703297,0.917520106092358,253.750736206435,253.750778153977,48.05,500
12787,"ABC-SMC",1.45127084600538,12.6895467180244,0.5547203,4.850334,25.0382692791013,5.29532967032967,0.942447615688904,161.622090629347,161.622121652331,29.996,500
12787,"NelderMead",10.0005,87.4418529820947,0.5547203,4.850334,32.6524118873015,8.7293956043956,0.823565280574796,1702.80043834704,1702.80065212199,14.14,500
12787,"DE",0.527025280597449,4.60817630156985,0.5547203,4.850334,12.9826280159247,1.21840659340659,0.995705985464443,4.99260968141084,4.99259841549365,30.905,500
12791,"BiLSTM",0.743223369121552,3.9419276714325,0.61239195,2.9961722,29.7478937415655,4.32554945054945,0.979550433222528,21.3640004773987,31.5654578008732,NA,500
12791,"ABC",0.653500728049056,3.19729973073265,0.61239195,2.9961722,21.2535980489855,2.32967032967033,0.992432928875142,6.71282142899755,6.71281613028284,76.046,500
12791,"ABC-SMC",1.67486576758856,8.19440229808323,0.61239195,2.9961722,67.839266685599,17.5673076923077,0.716780899637281,173.495719136831,173.495705556684,52.126,500
12791,"NelderMead",10.0005,48.9281718976014,0.61239195,2.9961722,79.1739081693716,25.0631868131868,0.404169437588033,1533.02277242541,1533.02269133935,22.452,500
12791,"DE",0.676075439887768,3.3077481464502,0.61239195,2.9961722,22.0728585134643,2.65934065934066,0.990545780108031,10.3991389644766,10.3991334827216,58.051,500
12807,"BiLSTM",0.968200385570526,4.40610313415527,1.0534829,4.2316556,4.79449241132692,1.56043956043956,0.996852349116453,8.09529176311015,4.12244167874327,NA,500
12807,"ABC",1.14930524184816,4.61655695454102,1.0534829,4.2316556,7.69213769981818,2.95741758241758,0.992041270552937,9.09576622915812,9.09576276814735,49.139,500
12807,"ABC-SMC",1.78549823218347,7.17203226868804,1.0534829,4.2316556,16.8734637297093,11.581043956044,0.886671295360626,69.4852600059732,69.4852546291348,30.482,500
12807,"NelderMead",10.0005,40.1702490712099,1.0534829,4.2316556,23.0142388015872,24.9409340659341,0.467277985895179,849.27976524346,849.279735128016,13.183,500
12807,"DE",1.02685633958047,4.12470125706696,1.0534829,4.2316556,4.7529253012065,1.11401098901099,0.998279356753986,2.52747912847326,2.52748222074214,29.598,500
12863,"BiLSTM",0.71385246515274,4.07049083709717,0.73144364,3.9259548,21.7058651420722,2.7032967032967,0.991665553855866,2.40499388951683,3.68155122665111,NA,500
12863,"ABC",0.701554083905668,3.76552533566101,0.73144364,3.9259548,20.2791755943962,2.71291208791209,0.991798653499788,4.08637856148862,4.08638082993198,93.588,500
12863,"ABC-SMC",1.15704923076101,6.21035254870455,0.73144364,3.9259548,40.8482077552652,12.2197802197802,0.883414944909762,58.1870656173875,58.1870618761212,68.715,500
12863,"NelderMead",10.0005,53.676739945172,0.73144364,3.9259548,68.9865655777526,28.6401098901099,0.409613570860074,1267.22769234824,1267.22766001208,27.226,500
12863,"DE",0.697445573040966,3.74347329133857,0.73144364,3.9259548,21.0425463365843,2.75137362637363,0.991618064059478,4.64807745939718,4.64807971455587,72.756,500
12883,"BiLSTM",0.446346402168274,4.3926215171814,0.52918154,4.7240076,12.8205464850348,5.03571428571429,0.983624333806153,15.653444341941,7.01493542937153,NA,500
12883,"ABC",0.571306819616488,5.1000603252938,0.52918154,4.7240076,9.14864516207839,2.49175824175824,0.995626254401862,7.96045901685989,7.96045978617394,59.754,500
12883,"ABC-SMC",1.11647823971556,9.96680974025411,0.52918154,4.7240076,28.7704024161694,17.7266483516484,0.81762638496618,110.982083712815,110.98208521625,46.458,500
12883,"NelderMead",10.0005,89.2745395851191,0.52918154,4.7240076,35.786439263827,33.1016483516484,0.393728094916771,1789.80515079948,1789.80516426602,18.827,500
12883,"DE",0.527442015199467,4.70847888253385,0.52918154,4.7240076,6.02297085385397,1.36401098901099,0.998047352278276,0.328719856806265,0.328719146559959,47.925,500
12897,"BiLSTM",0.361017346382141,1.57253897190094,0.33158034,1.4280235,19.9877924021855,2.08516483516484,0.99281286890149,8.87779003487998,10.1199645454672,NA,500
12897,"ABC",0.330448625389814,1.42314950125956,0.33158034,1.4280235,21.102796037426,1.64697802197802,0.994361186608946,0.341309321953724,0.341310821596348,49.803,500
12897,"ABC-SMC",1.44162926256787,6.20869269346911,0.33158034,1.4280235,57.0549120905693,15.1840659340659,0.887373007589579,334.775253131072,334.775246588667,40.989,500
12897,"NelderMead",10.0005,43.0693472262358,0.33158034,1.4280235,61.8717434391288,18.9450549450549,0.787137929820158,2916.01114227701,2916.01109689272,11.917,500
12897,"DE",0.316193516927332,1.36175674928533,0.33158034,1.4280235,20.4129615576849,1.67994505494505,0.994531702621705,4.64045096059298,4.64045239554305,63.904,500
12952,"BiLSTM",0.812382459640503,4.22711944580078,0.76252294,3.9984753,8.99836920720646,2.50549450549451,0.992664894745452,6.53875667537333,5.71828331166085,NA,500
12952,"ABC",0.785697335444055,4.11999604120396,0.76252294,3.9984753,7.35223832793425,1.98351648351648,0.995020612487374,3.03917354198619,3.03917698838743,41.583,500
12952,"ABC-SMC",1.32611446472769,6.95380536294362,0.76252294,3.9984753,21.3393560439493,11.2239010989011,0.88096086453456,73.9114189440241,73.9114247609237,29.37,500
12952,"NelderMead",10.0005,52.4400663606348,0.76252294,3.9984753,27.0983428675008,23.9876373626374,0.445071599429748,1211.50152676062,1211.50157062705,12.608,500
12952,"DE",0.731918606332447,3.83799412895923,0.76252294,3.9984753,4.79807337326043,1.26236263736264,0.997474711974683,4.01356235493099,4.01355914442602,28.908,500
12953,"BiLSTM",0.864023923873901,3.98550319671631,0.93123007,4.0657306,19.2987923130324,1.98626373626374,0.995344857673925,7.21692182105961,1.9732592042299,NA,500
12953,"ABC",1.27552243463715,5.56890376491069,0.93123007,4.0657306,20.3726282219996,3.97115384615385,0.982006062663544,36.9717834215931,36.9717847245139,78.095,500
12953,"ABC-SMC",1.91441748822956,8.3583059523726,0.93123007,4.0657306,30.3928682817294,7.4793956043956,0.939630204316158,105.579431968897,105.579433924437,47.24,500
12953,"NelderMead",10.0005,43.6619698632209,0.93123007,4.0657306,41.8483775852849,13.5288461538462,0.78562665850502,973.902177578952,973.902187794265,21.195,500
12953,"DE",0.895870642880935,3.9113521334745,0.93123007,4.0657306,18.9754368414112,1.88736263736264,0.99584852271632,3.79706672477453,3.79706580966046,49.833,500
12964,"BiLSTM",0.316975206136703,4.54128932952881,0.3465169,4.5107636,27.1842697415751,4.26236263736264,0.982402274418303,8.52532556515902,0.676730865009393,NA,500
12964,"ABC",0.367038959060058,4.77790787052242,0.3465169,4.5107636,22.3260400640112,2.36950549450549,0.993643314454473,5.92238331234579,5.92237355383501,84.14,500
12964,"ABC-SMC",1.45377162759142,18.9243858995215,0.3465169,4.5107636,71.6777685782427,24.6318681318681,0.544957868396621,319.538448944747,319.538410293139,63.58,500
12964,"NelderMead",10.0005,130.180915348937,0.3465169,4.5107636,80.9074163811626,31.668956043956,0.286581497255195,2786.00642566062,2786.00615977608,28.204,500
12964,"DE",0.381510506428918,4.96629037969633,0.3465169,4.5107636,24.36548921483,2.77472527472527,0.992077704328107,10.0986723674714,10.0986622242038,76.922,500
13011,"BiLSTM",0.820922195911407,3.91869115829468,0.7972096,3.7611778,8.66175643521922,1.30494505494505,0.996760587561113,2.97444936832265,4.18787323201466,NA,500
13011,"ABC",1.48033892190532,6.98413286132027,0.7972096,3.7611778,19.0904726044554,5.71565934065934,0.964363495707632,85.6900521400295,85.690047977,47.949,500
13011,"ABC-SMC",1.66440373107889,7.85253742958441,0.7972096,3.7611778,20.6316796410122,6.5,0.953364410171235,108.778686443175,108.778681762516,31.784,500
13011,"NelderMead",10.0005,47.1816417484567,0.7972096,3.7611778,27.485004170364,12.5467032967033,0.805945380615699,1154.4379796731,1154.43795154956,12.805,500
13011,"DE",0.812580136832315,3.83369480605312,0.7972096,3.7611778,9.01853537554775,1.32142857142857,0.996800799041911,1.92804211493633,1.92803982978732,29.908,500
13027,"BiLSTM",0.591397285461426,2.79718232154846,0.5456419,2.5364723,9.44558205290136,2.53021978021978,0.989315889506807,8.38560701834404,10.2784493861203,NA,500
13027,"ABC",0.544519923374282,2.53125673146376,0.5456419,2.5364723,7.0959154723386,1.44642857142857,0.995440177199311,0.205625085925118,0.205622925045836,34.643,500
13027,"ABC-SMC",1.8196763715624,8.45895231171705,0.5456419,2.5364723,28.4341277768,17.5659340659341,0.639683539332642,233.492785572808,233.492792794033,24.791,500
13027,"NelderMead",10.0005,46.4883502997256,0.5456419,2.5364723,31.0373669339464,22.842032967033,0.393259401481539,1732.79546530426,1732.79550499036,11.504,500
13027,"DE",0.535732304694143,2.49040658442084,0.5456419,2.5364723,6.96159283388961,1.3021978021978,0.996076740324627,1.81613532719121,1.81613320118481,30.12,500
13037,"BiLSTM",0.533566176891327,3.49079537391663,0.5559998,3.57118,14.5986661394377,1.50137362637363,0.992095536871721,4.03482575149724,2.25092619479763,NA,500
13037,"ABC",0.681816058136289,4.37929658987677,0.5559998,3.57118,18.2011282421072,2.66071428571429,0.984070832539356,22.6288315456747,22.6288394837776,41.177,500
13037,"ABC-SMC",1.36163784080766,8.74578397170019,0.5559998,3.57118,35.2696025135504,7.17445054945055,0.899539973686481,144.898980324752,144.898996177739,33.19,500
13037,"NelderMead",10.0005,64.2330948713273,0.5559998,3.57118,45.8805816258568,11.9684065934066,0.693489263429118,1698.65172613371,1698.65184256541,12.284,500
13037,"DE",0.546265986399215,3.508660059933,0.5559998,3.57118,14.3861557603512,1.51923076923077,0.992073458368104,1.75068652916505,1.7506801692157,31.679,500
13055,"BiLSTM",0.395847737789154,2.69542002677917,0.38981113,2.633091,11.7834394023962,1.85714285714286,0.996448939734447,1.54859810933414,2.3671429046385,NA,500
13055,"ABC",0.409686261937082,2.76734340132352,0.38981113,2.633091,13.3754595435475,2.16620879120879,0.995666190273413,5.09865686417974,5.09866166127632,55.308,500
13055,"ABC-SMC",1.32443377245856,8.94626791577915,0.38981113,2.633091,43.3748240228419,27.706043956044,0.620976408662179,239.762944290113,239.762959798167,41.177,500
13055,"NelderMead",10.0005,67.5512465418868,0.38981113,2.633091,46.823164964799,37.0989010989011,0.33172424378774,2465.47318184578,2465.47329894359,14.635,500
13055,"DE",0.395510164237424,2.67158688207834,0.38981113,2.633091,11.9150184721573,1.85989010989011,0.996429514481868,1.46199884991081,1.46200348101667,51.767,500
13059,"BiLSTM",0.462354391813278,4.49932861328125,0.4397675,4.7053385,7.49429949695267,1.59203296703297,0.996842024314167,5.13609846413803,4.37821607773277,NA,500
13059,"ABC",0.587660656885837,6.28773650818238,0.4397675,4.7053385,16.0455530544015,4.00824175824176,0.986598708166874,33.6298514296388,33.6298442329363,53.613,500
13059,"ABC-SMC",1.50375752021192,16.0896104724722,0.4397675,4.7053385,29.2976026421531,13.0480769230769,0.862803493036984,241.943758966253,241.943740550701,39.977,500
13059,"NelderMead",10.0005,107.001393088484,0.4397675,4.7053385,33.4558778588408,18.7815934065934,0.691665912013241,2174.0425338389,2174.04241136921,18.584,500
13059,"DE",0.445007181112544,4.76140076130407,0.4397675,4.7053385,7.09983623673112,1.53434065934066,0.996944884999481,1.19146619805794,1.1914607483409,41.371,500
13152,"BiLSTM",0.211074262857437,2.56283473968506,0.24977218,2.9345489,22.594252050218,3.9217032967033,0.985123886004631,15.493285578307,12.6668245437976,NA,500
13152,"ABC",0.259507487183321,3.04892791488862,0.24977218,2.9345489,10.836918183434,1.58928571428571,0.996021413468118,3.89767474637118,3.89766941312912,41.044,500
13152,"ABC-SMC",1.33851180477365,15.7260433996627,0.24977218,2.9345489,46.535334803223,23.1744505494506,0.579214784338581,435.893070546787,435.893043038496,39.906,500
13152,"NelderMead",10.0005,117.494889815277,0.24977218,2.9345489,48.800410110351,28.1401098901099,0.396453961064773,3903.84862717697,3903.8484216527,15.361,500
13152,"DE",0.253835137647917,2.98228403871682,0.24977218,2.9345489,11.211140696439,1.56456043956044,0.996086840510922,1.62666540681865,1.62666019015131,44.654,500
13166,"BiLSTM",0.731882035732269,4.14831209182739,0.68447816,3.9993422,6.95749608602708,1.82967032967033,0.9956824558705,6.92554978412596,3.72485984888696,NA,500
13166,"ABC",0.749844928042952,4.38127402153632,0.68447816,3.9993422,7.86620725237347,2.11126373626374,0.994476547694318,9.54986906272535,9.54986601387402,35.965,500
13166,"ABC-SMC",1.46622502123703,8.5670161323067,0.68447816,3.9993422,18.8228207498461,9.30082417582418,0.899581595979203,114.210636207447,114.210630245812,27.266,500
13166,"NelderMead",10.0005,58.4319893537564,0.68447816,3.9993422,22.9385027854025,17.4203296703297,0.639310929753478,1361.04004253401,1361.04000187222,11.291,500
13166,"DE",0.652723964469157,3.81380528401614,0.68447816,3.9993422,7.02948086778283,0.848901098901099,0.998724872351066,4.63918315974362,4.63918581370347,25.835,500
13185,"BiLSTM",0.458795756101608,3.34763264656067,0.46670246,3.3498409,15.9655904803209,1.98901098901099,0.993861267722456,1.69416375015287,0.0659211438767388,NA,500
13185,"ABC",0.421942298324012,3.02856665056243,0.46670246,3.3498409,16.347909906434,2.06181318681319,0.993722645949985,9.5907276074756,9.59073159079185,52.731,500
13185,"ABC-SMC",1.62428281730777,11.6585817329041,0.46670246,3.3498409,50.0846096884602,17.0535714285714,0.71830801939434,248.033909507949,248.033894174022,41.128,500
13185,"NelderMead",10.0005,71.7803853968959,0.46670246,3.3498409,55.9002467893211,22.5728021978022,0.492591946591757,2042.79993295943,2042.79983855042,17.628,500
13185,"DE",0.441683218247808,3.1702606498844,0.46670246,3.3498409,15.3941003932707,1.86675824175824,0.994517841073293,5.36085491218375,5.36085908186275,46.038,500
13303,"BiLSTM",0.311433434486389,1.61016225814819,0.26746774,1.41728,43.7997472041226,3.66208791208791,0.955487271273621,16.4377560024208,13.6093261845361,NA,500
13303,"ABC",0.221874458596466,1.17568660183731,0.26746774,1.41728,56.0378222295999,4.43406593406593,0.929957541223363,17.0462730957886,17.0462716021312,67.638,500
13303,"ABC-SMC",1.43491020416137,7.60342002654936,0.26746774,1.41728,132.871728863789,20.9478021978022,0.574395865777125,436.479728045472,436.479737705278,54.468,500
13303,"NelderMead",10.0005,52.9914706543934,0.26746774,1.41728,139.760610751832,23.7445054945055,0.398692935162936,3638.95558395192,3638.95565127522,22.317,500
13303,"DE",0.26287577204323,1.39294772861155,0.26746774,1.41728,43.227219223519,2.63324175824176,0.955397419727974,1.71683058180039,1.71682881212248,105.957,500
13388,"BiLSTM",0.542878031730652,2.73152947425842,0.5439574,2.5533826,10.2093780147953,1.75412087912088,0.994744358572506,0.198428823534376,6.97689700941891,NA,500
13388,"ABC",0.682114891680484,3.20190592882998,0.5439574,2.5533826,16.043850046154,3.2293956043956,0.989232323645723,25.3985866688245,25.3985959186054,48.445,500
13388,"ABC-SMC",1.23167303782067,5.78157910093733,0.5439574,2.5533826,33.2492563571385,9.47802197802198,0.925670389812992,126.428216220731,126.428232922764,41.963,500
13388,"NelderMead",10.0005,46.9432065357449,0.5439574,2.5533826,42.0590572626998,17.0178571428571,0.720801892700775,1738.47117439711,1738.47131000833,16.262,500
13388,"DE",0.540610568530895,2.53767247377154,0.5439574,2.5533826,9.73854044914315,1.78159340659341,0.994622413069706,0.615274554423681,0.615267223504278,38.641,500
13453,"BiLSTM",0.103604838252068,1.27810502052307,0.11777528,1.4807639,44.04280830796,3.30082417582418,0.959003992446468,12.0317623086376,13.6861034684144,NA,500
13453,"ABC",0.0952747145251296,1.19786914471107,0.11777528,1.4807639,48.6463679013184,4.31181318681319,0.943903702714375,19.1046588680328,19.1046496533939,50.588,500
13453,"ABC-SMC",1.40208545063597,17.628128385755,0.11777528,1.4807639,135.668627900431,23.0521978021978,0.473074478803368,1090.4751579754,1090.47529358022,48.055,500
13453,"NelderMead",10.0005,125.734203890198,0.11777528,1.4807639,138.301068354062,24.6648351648352,0.368473667226736,8391.17064293967,8391.17161015323,17.145,500
13453,"DE",0.118698094955289,1.49236642892719,0.11777528,1.4807639,41.1752149440195,2.33241758241758,0.969183838250221,0.783538748784439,0.783550228851123,88.745,500
13454,"BiLSTM",0.251328736543655,3.76581501960754,0.23430614,3.0047905,15.0880461689394,1.91483516483516,0.991106515146626,7.2651090337007,25.3270409237364,NA,500
13454,"ABC",0.217838585582817,2.79360715301981,0.23430614,3.0047905,16.5529200504796,2.68131868131868,0.985945941506772,7.02822146153868,7.02822200017559,33.501,500
13454,"ABC-SMC",1.20163463726871,15.4100115413852,0.23430614,3.0047905,57.1106893313477,24.1318681318681,0.263565929081119,412.848121380307,412.848118409094,29.534,500
13454,"NelderMead",10.0005,128.248483890167,0.23430614,3.0047905,59.3140271899261,27.4739010989011,0.10317039709941,4168.1339891477,4168.13396442004,12.459,500
13454,"DE",0.22970147276483,2.94573927597899,0.23430614,3.0047905,14.034238050668,1.73489010989011,0.99313624171974,1.96523541174374,1.96523597971333,36.954,500
13484,"BiLSTM",0.520503461360931,3.9432852268219,0.5618357,4.024316,16.4751799513818,1.43818681318681,0.993279177055716,7.356641566043,2.01352908613788,NA,500
13484,"ABC",1.01236053937272,7.25133494424239,0.5618357,4.024316,26.1729390819952,3.79120879120879,0.968763807268607,80.188005029356,80.1880106890809,48.708,500
13484,"ABC-SMC",1.38606432283985,9.92809998837371,0.5618357,4.024316,31.2066858388364,5.06181318681319,0.943297480011296,146.702785679132,146.702793428093,34.058,500
13484,"NelderMead",10.0005,71.6315702653022,0.5618357,4.024316,41.200532223867,8.26785714285714,0.827597921157369,1679.96877022945,1679.96882613846,14.694,500
13484,"DE",0.515829396958783,3.69478223020464,0.5618357,4.024316,16.3174044036432,1.43543956043956,0.993286108602305,8.18856883626609,8.18856595245902,33.868,500
13495,"BiLSTM",0.318295538425446,1.57595956325531,0.3229504,1.6950629,19.8589362074977,1.64835164835165,0.99474932216445,1.44135494941467,7.0264847838207,NA,500
13495,"ABC",0.288995594010901,1.51684510518904,0.3229504,1.6950629,16.0640684032265,2.28708791208791,0.994899025525018,10.513938359915,10.5139340145404,45.192,500
13495,"ABC-SMC",1.26165824953574,6.62203915869206,0.3229504,1.6950629,61.0896489025935,22.8777472527473,0.69200291744005,290.666260062144,290.666279032598,39.669,500
13495,"NelderMead",10.0005,52.4894143329771,0.3229504,1.6950629,65.0051369627879,28.9354395604396,0.465241199625392,2996.60554685797,2996.60569722676,15.155,500
13495,"DE",0.311204374474027,1.63341186480698,0.3229504,1.6950629,17.5971177293622,1.65934065934066,0.995144472791765,3.63709892478014,3.63709424547156,57.56,500
13562,"BiLSTM",0.466480940580368,2.7976815700531,0.34190685,1.9079162,19.7441221254099,1.92032967032967,0.989175604025381,36.4350964540102,46.6354533838069,NA,500
13562,"ABC",1.05712244414684,5.89897824537408,0.34190685,1.9079162,36.755204872378,4.86538461538461,0.963636668205601,209.184341918519,209.18434705749,36.122,500
13562,"ABC-SMC",1.37432150324854,7.66901951112757,0.34190685,1.9079162,39.3574833082932,5.57005494505495,0.952688068319955,301.957873394038,301.957880075004,27.309,500
13562,"NelderMead",10.0005,55.8050131935986,0.34190685,1.9079162,44.6254862588491,7.45467032967033,0.896598898152787,2824.91946271331,2824.91951132857,11.666,500
13562,"DE",0.350221660086567,1.95431472044547,0.34190685,1.9079162,15.948145026455,1.37912087912088,0.992249215621716,2.43189339042697,2.43189509295356,29.491,500
13583,"BiLSTM",0.520970940589905,3.09730887413025,0.51025885,2.8817847,11.0141258023938,1.65247252747253,0.995558867096586,2.09934439939743,7.47884372244218,NA,500
13583,"ABC",0.654111829412622,3.69422173069335,0.51025885,2.8817847,18.5613873587166,3.24038461538462,0.990032055085275,28.1921576495189,28.192148799088,49.74,500
13583,"ABC-SMC",1.45898832972602,8.23991579137439,0.51025885,2.8817847,34.8096803419359,11.0686813186813,0.896039996239465,185.931019075126,185.93099933435,37.276,500
13583,"NelderMead",10.0005,56.4797374953054,0.51025885,2.8817847,40.9176896643866,17.0769230769231,0.716707003203954,1859.8876139042,1859.88747859288,16.461,500
13583,"DE",0.527366978288959,2.97840592944881,0.51025885,2.8817847,11.2422343230934,1.66071428571429,0.995549419370541,3.35283323139991,3.35282609588455,39.091,500
13670,"BiLSTM",0.364941447973251,4.22080945968628,0.35369715,4.543492,14.4708804000502,1.77747252747253,0.996449953281511,3.17907508535235,7.1020822819479,NA,500
13670,"ABC",0.426384000676408,5.47720599956926,0.35369715,4.543492,19.4525798855991,3.61263736263736,0.988896092603284,20.5505898694429,20.5505809093371,68.587,500
13670,"ABC-SMC",1.31772252463979,16.9270838171109,0.35369715,4.543492,45.2883180817153,16.2843406593407,0.787144261587476,272.556726747669,272.556699056824,53.242,500
13670,"NelderMead",10.0005,128.463541108012,0.35369715,4.543492,52.9398663716486,22.6332417582418,0.583629264992941,2727.41888081371,2727.41867066151,23.134,500
13670,"DE",0.362192086242499,4.65261516524273,0.35369715,4.543492,15.4788246553083,1.75137362637363,0.996612344576733,2.40175422462386,2.40174661345791,60.318,500
13685,"BiLSTM",0.21041651070118,1.88431143760681,0.20023933,1.800937,28.9226637762688,1.96840659340659,0.988238720588563,5.08250836695244,4.62950328672305,NA,500
13685,"ABC",0.180157840659695,1.62032569566144,0.20023933,1.800937,27.7092326139333,2.07692307692308,0.986772976613156,10.0287437739155,10.0287408353853,42.099,500
13685,"ABC-SMC",1.69888365390345,15.2796282875009,0.20023933,1.800937,72.396865144804,11.6126373626374,0.841899973127244,748.426557311919,748.426585022181,36.964,500
13685,"NelderMead",10.0005,89.9437241261707,0.20023933,1.800937,76.2402295868057,13.3571428571429,0.784700763515472,4894.27360249358,4894.27376561039,17.499,500
13685,"DE",0.201818846844189,1.815143111246,0.20023933,1.800937,27.5858055663231,1.86813186813187,0.988578203018647,0.788814487238166,0.788817779078195,54.609,500
13740,"BiLSTM",0.830407202243805,3.37198042869568,0.78439087,3.2236953,6.99157402908771,1.26098901098901,0.99657135641975,5.86650533602016,4.59984939320036,NA,500
13740,"ABC",0.810478015773605,3.33090833795867,0.78439087,3.2236953,6.19474928995577,1.07142857142857,0.997308106974139,3.3257839645182,3.32578075721569,30.247,500
13740,"ABC-SMC",1.22007440102582,5.01427048755637,0.78439087,3.2236953,15.8072591434172,6.19368131868132,0.940233250461512,55.5441869212248,55.5441820930276,23.351,500
13740,"NelderMead",10.0005,41.1001263272519,0.78439087,3.2236953,23.0927175075076,16.8832417582418,0.518478046631525,1174.93834802029,1174.93830844534,9.47,500
13740,"DE",0.767728903240055,3.15521772993839,0.78439087,3.2236953,5.21149641781855,0.837912087912088,0.997966694061187,2.12419182797791,2.12419486610947,20.69,500
13784,"BiLSTM",0.434198439121246,1.8851900100708,0.4344255,1.8890514,23.9882440734012,2.16071428571429,0.986392116627447,0.0522669315575817,0.204408939280279,NA,500
13784,"ABC",0.403092455138145,1.75280307042467,0.4344255,1.8890514,27.4266701178229,2.50686813186813,0.98549606356466,7.21252432508101,7.21252632804633,59.355,500
13784,"ABC-SMC",1.23797077061139,5.38317931820378,0.4344255,1.8890514,78.2974930761593,15.646978021978,0.772838768734484,184.967335161355,184.967329009882,46.619,500
13784,"NelderMead",10.0005,43.4860709555443,0.4344255,1.8890514,89.8400003192212,21.7142857142857,0.503770352078471,2202.00575242475,2202.0057027323,19.464,500
13784,"DE",0.421714067079667,1.83377709554298,0.4344255,1.8890514,25.4669105769319,2.20192307692308,0.986335516583242,2.92603286877337,2.92603496426943,68.242,500
13788,"BiLSTM",0.215061008930206,1.65998411178589,0.17084034,1.4040095,32.5466567762526,3.20741758241758,0.990142500975964,25.884207986361,18.2316865937081,NA,500
13788,"ABC",0.185805418098089,1.52699621071151,0.17084034,1.4040095,33.0494094435382,2.01373626373626,0.992828071707006,8.75968644061979,8.75967795883965,51.555,500
13788,"ABC-SMC",1.81140885917001,14.8866189819162,0.17084034,1.4040095,81.0896695378412,18.2445054945055,0.800453665074871,960.293405626571,960.29332293807,43.316,500
13788,"NelderMead",10.0005,82.1866539820648,0.17084034,1.4040095,83.212183160106,20.103021978022,0.752372804481278,5753.71113169173,5753.71067518167,20.569,500
13788,"DE",0.193154100370036,1.58738955175533,0.17084034,1.4040095,31.8162231910317,2.25,0.992355455822608,13.061177687914,13.0611688706759,55.043,500
13789,"BiLSTM",0.399282068014145,3.13518691062927,0.32808924,2.5190022,41.4948712832651,3.75961538461538,0.973725220832347,21.6992267147027,24.4614598045715,NA,500
13789,"ABC",0.397411993739647,3.0512484768376,0.32808924,2.5190022,41.0758147387658,3.70192307692308,0.974326216643941,21.1292371976745,21.1292501784081,54.356,500
13789,"ABC-SMC",1.32971753954696,10.2093008793915,0.32808924,2.5190022,86.5415331732938,14.4862637362637,0.70001313662789,305.29141996457,305.291463397353,44.853,500
13789,"NelderMead",10.0005,76.781805464595,0.32808924,2.5190022,94.9570110260002,18.3255494505494,0.49579224682793,2948.10361961276,2948.10394626075,18.107,500
13789,"DE",0.331808817896952,2.54756063268847,0.32808924,2.5190022,27.3353824950821,1.95741758241758,0.987521301172855,1.13370919965325,1.1337200375795,55.971,500
13796,"BiLSTM",0.506475865840912,3.65678644180298,0.52773356,3.6467464,21.8332853456685,2.58241758241758,0.988510867614443,4.0281111095319,0.275315053522188,NA,500
13796,"ABC",0.471226299236255,3.25626958774041,0.52773356,3.6467464,25.357929911408,3.23901098901099,0.983538132739111,10.7075359701863,10.7075395278265,68.767,500
13796,"ABC-SMC",1.28562756368253,8.88394799603777,0.52773356,3.6467464,63.8641371808984,14.4903846153846,0.744182455323621,143.613001167205,143.612991461039,54.639,500
13796,"NelderMead",10.0005,69.1054893688593,0.52773356,3.6467464,80.8677288101997,22.3887362637363,0.404347396580885,1794.99034323305,1794.99026773179,23.347,500
13796,"DE",0.531570114352986,3.67325762574108,0.52773356,3.6467464,19.3486561494781,2.46153846153846,0.98894445433418,0.726986995670003,0.726982982449153,58.896,500
13942,"BiLSTM",0.888116300106049,4.48059177398682,0.81615806,4.1794367,9.36467283160244,2.78159340659341,0.995020319541389,8.81670397349854,7.20563787906672,NA,500
13942,"ABC",0.966547514529356,4.9495608192739,0.81615806,4.1794367,11.8962933921392,4.16758241758242,0.990003840785239,18.4265109786892,18.4265051621406,67.447,500
13942,"ABC-SMC",1.42938363431708,7.31968281515072,0.81615806,4.1794367,19.6115769219573,9.9793956043956,0.945857077059692,75.1356390840622,75.1356304822303,46.745,500
13942,"NelderMead",10.0005,51.211225758778,0.81615806,4.1794367,28.2183678067232,21.6277472527473,0.709756140271413,1125.31412604073,1125.31406585911,18.265,500
13942,"DE",0.771393047277445,3.95020083924573,0.81615806,4.1794367,7.89665605837808,1.39148351648352,0.998298073396132,5.48484600183389,5.48485064396999,42.866,500
13966,"BiLSTM",0.734228909015656,2.95359063148499,0.60133606,2.420622,14.32411319458,4.08928571428571,0.991783113220156,22.0995975221668,22.0178380385283,NA,500
13966,"ABC",0.728900880110375,2.93412252819043,0.60133606,2.420622,13.8343320852645,3.98076923076923,0.992173259988498,21.2135656907678,21.2135776750945,50.365,500
13966,"ABC-SMC",1.63883995228596,6.59699741804757,0.60133606,2.420622,29.609289290422,17.9793956043956,0.826774298406611,172.533124370748,172.533151315966,34.744,500
13966,"NelderMead",10.0005,40.2560802762717,0.60133606,2.420622,33.6830351832963,28.0618131868132,0.547630137989301,1563.04678285882,1563.04694728346,15.683,500
13966,"DE",0.611683786135738,2.46227604603511,0.60133606,2.420622,6.56897881932224,1.29532967032967,0.997964124054807,1.72078922653299,1.72079928361831,40.108,500
14012,"BiLSTM",0.298444777727127,1.66387128829956,0.20970856,1.1775503,19.9204470486241,5.02335164835165,0.981060081022683,42.3140656381061,41.2993812917852,NA,500
14012,"ABC",0.186849116367714,1.04919054366135,0.20970856,1.1775503,15.5030436742691,1.68543956043956,0.993471733619074,10.9005772736632,10.9005752313638,41.076,500
14012,"ABC-SMC",1.51453098750022,8.50435699701221,0.20970856,1.1775503,50.4271312034104,17.4587912087912,0.842892787923977,622.207518615462,622.207535169598,37.559,500
14012,"NelderMead",10.0005,56.154560620113,0.20970856,1.1775503,52.6486143097646,19.9848901098901,0.780081486466712,4668.76098906025,4668.76109836777,16.927,500
14012,"DE",0.191352920819943,1.07448019519216,0.20970856,1.1775503,15.4733834791345,1.57417582417582,0.994057574243691,8.75292795871426,8.75292586718738,65.25,500
14097,"BiLSTM",0.645640552043915,3.42083287239075,0.64779955,3.2312891,7.51638458173119,1.18818681318681,0.99684895053776,0.333281793123383,5.86588715911389,NA,500
14097,"ABC",0.849279393651289,4.23629108406087,0.64779955,3.2312891,13.6105857301124,3.36675824175824,0.984040562292286,31.102189504653,31.102199554378,35.119,500
14097,"ABC-SMC",1.29626260952626,6.46588834768346,0.64779955,3.2312891,19.5180259262772,6.61950549450549,0.941804373959406,100.102425129233,100.102440468216,25.997,500
14097,"NelderMead",10.0005,49.8835004155836,0.64779955,3.2312891,24.8339782898349,13,0.759706662799073,1443.76457964505,1443.76469798334,11.212,500
14097,"DE",0.582879351951803,2.90746086648896,0.64779955,3.2312891,7.40111367963609,0.976648351648352,0.998026410535164,10.0216491425777,10.0216422452277,24.58,500
14102,"BiLSTM",0.637061476707458,3.42559885978699,0.6815556,3.5408068,14.4236277549823,1.99862637362637,0.995374984864468,6.5283189357613,3.25372003389207,NA,500
14102,"ABC",0.937920791562174,4.87267042947995,0.6815556,3.5408068,21.6836663635669,4.35164835164835,0.986200757158486,37.6147142745469,37.6146936195432,67.387,500
14102,"ABC-SMC",1.60218383857998,8.32363871562795,0.6815556,3.5408068,31.6550966258672,9.27197802197802,0.937765706504253,135.077496037003,135.07746075352,44.234,500
14102,"NelderMead",10.0005,51.9544305536211,0.6815556,3.5408068,41.6423080260507,15.4711538461538,0.786845009466826,1367.3050885357,1367.30486830349,20.773,500
14102,"DE",0.667295781388135,3.46672389709056,0.6815556,3.5408068,13.5856456883959,1.90934065934066,0.99571057010332,2.09224582878711,2.0922605240545,48.327,500
14251,"BiLSTM",0.583989977836609,3.9159152507782,0.6600359,4.43922,18.9377055586082,2.53434065934066,0.99246904513568,11.5214827198628,11.7882139029334,NA,500
14251,"ABC",0.947914950537898,6.37541552733148,0.6600359,4.43922,22.707599999915,3.99175824175824,0.985080748664668,43.61566553242,43.615669584555,76.886,500
14251,"ABC-SMC",1.68028523303441,11.3011368361207,0.6600359,4.43922,31.3353143378784,8.15384615384615,0.935788515349708,154.574824344314,154.574831527176,53.729,500
14251,"NelderMead",10.0005,67.2606154643928,0.6600359,4.43922,40.8692431834165,13.3571428571429,0.802648232293297,1415.14485802969,1415.14490077971,15.302,500
14251,"DE",0.674683130975747,4.5377333766184,0.6600359,4.43922,17.3171668390226,1.93131868131868,0.995014830747635,2.21915671189209,2.21915959601916,52.652,500
14255,"BiLSTM",0.764807641506195,3.58072590827942,0.82349014,3.5535927,15.877403388365,1.76236263736264,0.991919411824389,7.1260717819651,0.76354299915742,NA,500
14255,"ABC",0.795833613276696,3.43424684674411,0.82349014,3.5535927,15.987662068418,1.7239010989011,0.99230104531121,3.35845268569991,3.35845616904529,48.766,500
14255,"ABC-SMC",1.60059124009073,6.90700333273896,0.82349014,3.5535927,39.4034694480511,7.32692307692308,0.895388289238875,94.3667765215417,94.3667695157907,31.492,500
14255,"NelderMead",10.0005,43.1549824208338,0.82349014,3.5535927,53.5586746267891,13.6483516483516,0.631441793997189,1114.40434004468,1114.40429627272,14.341,500
14255,"DE",0.78254441002176,3.37690018079204,0.82349014,3.5535927,15.9916982443095,1.74175824175824,0.992221883179247,4.97221860825675,4.97222203343558,33.742,500
14283,"BiLSTM",0.242951855063438,1.79862022399902,0.15914313,1.241893,41.3302764446855,4.5782967032967,0.95923361913698,52.6624838052629,44.8289203658466,NA,500
14283,"ABC",0.132658627100844,1.03521796379153,0.15914313,1.241893,33.9478282632721,2.23076923076923,0.980514677437563,16.6419391771142,16.6419358357337,38.511,500
14283,"ABC-SMC",1.35117065483511,10.5440269102888,0.15914313,1.241893,87.037864054962,13.1428571428571,0.798390363302341,749.028578761212,749.028612794245,33.44,500
14283,"NelderMead",10.0005,78.0401355957598,0.15914313,1.241893,91.0247928930959,14.7582417582418,0.751982334955094,6183.96588655759,6183.96613844831,15.899,500
14283,"DE",0.153748514379944,1.19979550121069,0.15914313,1.241893,28.7714995880447,1.5989010989011,0.985087537379229,3.38978856332403,3.38978469073533,67.067,500
14310,"BiLSTM",0.232137933373451,1.50111842155457,0.16989373,1.104193,45.8548536733612,3.87362637362637,0.9698365807469,36.6371398011282,35.9471054022771,NA,500
14310,"ABC",0.194637246413362,1.26500884565505,0.16989373,1.104193,37.97741321663,2.18131868131868,0.981917604476859,14.5641139395562,14.5641066059151,41.129,500
14310,"ABC-SMC",1.83692264736881,11.9387395810698,0.16989373,1.104193,90.9767050642562,13.8021978021978,0.851141278375852,981.218622587666,981.21855337516,36.995,500
14310,"NelderMead",10.0005,64.9964032788786,0.16989373,1.104193,94.0443829695664,14.8777472527473,0.818769408489565,5786.32670552351,5786.32632871958,16.608,500
14310,"DE",0.181625157586204,1.18043917684744,0.16989373,1.104193,36.9515582576098,1.7239010989011,0.985286673137254,6.90515629164432,6.90514944827927,72.803,500
14326,"BiLSTM",0.313780218362808,1.57451379299164,0.19056652,1.0114526,28.8160404800791,7.65796703296703,0.957376869797785,64.6565295744542,55.6685694407863,NA,500
14326,"ABC",0.176673617216538,0.937714352890233,0.19056652,1.0114526,21.1996154913163,2.14285714285714,0.983979566521276,7.29031667444084,7.29033146088769,55.688,500
14326,"ABC-SMC",1.50969039026273,8.01284520956366,0.19056652,1.0114526,68.9538962536472,20.5728021978022,0.799192470984033,692.211764302949,692.211637951562,47.697,500
14326,"NelderMead",10.0005,53.0787365641877,0.19056652,1.0114526,72.1164882977653,22.6002747252747,0.753498554922447,5147.77384820796,5147.77301123036,14.941,500
14326,"DE",0.189257791478096,1.00450622034757,0.19056652,1.0114526,20.0014470254225,1.75824175824176,0.987327174588748,0.686756793325371,0.686772632986772,99.312,500
14624,"BiLSTM",0.198185130953789,1.68849205970764,0.22204852,1.8829875,39.6563717028828,3.86813186813187,0.982532596094009,10.7469255125912,10.329088233053,NA,500
14624,"ABC",0.204545824792871,1.73456342545466,0.22204852,1.8829875,35.6479141439188,3.37362637362637,0.983912835831873,7.8823741798095,7.88237173881092,72.426,500
14624,"ABC-SMC",1.51962252938031,12.8865092339536,0.22204852,1.8829875,112.192297685123,25.25,0.572261325790506,584.365079028815,584.365097163609,62.606,500
14624,"NelderMead",10.0005,84.8049651163737,0.22204852,1.8829875,117.239632699264,28.6552197802198,0.439304636876583,4403.74539762751,4403.74551697097,27.686,500
14624,"DE",0.218715154024472,1.85472036472853,0.22204852,1.8829875,31.9196175650057,2.68269230769231,0.98574871246307,1.50118810768394,1.50118549759212,94.381,500
14633,"BiLSTM",0.779713332653046,4.55052947998047,0.72869533,4.0489335,10.0075525442828,2.375,0.996185735600898,7.00128030915824,12.3883481904672,NA,500
14633,"ABC",0.796466974048871,4.42550075408254,0.72869533,4.0489335,10.0477987489122,2.83516483516484,0.995028115326539,9.30040872484683,9.30040599783971,60.87,500
14633,"ABC-SMC",1.61697898975503,8.9846057296249,0.72869533,4.0489335,26.3158854576658,15.8818681318681,0.851315661229922,121.900556128859,121.900550592518,41.73,500
14633,"NelderMead",10.0005,55.5669245972864,0.72869533,4.0489335,32.1506853030421,27.7005494505494,0.54497248144229,1272.38425831547,1272.38422407497,18.677,500
14633,"DE",0.710769738427133,3.94933137955237,0.72869533,4.0489335,6.68317910906618,1.26236263736264,0.998693215377196,2.45995697171093,2.45995940530103,44.224,500
14725,"BiLSTM",0.366112053394318,2.01911163330078,0.17468251,1.0277864,59.8034357190838,9.65521978021978,0.925920926510936,109.58712660719,96.452456784871,NA,500
14725,"ABC",0.126341555682773,0.743360836185172,0.17468251,1.0277864,58.8883042197387,3.23763736263736,0.974595409954846,27.6736087185985,27.6736064823224,63.288,500
14725,"ABC-SMC",1.45954818295408,8.58760169502352,0.17468251,1.0277864,96.3083529317649,16.7664835164835,0.854340953857884,735.543399825248,735.543425659604,57.896,500
14725,"NelderMead",10.0005,58.8403396023992,0.17468251,1.0277864,100.536372081833,18.1208791208791,0.83390219190041,5624.95781060165,5624.95798761291,22.631,500
14725,"DE",0.156888463315434,0.923090891573288,0.17468251,1.0277864,41.1190566808886,1.86675824175824,0.985586233932263,10.1865073295353,10.1865045525716,107.987,500
14732,"BiLSTM",0.217723280191422,2.0288417339325,0.14576957,1.4267578,39.6715881286609,3.78983516483516,0.980551486979716,49.3612694277835,42.1994492640934,NA,500
14732,"ABC",0.159113700825196,1.55736706090334,0.14576957,1.4267578,34.396710212958,2.10989010989011,0.985322385833881,9.15426369522553,9.15426997513771,47.464,500
14732,"ABC-SMC",1.87779182000067,18.3793797299426,0.14576957,1.4267578,85.1396333875108,12.8791208791209,0.833676885687704,1188.19191824513,1188.19199235796,43.431,500
14732,"NelderMead",10.0005,97.8825155331786,0.14576957,1.4267578,88.1884917204512,14.1785714285714,0.798645107137097,6760.48535369899,6760.48574839952,20.035,500
14732,"DE",0.144328442956822,1.41265247333639,0.14576957,1.4267578,35.4754299910741,2.01785714285714,0.984478086698129,0.988633665570963,0.988627969204504,68.435,500
14785,"BiLSTM",0.251354068517685,2.61770725250244,0.2826728,2.842873,19.1732805403216,2.62637362637363,0.991597341358636,11.0794995069618,7.9203589994192,NA,500
14785,"ABC",0.289453475498717,2.91106699556167,0.2826728,2.842873,15.4875938284294,1.58104395604396,0.995934252537148,2.3987718304404,2.39877038339966,44.258,500
14785,"ABC-SMC",1.40850700007533,14.165517390566,0.2826728,2.842873,53.1865656148678,16.853021978022,0.745412209449978,398.281759007349,398.281751965917,38.014,500
14785,"NelderMead",10.0005,100.576182196311,0.2826728,2.842873,56.7001987285898,21.2884615384615,0.580439587576418,3437.83597148364,3437.83592148897,16.781,500
14785,"DE",0.280903137602297,2.82507526093736,0.2826728,2.842873,14.9060826819137,1.65247252747253,0.995650506599851,0.626046226486276,0.626047630782015,45.624,500
14845,"BiLSTM",0.558199107646942,4.51832818984985,0.50979507,4.676131,10.8872625973777,1.76236263736264,0.994860206309677,9.49480300916643,3.37464476829555,NA,500
14845,"ABC",0.61453660919214,5.63688031150545,0.50979507,4.676131,13.4247025200106,2.80631868131868,0.989247957297834,20.5458124952327,20.5458168623901,39.402,500
14845,"ABC-SMC",1.67544044301494,15.3680954154158,0.50979507,4.676131,27.0175429997568,11.3997252747253,0.838299692757436,228.64979314432,228.649805050709,29.39,500
14845,"NelderMead",10.0005,91.7302902902976,0.50979507,4.676131,30.246739756893,16.3983516483516,0.652987133761255,1861.67059834455,1861.67066941233,13.357,500
14845,"DE",0.490519113996759,4.49932110593093,0.50979507,4.676131,10.5244975579353,1.1456043956044,0.9975363167436,3.78111855872621,3.78111507288972,31.049,500
14876,"BiLSTM",0.151989653706551,1.35926270484924,0.14257197,1.2199792,26.9576595271355,1.84752747252747,0.976384447628949,6.605564688873,11.4168753737148,NA,500
14876,"ABC",0.100812751586472,0.862648195093953,0.14257197,1.2199792,44.000170100767,4.29395604395604,0.930346135949047,29.2899217241142,29.2899260008734,42.441,500
14876,"ABC-SMC",1.39710983151459,11.9549784678806,0.14257197,1.2199792,87.0395915287265,17.9436813186813,0.668889500074619,879.933034182378,879.932974913068,39.438,500
14876,"NelderMead",10.0005,85.5736317011179,0.14257197,1.2199792,89.9437692780944,19.5934065934066,0.58186293924643,6914.35211984516,6914.35169559595,11.76,500
14876,"DE",0.143996949093033,1.23217258014817,0.14257197,1.2199792,27.842506909564,1.75,0.977748904539822,0.999480538168035,0.999474429414293,79.179,500
14902,"BiLSTM",0.748199224472046,2.86726546287537,0.70876354,2.8406792,12.5675372273535,2.36813186813187,0.994446270592522,5.56401144337164,0.935912188724667,NA,500
14902,"ABC",0.856543344231693,3.43297134678768,0.70876354,2.8406792,19.0154489187104,4.68818681318681,0.985378101119095,20.8503677025617,20.8503708122931,64.042,500
14902,"ABC-SMC",1.30227982370044,5.21945485931417,0.70876354,2.8406792,32.6116014278752,12.1263736263736,0.910916785530674,83.7396748287078,83.7396795567119,42.767,500
14902,"NelderMead",10.0005,40.0813691271456,0.70876354,2.8406792,43.5331739829314,25.6373626373626,0.581928187646937,1310.97833559554,1310.97837190294,18.894,500
14902,"DE",0.673495475240966,2.69932710850412,0.70876354,2.8406792,10.9732553011466,2.03571428571429,0.995256448161753,4.97599873140113,4.97599628623589,45.955,500
14972,"BiLSTM",0.168389454483986,1.32646226882935,0.16795038,1.3145236,33.0154351543869,2.23901098901099,0.976047407646199,0.261431075050792,0.908212589667138,NA,500
14972,"ABC",0.144712996475337,1.13264789746236,0.16795038,1.3145236,43.5552001782602,4.22664835164835,0.953995366262707,13.8358624283332,13.8358643798892,55.895,500
14972,"ABC-SMC",1.37746992906102,10.7812598520444,0.16795038,1.3145236,103.462383158921,24.3173076923077,0.558733526511836,720.164818359457,720.164799783311,48.348,500
14972,"NelderMead",10.0005,78.2724812176961,0.16795038,1.3145236,106.916903537791,26.4876373626374,0.460309968329325,5854.43725700412,5854.43712214038,21.163,500
14972,"DE",0.179462992669781,1.40463114074466,0.16795038,1.3145236,30.431607920719,2.12912087912088,0.976505149313406,6.85477024212828,6.85476782194422,102.661,500
15019,"BiLSTM",0.684408664703369,3.46368217468262,0.72220904,3.4426587,15.3182034608121,1.75,0.996088053078172,5.23399365045761,0.61067554220862,NA,500
15019,"ABC",0.870406517403289,4.14909317873162,0.72220904,3.4426587,18.580769235573,3.69230769230769,0.987354410448863,20.5200252551933,20.520026534481,72.727,500
15019,"ABC-SMC",1.33578345423653,6.36747302257092,0.72220904,3.4426587,32.0660669363812,9.06730769230769,0.932225023795895,84.9580080355309,84.9580099988105,52.099,500
15019,"NelderMead",10.0005,47.6708359878703,0.72220904,3.4426587,48.6619482042052,18.907967032967,0.690796731430242,1284.70988953558,1284.70990423391,20.666,500
15019,"DE",0.711042544935253,3.38942978251151,0.72220904,3.4426587,14.5395175405032,1.81043956043956,0.996003766701513,1.54615830684514,1.54615726178405,50.782,500
15132,"BiLSTM",0.410683244466782,2.69104027748108,0.4713066,2.9664059,11.9135688018087,1.48214285714286,0.99504143232641,12.8628276228719,9.28280322389194,NA,500
15132,"ABC",0.598295920301806,3.7656769972578,0.4713066,2.9664059,22.0734161663719,3.00274725274725,0.98439464449535,26.9440997223051,26.9440907347778,37.942,500
15132,"ABC-SMC",1.46212414320962,9.20261540550423,0.4713066,2.9664059,40.3115473100495,8.77335164835165,0.879918617870953,210.227809924499,210.227787960651,30.165,500
15132,"NelderMead",10.0005,62.9431883675223,0.4713066,2.9664059,45.7547182425335,12.6277472527473,0.730653291711665,2021.86716672332,2021.86701649704,12.945,500
15132,"DE",0.469794674598416,2.95688962524943,0.4713066,2.9664059,14.1652290529601,1.41208791208791,0.994568078186918,0.320794447093218,0.320801504290718,30.501,500
15172,"BiLSTM",0.510197043418884,2.7412474155426,0.5419986,2.7517107,15.7483711015061,1.94093406593407,0.993571406912693,5.86746101947786,0.380246530182017,NA,500
15172,"ABC",0.551172639628841,2.79828704868891,0.5419986,2.7517107,18.0432467688589,2.11401098901099,0.992222664093252,1.69263160990465,1.6926324663748,55.122,500
15172,"ABC-SMC",1.1273104240253,5.72332139259716,0.5419986,2.7517107,47.0515747816619,11.5068681318681,0.867948605397558,107.991390388332,107.991392140066,41.965,500
15172,"NelderMead",10.0005,50.7722401628245,0.5419986,2.7517107,60.3250775233398,20.1785714285714,0.564516973768047,1745.11546708792,1745.11548262775,18.967,500
15172,"DE",0.516040834823501,2.61992392375214,0.5419986,2.7517107,17.0298655831546,1.91483516483516,0.993564227867866,4.78926793842248,4.78926713654385,48.363,500
15196,"BiLSTM",0.760229408740997,3.77349591255188,0.8588484,4.052028,13.4928666922336,2.01923076923077,0.993349459994777,11.4827007023594,6.87389345404622,NA,500
15196,"ABC",1.49533188761762,7.054943488846,0.8588484,4.052028,23.7675736489204,5.72527472527473,0.964080126390969,74.1089449101397,74.1089520814269,68.172,500
15196,"ABC-SMC",1.79060543395506,8.44803769115097,0.8588484,4.052028,26.8939644520095,7.06043956043956,0.946291935142538,108.489115652432,108.489124239787,42.842,500
15196,"NelderMead",10.0005,47.1821426028775,0.8588484,4.052028,38.2461403291163,12.7252747252747,0.803981726379803,1064.40806084054,1064.40810880077,19.267,500
15196,"DE",0.867807411355808,4.09429658861294,0.8588484,4.052028,11.2244684348807,1.875,0.994288462086415,1.04314234686911,1.04314650868507,43.897,500
15230,"BiLSTM",0.283262610435486,1.49865984916687,0.3355025,1.8537585,49.4345028432017,5.75686813186813,0.920191827468115,15.5706409235443,19.1556047259193,NA,500
15230,"ABC",0.312693899856694,1.72773359837568,0.3355025,1.8537585,37.0072692937108,3.46428571428571,0.964899331821604,6.79833984644093,6.79834517949989,56.631,500
15230,"ABC-SMC",2.03364393608803,11.2365318195287,0.3355025,1.8537585,129.071371878118,27.0480769230769,0.11819081794306,506.148668367011,506.148633682795,39.214,500
15230,"NelderMead",10.0005,55.2559543325741,0.3355025,1.8537585,132.22864271411,29.043956043956,0.00892762480575957,2880.75275146981,2880.75258090922,17.074,500
15230,"DE",0.315858918104889,1.74522133436728,0.3355025,1.8537585,35.9119484315653,3.2239010989011,0.968522759957011,5.85497332959101,5.85497871663001,72.181,500
15231,"BiLSTM",0.485002368688583,3.96405005455017,0.49790648,4.1188655,16.6311252870879,1.9010989010989,0.992678323262714,2.59167370374786,3.75869145156182,NA,500
15231,"ABC",0.562000331442726,4.64907343146539,0.49790648,4.1188655,17.4367456179544,2.39697802197802,0.990546557630441,12.8726686671614,12.8726692208181,57.087,500
15231,"ABC-SMC",1.48275589438148,12.2659020791346,0.49790648,4.1188655,42.3541456674051,10.4326923076923,0.868503330121117,197.798071312806,197.798072773548,45.011,500
15231,"NelderMead",10.0005,82.7278139356539,0.49790648,4.1188655,50.9216839710155,15.6950549450549,0.678659145128594,1908.50971049824,1908.50972035027,19.125,500
15231,"DE",0.512844456715369,4.24243795741019,0.49790648,4.1188655,18.0148295374216,1.94917582417582,0.992693698339019,3.00015712094547,3.00015762617608,46.093,500
15290,"BiLSTM",0.392880201339722,4.1929817199707,0.43688297,4.8029904,12.180079606423,1.48901098901099,0.996820580532542,10.0719807550013,12.7006016924226,NA,500
15290,"ABC",0.618017561148487,6.79434200369882,0.43688297,4.8029904,16.4984481934841,4.25,0.979074632362599,41.4606664911857,41.4606617514543,44.92,500
15290,"ABC-SMC",1.77620494062764,19.5271859473653,0.43688297,4.8029904,27.5091094210978,11.8241758241758,0.849408723219857,306.563098723587,306.563085101426,31.182,500
15290,"NelderMead",10.0005,109.943182005576,0.43688297,4.8029904,30.3491447071759,15.853021978022,0.725838380384671,2189.05695271207,2189.05687601573,14.775,500
15290,"DE",0.424737759807699,4.66946860968734,0.43688297,4.8029904,8.34167004632306,1.13736263736264,0.997307065199302,2.77996878484439,2.77997204226465,34.18,500
15298,"BiLSTM",0.298394292593002,2.2841808795929,0.2595621,1.9179038,30.7713871113273,5.39697802197802,0.968664053409112,14.9606558865883,19.0977816297614,NA,500
15298,"ABC",0.254877896156548,1.8832922282635,0.2595621,1.9179038,19.2792731945399,2.6717032967033,0.983571647956479,1.80465632056903,1.80465629905443,47.906,500
15298,"ABC-SMC",1.49489105345168,11.045746789031,0.2595621,1.9179038,78.7239618349926,35.4876373626374,0.116977071024405,475.928093297009,475.928093423195,38.264,500
15298,"NelderMead",10.0005,73.8936730597508,0.2595621,1.9179038,80.4726763027981,38.0178571428571,0.0178048467379811,3752.83521746819,3752.83521831235,17.496,500
15298,"DE",0.269773089098077,1.99335277697438,0.2595621,1.9179038,18.6440256967026,2.21153846153846,0.98962212950497,3.93392914376829,3.9339291665402,60.313,500
15363,"BiLSTM",0.237239614129066,1.27693581581116,0.24626696,1.4096968,26.1854823514071,2.6456043956044,0.97830002917897,3.66567479085848,9.41769777648945,NA,500
15363,"ABC",0.220372272287955,1.26146890370086,0.24626696,1.4096968,37.1127235096019,4.05631868131868,0.965558898075648,10.5148850304746,10.5148778304056,49.551,500
15363,"ABC-SMC",1.64164587230171,9.39721316705172,0.24626696,1.4096968,93.3682773239414,27.5384615384615,0.334819575471434,566.612310600539,566.612364236886,36.42,500
15363,"NelderMead",10.0005,57.245494818769,0.24626696,1.4096968,95.675212315846,29.5769230769231,0.239805140926781,3960.83706884594,3960.83739558528,15.761,500
15363,"DE",0.236822292615351,1.35563315083056,0.24626696,1.4096968,27.4965500722517,2.70741758241758,0.977715206437959,3.83513378516123,3.83512604763224,89.714,500
15412,"BiLSTM",0.520374894142151,3.11923003196716,0.52079606,2.940051,8.01871114176216,1.51510989010989,0.994915179291069,0.0808696321260814,6.09441917732594,NA,500
15412,"ABC",0.698424461753435,3.94281682917195,0.52079606,2.940051,14.3698048889552,3.46565934065934,0.982949256173625,34.1070940040204,34.1070896107569,40.017,500
15412,"ABC-SMC",1.8587111840787,10.492985481575,0.52079606,2.940051,30.8673562560128,10.8392857142857,0.846194834753965,256.898088683448,256.898076991692,29.416,500
15412,"NelderMead",10.0005,56.4558400505367,0.52079606,2.940051,35.183710208425,15.021978021978,0.695982889649043,1820.23342112074,1820.2333582151,12.956,500
15412,"DE",0.487858163981768,2.75410654198322,0.52079606,2.940051,9.20335597463251,1.66208791208791,0.994500741531108,6.32452864912838,6.32453171787755,31.882,500
15484,"BiLSTM",0.191661357879639,2.00946426391602,0.21492776,2.3229485,21.1948349748573,2.84478021978022,0.99254102063465,10.8252196553676,13.4951005622374,NA,500
15484,"ABC",0.202897115324605,2.19292070306107,0.21492776,2.3229485,19.9974090962297,2.14423076923077,0.994426697878062,5.59752945612758,5.5975324867911,60.272,500
15484,"ABC-SMC",1.56144863429052,16.8762036435265,0.21492776,2.3229485,72.9480724039874,29.3571428571429,0.558751398703039,626.499282498697,626.499259175421,50.339,500
15484,"NelderMead",10.0005,108.085831855604,0.21492776,2.3229485,75.5474077196627,33.6497252747253,0.436747463146909,4552.95874297485,4552.95859359791,23.627,500
15484,"DE",0.209694064615782,2.26638242179686,0.21492776,2.3229485,19.9164666251669,1.95879120879121,0.99520385645503,2.43509511485075,2.43509824703994,71.829,500
15537,"BiLSTM",0.747850656509399,4.39162302017212,0.6753687,4.1596766,9.72659228989792,2.50274725274725,0.992309126746608,10.7322054619054,5.57606858600784,NA,500
15537,"ABC",0.723495979414267,4.45609846741553,0.6753687,4.1596766,8.54972471344333,2.04532967032967,0.994427412438949,7.12607490016447,7.12607964319939,37.197,500
15537,"ABC-SMC",1.70612968436765,10.5082572509634,0.6753687,4.1596766,22.3751611844165,11.6332417582418,0.846531013891466,152.621965508269,152.621976693173,26.702,500
15537,"NelderMead",10.0005,61.5942783254536,0.6753687,4.1596766,25.4339325812304,18.5068681318681,0.601748000693796,1380.74673878135,1380.7468043418,11.268,500
15537,"DE",0.655856705955447,4.03950007381981,0.6753687,4.1596766,6.35834908067247,0.975274725274725,0.998349087395001,2.88908770047425,2.88908340086327,27.727,500
15684,"BiLSTM",0.485378056764603,2.72833585739136,0.493963,2.6386976,21.0281084922955,2.01648351648352,0.993015845920454,1.73797293226362,3.3970644226666,NA,500
15684,"ABC",0.626095985898623,3.34453823627988,0.493963,2.6386976,27.7596788639587,3.33653846153846,0.987095156268156,26.7495715060892,26.7495841994128,60.248,500
15684,"ABC-SMC",1.42310878140158,7.60209591018514,0.493963,2.6386976,51.7756885467792,10.3351648351648,0.904167794172459,188.100279049561,188.100307901335,45.359,500
15684,"NelderMead",10.0005,53.4216084837392,0.493963,2.6386976,61.9966603104555,15.4313186813187,0.752000119518973,1924.54434846335,1924.54455121114,19.353,500
15684,"DE",0.470006678727307,2.51072574128422,0.493963,2.6386976,20.590993987897,2.09752747252747,0.992870036509065,4.84982099321057,4.84981146440508,50.742,500
15729,"BiLSTM",0.287859052419662,1.47477316856384,0.22391379,1.133299,19.9657724005823,3.97802197802198,0.981407615041827,28.5579831504181,30.1309864884592,NA,500
15729,"ABC",0.216091797789423,1.0937093875482,0.22391379,1.133299,15.8766964730998,1.38461538461538,0.994515322625848,3.49330526296636,3.49330692533941,44.751,500
15729,"ABC-SMC",1.22689982211936,6.20973061800701,0.22391379,1.133299,50.2109436756008,16.4848901098901,0.853228237284944,447.934016086888,447.934006648467,40.356,500
15729,"NelderMead",10.0005,50.6157144420367,0.22391379,1.133299,54.3695544388105,19.7527472527473,0.75706876331578,4366.22782812975,4366.22775119688,15.618,500
15729,"DE",0.222429578856911,1.12578691534262,0.22391379,1.133299,16.670250222756,1.40659340659341,0.994200152753681,0.662849368540218,0.662851079669194,69.968,500
15755,"BiLSTM",0.550511837005615,4.05510091781616,0.6070796,4.34827,7.57847768912411,2.83516483516484,0.993983918712558,9.31801414417233,6.74220051155605,NA,500
15755,"ABC",0.661353972873859,4.73701554753052,0.6070796,4.34827,10.0023887741667,4.03159340659341,0.989246399058495,8.94023994116399,8.94023479522932,58.774,500
15755,"ABC-SMC",1.59341991941961,11.4130333250076,0.6070796,4.34827,30.6264000445076,25.510989010989,0.638325907184358,162.472980383398,162.472967985144,44.206,500
15755,"NelderMead",10.0005,71.6296052131139,0.6070796,4.34827,34.8071539525353,37.1662087912088,0.282709533690168,1547.31280708494,1547.31272927196,14.174,500
15755,"DE",0.604660265854205,4.33094106606602,0.6070796,4.34827,4.64216333575597,1.73489010989011,0.997362919189798,0.398520086294282,0.398524791100428,45.906,500
15815,"BiLSTM",0.358891874551773,2.27465629577637,0.4343907,2.7353346,32.196895116966,3.51510989010989,0.960746977979744,17.3803963685749,16.8417532620555,NA,500
15815,"ABC",0.416187920587898,2.62071290111955,0.4343907,2.7353346,19.7419757294943,1.625,0.987833384535324,4.1904164642802,4.19040869370985,39.787,500
15815,"ABC-SMC",1.64571695120269,10.3629909285105,0.4343907,2.7353346,75.5484205786788,16.2568681318681,0.370269827463222,278.856396143539,278.856426870426,32.374,500
15815,"NelderMead",10.0005,62.9726094179393,0.4343907,2.7353346,81.4341441318233,19.5769230769231,0.147982328346683,2202.19017119842,2202.19035791597,12.965,500
15815,"DE",0.422763702313751,2.66212024417637,0.4343907,2.7353346,19.1386090634129,1.61675824175824,0.987277942189138,2.67662214827541,2.6766142549298,39.472,500
15857,"BiLSTM",0.291355311870575,4.05176210403442,0.30877462,4.3051,17.3250012148913,2.02472527472527,0.996356943597209,5.64143132276385,5.88459956715469,NA,500
15857,"ABC",0.333243264120958,4.64625487585622,0.30877462,4.3051,18.4417837106867,2.60714285714286,0.994476388440329,7.92443502026102,7.92443557306968,69.042,500
15857,"ABC-SMC",1.51280701904473,21.0923602822315,0.30877462,4.3051,55.0835326187121,23.1442307692308,0.667768570565877,389.938913711473,389.938916221029,59.671,500
15857,"NelderMead",10.0005,139.432291327979,0.30877462,4.3051,59.6917786543545,29.0178571428571,0.478730404962396,3138.77007767024,3138.77009425982,26.431,500
15857,"DE",0.304132580749303,4.24037824122465,0.30877462,4.3051,17.5692346296226,1.78846153846154,0.996854685862127,1.50337461372201,1.50337410920432,66.312,500
15878,"BiLSTM",0.715624630451202,4.11807584762573,0.6275908,3.3805618,23.088503687075,3.17445054945055,0.988774080693871,14.0272659272893,21.8163160817155,NA,500
15878,"ABC",0.607279247961772,3.27115228249594,0.6275908,3.3805618,18.7598037758888,2.1510989010989,0.993175561635099,3.23643240758596,3.23643003668988,78.366,500
15878,"ABC-SMC",1.46898232590302,7.9127763783332,0.6275908,3.3805618,52.4020446709436,12.4381868131868,0.862476784721095,134.06689930812,134.066905043215,55.42,500
15878,"NelderMead",10.0005,53.8683949943896,0.6275908,3.3805618,67.1809099863722,20.3008241758242,0.609310248019886,1493.47460160347,1493.4746406467,22.107,500
15878,"DE",0.617452060528425,3.32594885122194,0.6275908,3.3805618,17.9042183193941,2.10714285714286,0.993210834756936,1.61550160894246,1.61549919833041,59.578,500
15904,"BiLSTM",0.966468274593353,4.54253244400024,0.9823073,4.5518126,11.1473987817622,1.76510989010989,0.995571292546559,1.61243079499121,0.203878252803196,NA,500
15904,"ABC",1.91123544153049,8.85627672817103,0.9823073,4.5518126,19.7158471715645,5.83653846153846,0.962442331625259,94.5659409769727,94.5659346382368,61.582,500
15904,"ABC-SMC",1.57783483690192,7.31136606370277,0.9823073,4.5518126,17.6781612413508,4.45604395604396,0.977379134754201,60.625380357239,60.6253751242477,39.157,500
15904,"NelderMead",10.0005,46.3402851870258,0.9823073,4.5518126,28.2458597649422,11.7376373626374,0.830757560569939,918.062270330272,918.062237162967,16.864,500
15904,"DE",1.00170957012018,4.64171862946277,0.9823073,4.5518126,11.3094674859022,1.67857142857143,0.995682890858048,1.97517315815368,1.97516983591911,36.114,500
15956,"BiLSTM",0.353578060865402,1.50672817230225,0.25220814,1.0868573,29.7971584457923,2.83379120879121,0.978891815961908,40.1929616012402,38.6316467030443,NA,500
15956,"ABC",0.245795065429074,1.05922101835361,0.25220814,1.0868573,26.7185497669397,1.14148351648352,0.990551241824156,2.54277065400283,2.54277002568711,29.3,500
15956,"ABC-SMC",1.47635312553047,6.36214668648486,0.25220814,1.0868573,56.6658939546111,9.29532967032967,0.88595090137227,485.370926382656,485.370930156596,25.577,500
15956,"NelderMead",10.0005,43.0958195826835,0.25220814,1.0868573,60.7914895340427,10.7925824175824,0.837146031127255,3865.17733329305,3865.17735885691,7.553,500
15956,"DE",0.23458356145133,1.01090653881005,0.25220814,1.0868573,27.6634663894035,1.19917582417582,0.989981177467791,6.98810853157619,6.98810793191997,42.467,500
15972,"BiLSTM",0.211478248238564,2.27913522720337,0.2554634,2.595273,27.6521402267751,2.94917582417582,0.983165559918785,17.2177900088375,12.1812916327735,NA,500
15972,"ABC",0.284352027418946,2.88875499985671,0.2554634,2.595273,24.584274968226,2.31593406593407,0.985318702238769,11.3083233915096,11.308328636591,46.665,500
15972,"ABC-SMC",1.73881085504604,17.6647186127455,0.2554634,2.595273,69.7834525718749,13.5521978021978,0.719166452756899,580.64969582572,580.649727899359,41.018,500
15972,"NelderMead",10.0005,101.595879720963,0.2554634,2.595273,73.9827093521184,15.9038461538462,0.615387828844892,3814.65078754921,3814.65097201576,16.344,500
15972,"DE",0.252764986397007,2.56785972257997,0.2554634,2.595273,21.4634859823425,2.16071428571429,0.987334437068512,1.05628187951516,1.05627721707991,49.237,500
15983,"BiLSTM",0.210529342293739,1.43564832210541,0.16824424,1.1754215,29.23611334192,4.11126373626374,0.971532019594748,25.1331649117612,22.1390217981726,NA,500
15983,"ABC",0.16697793460353,1.16657451329096,0.16824424,1.1754215,22.524288548478,1.43406593406593,0.990103238367967,0.752658989377845,0.752665040501825,38.398,500
15983,"ABC-SMC",1.57082684714423,10.9744234711172,0.16824424,1.1754215,75.6147301480878,22.7760989010989,0.654305383904579,833.658618651213,833.658561725919,33.23,500
15983,"NelderMead",10.0005,69.8674854726561,0.16824424,1.1754215,77.1441489017323,24.8406593406593,0.601496801734961,5844.03707372092,5844.03671131217,15.245,500
15983,"DE",0.16183491129583,1.13064329922804,0.16824424,1.1754215,22.1492914173875,1.5,0.990368431914117,3.80953826661163,3.80954413135726,73.011,500
16058,"BiLSTM",0.684604406356812,3.72419929504395,0.75675774,3.9012675,15.3967741310841,1.76785714285714,0.993361432458758,9.53453527190729,4.53873529451786,NA,500
16058,"ABC",0.856999117038912,4.41803590025906,0.75675774,3.9012675,20.6641839258939,2.81181318681319,0.987737876907982,13.2461647553036,13.2461667973053,51.882,500
16058,"ABC-SMC",1.31810691511278,6.79515714259897,0.75675774,3.9012675,31.5525399561644,7.35027472527473,0.92602388323932,74.178187475529,74.1781906162283,36.35,500
16058,"NelderMead",10.0005,51.5549749610006,0.75675774,3.9012675,45.0374574415472,15.7184065934066,0.637961937708059,1221.49292586026,1221.4929496888,15.311,500
16058,"DE",0.732170284547042,3.774513343034,0.75675774,3.9012675,15.0995745981752,1.64010989010989,0.994215904912507,3.24905239197917,3.24905064741151,35.503,500
16070,"BiLSTM",0.675448536872864,4.55851221084595,0.6610596,4.9827743,9.19238910653425,1.20879120879121,0.997068961260944,2.17664744190445,8.51457568836808,NA,500
16070,"ABC",0.886504468092162,6.68207746280545,0.6610596,4.9827743,14.1356141621366,3.29395604395604,0.985074874328711,34.1035616292634,34.1035547768129,35.605,500
16070,"ABC-SMC",1.59834947625789,12.0476493885865,0.6610596,4.9827743,20.0332881519501,7.46703296703297,0.919285959822108,141.78598665807,141.785974303242,24.747,500
16070,"NelderMead",10.0005,75.3793331810244,0.6610596,4.9827743,23.5921499640902,12.8186813186813,0.724749054282416,1412.79854342937,1412.79846612809,10.571,500
16070,"DE",0.642625494846777,4.84382593737072,0.6610596,4.9827743,7.3963277671053,1.13049450549451,0.997273969332081,2.78856931405621,2.78857428138527,23.961,500
16075,"BiLSTM",0.63842910528183,3.75578451156616,0.6751651,3.752362,12.370389580596,1.99038461538462,0.994897692940081,5.44103875010277,0.0912095252580085,NA,500
16075,"ABC",1.07957249677013,5.99993495701475,0.6751651,3.752362,22.6389798600862,5.85027472527473,0.973834634026088,59.8975564302914,59.8975513826956,75.858,500
16075,"ABC-SMC",1.46493041250235,8.14163682185615,0.6751651,3.752362,29.245461544299,8.61263736263736,0.943728352117127,116.973657628682,116.973650779326,49.609,500
16075,"NelderMead",10.0005,55.5797315299724,0.6751651,3.752362,40.10737508037,15.8502747252747,0.779375915411121,1381.19326665433,1381.19321989649,21.204,500
16075,"DE",0.651986456087864,3.62354204195206,0.6751651,3.752362,11.3489204788427,1.94505494505495,0.995211381744526,3.43303347760953,3.43303652600514,53.485,500
16108,"BiLSTM",0.680744469165802,3.64668297767639,0.6944887,3.5302386,10.6622620139547,1.7293956043956,0.996300305525391,1.97904311966458,3.29848463150314,NA,500
16108,"ABC",0.743127212505438,3.77747886895636,0.6944887,3.5302386,12.5141042182438,2.28708791208791,0.995477040542991,7.00349948176807,7.00350024376155,59.228,500
16108,"ABC-SMC",1.22994070363619,6.25205878599287,0.6944887,3.5302386,31.1756908153636,12.532967032967,0.887269106020745,77.1001750836529,77.100176344819,42.421,500
16108,"NelderMead",10.0005,50.8347383776122,0.6944887,3.5302386,42.9310993657343,27.2953296703297,0.440355213889868,1339.98023293972,1339.98024319411,17.66,500
16108,"DE",0.692319448728612,3.51921184439294,0.6944887,3.5302386,11.8401434090354,1.75824175824176,0.996519351522421,0.312352277493997,0.312351567598173,43.346,500
16124,"BiLSTM",0.743407726287842,3.41887974739075,0.76859456,3.2034256,21.1659597581907,2.2293956043956,0.992490279702142,3.27699869644644,6.72574219893688,NA,500
16124,"ABC",0.72944021397805,3.04023426092621,0.76859456,3.2034256,20.8645875482626,2.25549450549451,0.992402293024276,5.09427831781031,5.09427592367978,78.074,500
16124,"ABC-SMC",1.05229962739609,4.38588018409654,0.76859456,3.2034256,34.6002867908987,7.12225274725275,0.943823430036499,36.9121877984786,36.9121912522814,59.2,500
16124,"NelderMead",10.0005,41.6810893391565,0.76859456,3.2034256,70.2325538242275,22.0398351648352,0.496119152367618,1201.14113740279,1201.14117022591,22.829,500
16124,"DE",0.732619005214898,3.05348314663528,0.76859456,3.2034256,21.1888077502973,2.28296703296703,0.992285248622797,4.68069339250878,4.680690987945,59.239,500
16138,"BiLSTM",0.440806418657303,1.91128075122833,0.41954252,1.8803884,15.2664552089684,2.16620879120879,0.993307603909931,5.06835365752746,1.64287076161141,NA,500
16138,"ABC",0.395062162676818,1.77066743020542,0.41954252,1.8803884,16.2196360676219,1.97664835164835,0.994075164588267,5.83501222311906,5.83501630804486,54.084,500
16138,"ABC-SMC",1.81578920882728,8.1383617970499,0.41954252,1.8803884,47.2884051797896,17.5975274725275,0.831686960526609,332.802188638063,332.80216986288,42.028,500
16138,"NelderMead",10.0005,44.8222110560737,0.41954252,1.8803884,51.1737092883508,22.2747252747253,0.686282893118053,2283.66781035686,2283.66770695212,18.706,500
16138,"DE",0.43589124599682,1.95366325939347,0.41954252,1.8803884,15.1124400038488,2.10027472527473,0.99345071526246,3.8967983499789,3.89679384288213,55.784,500
16141,"BiLSTM",0.343849658966064,1.83077251911163,0.37680504,1.962831,15.1062888199092,1.96428571428571,0.993803046587671,8.74600324717937,6.72795981357369,NA,500
16141,"ABC",0.385699631005104,2.00916429314753,0.37680504,1.962831,13.947581565824,1.8228021978022,0.993920692019966,2.36052867156559,2.36053400152792,43.53,500
16141,"ABC-SMC",1.61132794349988,8.39363667575808,0.37680504,1.962831,40.2836016508176,12.9340659340659,0.873021657022021,327.629084658708,327.629106925562,33.694,500
16141,"NelderMead",10.0005,52.0940283537787,0.37680504,1.962831,43.8885449638605,16.5961538461538,0.764557214854317,2554.02500985656,2554.02514805292,15.954,500
16141,"DE",0.35681398971587,1.85869487498459,0.37680504,1.962831,13.3511996762326,1.83516483516484,0.99385176504783,5.30540947226452,5.30540454147131,44.533,500
16178,"BiLSTM",0.245518729090691,1.45942723751068,0.27078015,1.556389,30.6425983789063,2.16346153846154,0.991333757346986,9.32912582746903,6.2299182588234,NA,500
16178,"ABC",0.240601744835483,1.38292967236003,0.27078015,1.556389,30.9270730940796,2.28708791208791,0.991064021229915,11.1449842850433,11.1449854528636,50.377,500
16178,"ABC-SMC",1.37767729201777,7.91860760349321,0.27078015,1.556389,73.3300330959639,16.9464285714286,0.827427726606374,408.780755169007,408.780748482109,43.071,500
16178,"NelderMead",10.0005,57.4808308139787,0.27078015,1.556389,77.6210399661203,20.3846153846154,0.709010381870719,3593.21754198009,3593.21749344018,11.164,500
16178,"DE",0.250185490059279,1.43801508186689,0.27078015,1.556389,30.8040121593467,2.09340659340659,0.991687995456367,7.60567565263577,7.60567686697316,67.937,500
16192,"BiLSTM",0.376708120107651,2.00007128715515,0.38216728,2.0017538,31.8602443405639,2.99175824175824,0.982971183933917,1.42847391130639,0.0840519370987855,NA,500
16192,"ABC",0.319161035002703,1.67173338276533,0.38216728,2.0017538,41.8280942245945,4.99038461538461,0.975586238308653,16.4865618525209,16.4865637939428,81.793,500
16192,"ABC-SMC",1.30785109906841,6.85039244211145,0.38216728,2.0017538,105.716147347484,23.0151098901099,0.634775365870039,242.219537755407,242.219529799891,69.154,500
16192,"NelderMead",10.0005,52.3816126056962,0.38216728,2.0017538,115.855247645061,29.1868131868132,0.387478416150993,2516.78603149909,2516.78597066713,27.9,500
16192,"DE",0.387589504749074,2.03015482103891,0.38216728,2.0017538,30.6331792497372,3.09203296703297,0.982312768740257,1.41880925783973,1.41880690017497,93.179,500
16231,"BiLSTM",0.711423873901367,4.15779685974121,0.64876074,3.8667138,9.36739583307173,1.4217032967033,0.996840504591111,9.65889734655757,7.52791840299148,NA,500
16231,"ABC",1.08824494785463,6.48610669112217,0.64876074,3.8667138,15.4825486941302,4.19917582417582,0.980368217789227,67.7421090330827,67.7420938452226,40.57,500
16231,"ABC-SMC",1.47922438266633,8.81640405039099,0.64876074,3.8667138,18.1544195854826,5.90521978021978,0.958007852897354,128.007690888682,128.0076702442,27.107,500
16231,"NelderMead",10.0005,59.6045128373357,0.64876074,3.8667138,23.0877479118376,11.0851648351648,0.825312747913092,1441.47737114919,1441.47723157933,12.379,500
16231,"DE",0.654633298285476,3.90171479740054,0.64876074,3.8667138,7.30232468219403,1.16208791208791,0.997144953399913,0.905196310966069,0.905187174715119,26.053,500
16265,"BiLSTM",0.284796148538589,2.77104830741882,0.27405298,2.6266785,17.1666516473533,2.57967032967033,0.992969814082163,3.92010644751591,5.49628770398901,NA,500
16265,"ABC",0.282571095419103,2.70832094930037,0.27405298,2.6266785,16.9953357663427,2.48901098901099,0.993220728471843,3.10820025350685,3.10820107220453,61.44,500
16265,"ABC-SMC",1.45229960071663,13.9196595017889,0.27405298,2.6266785,65.4164671240483,28.7197802197802,0.522047856865207,429.933883848529,429.933888056299,52.47,500
16265,"NelderMead",10.0005,95.8504393852,0.27405298,2.6266785,69.0357568922173,34.1909340659341,0.345162989443084,3549.111934488,3549.1119634626,22.316,500
16265,"DE",0.269761293607566,2.58554457491176,0.27405298,2.6266785,15.0776245051977,2.34752747252747,0.993591160786194,1.56600610306609,1.56600532148246,68.525,500
16413,"BiLSTM",0.411092638969421,2.83597874641418,0.44416535,2.9226544,11.5871239931913,1.59203296703297,0.993212720434918,7.4460358131445,2.96564840460834,NA,500
16413,"ABC",0.482444436481539,3.17453460556711,0.44416535,2.9226544,13.9412210101436,2.15521978021978,0.98979209391939,8.61820636876317,8.61820013913056,35.32,500
16413,"ABC-SMC",1.45086721377435,9.54685727500483,0.44416535,2.9226544,35.4145033130767,10.2211538461538,0.865651878868247,226.650247205088,226.650228470558,26.649,500
16413,"NelderMead",10.0005,65.8043308665839,0.44416535,2.9226544,39.3534777598592,14.1923076923077,0.70514806919367,2151.52637413072,2151.52624499783,12.874,500
16413,"DE",0.403210987289759,2.65317026315257,0.44416535,2.9226544,11.4501488981067,1.58653846153846,0.993332202152933,9.22052175169466,9.22052695821406,29.622,500
16427,"BiLSTM",0.635834515094757,3.20955109596252,0.6222998,2.9103694,15.2610318196699,2.1771978021978,0.995639494378714,2.17495089902923,10.2798529960672,NA,500
16427,"ABC",0.582755880591269,2.72543061645728,0.6222998,2.9103694,14.5691846282554,2.88049450549451,0.9923506846223,6.3544804945672,6.35447801034197,75.287,500
16427,"ABC-SMC",1.73027272615109,8.09213329239776,0.6222998,2.9103694,59.2447130685952,25.6181318681319,0.604106096335007,178.044879035971,178.044886411936,46.577,500
16427,"NelderMead",10.0005,46.7703026046295,0.6222998,2.9103694,66.4472097765098,35.0769230769231,0.285618395680861,1507.02285297215,1507.0228956032,22.907,500
16427,"DE",0.608447223391187,2.84558379650542,0.6222998,2.9103694,13.9781224655083,2.13461538461538,0.995575523380002,2.22602941682023,2.22602682307559,61.007,500
16428,"BiLSTM",0.425607472658157,1.9743537902832,0.31657875,1.3726631,37.3201838380343,3.51236263736264,0.974700955836643,34.4396844886643,43.8338212984091,NA,500
16428,"ABC",0.331464412132387,1.43720642343887,0.31657875,1.3726631,39.5699699328042,2.27472527472527,0.97955985792227,4.70204084525171,4.70205132190641,55.282,500
16428,"ABC-SMC",1.5111417869573,6.55220471172178,0.31657875,1.3726631,73.6739395363323,12.2472527472527,0.860833796559769,377.33519288875,377.335240651678,46.398,500
16428,"NelderMead",10.0005,43.3614660021478,0.31657875,1.3726631,82.2261314462908,14.9354395604396,0.773823809240554,3058.92965020552,3058.9299662931,18.623,500
16428,"DE",0.29079139825169,1.26085109034625,0.31657875,1.3726631,40.9856919648067,2.5467032967033,0.977509967322775,8.14563572201552,8.14562653092002,78.45,500
16442,"BiLSTM",0.23218859732151,1.39895379543304,0.24983187,1.4137859,20.3048422589174,1.62774725274725,0.986197491511009,7.06205844694262,1.0491054244462,NA,500
16442,"ABC",0.234294626578533,1.32586140711773,0.24983187,1.4137859,19.9398940326476,1.5989010989011,0.986623575221314,6.21907982415018,6.21908118352788,35.672,500
16442,"ABC-SMC",1.70299232934288,9.63714720677307,0.24983187,1.4137859,65.6413290453463,11.9725274725275,0.806894256509051,581.655358598916,581.655348718153,28.039,500
16442,"NelderMead",10.0005,56.5923222205717,0.24983187,1.4137859,69.2294346713596,13.6222527472527,0.732384696311665,3902.89202494462,3902.8919669217,12.59,500
16442,"DE",0.250602845757934,1.41814879221291,0.24983187,1.4137859,19.6434440695544,1.53708791208791,0.98557269275771,0.308597841393872,0.308596387395871,50.948,500
16488,"BiLSTM",0.291123151779175,2.56406998634338,0.28656948,2.309634,17.3996214886649,2.50137362637363,0.991157541759463,1.5890288732683,11.0162903015536,NA,500
16488,"ABC",0.264745060211648,2.13373802343463,0.28656948,2.309634,17.7758938003434,3.51923076923077,0.98548202312824,7.61575161051755,7.61575109153099,47.99,500
16488,"ABC-SMC",1.54453243893483,12.4483062715082,0.28656948,2.309634,71.2443651157609,39.1909340659341,0.0763047719476716,438.973110093523,438.973113121309,38.62,500
16488,"NelderMead",10.0005,80.599982059341,0.28656948,2.309634,72.8330551324441,41.8296703296703,0.00547070398837196,3389.72961112258,3389.72963072682,16.576,500
16488,"DE",0.265465539699501,2.13954479647549,0.28656948,2.309634,17.2847492987389,3.44505494505495,0.986120971921699,7.36433632098529,7.36433580058637,61.383,500
16510,"BiLSTM",0.738078236579895,4.60292768478394,0.70074755,4.8514004,7.49693307270917,1.92994505494505,0.996920978966779,5.32726608603841,5.12166992475131,NA,500
16510,"ABC",0.878482567012711,6.08189183760487,0.70074755,4.8514004,12.650570665291,4.02884615384615,0.987896908540577,25.363630170767,25.3636339232043,50.481,500
16510,"ABC-SMC",1.77310623451304,12.2755313990598,0.70074755,4.8514004,20.7580672631352,12.0755494505495,0.898817617849329,153.030671960686,153.030679534507,34.551,500
16510,"NelderMead",10.0005,69.2352490599708,0.70074755,4.8514004,23.8214773468952,19.7225274725275,0.711673413955962,1327.11879620557,1327.11883892269,10.006,500
16510,"DE",0.656594912498713,4.54572394363863,0.70074755,4.8514004,4.39125789418248,1.19093406593407,0.998113731069527,6.30079084847133,6.30078804382691,33.788,500
16559,"BiLSTM",0.496493995189667,2.39689445495605,0.48346058,2.2862484,28.0292223174438,2.42307692307692,0.99020699446586,2.69585892394097,4.83963400285178,NA,500
16559,"ABC",0.488284394477324,2.30905995924861,0.48346058,2.2862484,26.0990171252372,2.51510989010989,0.989249082644,0.997767900192354,0.997772562622981,66.417,500
16559,"ABC-SMC",1.91115686820707,9.03771623695597,0.48346058,2.2862484,85.0026146166012,25.4848901098901,0.463602643841784,295.307693588394,295.30771183726,45.537,500
16559,"NelderMead",10.0005,47.2916078900779,0.48346058,2.2862484,90.5207416973028,30.592032967033,0.23899891653266,1968.52438724167,1968.5244827324,15.731,500
16559,"DE",0.517020899252852,2.44495271620832,0.48346058,2.2862484,27.7122931732363,2.56181318681319,0.990199111525488,6.94168679747423,6.94169173429815,63.209,500
16607,"BiLSTM",0.260061889886856,2.03208947181702,0.2137104,1.649094,17.14064592443,2.21291208791209,0.994036756425832,21.6889257082744,23.2245991930731,NA,500
16607,"ABC",0.228607226466535,1.76404523735215,0.2137104,1.649094,14.3823969989794,1.39697802197802,0.996140032448406,6.97056692914092,6.97056913384873,35.636,500
16607,"ABC-SMC",1.83432242649142,14.1545295406229,0.2137104,1.649094,47.0347160162263,15.4340659340659,0.832077385651654,758.321554071032,758.321571761396,29.858,500
16607,"NelderMead",10.0005,77.1687521379499,0.2137104,1.649094,48.4296918933172,17.6854395604396,0.768847403408353,4579.46342339914,4579.46351984483,14.167,500
16607,"DE",0.217795871054717,1.68061952803263,0.2137104,1.649094,13.6236857493645,1.30906593406593,0.996250842045617,1.91168565250794,1.91168775295009,42.035,500
16671,"BiLSTM",0.320446491241455,3.64904260635376,0.33729026,3.9544795,12.3305155352941,1.8228021978022,0.993156147946069,4.99384973599443,7.7238203825874,NA,500
16671,"ABC",0.307080834608148,3.60029637304245,0.33729026,3.9544795,15.1032262133257,2.2239010989011,0.990758611984477,8.95650689464095,8.95650431257905,43.871,500
16671,"ABC-SMC",1.77470241567058,20.8070773238641,0.33729026,3.9544795,45.0737001662657,19.3983516483516,0.544410460407848,426.164738842615,426.164753765042,34.793,500
16671,"NelderMead",10.0005,117.248489064956,0.33729026,3.9544795,47.9820741933016,23.2747252747253,0.366530646654269,2864.9536870706,2864.95377115891,15.672,500
16671,"DE",0.323446840790252,3.79217572876261,0.33729026,3.9544795,13.1254333513036,1.78983516483516,0.993155785430191,4.10430446753717,4.10430174786317,41.479,500
16675,"BiLSTM",0.759723663330078,4.60284042358398,0.7344563,4.4388027,10.462932393498,1.59615384615385,0.996645043346291,3.44028137958353,3.69553987123564,NA,500
16675,"ABC",1.27316362197515,7.69456573581328,0.7344563,4.4388027,21.9531643302828,6.78571428571429,0.959860908681569,73.3477705855544,73.3477754218108,61.217,500
16675,"ABC-SMC",1.75599056228261,10.612606722135,0.7344563,4.4388027,24.5356624391075,9.53846153846154,0.918412257194926,139.087140008549,139.087146678878,40.596,500
16675,"NelderMead",10.0005,60.4396036085474,0.7344563,4.4388027,31.7246123638806,16.1263736263736,0.740553638210913,1261.61947279913,1261.61951078716,17.347,500
16675,"DE",0.752059183090441,4.54518863218382,0.7344563,4.4388027,11.2265178960998,1.57554945054945,0.996736166174559,2.39672300318496,2.39672585996705,41.115,500
16751,"BiLSTM",0.275108397006989,1.9972482919693,0.27022496,2.0627048,27.6319263062748,3.30357142857143,0.977168402079339,1.80717466180345,3.17333377178842,NA,500
16751,"ABC",0.248181588579311,1.8944414672195,0.27022496,2.0627048,32.159062309327,3.78296703296703,0.976446995759276,8.1574149999648,8.15741218910707,85.229,500
16751,"ABC-SMC",1.54718892349371,11.8101381777259,0.27022496,2.0627048,127.932103625889,30.5563186813187,0.371224584428275,472.555889542444,472.555907065613,65.881,500
16751,"NelderMead",10.0005,76.3366936337999,0.27022496,2.0627048,133.513896299692,34.3873626373626,0.208601521803986,3600.80543262917,3600.80554589294,28.098,500
16751,"DE",0.275253286308982,2.10108752449031,0.27022496,2.0627048,28.7412395081869,3.30494505494505,0.977176385050673,1.86079269249671,1.86079580996338,87.911,500
16788,"BiLSTM",0.61253833770752,2.69241547584534,0.58133847,2.5195756,6.29471053176492,1.63736263736264,0.996845451606213,5.36690229833224,6.85988052294747,NA,500
16788,"ABC",0.588440911644946,2.55035821349576,0.58133847,2.5195756,5.49613041280564,1.20054945054945,0.997944646965046,1.22173948765953,1.22173803777752,42.612,500
16788,"ABC-SMC",1.35168137838648,5.85831412666503,0.58133847,2.5195756,24.3792317387941,12.3365384615385,0.886530186735704,132.511944097985,132.511940767526,30.074,500
16788,"NelderMead",10.0005,43.3431068597309,0.58133847,2.5195756,29.4192131115759,21.0700549450549,0.641892740029975,1620.25429523011,1620.2542705895,13.174,500
16788,"DE",0.554838612134832,2.40472268943201,0.58133847,2.5195756,6.05869696148356,0.896978021978022,0.998853609501333,4.55842151047869,4.55842287756672,34.851,500
16836,"BiLSTM",0.562891960144043,3.23656415939331,0.5258858,2.9913592,9.28126666032906,1.34340659340659,0.996598043651152,7.03691944982029,8.1971085048332,NA,500
16836,"ABC",0.618943544057146,3.52069306333552,0.5258858,2.9913592,12.0885848026745,2.23351648351648,0.99359120440252,17.6954281817738,17.6954296674073,33.862,500
16836,"ABC-SMC",1.54222993054869,8.77255812858088,0.5258858,2.9913592,24.260101055852,9.75824175824176,0.885256878193058,193.263277036324,193.263280738097,28.409,500
16836,"NelderMead",10.0005,56.8851413314621,0.5258858,2.9913592,27.4485525412286,14.9807692307692,0.697325973306033,1801.64860888048,1801.64863288441,11.133,500
16836,"DE",0.491005963982176,2.7929547178358,0.5258858,2.9913592,7.04252201983406,1.00549450549451,0.997431271244044,6.63258753475066,6.6325863562023,26.446,500
16879,"BiLSTM",0.351777076721191,4.19337892532349,0.3174683,3.7679346,16.4477121163657,3.21153846153846,0.987585317473923,10.8069929253382,11.2911812567948,NA,500
16879,"ABC",0.315172761546662,3.74068961996462,0.3174683,3.7679346,10.4984060200836,2.08791208791209,0.993833380739556,0.723076431044565,0.72307465303075,57,500
16879,"ABC-SMC",1.38298508815964,16.414229257812,0.3174683,3.7679346,54.1041583918794,23.4340659340659,0.55280163219649,335.62934887031,335.629356672274,51.272,500
16879,"NelderMead",10.0005,118.692891990026,0.3174683,3.7679346,58.8043113090949,29.2967032967033,0.320681578141846,3050.07829128137,3050.07834769813,21.882,500
16879,"DE",0.313680674394336,3.72298049149997,0.3174683,3.7679346,10.6839096791124,2.07142857142857,0.993903401484671,1.19307206598702,1.19307029639065,57.02,500
16892,"BiLSTM",0.478304117918015,3.98131346702576,0.48906255,3.738601,9.92082851910395,1.52884615384615,0.996716858723182,2.19980697397203,6.49206660528248,NA,500
16892,"ABC",0.502938381541868,3.8446740386573,0.48906255,3.738601,8.37433083318908,1.46428571428571,0.996823861557971,2.8372304405374,2.83723881359106,42.182,500
16892,"ABC-SMC",1.7753315984287,13.5713867881022,0.48906255,3.738601,31.7396601089124,22.5975274725275,0.539250200843782,263.007062885658,263.007092441857,31.871,500
16892,"NelderMead",10.0005,76.4480583202251,0.48906255,3.738601,34.1449138943319,28.8076923076923,0.290525385590595,1944.83046187037,1944.83062836139,11.046,500
16892,"DE",0.487742516182566,3.72851040671748,0.48906255,3.738601,9.06720089703334,1.39835164835165,0.997223711270871,0.269911040506795,0.269902920438003,34.217,500
16931,"BiLSTM",0.899677515029907,4.35737228393555,0.94892484,4.607409,10.2428721762582,1.3228021978022,0.994661209261591,5.18980248953044,5.42684003231432,NA,500
16931,"ABC",4.49789735014367,21.839086010691,0.94892484,4.607409,19.3305144345193,4.83791208791209,0.942615350163143,373.999326452838,373.999291373763,40.768,500
16931,"ABC-SMC",2.13216780658355,10.3525253006757,0.94892484,4.607409,16.8475667952295,3.3543956043956,0.974825314306873,124.693012207748,124.692995578983,26.436,500
16931,"NelderMead",10.0005,48.5564170651735,0.94892484,4.607409,20.9438840514157,5.74587912087912,0.913425147929462,953.876932971846,953.876854978005,11.703,500
16931,"DE",0.873051026287412,4.23901102460771,0.94892484,4.607409,10.8738798674079,1.35164835164835,0.994584819887631,7.99576642050888,7.99577322942878,23.232,500
16944,"BiLSTM",0.349417179822922,1.77984309196472,0.27283493,1.3748909,59.4876025165771,4.43131868131868,0.93264493459525,28.0690781869176,29.4534055003725,NA,500
16944,"ABC",0.271349015241442,1.36740295670249,0.27283493,1.3748909,48.7385590244846,2.27472527472527,0.95022709628804,0.544620426188923,0.544620907558048,52.503,500
16944,"ABC-SMC",1.53112408508093,7.71575897983319,0.27283493,1.3748909,122.848392979672,15.4684065934066,0.698790239872843,461.190638266488,461.190635550296,42.825,500
16944,"NelderMead",10.0005,50.3952935164909,0.27283493,1.3748909,127.771644063774,17.0508241758242,0.560209357484088,3565.40310655971,3565.40308881897,17.954,500
16944,"DE",0.265066790882445,1.33574508554524,0.27283493,1.3748909,48.4851872439492,2.2239010989011,0.950899543892587,2.84719376567909,2.84719423590365,80.773,500
16972,"BiLSTM",0.416773796081543,4.434654712677,0.4181596,4.947196,11.2562719489816,1.40247252747253,0.993147340090729,0.331405501262449,10.3602381495093,NA,500
16972,"ABC",0.444661314822949,5.26073442104408,0.4181596,4.947196,12.957651482666,1.61813186813187,0.99200229948594,6.33770331302915,6.33769959880458,36.762,500
16972,"ABC-SMC",1.69399093159417,20.0414025364953,0.4181596,4.947196,37.8381792256476,12.6428571428571,0.652397463255418,305.106311464372,305.106297314586,29.001,500
16972,"NelderMead",10.0005,118.314710148777,0.4181596,4.947196,42.6686926988125,16.717032967033,0.418723722877892,2291.5509771867,2291.55089365323,12.743,500
16972,"DE",0.423456828439462,5.00986669839861,0.4181596,4.947196,11.3638530741056,1.4271978021978,0.993300030719597,1.26679584528534,1.26679230818036,29.544,500
17016,"BiLSTM",0.610331833362579,3.83199024200439,0.556514,3.2825012,15.1985022543561,2.3489010989011,0.993869545851813,9.67052641309642,16.7399494630617,NA,500
17016,"ABC",0.59652006090062,3.51846975778241,0.556514,3.2825012,14.5586456265763,1.94230769230769,0.995460083827777,7.18868903578702,7.18868153901701,55.104,500
17016,"ABC-SMC",1.54980604194693,9.14126120215628,0.556514,3.2825012,44.8938597241464,17.2293956043956,0.721968413348451,178.484645839445,178.484626362247,40.567,500
17016,"NelderMead",10.0005,58.9862087112022,0.556514,3.2825012,52.2091680605339,25.1428571428571,0.415832624653774,1696.98983313987,1696.98970745851,17.184,500
17016,"DE",0.553147444961881,3.2626439314624,0.556514,3.2825012,11.5405415797165,1.5206043956044,0.996957297467491,0.604936270807024,0.604943222491385,45.218,500
17020,"BiLSTM",0.296446621417999,3.29380512237549,0.28631422,3.3233213,20.8415280963525,2.16208791208791,0.987315021579443,3.53890960008876,0.888152993949506,NA,500
17020,"ABC",0.301100394666337,3.49494840362942,0.28631422,3.3233213,21.7985904280664,2.1717032967033,0.987592461826124,5.16431725477603,5.16432472627365,47.03,500
17020,"ABC-SMC",1.19213442751735,13.8374056898213,0.28631422,3.3233213,57.066692441928,11.081043956044,0.821376099377641,316.372762595357,316.372792176951,43.059,500
17020,"NelderMead",10.0005,116.078331777768,0.28631422,3.3233213,64.6616893262675,14.7912087912088,0.646079696711039,3392.84083759444,3392.8410857466,18.133,500
17020,"DE",0.304936921023241,3.53947993498593,0.28631422,3.3233213,21.1856187184601,2.19505494505495,0.98759411384672,6.50428784963625,6.50429541633333,45.342,500
17085,"BiLSTM",0.623857140541077,2.73596978187561,0.6466442,2.6945908,9.5023674076825,1.07005494505495,0.995526926382023,3.5238945093644,1.53563137956273,NA,500
17085,"ABC",0.675492724276878,2.81480388721677,0.6466442,2.6945908,10.9414868622572,1.41620879120879,0.993716539094053,4.46126699611287,4.46127431359054,31.647,500
17085,"ABC-SMC",2.0778475745797,8.65846991354647,0.6466442,2.6945908,34.3199214651309,10.7760989010989,0.753934276493526,221.327798900803,221.32782140971,21.985,500
17085,"NelderMead",10.0005,41.6724640583592,0.6466442,2.6945908,38.4632119079135,14.293956043956,0.545001692743615,1446.52280187466,1446.52291020808,10.219,500
17085,"DE",0.631674886132428,2.63221328822776,0.6466442,2.6945908,9.12685589829479,1.06318681318681,0.995540514765543,2.3149227763231,2.31491593351531,24.538,500
17092,"BiLSTM",0.617453336715698,3.01916098594666,0.5941188,2.7712445,14.6547092463668,2.33791208791209,0.993516503738118,3.92758766692761,8.94603438803957,NA,500
17092,"ABC",0.667673035339207,3.11433574622492,0.5941188,2.7712445,17.170436166246,2.98351648351648,0.991426351531362,12.3803918238587,12.3804033251097,63.6,500
17092,"ABC-SMC",1.2103775059821,5.64576032547357,0.5941188,2.7712445,36.5780392997417,9.625,0.936465545667619,103.726511597023,103.726532446833,46.481,500
17092,"NelderMead",10.0005,46.646955892564,0.5941188,2.7712445,49.1196179978689,17.8475274725275,0.725148768426089,1583.24920874411,1583.24938101146,18.883,500
17092,"DE",0.594742897733772,2.7741558640071,0.5941188,2.7712445,13.2504979259479,2.14972527472527,0.993971852176349,0.105045949357628,0.105056194323401,48.343,500
17147,"BiLSTM",0.172516644001007,1.61847221851349,0.14583936,1.4523771,19.7393815113941,1.86126373626374,0.987628131788981,18.2922388037133,11.4360876740269,NA,500
17147,"ABC",0.15072926564277,1.50107430600764,0.14583936,1.4523771,19.3973858725513,1.31868131868132,0.991264310014817,3.35293959241898,3.3529312743665,29.496,500
17147,"ABC-SMC",1.98575465042976,19.7756240042974,0.14583936,1.4523771,65.883142248318,13.4931318681319,0.748171630587256,1261.60406246281,1261.60395287818,25.224,500
17147,"NelderMead",10.0005,99.5924284060849,0.14583936,1.4523771,67.3017712762656,14.5576923076923,0.700910807781538,6757.2023355012,6757.20178361976,12.323,500
17147,"DE",0.145776261367862,1.45174859992856,0.14583936,1.4523771,19.6048753373509,1.26236263736264,0.991628875766758,0.0432658454739883,0.0432738901930341,44.642,500
17189,"BiLSTM",0.292456656694412,2.27701997756958,0.30008617,2.3051279,24.6167294642321,2.49725274725275,0.991573060475868,2.54244082810872,1.21936498319334,NA,500
17189,"ABC",0.298370188369364,2.29194639389394,0.30008617,2.3051279,25.2176725263794,2.46978021978022,0.991569763043611,0.57182962834835,0.571834044699426,76.449,500
17189,"ABC-SMC",1.57807305541205,12.1220516983264,0.30008617,2.3051279,74.6897716001354,18.9601648351648,0.797571955095966,425.873303462151,425.873280104172,58.768,500
17189,"NelderMead",10.0005,76.8193700496712,0.30008617,2.3051279,79.9126087168828,23.0521978021978,0.680461725340224,3232.54278262807,3232.54263460484,27.691,500
17189,"DE",0.319199529867878,2.45194808305601,0.30008617,2.3051279,25.7259016704918,2.70192307692308,0.991658791077693,6.36929048342297,6.36928575876467,78.769,500
17200,"BiLSTM",0.444147735834122,1.67312324047089,0.43260908,1.7425666,13.3942313523778,1.96428571428571,0.992567765263328,2.66722460705673,3.98511939395107,NA,500
17200,"ABC",0.387263351701236,1.55991220525165,0.43260908,1.7425666,23.6071320798128,3.91346153846154,0.983479584229345,10.4819178318596,10.4819175776894,56.712,500
17200,"ABC-SMC",1.29475270187736,5.21531545282705,0.43260908,1.7425666,65.9542364304969,26.5755494505494,0.489996306224577,199.289303376934,199.289304226711,42.362,500
17200,"NelderMead",10.0005,40.2824123173269,0.43260908,1.7425666,71.3087496016091,33.5384615384615,0.219646277748396,2211.6713130478,2211.67131961136,17.355,500
17200,"DE",0.435259835369616,1.75324395315541,0.43260908,1.7425666,13.5613304679147,1.78571428571429,0.993321326009757,0.612736877741077,0.612737163412461,63.96,500
17226,"BiLSTM",0.343928188085556,1.48146998882294,0.34194115,1.563034,36.2913747952643,2.0467032967033,0.978818267012771,0.581105282460448,5.21831330457706,NA,500
17226,"ABC",0.336081501012701,1.53624939519227,0.34194115,1.563034,35.2145706641367,2.12362637362637,0.976932294874948,1.71364253389767,1.71362905782779,52.878,500
17226,"ABC-SMC",1.81892172452709,8.31440406802164,0.34194115,1.563034,126.884548473161,25.7582417582418,0.235667760538007,431.939991582495,431.940064516936,37.467,500
17226,"NelderMead",10.0005,45.7129060371571,0.34194115,1.563034,130.297672722563,27.9313186813187,0.112704367069141,2824.62606504072,2824.62646603702,17.016,500
17226,"DE",0.325087502398056,1.48599514534037,0.34194115,1.563034,34.5084746851846,2.50961538461538,0.973493237330054,4.92881526600234,4.92880223076568,80.962,500
17234,"BiLSTM",0.88353967666626,4.43635702133179,0.9215884,4.513467,14.8437077844201,1.56456043956044,0.994803729167523,4.12860267487527,1.70844228324286,NA,500
17234,"ABC",0.840218632280767,4.11495924596326,0.9215884,4.513467,15.1355887851905,1.83241758241758,0.99271818388263,8.82929599800011,8.82930470161285,52.259,500
17234,"ABC-SMC",1.29622475954038,6.34824300984417,0.9215884,4.513467,27.3366292767299,7.49175824175824,0.892905498637475,40.6511583197428,40.6511448924777,38.58,500
17234,"NelderMead",10.0005,48.9773118069873,0.9215884,4.513467,52.1119435218736,19.9423076923077,0.319634894578169,985.137356329572,985.137252736916,13.913,500
17234,"DE",0.912761295461407,4.47023594551903,0.9215884,4.513467,13.7649429606454,1.60576923076923,0.994008207031418,0.957814197595433,0.957823652659321,34.091,500
17276,"BiLSTM",0.326569139957428,2.25152039527893,0.32437173,2.2704577,18.3049117417464,2.06868131868132,0.988603869483488,0.677435717788339,0.834074324356251,NA,500
17276,"ABC",0.303770750670293,2.12626015212198,0.32437173,2.2704577,18.3002467457345,2.10164835164835,0.989109876033252,6.35104031097504,6.35103432572276,44.914,500
17276,"ABC-SMC",1.68975704223076,11.8275477732298,0.32437173,2.2704577,70.7793538944785,22.7843406593407,0.422728242033544,420.93227798574,420.932311279341,33.006,500
17276,"NelderMead",10.0005,69.9990522602194,0.32437173,2.2704577,74.079745917371,26.0618131868132,0.251868823758863,2983.03686020974,2983.03705725147,15.604,500
17276,"DE",0.316964525145562,2.21861070549471,0.32437173,2.2704577,16.6935811178518,1.91483516483516,0.989736561007086,2.28355438201652,2.28354813680481,49.396,500
17352,"BiLSTM",0.349740564823151,3.44573307037354,0.38032648,3.8477213,22.2798022304158,1.9010989010989,0.990698106134761,8.04201568527371,10.4474362430165,NA,500
17352,"ABC",0.436575171081382,4.41678322418606,0.38032648,3.8477213,23.8109560593114,2.11126373626374,0.988132716320345,14.7895805417971,14.7895827118784,46.551,500
17352,"ABC-SMC",1.43314795574093,14.4990010151382,0.38032648,3.8477213,49.6224505234859,8.76785714285714,0.844838239911609,276.820450614149,276.820457737888,38.404,500
17352,"NelderMead",10.0005,101.173963979823,0.38032648,3.8477213,58.0635880542864,12.092032967033,0.696650281771693,2529.45141237602,2529.45146208544,15.453,500
17352,"DE",0.370224438765518,3.74552012720491,0.38032648,3.8477213,21.3696098640434,1.73901098901099,0.99148799111563,2.65614985169636,2.65614801142417,40.092,500
17375,"BiLSTM",0.220819562673569,2.60490798950195,0.26734647,2.928995,15.3514846011454,1.73626373626374,0.991800511225077,17.4032248588999,11.0647853785359,NA,500
17375,"ABC",0.445521927637297,4.88104987735305,0.26734647,2.928995,25.1239947065124,3.77197802197802,0.975310601907919,66.6458987235914,66.6458931255618,29.629,500
17375,"ABC-SMC",1.57979030228437,17.3078692267786,0.26734647,2.928995,38.0569457099605,9.23901098901099,0.847568858455202,490.914965993142,490.914946142912,25.069,500
17375,"NelderMead",10.0005,109.563494567675,0.26734647,2.928995,40.3777980223931,11.5494505494505,0.754702898088614,3640.6515971578,3640.65147150047,11.136,500
17375,"DE",0.26348830960598,2.88672566153299,0.26734647,2.928995,9.3494921855459,1.14835164835165,0.994856535243713,1.44313122743696,1.44313453819508,26.534,500
17400,"BiLSTM",0.106978885829449,1.21880507469177,0.097445264,1.1077284,65.8231542601248,3.19505494505495,-0.095536597762679,9.7835661150743,10.0274286270689,NA,500
17400,"ABC",0.0836954565554149,0.951424586771312,0.097445264,1.1077284,68.5837615018271,2.11950549450549,0.247574180033408,14.1102880531835,14.1103011558328,71.58,500
17400,"ABC-SMC",1.33077730947267,15.1278731708855,0.097445264,1.1077284,169.382107295692,25.4862637362637,0.10476045431955,1265.66648274735,1265.66627441216,64.837,500
17400,"NelderMead",10.0005,113.682653415085,0.097445264,1.1077284,172.90693828279,25.9134615384615,0.12618084004264,10162.6844953696,10162.6829297763,28.264,500
17400,"DE",0.118638772556086,1.34864961372777,0.097445264,1.1077284,91.0116719932498,6.30631868131868,-0.108524254904124,21.7491417090174,21.7491231359396,142.414,500
17436,"BiLSTM",0.251963555812836,2.33123826980591,0.29372135,2.65825,16.8900893422043,2.41346153846154,0.991569164283628,14.2168058900602,12.3017673354309,NA,500
17436,"ABC",0.309156101059757,2.79793836384932,0.29372135,2.65825,12.446792157357,1.9010989010989,0.992976093767553,5.25489585954761,5.25489942064578,41.175,500
17436,"ABC-SMC",1.36400301699924,12.344561069913,0.29372135,2.65825,48.5955700569082,16.478021978022,0.719442726676885,364.386745123989,364.386760835626,34.329,500
17436,"NelderMead",10.0005,90.5069720822577,0.29372135,2.65825,52.0856209771444,20.8104395604396,0.551131209127525,3304.7576044438,3304.75771963727,14.513,500
17436,"DE",0.28341072764785,2.5649364346819,0.29372135,2.65825,10.4357275926964,1.66483516483516,0.994025372585193,3.51034146892949,3.51033820438636,41.149,500
17445,"BiLSTM",0.380094170570374,1.59278798103333,0.3655066,1.566435,51.8639797762043,2.68543956043956,0.978330021887999,3.99105531073133,1.68235394595532,NA,500
17445,"ABC",0.314585612594321,1.34820529466199,0.3655066,1.566435,44.6146218070279,3.33241758241758,0.972035113436354,13.931619129635,13.9316157605013,64.178,500
17445,"ABC-SMC",1.61166568164131,6.90704252904244,0.3655066,1.566435,129.8581713283,20.6442307692308,0.647858971480871,340.940240652649,340.940257913188,49.893,500
17445,"NelderMead",10.0005,42.8586893662365,0.3655066,1.566435,136.292786698744,23.9519230769231,0.472754257805089,2636.0655046995,2636.06561180238,21.287,500
17445,"DE",0.370144893771579,1.58631318660614,0.3655066,1.566435,48.2494733815931,2.46703296703297,0.97842555597789,1.2690041087025,1.26900807286236,92.683,500
17494,"BiLSTM",0.956602394580841,4.74939298629761,0.9252386,4.8455377,6.20782948706065,1.83653846153846,0.996905170568935,3.38980610848283,1.98419080925514,NA,500
17494,"ABC",1.13051088190891,5.92056289849592,0.9252386,4.8455377,9.31566037149586,4.28434065934066,0.986849858096239,22.1858752876187,22.1858803925087,47.419,500
17494,"ABC-SMC",1.42084978130272,7.44108759511678,0.9252386,4.8455377,12.8390182881638,7.3282967032967,0.960786906283633,53.565770094624,53.5657765105569,31.998,500
17494,"NelderMead",10.0005,52.3733032683706,0.9252386,4.8455377,18.7092931266334,19.8585164835165,0.689993647439492,980.856332625984,980.856377783845,14.385,500
17494,"DE",0.8632486534236,4.5208923075613,0.9252386,4.8455377,5.03504330285295,1.05631868131868,0.998682271454551,6.699887637243,6.69988373919166,30.773,500
17504,"BiLSTM",0.870581388473511,3.92100715637207,0.9453933,4.0863075,13.1858931579398,2.44642857142857,0.994611343095909,7.91331094968509,4.04522527068582,NA,500
17504,"ABC",1.14705376433113,4.95795130081179,0.9453933,4.0863075,15.2954322152945,3.59340659340659,0.991053693207575,21.3308539769778,21.3308421065176,81.049,500
17504,"ABC-SMC",1.62667376559644,7.0310298984443,0.9453933,4.0863075,22.961895640183,8.15521978021978,0.95464828117628,72.0631789538215,72.0631621199407,50.48,500
17504,"NelderMead",10.0005,43.2255169945591,0.9453933,4.0863075,37.6883691349499,19.0631868131868,0.735569492682249,957.813716259677,957.813612767983,16.594,500
17504,"DE",0.949088063086034,4.10227710617054,0.9453933,4.0863075,12.2712606092066,1.96153846153846,0.996515851667003,0.390817566195314,0.390807744413233,51.261,500
17617,"BiLSTM",0.945410370826721,4.32232141494751,1.114736,4.9002943,15.7435294446137,3.58928571428571,0.990075010236703,15.1897515800404,11.7946565995534,NA,500
17617,"ABC",1.37825236930297,6.05869239335487,1.114736,4.9002943,14.6024455655387,4.77747252747253,0.985501092469869,23.6393522146024,23.6393576066414,79.176,500
17617,"ABC-SMC",1.54546527667344,6.79374759262041,1.114736,4.9002943,17.1344863038158,6.74450549450549,0.971131558193472,38.6395771441343,38.6395831903486,47.683,500
17617,"NelderMead",10.0005,43.9614359671936,1.114736,4.9002943,32.9559580480046,21.9656593406593,0.656096611903423,797.118241449096,797.118280573344,20.506,500
17617,"DE",1.09845703910922,4.82873344207921,1.114736,4.9002943,11.7351941679542,1.60027472527473,0.997362924805514,1.46034225958231,1.46033796216669,46.454,500
17648,"BiLSTM",1.04948139190674,4.6722526550293,1.184695,4.957225,20.8064839554203,3.85714285714286,0.984528390941349,11.4133686808218,5.7486263982511,NA,500
17648,"ABC",1.21029279308483,5.06433557611619,1.184695,4.957225,16.7875150872976,2.12637362637363,0.995390445829103,2.16070744662812,2.16069627899058,97.033,500
17648,"ABC-SMC",1.22244131658814,5.11516972147886,1.184695,4.957225,16.9808898139431,2.14010989010989,0.995243121410459,3.18616323932624,3.1861519595916,57.356,500
17648,"NelderMead",10.0005,41.8459799300814,1.184695,4.957225,58.3058304644177,23.4478021978022,0.497380420411657,744.141319073686,744.141226796875,25.199,500
17648,"DE",1.20425607777283,5.03907561233544,1.184695,4.957225,17.1990875177152,2.10302197802198,0.995456550037938,1.65114884192424,1.65113772998881,58.866,500
17655,"BiLSTM",0.373752176761627,2.90716767311096,0.32487366,2.2610178,25.7762812825422,3.91071428571429,0.974659318841186,15.0453923416343,28.5778322095015,NA,500
17655,"ABC",0.333999510527612,2.32453096100644,0.32487366,2.2610178,15.8115204703884,1.59478021978022,0.991994976539107,2.8090459927136,2.80905179103134,38.854,500
17655,"ABC-SMC",1.93892449193994,13.4943012504669,0.32487366,2.2610178,65.0040326597555,24.4230769230769,0.306742924876481,496.824159871854,496.824193532084,28.475,500
17655,"NelderMead",10.0005,69.6003171945459,0.32487366,2.2610178,67.2745831584952,27.1909340659341,0.175350586008222,2978.27356640732,2978.27374001858,12.415,500
17655,"DE",0.328404400387515,2.28559076396737,0.32487366,2.2610178,14.9210321466356,1.50686813186813,0.992564802580456,1.08680414026642,1.08680984145159,42.444,500
17682,"BiLSTM",0.278173267841339,2.4765944480896,0.29479,2.5532062,18.7929813057795,2.17307692307692,0.991420439159136,5.63680320182533,3.00060966131135,NA,500
17682,"ABC",0.290151577422354,2.51303238102226,0.29479,2.5532062,15.3908791059641,1.68131868131868,0.99409623111724,1.5734667314514,1.57346551084418,38.535,500
17682,"ABC-SMC",1.33434516887748,11.5568994890164,0.29479,2.5532062,50.1024259004,19.4972527472527,0.540825534078534,352.642616397258,352.64262201057,34.497,500
17682,"NelderMead",10.0005,86.6153496378577,0.29479,2.5532062,53.7161101944702,23.9299450549451,0.334714736326629,3292.41493944842,3292.41498151844,15.308,500
17682,"DE",0.303223306528512,2.62624795893349,0.29479,2.5532062,12.6303315393373,1.43818681318681,0.995043926123587,2.86078446640399,2.86078574200125,41.149,500
17718,"BiLSTM",0.456438690423965,2.57095551490784,0.43746516,2.3088667,24.75896434094,1.87087912087912,0.988977369807995,4.33715234007788,11.3514052113895,NA,500
17718,"ABC",0.377650623548985,1.99317578456122,0.43746516,2.3088667,24.7455324492161,2.45192307692308,0.98629234137416,13.6729828841718,13.6729814431806,47.667,500
17718,"ABC-SMC",1.28615558892979,6.78811053174502,0.43746516,2.3088667,57.2699470937361,8.38461538461539,0.889477111312024,194.001832952775,194.001837860324,38.977,500
17718,"NelderMead",10.0005,52.7809387581192,0.43746516,2.3088667,69.4027921965907,12.4120879120879,0.728221455442145,2186.01061625113,2186.01065440977,15.524,500
17718,"DE",0.418282305628748,2.20762289455486,0.43746516,2.3088667,24.8279931260343,1.99450549450549,0.988751330754641,4.38500162418697,4.38500002815852,44.035,500
17730,"BiLSTM",0.366453677415848,2.37979197502136,0.30207,1.8143313,13.1932787250025,1.65796703296703,0.995632535685312,21.314158114294,31.1663407350886,NA,500
17730,"ABC",0.412212581082224,2.47588373096857,0.30207,1.8143313,14.5949275132621,2.36263736263736,0.992860093088793,36.4626017420546,36.4626036583601,32.209,500
17730,"ABC-SMC",1.3793279242138,8.28469514022522,0.30207,1.8143313,32.1604269699122,9.05769230769231,0.913042430694318,356.625260440891,356.62526685315,24.478,500
17730,"NelderMead",10.0005,60.0662774206115,0.30207,1.8143313,35.0610095726959,12.0027472527473,0.827792421042468,3210.65647035455,3210.65651684516,11.335,500
17730,"DE",0.302099076040769,1.81450596569924,0.30207,1.8143313,12.1938914710175,0.914835164835165,0.997676077772656,0.00962559697044641,0.00962700137715678,28.992,500
17737,"BiLSTM",0.24732980132103,1.28694558143616,0.2532573,1.4147322,36.5621500643161,2.15659340659341,0.977587879672061,2.34050456945184,9.03256592052141,NA,500
17737,"ABC",0.203937312390959,1.13922352012506,0.2532573,1.4147322,52.557062079171,5.9739010989011,0.938417779739593,19.474261002167,19.4742637422785,60.432,500
17737,"ABC-SMC",1.33083350207291,7.4342297108701,0.2532573,1.4147322,126.703558178679,29.9711538461538,0.35702265543752,425.486729137881,425.486711256738,50.226,500
17737,"NelderMead",10.0005,55.8642490647815,0.2532573,1.4147322,130.553299554776,32.7596153846154,0.225862457388506,3848.75093432647,3848.75079995928,14.53,500
17737,"DE",0.234119018892662,1.30782292707584,0.2532573,1.4147322,37.825853704139,2.93818681318681,0.973402325576545,7.55685269776565,7.5568558434,112.654,500
17769,"BiLSTM",0.387627482414246,3.76450777053833,0.3711363,3.8596292,15.6217219645425,1.85714285714286,0.994559414052427,4.4434301937713,2.46452248474206,NA,500
17769,"ABC",0.450734444756097,4.6874094048859,0.3711363,3.8596292,20.5898056516872,3.35989010989011,0.986693048581651,21.4471461713923,21.4471432873889,53.621,500
17769,"ABC-SMC",1.32196812506246,13.7477973881723,0.3711363,3.8596292,46.8728342149136,14.2884615384615,0.795812979517872,256.194779401116,256.194770942564,50.668,500
17769,"NelderMead",10.0005,104.000123129989,0.3711363,3.8596292,54.3260970372048,19.9601648351648,0.590523700044726,2594.56261756126,2594.56255357352,14.53,500
17769,"DE",0.381524522751026,3.96766135125415,0.3711363,3.8596292,15.6165737317622,1.81868131868132,0.994875748920712,2.79903171719553,2.79902927602855,48.782,500
17798,"BiLSTM",0.946103811264038,4.59432983398438,0.85074973,4.1837373,7.35320584094817,2.6043956043956,0.995232817137921,11.2082411432606,9.81401327431279,NA,500
17798,"ABC",0.965538811645153,4.74823635876278,0.85074973,4.1837373,7.7100208657649,2.92582417582418,0.994066436263824,13.4926968058107,13.4926984723151,47.614,500
17798,"ABC-SMC",1.55162353176198,7.6304289167526,0.85074973,4.1837373,15.7696532796275,9.78983516483516,0.936026544185615,82.3830766025604,82.3830792806375,32.654,500
17798,"NelderMead",10.0005,49.1795224936627,0.85074973,4.1837373,20.2347482545255,21.7046703296703,0.66905647146326,1075.49258581604,1075.49260307674,14.052,500
17798,"DE",0.817934404587865,4.02236122681561,0.85074973,4.1837373,3.94204760614765,0.824175824175824,0.999211583069004,3.85722431109501,3.85722289935347,30.999,500
17817,"BiLSTM",0.156929582357407,1.55865180492401,0.17735802,1.7956154,16.8456381780786,1.76785714285714,0.990942447786152,11.5181922095169,13.1967900852259,NA,500
17817,"ABC",0.189743866167794,1.92101275388985,0.17735802,1.7956154,17.3776024973483,1.38873626373626,0.991334809587068,6.98352753813663,6.98353076554415,30.336,500
17817,"ABC-SMC",1.43926024345182,14.5714185110603,0.17735802,1.7956154,61.8980973629924,12.989010989011,0.744700996022168,711.499949904615,711.499974385403,28.25,500
17817,"NelderMead",10.0005,101.247478684169,0.17735802,1.7956154,64.4255673371288,15.0206043956044,0.652093083152368,5538.59474750564,5538.594917607,12.32,500
17817,"DE",0.174218591665212,1.76383112304479,0.17735802,1.7956154,17.6943428193746,1.39835164835165,0.991946176241491,1.77010790647523,1.77010494314153,38.665,500
17821,"BiLSTM",0.256782710552216,2.26271176338196,0.14283769,1.2860672,30.6225324406453,8.26373626373626,0.946714805503922,79.7723769911258,75.9403990228472,NA,500
17821,"ABC",0.146911163163175,1.32274363330044,0.14283769,1.2860672,15.2702219526306,1.54532967032967,0.995077825697529,2.85181954649016,2.85182868363609,38.449,500
17821,"ABC-SMC",1.31116952591812,11.8053734327827,0.14283769,1.2860672,58.2538637415154,21.5013736263736,0.727341066760255,817.943664531484,817.943746079727,38.807,500
17821,"NelderMead",10.0005,90.0414741807502,0.14283769,1.2860672,59.7870708473874,24.2293956043956,0.665869893878664,6901.30336747955,6901.30398946107,16.887,500
17821,"DE",0.132009826872849,1.18857651297204,0.14283769,1.2860672,14.328707445235,1.45604395604396,0.995840889226327,7.58053643065172,7.58052822029503,68.465,500
17833,"BiLSTM",0.310184419155121,1.9423553943634,0.24055895,1.4826015,31.8697583960804,3.2239010989011,0.984054680279639,28.9432046303498,31.0099439642684,NA,500
17833,"ABC",0.276250706587241,1.70257528930296,0.24055895,1.4826015,28.3933696549665,2.43681318681319,0.986146219871253,14.8370104655185,14.8370138100466,51.635,500
17833,"ABC-SMC",1.84792049627962,11.3890162035424,0.24055895,1.4826015,75.7792793726519,12.853021978022,0.86249963395238,668.177819316064,668.177841688575,44.554,500
17833,"NelderMead",10.0005,61.6346086169996,0.24055895,1.4826015,79.9784724841681,14.6813186813187,0.803374006550822,4057.19307055506,4057.19319162969,19.833,500
17833,"DE",0.223760711506648,1.37907143418565,0.24055895,1.4826015,27.4169625589432,2.15659340659341,0.986295060498798,6.98300291606362,6.98300020702447,69.92,500
17840,"BiLSTM",0.188831061124802,1.55399477481842,0.2259096,1.8431442,55.7313042360715,5.61401098901099,0.95629152368008,16.4129983299507,15.6878352318598,NA,500
17840,"ABC",0.185645924986515,1.51464221624895,0.2259096,1.8431442,57.913948986534,5.97115384615385,0.954087240176302,17.8229145700249,17.8229128112197,81.479,500
17840,"ABC-SMC",1.1045937008344,9.01212483499422,0.2259096,1.8431442,136.870897825243,29.592032967033,0.34758163669016,388.953856247987,388.953866712882,67.809,500
17840,"NelderMead",10.0005,81.5917693033007,0.2259096,1.8431442,144.282864528223,33.9684065934066,0.171491677387024,4326.77070828331,4326.77080302782,28.365,500
17840,"DE",0.215785112420555,1.76054088412627,0.2259096,1.8431442,34.0280689688332,3.1510989010989,0.971175856583027,4.48165442258523,4.48165237824205,96.097,500
17856,"BiLSTM",0.109591297805309,1.13162291049957,0.13575414,1.2935877,69.4341775922971,5.40934065934066,0.602169149281051,19.2722241801913,12.5205882446491,NA,500
17856,"ABC",0.107752145477825,1.02675955094467,0.13575414,1.2935877,75.7753895657253,5.72115384615385,0.568298304178989,20.6269912079107,20.6269856350156,65.496,500
17856,"ABC-SMC",1.82184033810441,17.3601366279053,0.13575414,1.2935877,180.718167866087,31.4684065934066,-0.00239740285966563,1242.01456994564,1242.01466417045,53.368,500
17856,"NelderMead",10.0005,95.2937766917626,0.13575414,1.2935877,182.953039213963,32.1332417582418,0.0146979206726952,7266.62616698099,7266.62668420259,23.764,500
17856,"DE",0.135397521888696,1.29018961206734,0.13575414,1.2935877,29.2069334123263,2.62362637362637,0.814120026310823,0.262694096330565,0.262687093628334,140.208,500
17888,"BiLSTM",0.495076805353165,3.33759188652039,0.4924869,3.2162883,16.206280815216,1.48763736263736,0.992951069355719,0.525883095197998,3.77153958867387,NA,500
17888,"ABC",1.62582548881108,10.6177925552474,0.4924869,3.2162883,28.5559723746357,5.00412087912088,0.950872895699185,230.125631526662,230.125646859686,42.192,500
17888,"ABC-SMC",1.57516841834957,10.2869659878707,0.4924869,3.2162883,28.526566326738,4.92445054945055,0.952693017207602,219.839658344125,219.839673199405,31.21,500
17888,"NelderMead",10.0005,65.3103516825783,0.4924869,3.2162883,35.0637807843274,7.63186813186813,0.86941516560542,1930.6123878625,1930.61248217637,11.726,500
17888,"DE",0.540426301544022,3.52936671289987,0.4924869,3.2162883,14.5726766590907,1.46840659340659,0.99311050661888,9.73414755682267,9.73415265353767,27.986,500
17958,"BiLSTM",0.823134958744049,4.20158624649048,0.80637515,3.8008006,6.12956901391563,1.74175824175824,0.996803801716439,2.07841334694516,10.5447690807689,NA,500
17958,"ABC",0.824967552088491,3.88843473264117,0.80637515,3.8008006,5.61425632610032,1.76923076923077,0.996669188146409,2.30567646938161,2.30567561584712,48.188,500
17958,"ABC-SMC",1.52752770448865,7.19990957967784,0.80637515,3.8008006,24.6161858117297,13.5865384615385,0.83744192176208,89.4313961049828,89.4313945245599,32.121,500
17958,"NelderMead",10.0005,47.136752767225,0.80637515,3.8008006,31.6948496953037,25.510989010989,0.428424256718694,1140.1795863873,1140.17957604051,14.767,500
17958,"DE",0.77856056688449,3.66969821064394,0.80637515,3.8008006,5.94941843168203,1.11813186813187,0.998517469047029,3.44933535160532,3.44933615712585,33.866,500
17966,"BiLSTM",0.446447134017944,1.99711942672729,0.4237689,1.8003631,13.9421270232415,1.29945054945055,0.993591719620348,5.35155694954121,10.9287024782554,NA,500
17966,"ABC",0.47241298726466,2.00702519063734,0.4237689,1.8003631,13.107046155773,1.56181318681319,0.992801010053412,11.4789186428404,11.4789117060519,30.262,500
17966,"ABC-SMC",1.3284257934565,5.64375684673103,0.4237689,1.8003631,35.7968084295146,7.90521978021978,0.903679449405489,213.478830904414,213.478811398158,23.413,500
17966,"NelderMead",10.0005,42.4866715353958,0.4237689,1.8003631,41.6921277943763,11.4684065934066,0.747983660931424,2259.89474451759,2259.89459767287,7.989,500
17966,"DE",0.410303606967451,1.74315630008642,0.4237689,1.8003631,12.6449540121853,1.19093406593407,0.99423246203056,3.1775085506627,3.17751457545333,29.913,500
18005,"BiLSTM",0.157094553112984,1.87946248054504,0.2046614,2.3728473,35.7852302526586,4.0521978021978,0.977750619118858,23.2417284778743,20.7929443860528,NA,500
18005,"ABC",0.21501247178329,2.49285775979624,0.2046614,2.3728473,27.0807887011656,2.17582417582418,0.986752835952279,5.05765707812491,5.05765625104661,50.661,500
18005,"ABC-SMC",1.35917858990573,15.7583365592411,0.2046614,2.3728473,79.7972385705171,16.8186813186813,0.656415440051421,564.110863067355,564.110857839067,45.362,500
18005,"NelderMead",10.0005,115.945944065835,0.2046614,2.3728473,84.6448141584308,19.8200549450549,0.534107704290062,4786.36352531547,4786.36348684702,17.882,500
18005,"DE",0.208807118227106,2.42091279941086,0.2046614,2.3728473,28.7436328392033,2.12087912087912,0.987375382243157,2.02564735074911,2.02564654754066,60.085,500
18085,"BiLSTM",0.429225832223892,1.94565510749817,0.3502094,1.4854034,38.0177509076203,3.31456043956044,0.977562450656149,22.5626245965677,30.9849639160762,NA,500
18085,"ABC",0.400564015066546,1.69898116470975,0.3502094,1.4854034,35.7401978286066,2.78021978021978,0.979443174152772,14.3784304666139,14.3784351584057,58.067,500
18085,"ABC-SMC",1.27386788128754,5.40307530190073,0.3502094,1.4854034,85.9157839886703,11.6730769230769,0.89102270625262,263.744628581511,263.744643502279,42.948,500
18085,"NelderMead",10.0005,42.4168434971804,0.3502094,1.4854034,96.8550190931697,14.9285714285714,0.771165676328491,2755.5772632031,2755.5773803386,17.871,500
18085,"DE",0.379178652546771,1.60827574246769,0.3502094,1.4854034,34.0607922952612,2.39148351648352,0.981381666665784,8.27198029144015,8.27198473274596,67.91,500
18149,"BiLSTM",1.02098596096039,4.67986726760864,1.0882468,4.806504,11.9422695733007,1.18406593406593,0.99582613080502,6.18066040163057,2.63469524609483,NA,500
18149,"ABC",4.48702396425046,19.8180204171358,1.0882468,4.806504,18.8578360644523,4.59752747252747,0.943638313923756,312.316761625254,312.316736179472,43.516,500
18149,"ABC-SMC",1.74390450967212,7.70237365647554,1.0882468,4.806504,14.2865170397388,2.41071428571429,0.985761109001004,60.2489903643288,60.2489804746972,29.135,500
18149,"NelderMead",10.0005,44.1696132582776,1.0882468,4.806504,20.4594659924551,5.47664835164835,0.915342313099287,818.955148776913,818.95509206437,12.143,500
18149,"DE",1.02242236303542,4.51577424747648,1.0882468,4.806504,11.366470314382,1.18818681318681,0.995724910451307,6.04866809299003,6.04867389111746,25.386,500
18153,"BiLSTM",0.482938855886459,2.48828935623169,0.2042067,1.0261806,19.6326866720159,5.47527472527473,0.952749124354,136.495108087276,142.480646801517,NA,500
18153,"ABC",0.222509747046796,1.11815724424754,0.2042067,1.0261806,11.4701884556017,1.4010989010989,0.990504131180104,8.96300025748226,8.963007510329,29.627,500
18153,"ABC-SMC",1.82987858575645,9.19551625901001,0.2042067,1.0261806,35.0606584021629,9.21978021978022,0.889553647461328,796.091355355359,796.091415001415,26.545,500
18153,"NelderMead",10.0005,50.2545693818339,0.2042067,1.0261806,37.4651543337646,10.4478021978022,0.872362277654805,4797.24382206852,4797.24414804118,11.97,500
18153,"DE",0.203219009206792,1.02121731892308,0.2042067,1.0261806,11.5142393470175,1.27884615384615,0.992001587927852,0.483672079911412,0.483665455858551,39.973,500
18182,"BiLSTM",0.738617718219757,3.1892237663269,0.7865154,3.2441332,13.2700246514968,1.47115384615385,0.994429171402013,6.08985936959949,1.69257642297473,NA,500
18182,"ABC",0.817695178017207,3.37274026932588,0.7865154,3.2441332,15.0392062525139,1.79532967032967,0.99296937233019,3.96429339046722,3.96429682128581,38.745,500
18182,"ABC-SMC",1.42259386367046,5.86776067645624,0.7865154,3.2441332,29.5108264286064,7.89285714285714,0.893803052268159,80.8729827375866,80.8729887063896,27.415,500
18182,"NelderMead",10.0005,41.2489763547116,0.7865154,3.2441332,40.2164331432423,15.8324175824176,0.552544094647982,1171.49449330553,1171.49453526482,11.839,500
18182,"DE",0.742958027296474,3.06447258642022,0.7865154,3.2441332,13.3592944574935,1.42857142857143,0.994744225251291,5.53801905258643,5.53801593534387,26.947,500
18238,"BiLSTM",0.778907537460327,3.32041168212891,0.76416695,3.0848389,18.4522841495381,2.19230769230769,0.990218769112334,1.92897474306199,7.63646951316992,NA,500
18238,"ABC",0.761999395752602,3.07608891919472,0.76416695,3.0848389,17.4211672187041,2.23214285714286,0.989980350096837,0.28364930561285,0.283644659864676,62.092,500
18238,"ABC-SMC",1.10321757161036,4.45354073298154,0.76416695,3.0848389,34.820438503132,6.28846153846154,0.947252718392251,44.3686581329328,44.3686648590156,41.966,500
18238,"NelderMead",10.0005,40.3706714308136,0.76416695,3.0848389,63.834537397283,19.0604395604396,0.51688424021071,1208.67999460066,1208.68005557158,12.006,500
18238,"DE",0.756780256069125,3.0550199553116,0.76416695,3.0848389,17.3627569008281,2.25686813186813,0.989782935001243,0.966633525681119,0.966628911752927,44.538,500
18251,"BiLSTM",0.807656109333038,4.55440998077393,0.71012753,3.8026009,17.2440194328242,1.96978021978022,0.991910404167116,13.7339527356499,19.7709173417049,NA,500
18251,"ABC",0.782484839171495,4.19006054030014,0.71012753,3.8026009,15.257283232645,1.5782967032967,0.994263749370502,10.1893400994459,10.1893322620351,44.306,500
18251,"ABC-SMC",1.6132936824582,8.63888712008908,0.71012753,3.8026009,39.5113738789374,10.4697802197802,0.799553388038198,127.183655653823,127.183639494986,29.831,500
18251,"NelderMead",10.0005,53.5508144511,0.71012753,3.8026009,49.67616049804,17.4052197802198,0.433852871061478,1308.26817402784,1308.26807386229,13.378,500
18251,"DE",0.753650288759803,4.03565689459469,0.71012753,3.8026009,13.6940988181226,1.32142857142857,0.995534828607256,6.12886515747434,6.12885760887202,30.165,500
18265,"BiLSTM",0.575857937335968,2.65581178665161,0.5964482,2.531809,15.2875918928949,2.08379120879121,0.995588485337565,3.45214599759576,4.89779389565371,NA,500
18265,"ABC",0.563228306308934,2.39079719362419,0.5964482,2.531809,14.5332674356484,2.12637362637363,0.995673105543748,5.56961923785937,5.56960680587733,68.904,500
18265,"ABC-SMC",1.58441014275972,6.72552014951801,0.5964482,2.531809,54.5326644269614,22.3695054945055,0.705936684414934,165.640862485581,165.640897457826,50.491,500
18265,"NelderMead",10.0005,42.4502232345623,0.5964482,2.531809,61.6567352742798,31.3145604395604,0.414637712337898,1576.67535923488,1576.67557997314,22.146,500
18265,"DE",0.577350334935715,2.45074252313088,0.5964482,2.531809,15.8364836446906,2.06043956043956,0.995638938744552,3.20193188013399,3.20191913644034,59.749,500
18277,"BiLSTM",0.86248654127121,4.53332853317261,0.8947297,4.4831696,4.361693357594,1.54945054945055,0.995498523525893,3.60367591785432,1.11882747359385,NA,500
18277,"ABC",0.995852555381803,4.98986049211519,0.8947297,4.4831696,7.95809203892231,2.21016483516484,0.993587491350144,11.3020564067341,11.3020683427902,45.793,500
18277,"ABC-SMC",1.70109129089669,8.52355921572376,0.8947297,4.4831696,20.2250911509506,10.8296703296703,0.861088059144072,90.1234854388637,90.1235058277465,29.09,500
18277,"NelderMead",10.0005,50.1089238378931,0.8947297,4.4831696,27.6029097022915,21.5549450549451,0.472698512053202,1017.71186314705,1017.71198301071,13.54,500
18277,"DE",0.918657568897611,4.60306406209634,0.8947297,4.4831696,4.67469844325276,1.34752747252747,0.997264815902242,2.67431257703982,2.67432358785482,29.273,500
18294,"BiLSTM",0.288127034902573,1.57153081893921,0.2833339,1.6020901,23.1025506959695,1.80357142857143,0.989590601883737,1.69169128811364,1.90746332311716,NA,500
18294,"ABC",0.287343744346075,1.62476348586487,0.2833339,1.6020901,23.6466746591972,1.79120879120879,0.989757134927703,1.41523635049506,1.41523787362981,43.976,500
18294,"ABC-SMC",1.57185063302799,8.8879106089102,0.2833339,1.6020901,78.9575249559131,18.9313186813187,0.674947531740567,454.769702117533,454.769710449506,34.219,500
18294,"NelderMead",10.0005,56.5470714435395,0.2833339,1.6020901,82.3772929666926,21.9697802197802,0.520836943957667,3429.58117613177,3429.58122914183,16.957,500
18294,"DE",0.288070247157444,1.62887144110495,0.2833339,1.6020901,22.7413845013271,1.76648351648352,0.98983125621931,1.67164859462406,1.67165012160982,58.141,500
18337,"BiLSTM",1.02069532871246,4.66077327728271,1.1294398,4.7798266,11.7117671011975,2.28708791208791,0.993221036494659,9.62817772913056,2.49074564163656,NA,500
18337,"ABC",1.17283228033081,4.96346498693385,1.1294398,4.7798266,10.9306740133991,2.28983516483516,0.993727010524556,3.84194716095619,3.84194662906493,69.631,500
18337,"ABC-SMC",2.10479988266549,8.9075826930394,1.1294398,4.7798266,28.3718345044092,11.8021978021978,0.857838828175534,86.3578636652872,86.3578627107393,41.537,500
18337,"NelderMead",10.0005,42.3224466398821,1.1294398,4.7798266,41.1015849502563,21.3942307692308,0.524038833657601,785.438958322524,785.438953787197,18.791,500
18337,"DE",1.07066881834061,4.53110583802871,1.1294398,4.7798266,11.0692921411548,1.85576923076923,0.995501513288933,5.2035515004332,5.2035519859923,43.071,500
18451,"BiLSTM",0.374689549207687,2.38318395614624,0.30352134,1.8425387,12.0482759335399,1.82417582417582,0.993803589152766,23.4475141707293,29.3424098037257,NA,500
18451,"ABC",0.434681330710764,2.63875106324481,0.30352134,1.8425387,15.5083285639861,2.54807692307692,0.991731953326058,43.2127740048736,43.2127891395067,36.03,500
18451,"ABC-SMC",1.48136898155226,8.99271189939816,0.30352134,1.8425387,36.400976527947,7.66071428571429,0.929581020085782,388.060899293692,388.060950871651,27.714,500
18451,"NelderMead",10.0005,60.7084504062558,0.30352134,1.8425387,40.5970329384971,9.97802197802198,0.858165389878385,3194.82599147724,3194.82633967231,12.677,500
18451,"DE",0.304982520468498,1.8514090514111,0.30352134,1.8425387,12.9990142932143,1.25137362637363,0.994730147373152,0.481409468111084,0.481420086921264,33.828,500
18464,"BiLSTM",0.281141936779022,1.74072813987732,0.29301405,1.7583215,13.454415554196,1.10989010989011,0.99361093741543,4.05172148604403,1.00057697768473,NA,500
18464,"ABC",0.296672494609763,1.78027505555257,0.29301405,1.7583215,14.3902186538014,1.19505494505495,0.993739363908559,1.2485560367372,1.24855184632452,27.146,500
18464,"ABC-SMC",1.44685911087495,8.68232556367524,0.29301405,1.7583215,40.6440889589886,9.24725274725275,0.868408775895193,393.784892183482,393.784871747018,23.684,500
18464,"NelderMead",10.0005,60.0110930960149,0.29301405,1.7583215,43.6234252447246,11.4793956043956,0.762088825793606,3312.97627195692,3312.97613070277,9.99600000000001,500
18464,"DE",0.331530550667404,1.98945160144739,0.29301405,1.7583215,14.317784940254,1.67445054945055,0.992845215184263,13.1449330390143,13.1449283562417,27.061,500
18733,"BiLSTM",0.442074805498123,2.1467604637146,0.5631231,2.5366323,41.5241590966506,4.88461538461539,0.939261923174309,21.4958850918879,15.3696630089194,NA,500
18733,"ABC",0.517527257846524,2.33124229816818,0.5631231,2.5366323,27.7176055545141,2.68818681318681,0.976523775541662,8.09695822342867,8.09695602440389,45.245,500
18733,"ABC-SMC",1.5140224452881,6.82003336310904,0.5631231,2.5366323,73.1796641801937,12.8337912087912,0.64294828751425,168.861718741088,168.86172517432,31.578,500
18733,"NelderMead",10.0005,45.0480399811997,0.5631231,2.5366323,84.1601583468822,17.8695054945055,0.306725497664374,1675.89944365628,1675.8994861494,12.648,500
18733,"DE",0.527760956403452,2.37734079941792,0.5631231,2.5366323,27.2349591493379,2.50274725274725,0.979197755111893,6.27964713160375,6.27964488909496,40.896,500
18779,"BiLSTM",0.815254926681519,4.1154088973999,0.7841399,3.790489,17.3309506814356,3.94642857142857,0.987903222273326,3.96804532985996,8.57197837534688,NA,500
18779,"ABC",0.731447370434911,3.53577656284308,0.7841399,3.790489,14.4171019113717,2.16208791208791,0.995452505405827,6.71978680909985,6.71977776896113,74.542,500
18779,"ABC-SMC",1.51833605379301,7.33955339852947,0.7841399,3.790489,47.1392986031055,20.260989010989,0.716702539827879,93.6307607600397,93.6307795255301,49.357,500
18779,"NelderMead",10.0005,48.3418697584323,0.7841399,3.790489,59.6723829833836,33.8653846153846,0.270042601557937,1175.34640183467,1175.34652543332,22.639,500
18779,"DE",0.737575709715702,3.56540061957499,0.7841399,3.790489,13.0756833360357,2.09615384615385,0.995736833262588,5.93825034082544,5.93824122494505,56.85,500
18808,"BiLSTM",0.598808884620667,2.74433517456055,0.4942796,2.0154452,24.6062675058797,2.67445054945055,0.987655507892518,21.1478047284708,36.1652092828199,NA,500
18808,"ABC",0.619180194446196,2.52473240200211,0.4942796,2.0154452,24.6800567831694,2.83928571428571,0.987062286431656,25.269218969627,25.2692160522205,57.446,500
18808,"ABC-SMC",1.18438328234266,4.82937095879601,0.4942796,2.0154452,46.6448022202482,7.08241758241758,0.955620400568242,139.618078986602,139.618073406114,42.221,500
18808,"NelderMead",10.0005,40.7774451002987,0.4942796,2.0154452,61.1036438168107,11.6304945054945,0.839939134157702,1923.2475708081,1923.2475236885,13.356,500
18808,"DE",0.438849183635819,1.78942537803315,0.4942796,2.0154452,22.9461570770546,2.15659340659341,0.989205433466265,11.2143848065308,11.2143868742673,51.319,500
18839,"BiLSTM",0.128925204277039,1.53650546073914,0.19035919,2.2360072,112.110136727809,14.2884615384615,0.751051960973635,32.2726660703701,31.2835190897804,NA,500
18839,"ABC",0.183287537505945,2.15294182569365,0.19035919,2.2360072,33.3648011315265,3.26648351648352,0.979541514480977,3.71489944565051,3.7148974433691,68.513,500
18839,"ABC-SMC",1.62040231971622,19.0336559486752,0.19035919,2.2360072,124.464389864875,36.3228021978022,0.0474276433237238,751.2340905192,751.234108220902,56.732,500
18839,"NelderMead",10.0005,117.468405221773,0.19035919,2.2360072,127.504412332506,38.7980769230769,-0.0386164363012405,5153.48946904008,5153.48957828818,25.076,500
18839,"DE",0.177314739917274,2.08278383284793,0.19035919,2.2360072,38.6375576919996,4.11950549450549,0.971531568411079,6.85254548662775,6.85254354959475,103.295,500
18950,"BiLSTM",0.432520270347595,2.11162424087524,0.3698025,1.7675947,16.8526470398248,2.0728021978022,0.994163619962387,16.9598016096687,19.4631462107939,NA,500
18950,"ABC",0.398700707122899,1.9057233455901,0.3698025,1.7675947,15.2673352334545,1.50961538461538,0.99511359222158,7.81449750147674,7.81449761023249,40.664,500
18950,"ABC-SMC",1.50230349242959,7.18076187610597,0.3698025,1.7675947,44.8203554661416,15.7815934065934,0.786907010090214,306.244817822916,306.244818232707,31.501,500
18950,"NelderMead",10.0005,47.8007336758977,0.3698025,1.7675947,48.7260576729464,21.092032967033,0.601828999076304,2604.28133936358,2604.28134209147,14.085,500
18950,"DE",0.375774380901988,1.79613930340696,0.3698025,1.7675947,16.9476773143085,1.62087912087912,0.994575222374579,1.61488386422164,1.61488396672365,41.021,500
18987,"BiLSTM",0.312581270933151,2.86356806755066,0.31789374,2.9100332,25.3730217612059,2.38186813186813,0.985302109464967,1.67114617194058,1.59672172981878,NA,500
18987,"ABC",0.325839886506899,2.98277320182487,0.31789374,2.9100332,23.7848304912165,2.30494505494505,0.986297654715205,2.49962346125442,2.49962790200724,51.582,500
18987,"ABC-SMC",1.4203818682831,13.0023276723154,0.31789374,2.9100332,66.2457602530821,12.6318681318681,0.764604137757237,346.810266941116,346.810286298982,49.072,500
18987,"NelderMead",10.0005,91.5456475406613,0.31789374,2.9100332,74.5184173444662,16.2815934065934,0.596058080647425,3045.86251368146,3045.86264997462,19.402,500
18987,"DE",0.356217559444664,3.26085367178799,0.31789374,2.9100332,24.8429159115237,2.50686813186813,0.984946215123262,12.0555439200106,12.0555487747696,52.448,500
19070,"BiLSTM",0.388893663883209,2.79458451271057,0.3804507,2.7550838,24.7320878665015,2.23489010989011,0.993020309467448,2.219200512237,1.43373906487241,NA,500
19070,"ABC",0.427456090598028,3.09547946659322,0.3804507,2.7550838,27.9562172727566,2.7239010989011,0.991648711178495,12.3551857305107,12.3551837731113,76.705,500
19070,"ABC-SMC",1.6715489628407,12.1047415294506,0.3804507,2.7550838,63.683344027592,14.7994505494505,0.843757028643804,339.360201687287,339.36019403296,57.408,500
19070,"NelderMead",10.0005,72.4199352554699,0.3804507,2.7550838,70.7317277101983,18.9848901098901,0.726837526245594,2528.59287681689,2528.59283102278,18.089,500
19070,"DE",0.377227140432497,2.73173992167667,0.3804507,2.7550838,24.8856338182664,2.25549450549451,0.992984649461004,0.847300206702947,0.847301934094828,69.691,500
19108,"BiLSTM",0.632995009422302,3.94261240959167,0.7060468,4.3403206,17.1375358977435,2.23351648351648,0.995775085883802,10.3465932538321,9.1631063016019,NA,500
19108,"ABC",1.11203390284093,6.83606751001575,0.7060468,4.3403206,29.5585046004458,7.00686813186813,0.967972573497966,57.5014436494758,57.5014414837407,89.942,500
19108,"ABC-SMC",1.74099405918831,10.7025090626667,0.7060468,4.3403206,34.9233038885801,11.1634615384615,0.916324952045272,146.583379343736,146.583375953073,56.746,500
19108,"NelderMead",10.0005,61.4766267100867,0.7060468,4.3403206,45.0204349478833,17.989010989011,0.763089351442265,1316.40752426043,1316.40750478402,18.168,500
19108,"DE",0.679247405493757,4.17557514037644,0.7060468,4.3403206,17.4137451976806,1.98076923076923,0.996562347145952,3.79569661759578,3.79569794046007,58.754,500
19132,"BiLSTM",0.529518306255341,4.272545337677,0.48366883,4.3393292,17.8112727128518,2.25549450549451,0.99514042872769,9.47951850759963,1.53903654792999,NA,500
19132,"ABC",0.576584310642412,5.17293876369726,0.48366883,4.3393292,20.4470354948828,3.37225274725275,0.99052783606411,19.2105579022762,19.2105628606666,72.284,500
19132,"ABC-SMC",1.40980022005915,12.6482980421154,0.48366883,4.3393292,43.4695388385946,14.9684065934066,0.838192167830262,191.480478504092,191.4804906278,51.882,500
19132,"NelderMead",10.0005,89.7214390879217,0.48366883,4.3393292,53.5125608518346,22.6538461538462,0.602635602804846,1967.63375675873,1967.63384275896,26.629,500
19132,"DE",0.493123263381474,4.424151676248,0.48366883,4.3393292,17.3403301543074,1.84752747252747,0.996302148740087,1.95473282441506,1.95473706507442,59.335,500
19188,"BiLSTM",0.910181224346161,4.15514278411865,1.0234596,4.3791075,12.3418821881636,2.17582417582418,0.993458057436354,11.0681824327838,5.11439182256539,NA,500
19188,"ABC",1.12051610432702,4.79438606779997,1.0234596,4.3791075,14.8222693477006,2.38598901098901,0.993216664543594,9.48317885014867,9.48317820012348,65.486,500
19188,"ABC-SMC",1.82996181620962,7.82991284316321,1.0234596,4.3791075,28.6008923526629,9.11538461538461,0.913806453954029,78.8015683481415,78.8015672865581,38.622,500
19188,"NelderMead",10.0005,42.7894411208219,1.0234596,4.3791075,41.8404529032948,18.7376373626374,0.614470919577668,877.126991627222,877.126985825809,18.387,500
19188,"DE",1.01725514416593,4.35256028160003,1.0234596,4.3791075,13.3536240631408,1.5260989010989,0.996764739347533,0.606223815192458,0.6062244053147,39.154,500
19278,"BiLSTM",0.847825348377228,4.38049173355103,1.0107659,4.928331,18.0269330794353,2.50961538461538,0.982896858009257,16.1205034343533,11.1161215926644,NA,500
19278,"ABC",1.30459525577768,6.36099512819762,1.0107659,4.928331,18.1451375683763,3.17994505494505,0.972114039425847,29.0699711750939,29.0699656374059,49.238,500
19278,"ABC-SMC",1.81228434836421,8.83640490014018,1.0107659,4.928331,24.8792818649445,5.83241758241758,0.916052962610635,79.298129108254,79.2981214155499,29.671,500
19278,"NelderMead",10.0005,48.7608179608319,1.0107659,4.928331,37.7621704776457,11.6881868131868,0.653301429001523,889.39823751474,889.398195065062,12.774,500
19278,"DE",0.96266896207662,4.69381791074057,1.0107659,4.928331,14.9995236952488,1.86126373626374,0.990109014150308,4.75846463789291,4.75846872418737,29.677,500
19280,"BiLSTM",0.181343570351601,1.98442792892456,0.17947137,2.0788178,17.8628492788357,1.39423076923077,0.994770173947224,1.04317493737338,4.54055526537436,NA,500
19280,"ABC",0.177094102823751,2.05128193548951,0.17947137,2.0788178,18.3219057973771,1.40659340659341,0.994719954630213,1.32459409890772,1.32459249244895,39.568,500
19280,"ABC-SMC",1.22610997106961,14.2020383201678,0.17947137,2.0788178,56.8195750848133,11.2184065934066,0.850808814874536,583.17858779905,583.178598921358,37,500
19280,"NelderMead",10.0005,115.835844721937,0.17947137,2.0788178,60.1568996215375,13.4656593406593,0.789138192079054,5472.19795001286,5472.19804072956,15.357,500
19280,"DE",0.181141780944478,2.09816621270334,0.17947137,2.0788178,17.108980636322,1.39835164835165,0.994639133174257,0.930739507074772,0.930741150250915,44.7,500
19336,"BiLSTM",0.418972671031952,4.11596441268921,0.41582593,3.8378572,17.1621199957332,2.00686813186813,0.991341262155605,0.756744783075912,7.24641898320784,NA,500
19336,"ABC",0.384625189892132,3.54989069426674,0.41582593,3.8378572,21.0015804563405,1.98489010989011,0.991776147518273,7.50331757999516,7.50331475942525,58.372,500
19336,"ABC-SMC",1.47088243852305,13.5754808007705,0.41582593,3.8378572,63.3477154854905,17.2898351648352,0.607167324977093,253.725521283161,253.725532069575,47.087,500
19336,"NelderMead",10.0005,92.299419853314,0.41582593,3.8378572,71.7800243280909,22.521978021978,0.348483357618592,2304.97267690834,2304.97275024496,20.5,500
19336,"DE",0.422484749880865,3.89931476534936,0.41582593,3.8378572,18.5097148365804,2.07005494505495,0.990842464588301,1.60134791999742,1.60135101820265,50.477,500
19365,"BiLSTM",0.724616587162018,3.85332107543945,0.76694125,3.9306815,17.3298624652634,2.08516483516484,0.994980527166984,5.51863168632307,1.96811734963891,NA,500
19365,"ABC",1.07558228244889,5.5125100956238,0.76694125,3.9306815,24.5578682003491,5.05357142857143,0.979662216917409,40.2431128132554,40.2431129467955,80.98,500
19365,"ABC-SMC",1.73911457006359,8.91320615945303,0.76694125,3.9306815,33.339157994993,9.5989010989011,0.928124263101576,126.759816356676,126.759816572598,53.679,500
19365,"NelderMead",10.0005,51.2539655132385,0.76694125,3.9306815,43.8445522158483,16.0247252747253,0.767108965332625,1203.9460323721,1203.94603361372,23.63,500
19365,"DE",0.760316509130173,3.89672877737151,0.76694125,3.9306815,17.7019444836328,2.08791208791209,0.994963995005189,0.863787267907028,0.863787173509064,55.718,500
19373,"BiLSTM",0.48061865568161,3.60884189605713,0.43064088,3.2011511,22.0544067061989,3.12912087912088,0.989063939753126,11.605441564584,12.7357560865255,NA,500
19373,"ABC",0.433979647965961,3.22596976876265,0.43064088,3.2011511,19.3829520060954,2.16071428571429,0.992966044850613,0.775302141766295,0.775304507264699,66.657,500
19373,"ABC-SMC",1.82311197158922,13.5520274579268,0.43064088,3.2011511,63.7425725199878,18.9010989010989,0.683461358394652,323.348561703947,323.348571641206,48.83,500
19373,"NelderMead",10.0005,74.338303244675,0.43064088,3.2011511,70.2759578778852,23.6538461538462,0.49088715499546,2222.23656983053,2222.23662434038,21.692,500
19373,"DE",0.441631376879572,3.28284857925473,0.43064088,3.2011511,20.8708479018051,2.24587912087912,0.992783289230443,2.55212577114644,2.55212817835222,61.422,500
19416,"BiLSTM",0.108585722744465,1.19949734210968,0.15970232,1.6271135,40.6391483990143,7.35851648351648,0.932149555757983,32.0074230953784,26.2806594555524,NA,500
19416,"ABC",0.174738174789732,1.78030519898799,0.15970232,1.6271135,19.3492463885703,2.26236263736264,0.988981833376542,9.41492571287141,9.41493626523205,44.721,500
19416,"ABC-SMC",1.54124545809364,15.7028497365418,0.15970232,1.6271135,82.7494980573415,27.646978021978,0.440933950596317,865.073931357818,865.074024432946,38.184,500
19416,"NelderMead",10.0005,101.889253243622,0.15970232,1.6271135,84.2382255896903,29.7513736263736,0.353047473539335,6161.96288194185,6161.9634858676,12.379,500
19416,"DE",0.162357910867243,1.65416992114974,0.15970232,1.6271135,17.5393736236775,1.63598901098901,0.991959266095166,1.6628380021296,1.6628478068516,73.199,500
19450,"BiLSTM",0.676330924034119,3.54693222045898,0.8025591,3.852638,24.9040615607907,3.37912087912088,0.968826923345379,15.7282094198273,7.93497285602788,NA,500
19450,"ABC",0.77476970914405,3.71923671416136,0.8025591,3.852638,19.9353523142713,1.94230769230769,0.987399043571727,3.4625974406059,3.46259591061095,52.358,500
19450,"ABC-SMC",1.70004284369982,8.16095632716595,0.8025591,3.852638,51.4488635793332,10.4519230769231,0.753416227311882,111.82774498474,111.82774834194,34.068,500
19450,"NelderMead",10.0005,48.00681585895,0.8025591,3.852638,67.506129899442,16.8351648351648,0.378360443542958,1146.07645717306,1146.07647692179,14.756,500
19450,"DE",0.848699970002052,4.07413461120793,0.8025591,3.852638,21.1586762488507,2.07005494505495,0.984753316044617,5.74921772141793,5.74921939740842,37.169,500
19490,"BiLSTM",0.542493343353271,2.55817651748657,0.51513326,2.4759612,12.0206982351528,1.86675824175824,0.997157163530044,5.31126321629309,3.32054143201324,NA,500
19490,"ABC",0.557356389962273,2.67890460451138,0.51513326,2.4759612,12.7337614819004,2.24175824175824,0.99643466912577,8.19654509636459,8.19655027354129,46.137,500
19490,"ABC-SMC",1.54444300100074,7.42328524674546,0.51513326,2.4759612,30.9500306700905,15.4752747252747,0.864287015303333,199.814265730141,199.814280076176,33.567,500
19490,"NelderMead",10.0005,48.0668849947687,0.51513326,2.4759612,34.3797037161569,22.8090659340659,0.669512840436918,1841.34232373192,1841.34241662465,15.2,500
19490,"DE",0.494354203500546,2.37608786024111,0.51513326,2.4759612,11.1691206754104,1.14423076923077,0.998312978765049,4.03372449673589,4.03371990477443,40.367,500
19493,"BiLSTM",0.500397205352783,3.10181427001953,0.48523188,2.9256427,6.44410212260621,2.625,0.98967217988314,3.12537695437142,6.02163654569067,NA,500
19493,"ABC",0.489705897153888,2.95261817658511,0.48523188,2.9256427,6.6121935532066,2.21153846153846,0.992182891855315,0.922036934978045,0.922035920008673,38.651,500
19493,"ABC-SMC",1.27904483618367,7.71183490730249,0.48523188,2.9256427,29.293479089484,19.5851648351648,0.657391437964424,163.594559406046,163.594556755085,30.408,500
19493,"NelderMead",10.0005,60.296717369651,0.48523188,2.9256427,32.6915163248422,28.0947802197802,0.332982289952094,1960.97340512746,1960.97338440033,12.254,500
19493,"DE",0.468335496533856,2.82376811846179,0.48523188,2.9256427,6.68406904724065,1.49175824175824,0.995429856067322,3.48212559037635,3.48212656105322,31.996,500
19606,"BiLSTM",0.575466752052307,3.20913648605347,0.61278266,3.1446075,21.2420509737749,2.20192307692308,0.989827867644541,6.08958287881268,2.05205215765295,NA,500
19606,"ABC",0.750178969941378,3.8496821200416,0.61278266,3.1446075,24.1702767532261,2.57417582417582,0.987849170411518,22.4217033069079,22.4217050948837,58.702,500
19606,"ABC-SMC",1.69454421132004,8.69586700417437,0.61278266,3.1446075,43.6752995463987,8.0521978021978,0.90766678714594,176.53266352544,176.532667564215,43.776,500
19606,"NelderMead",10.0005,51.3194152116587,0.61278266,3.1446075,54.008297146024,12.4395604395604,0.760048690886058,1531.98155770269,1531.98158153788,16.85,500
19606,"DE",0.670059678770513,3.43853516038344,0.61278266,3.1446075,22.8289833205364,2.14972527472527,0.990953835404612,9.34703647954287,9.34703807656248,42.387,500
19732,"BiLSTM",0.950376152992249,4.42588329315186,1.0771413,4.816191,10.1074409942563,3.31043956043956,0.992622591860832,11.7686646132454,8.10407450302831,NA,500
19732,"ABC",1.15416952082126,5.1606054889745,1.0771413,4.816191,7.6544082910655,2.50549450549451,0.995886613119893,7.15117142210186,7.15118002949841,76.327,500
19732,"ABC-SMC",1.74162638165515,7.78728471231592,1.0771413,4.816191,20.1705089388052,12.1373626373626,0.911234985477981,61.6896856201827,61.689698608629,43.826,500
19732,"NelderMead",10.0005,44.7149524064429,1.0771413,4.816191,31.8650124319693,28.456043956044,0.517208103193203,828.429724122546,828.429798702811,13.715,500
19732,"DE",1.07663577739575,4.81393105797957,1.0771413,4.816191,7.76941126162632,1.32005494505495,0.998783758206128,0.0469318746061625,0.0469238454294208,43.565,500
19733,"BiLSTM",0.112198732793331,1.48937678337097,0.14960067,1.9524827,36.8134644059328,4.21153846153846,0.974801658818142,25.0011829537053,23.7188230466282,NA,500
19733,"ABC",0.12699691224706,1.65747447146076,0.14960067,1.9524827,28.6680744008171,2.87225274725275,0.983617952163602,15.1093960695097,15.1093901389878,48.675,500
19733,"ABC-SMC",1.33053933711261,17.3652645998842,0.14960067,1.9524827,93.815534188727,20.7486263736264,0.576426464793107,789.393969366988,789.394031500725,43.453,500
19733,"NelderMead",10.0005,130.519499715058,0.14960067,1.9524827,96.8224687463686,23.1552197802198,0.47694587507447,6584.79626461566,6584.7967316206,19.197,500
19733,"DE",0.15981492625242,2.08579213253984,0.14960067,1.9524827,25.1867021546444,2.28708791208791,0.986963039851429,6.82768082015949,6.82768828322227,66.452,500
19803,"BiLSTM",0.867570281028748,4.65213298797607,0.9054299,4.862954,15.1366265679072,1.64148351648352,0.996168686882831,4.18139703264189,4.33524586134119,NA,500
19803,"ABC",0.989940847732109,5.31685201066414,0.9054299,4.862954,15.8640766416018,2.0521978021978,0.994493416273963,9.33379245948351,9.33379198454565,67.475,500
19803,"ABC-SMC",1.63533803406411,8.78320187963618,0.9054299,4.862954,26.6184057115769,8.70467032967033,0.907413715898087,80.6145383606293,80.6145375760532,45.973,500
19803,"NelderMead",10.0005,53.7114703918507,0.9054299,4.862954,41.1182406847467,18.543956043956,0.580179769964081,1004.50295489469,1004.50295009681,18.25,500
19803,"DE",0.908882485566182,4.88149739644614,0.9054299,4.862954,16.3221105923515,1.5,0.997038052709372,0.381320029985977,0.381319593936993,41.434,500
19819,"BiLSTM",0.233557865023613,1.18729889392853,0.26397356,1.2530571,22.5795088322605,3.25824175824176,0.98356796557039,11.5222505528156,5.24782199242733,NA,500
19819,"ABC",0.245383980038336,1.16481416387981,0.26397356,1.2530571,20.4532317975968,2.59615384615385,0.987095446902684,7.04221284952324,7.04221189283297,55.767,500
19819,"ABC-SMC",1.25188466769072,5.94257617079283,0.26397356,1.2530571,58.8503813447378,21.1909340659341,0.763880171445986,374.246234240549,374.246239121332,46.167,500
19819,"NelderMead",10.0005,47.4714121274755,0.26397356,1.2530571,63.9011884472888,25.793956043956,0.641746793540603,3688.44760058545,3688.44763957488,19.625,500
19819,"DE",0.262233628979093,1.24479782760362,0.26397356,1.2530571,18.9217969053197,1.97115384615385,0.989444788000306,0.659130793594304,0.659129771211501,87.975,500
19882,"BiLSTM",0.305184990167618,1.50852012634277,0.28615785,1.5108495,32.5257047200954,3.03296703296703,0.980994788687275,6.64917637856792,0.154176419109019,NA,500
19882,"ABC",0.282820349705674,1.49322828886225,0.28615785,1.5108495,29.3530660757731,2.13461538461538,0.984568320808829,1.16631442902093,1.1663114782609,56.741,500
19882,"ABC-SMC",1.68972645559737,8.92137834693555,0.28615785,1.5108495,101.247372506547,30.396978021978,0.394132865017401,490.487542311829,490.487559941314,45.87,500
19882,"NelderMead",10.0005,52.8004067539959,0.28615785,1.5108495,103.966059881548,33.1826923076923,0.250326809604493,3394.7494887874,3394.74959312598,20.995,500
19882,"DE",0.302665675262067,1.5980071760722,0.28615785,1.5108495,32.2518713833506,2.8282967032967,0.982168360138828,5.76878295041255,5.76878610822554,87.206,500
19895,"BiLSTM",0.758669793605804,4.28079223632812,0.8177787,4.4723897,15.5209525280417,1.74725274725275,0.994437810339027,7.22798311990708,4.2840064601677,NA,500
19895,"ABC",3.3164297226968,18.137382951225,0.8177787,4.4723897,30.8049045471874,6.85989010989011,0.927728396417448,305.541220711276,305.541202083196,62.344,500
19895,"ABC-SMC",1.5937415613952,8.7160903264377,0.8177787,4.4723897,24.4196876638276,4.1717032967033,0.974064133498721,94.8866559370158,94.8866469851163,38.985,500
19895,"NelderMead",10.0005,54.6922182497604,0.8177787,4.4723897,34.4252839844953,8.70604395604396,0.872728689884158,1122.88584919123,1122.88579301934,16.962,500
19895,"DE",0.837307899640585,4.57919367925518,0.8177787,4.4723897,17.1771344744138,1.67307692307692,0.995152836066781,2.38807878471099,2.38807408162969,38.464,500
19897,"BiLSTM",0.296006351709366,2.50921750068665,0.31910732,2.5897217,17.4978409330164,2.43269230769231,0.992603343132305,7.23924737628525,3.10860426868859,NA,500
19897,"ABC",0.317531263299602,2.57693109186913,0.31910732,2.5897217,17.7593692965103,2.27472527472527,0.993164510086044,0.493895502114325,0.493898944078567,65.606,500
19897,"ABC-SMC",1.32282512652685,10.7354128290555,0.31910732,2.5897217,56.8585056812699,15.7651098901099,0.848539601694078,314.539261125958,314.539246786845,55.012,500
19897,"NelderMead",10.0005,81.1592506402171,0.31910732,2.5897217,62.7613789139182,20.9752747252747,0.707860688065741,3033.89865202716,3033.89854362409,23.682,500
19897,"DE",0.315097578291196,2.55718047424234,0.31910732,2.5897217,17.8469384542507,2.27747252747253,0.993125749703462,1.25654958614065,1.25655300172433,64.078,500
19900,"BiLSTM",0.56145441532135,3.93527579307556,0.58022314,3.9841897,15.9093505991968,1.87087912087912,0.994948031822134,3.23474253002903,1.2277002504283,NA,500
19900,"ABC",0.75451191678574,5.18096930446562,0.58022314,3.9841897,19.8688727937767,3.43681318681319,0.984482760652965,30.0382326678216,30.038218422823,61.472,500
19900,"ABC-SMC",1.15028655669343,7.89861526237561,0.58022314,3.9841897,29.2385076801009,7.72527472527473,0.931654522862414,98.2489972208681,98.2489755037421,49.04,500
19900,"NelderMead",10.0005,68.6699340018795,0.58022314,3.9841897,44.1745393827029,16.010989010989,0.700950609690276,1623.56104239483,1623.56085358786,20.183,500
19900,"DE",0.579204528395951,3.97719481411326,0.58022314,3.9841897,15.5102670255427,1.79120879120879,0.995140143141009,0.175555150049539,0.175566085287938,46.008,500
19917,"BiLSTM",0.599076807498932,4.40122604370117,0.5756308,4.5166516,12.014371374315,1.92582417582418,0.995643611977423,4.07309815578525,2.55555589673617,NA,500
19917,"ABC",0.694075967587861,5.44602468087835,0.5756308,4.5166516,15.9192654343982,3.75686813186813,0.987584272005423,20.5765861708339,20.5765944151714,71.83,500
19917,"ABC-SMC",1.26588675029592,9.93270305737213,0.5756308,4.5166516,33.5925802093468,12.3791208791209,0.881625774568539,119.912963360529,119.91297839692,52.833,500
19917,"NelderMead",10.0005,78.4683123526095,0.5756308,4.5166516,45.9468981274987,22.3681318681319,0.590067888782187,1637.31148506994,1637.31160385737,22.646,500
19917,"DE",0.5765669252163,4.52399715814772,0.5756308,4.5166516,11.8755093278058,1.90934065934066,0.995878236659344,0.16262597767532,0.162632826222938,53.352,500
19971,"BiLSTM",0.789817988872528,4.14507579803467,0.74353987,3.967733,9.92587622505944,1.27335164835165,0.996184688961129,6.22402654379893,4.46962530076162,NA,500
19971,"ABC",2.67436548270703,14.2711488316735,0.74353987,3.967733,20.8235424596447,5.64835164835165,0.939260830256177,259.680171919635,259.680170809718,43.595,500
19971,"ABC-SMC",2.05814769697898,10.9828414594336,0.74353987,3.967733,20.2720827205829,4.90934065934066,0.955096329968202,176.803945560979,176.803944706805,27.482,500
19971,"NelderMead",10.0005,53.3654150167572,0.74353987,3.967733,24.7466544052813,7.79120879120879,0.875704875516826,1244.98503758783,1244.98503343741,12.177,500
19971,"DE",0.803200548100766,4.28609875417072,0.74353987,3.967733,10.073519950848,1.31318681318681,0.995968885851142,8.02387074425027,8.02387041090518,26.358,500
19991,"BiLSTM",0.798784732818604,3.68424344062805,0.8777992,3.8705375,18.4009355864221,1.54395604395604,0.992818665955653,9.00142847947418,4.8131314932861,NA,500
19991,"ABC",1.45701615088254,6.42451645415307,0.8777992,3.8705375,23.7344103410509,3.5782967032967,0.968001046398372,65.9851308684878,65.9851236205066,46.787,500
19991,"ABC-SMC",1.79840193901868,7.92981110155019,0.8777992,3.8705375,27.2433864217423,4.69505494505495,0.947222587827649,104.876233541643,104.876224595426,31.355,500
19991,"NelderMead",10.0005,44.0958576614552,0.8777992,3.8705375,37.0830448029665,8.73214285714286,0.799199928375373,1039.26966440617,1039.26961465831,8.411,500
19991,"DE",0.925033405737987,4.07881019864141,0.8777992,3.8705375,18.1139252662071,1.41620879120879,0.99368515312413,5.38098072292468,5.38097612131154,28.302,500
