"sim_idx","method","pred_beta","pred_R0","true_beta","true_R0","smape","mae","pearson_r","err_beta_pct","err_R0_pct","time_sec","n_model_runs"
6,"BiLSTM",0.330458134412766,1.45340061187744,0.5486803,2.4661314,24.2469241202816,2.91758241758242,0.987262834864285,39.7721889390296,41.0655648000978,NA,400
6,"ABC",1.24335766277122,5.58846993311238,0.5486803,2.4661314,34.5303885158867,4.33516483516483,0.961155122493353,126.60876703086,126.608765985153,40.456,400
6,"ABC-SMC",2.01504644873631,9.05694863977345,0.5486803,2.4661314,40.1770970519118,5.81868131868132,0.932000341568186,267.253289162434,267.25328746771,28.149,400
6,"NelderMead",10.0005,44.9488471736499,0.5486803,2.4661314,45.3563692148507,7.6043956043956,0.868567700783102,1722.64608370302,1722.64607529225,12.583,400
6,"DE",0.536794696706928,2.41270964310839,0.5486803,2.4661314,21.264245468315,1.44368131868132,0.991370367228884,2.16621651863065,2.16621697009369,31.248,400
19,"BiLSTM",0.286229133605957,1.29129135608673,0.33168313,1.5862021,31.2306997454764,2.46153846153846,0.980684249833334,13.7040422869993,18.5922552941563,NA,400
19,"ABC",0.317183676176361,1.51686166105742,0.33168313,1.5862021,29.5299974685473,1.92307692307692,0.983098774141064,4.37147762795136,4.37147567403784,47.623,400
19,"ABC-SMC",1.25316308034627,5.99297875144418,0.33168313,1.5862021,80.9550433255989,11.456043956044,0.834131344392387,277.81936040771,277.81936812744,38.648,400
19,"NelderMead",10.0005,47.8252072246311,0.33168313,1.5862021,91.2665209293858,15.0370879120879,0.680836998655377,2915.07646771182,2915.07652931686,16.376,400
19,"DE",0.360166945011307,1.72241975707495,0.33168313,1.5862021,32.8871751174057,2.00961538461538,0.98316757082451,8.58765865219236,8.58766087089121,61.781,400
218,"BiLSTM",0.880617439746857,4.20737552642822,0.95965236,4.3959727,6.19630651550628,1.13461538461538,0.995937631778458,8.23578657725005,4.2902262239203,NA,400
218,"ABC",0.972684432495703,4.45567019329592,0.95965236,4.3959727,7.4492129442439,1.44093406593407,0.994433968043119,1.35799931713849,1.35800418632986,33.839,400
218,"ABC-SMC",1.34075848865793,6.1417428250534,0.95965236,4.3959727,17.7480262816566,6.29807692307692,0.915649127751472,39.7129361155252,39.71294282727,23.717,400
218,"NelderMead",10.0005,45.8102631022139,0.95965236,4.3959727,28.8080129459906,17.8063186813187,0.366721796193905,942.096119057114,942.096169118929,9.34,400
218,"DE",0.90359930837784,4.13920524531447,0.95965236,4.3959727,6.31730569259407,1.02197802197802,0.9968114171017,5.84097470694078,5.84097018358477,22.631,400
274,"BiLSTM",0.277623862028122,2.19711780548096,0.27680475,2.3088672,16.4764588947254,1.82142857142857,0.990904542391573,0.295916897423892,4.84000961679576,NA,400
274,"ABC",0.291542486230431,2.43179688046704,0.27680475,2.3088672,16.3423226891406,1.99313186813187,0.989915543665654,5.32423530681147,5.3242421420792,49.515,400
274,"ABC-SMC",2.14245316890978,17.8705031985753,0.27680475,2.3088672,75.3324737529162,20.0673076923077,0.546064466295854,673.994365671029,673.994415901241,39.897,400
274,"NelderMead",10.0005,83.4155769800533,0.27680475,2.3088672,77.9691053368228,22.1978021978022,0.43573288348136,3512.83540112661,3512.83563559019,18.431,400
274,"DE",0.293370843596729,2.4470474664013,0.27680475,2.3088672,16.1605871277149,2.0521978021978,0.98967344008443,5.98475770257888,5.9847645807128,54.349,400
285,"BiLSTM",0.702686905860901,4.13762092590332,0.75713855,4.4793363,9.02956789782484,1.10027472527473,0.996085591957673,7.19176749606781,7.62870548694189,NA,400
285,"ABC",4.1503278871047,24.5539136325734,0.75713855,4.4793363,19.2658074992951,6.35164835164835,0.909194052595531,448.159631695507,448.159637680551,41.858,400
285,"ABC-SMC",1.73860891577145,10.2858507375558,0.75713855,4.4793363,16.0397803928937,4.31868131868132,0.961354924001898,129.628898934211,129.628901441398,28.296,400
285,"NelderMead",10.0005,59.1643407369071,0.75713855,4.4793363,21.1465330407665,7.36263736263736,0.869533153279165,1220.82826848534,1220.82828290671,11.259,400
285,"DE",0.741743853662399,4.38825919679903,0.75713855,4.4793363,8.18789493332319,1.14835164835165,0.995533397115583,2.03327334707775,2.03327227743467,25.136,400
323,"BiLSTM",0.380596578121185,3.77892565727234,0.40295416,3.9455984,12.9344582354974,2.25961538461538,0.995000105551021,5.54841818206188,4.22427033444816,NA,400
323,"ABC",0.409394500591906,4.00865996346436,0.40295416,3.9455984,13.0405381978602,2.13186813186813,0.995669089960157,1.59828120198729,1.59827628337342,70.196,400
323,"ABC-SMC",1.44939974341993,14.1920585501335,0.40295416,3.9455984,43.0179584050215,19.0467032967033,0.77613833831816,259.693455806468,259.693438392855,52.691,400
323,"NelderMead",10.0005,97.9216963263183,0.40295416,3.9455984,49.3271126969509,26.3502747252747,0.562611058562906,2381.79594423346,2381.79582408383,23.896,400
323,"DE",0.38850495010137,3.80411616870134,0.40295416,3.9455984,13.1697711353488,2.11675824175824,0.995509774543056,3.58581976139176,3.58582442903102,62.574,400
359,"BiLSTM",0.941289842128754,4.40312004089355,0.86728495,4.0366483,10.3836276527387,1.94642857142857,0.99598216173293,8.53293858365161,9.07861457470928,NA,400
359,"ABC",1.36413917861536,6.3491821357054,0.86728495,4.0366483,19.6887917092264,5.67307692307692,0.971170347038843,57.2884642602592,57.2884646825783,61.217,400
359,"ABC-SMC",1.82207259415153,8.48056484712054,0.86728495,4.0366483,24.0802112630572,8.26510989010989,0.937174187887921,110.089266987918,110.089267552007,35.743,400
359,"NelderMead",10.0005,46.5458341373724,0.86728495,4.0366483,31.9102944786313,15.456043956044,0.765785824112649,1053.08123356689,1053.08123666291,15.924,400
359,"DE",0.836463133619784,3.89319276831091,0.86728495,4.0366483,8.46565823314796,1.46978021978022,0.997021057155969,3.55382811384145,3.5538278548837,38.307,400
409,"BiLSTM",0.379299223423004,1.98651230335236,0.21480735,1.1275607,56.2441489861026,5.45741758241758,0.950288620971349,76.5764641773217,76.1778592808667,NA,400
409,"ABC",0.198750721415522,1.04327675486267,0.21480735,1.1275607,43.3990461175867,1.80357142857143,0.981112960304154,7.47489719717582,7.47489205125056,47.53,400
409,"ABC-SMC",1.48697794032581,7.80540321608279,0.21480735,1.1275607,95.410111235498,11.6868131868132,0.854198954375845,592.237924040219,592.237962540091,39.766,400
409,"NelderMead",10.0005,52.4943462478891,0.21480735,1.1275607,101.675776584172,13.1277472527473,0.812303824097495,4555.56695336542,4555.56721229191,16.911,400
409,"DE",0.212487093719228,1.11538133802358,0.21480735,1.1275607,40.4532802213745,1.5989010989011,0.982280436231265,1.08015683856791,1.08015133698938,73.284,400
431,"BiLSTM",0.306219846010208,2.27152419090271,0.24728762,1.9948326,64.0649184854306,6.60851648351648,0.903288410498103,23.8314501996534,13.8704165403508,NA,400
431,"ABC",0.308272899638718,2.48679193820338,0.24728762,1.9948326,66.312592263506,6.82967032967033,0.898104056640629,24.6616792376092,24.6616853064953,57.067,400
431,"ABC-SMC",1.07702240936856,8.68818066077488,0.24728762,1.9948326,135.52369567198,25.1085164835165,0.158790496003291,335.534301866206,335.534323069258,46.783,400
431,"NelderMead",10.0005,80.6725560603881,0.24728762,1.9948326,142.538726237881,28.6840659340659,-0.0556409113217713,3944.07628655248,3944.07648342964,20.433,400
431,"DE",0.368572103031793,2.97321670357757,0.24728762,1.9948326,93.3035738062229,11.4945054945055,0.755224514386203,49.0459178796712,49.0459251356516,58.051,400
542,"BiLSTM",0.769053637981415,3.36055088043213,0.82430446,3.5648758,6.6520578653485,1.80769230769231,0.996302926617041,6.70272025685573,5.7316139756642,NA,400
542,"ABC",0.822261394605663,3.55604049538001,0.82430446,3.5648758,6.36673027481142,1.60714285714286,0.997436928865025,0.247853250040264,0.247843266236236,56.04,400
542,"ABC-SMC",1.14487199394192,4.95123716033924,0.82430446,3.5648758,17.3762489316338,8.89972527472528,0.946764459108525,38.889457657662,38.8894715585671,39.414,400
542,"NelderMead",10.0005,43.2492431328393,0.82430446,3.5648758,29.650874663893,28.657967032967,0.44052077623094,1113.20464528361,1113.20476670854,14.391,400
542,"DE",0.792984065167867,3.42942459226162,0.82430446,3.5648758,7.06831279575055,1.53708791208791,0.997403220571853,3.79961486950264,3.79960524118061,37.535,400
640,"BiLSTM",0.46618190407753,4.00174236297607,0.46964404,4.034237,11.7504539028067,1.47527472527473,0.994192335291223,0.73718297851072,0.805471692018239,NA,400
640,"ABC",0.479544778467915,4.11928417621808,0.46964404,4.034237,11.5431232686465,1.59478021978022,0.993237277960178,2.10813672157223,2.10813534797481,39.473,400
640,"ABC-SMC",1.54779209750021,13.2955164597514,0.46964404,4.034237,37.6539674948517,11.1730769230769,0.779298841939902,229.567069029602,229.567064596141,32.378,400
640,"NelderMead",10.0005,85.9041809106573,0.46964404,4.034237,44.0134605718429,15.6332417582418,0.558975873868018,2029.37866729875,2029.37863865354,13.738,400
640,"DE",0.432702687776667,3.71691115157187,0.46964404,4.034237,10.8814157716082,1.50274725274725,0.994305307873234,7.86581944558123,7.8658206850052,33.466,400
720,"BiLSTM",0.273731797933578,2.19750761985779,0.31748608,2.5315435,17.7804657539825,2.44368131868132,0.993272666714876,13.7814804562208,13.1949492529839,NA,400
720,"ABC",0.363059418662038,2.89493249382366,0.31748608,2.5315435,14.0382789994486,1.9793956043956,0.994840181114861,14.3544367872878,14.3544439913303,47.567,400
720,"ABC-SMC",1.73906912841977,13.8668423681757,0.31748608,2.5315435,45.1790835305113,13.8228021978022,0.833255218173516,447.762323444154,447.762357951806,36.293,400
720,"NelderMead",10.0005,79.7411413018127,0.31748608,2.5315435,48.2773530142412,17.092032967033,0.729966506767063,3049.9018791627,3049.90207759862,17.695,400
720,"DE",0.32630950746182,2.60189915930583,0.31748608,2.5315435,14.4385039267365,1.58653846153846,0.995825748888987,2.77915411655847,2.77916059138724,43.095,400
751,"BiLSTM",0.978532433509827,4.46506690979004,1.0312747,4.456529,13.3988495584706,1.78159340659341,0.997047438518484,5.11427910431366,0.191582053881829,NA,400
751,"ABC",1.32677539283863,5.7334996466781,1.0312747,4.456529,16.3168627935825,4.9217032967033,0.982625038537197,28.6539263339463,28.6539288014977,81.786,400
751,"ABC-SMC",1.6945037122368,7.32259317428121,1.0312747,4.456529,21.2896857428284,8.09203296703297,0.954079838428513,64.3115759784272,64.3115791298837,47.476,400
751,"NelderMead",10.0005,43.2159531493348,1.0312747,4.456529,35.186832173548,18.2747252747253,0.733751913566547,869.722228228813,869.722246827851,21.295,400
751,"DE",0.999111006561804,4.31753756817755,1.0312747,4.456529,12.8523198783474,1.77335164835165,0.997014619168067,3.11882890545031,3.11882704729277,49.359,400
878,"BiLSTM",0.649317741394043,3.17746186256409,0.6607333,3.1471155,13.4050056863155,2.04395604395604,0.993711890133638,1.72771050073562,0.964259575604612,NA,400
878,"ABC",0.714682751748646,3.40408033551337,0.6607333,3.1471155,14.8423417132641,2.18818681318681,0.994034000199404,8.16508744884595,8.16509071603401,53.961,400
878,"ABC-SMC",1.60981479807181,7.66765237376537,0.6607333,3.1471155,41.5208689179756,15.8365384615385,0.773089391020706,143.640633531231,143.640640890535,36.035,400
878,"NelderMead",10.0005,47.6330306167431,0.6607333,3.1471155,49.074121122987,24.8695054945055,0.436664269823642,1413.5456318003,1413.54567751781,16.38,400
878,"DE",0.655562326315709,3.12248591176236,0.6607333,3.1471155,13.9235643149921,1.95467032967033,0.994113166694012,0.782611332634595,0.782608335716872,40.473,400
900,"BiLSTM",0.826862096786499,3.24231219291687,0.7942366,3.1901891,4.44730015899661,0.90521978021978,0.997470577212206,4.10778057653086,1.6338559026758,NA,400
900,"ABC",1.87126332295735,7.51625416481807,0.7942366,3.1901891,16.1464433893702,4.93818681318681,0.959876593247109,135.605274669708,135.605286370581,30.325,400
900,"ABC-SMC",1.3360432189492,5.36644965227735,0.7942366,3.1901891,13.3867429974766,3.20192307692308,0.983633068708745,68.2172817204845,68.2172900746652,20.461,400
900,"NelderMead",10.0005,40.1687452819147,0.7942366,3.1901891,19.5542759859302,8.85027472527472,0.832967622540554,1159.13361333386,1159.13367586626,9.021,400
900,"DE",0.808763116377127,3.2485375346393,0.7942366,3.1901891,4.17866445038164,0.869505494505495,0.997363819009215,1.82899105595573,1.82899611309246,18.63,400
928,"BiLSTM",0.197707176208496,2.16377949714661,0.21734461,2.3894646,25.1694211387314,2.56593406593407,0.976289740990278,9.03516024230088,9.44500717246004,NA,400
928,"ABC",0.239414657881837,2.63210028943455,0.21734461,2.3894646,19.0900262523879,2.1717032967033,0.97952345291781,10.1544031305109,10.1543956514172,35.189,400
928,"ABC-SMC",1.74871380825427,19.2251809541084,0.21734461,2.3894646,76.0319801363146,17.043956043956,0.425810512369806,704.581171005011,704.5811163768,29.308,400
928,"NelderMead",10.0005,109.944475318974,0.21734461,2.3894646,79.081838439619,18.9793956043956,0.301159966916864,4501.21831408656,4501.21800168013,13.479,400
928,"DE",0.207878265689539,2.28539241552469,0.21734461,2.3894646,22.2731914961668,2.15659340659341,0.980467358580474,4.3554539081787,4.35546040210454,44.831,400
930,"BiLSTM",0.197003558278084,1.48430407047272,0.1608755,1.2931038,39.0488924412559,2.41895604395604,0.979522676442103,22.4571536859769,14.7861502280573,NA,400
930,"ABC",0.170785074130127,1.37275615839138,0.1608755,1.2931038,35.0661200103943,1.7967032967033,0.98168582291258,6.15977829447433,6.1597807068064,43.024,400
930,"ABC-SMC",1.67441605395571,13.4588163601799,0.1608755,1.2931038,95.5483972843945,11.9766483516484,0.836538034196266,940.814825101217,940.814848752274,39.139,400
930,"NelderMead",10.0005,80.3831835534584,0.1608755,1.2931038,99.5703488800952,13.2788461538462,0.77053869713136,6116.29769604446,6116.2978373011,17.526,400
930,"DE",0.152364290477438,1.22469143827213,0.1608755,1.2931038,35.8712247905663,1.89835164835165,0.980877220277949,5.29055668673074,5.29055453459148,68.113,400
980,"BiLSTM",0.376783490180969,1.64692902565002,0.3984853,1.6735333,34.6866546652692,3.0989010989011,0.966169716564395,5.44607538070557,1.58970690036317,NA,400
980,"ABC",0.32499990817072,1.36491401509948,0.3984853,1.6735333,51.8952988346828,5.55906593406593,0.951328113702179,18.4411800960486,18.4411798020701,90.601,400
980,"ABC-SMC",1.23332717318227,5.17964929083992,0.3984853,1.6735333,138.044384481019,25.6043956043956,0.503657955764163,209.503806836105,209.50380795171,64.504,400
980,"NelderMead",10.0005,41.9994660454864,0.3984853,1.6735333,150.148079383919,31.5934065934066,0.221354025845284,2409.62833509793,2409.62834414388,25.9,400
980,"DE",0.375589053387787,1.57737510072664,0.3984853,1.6735333,35.9068421263765,3.11401098901099,0.965700513051309,5.74581963555825,5.74581929581934,119.857,400
993,"BiLSTM",0.490304052829742,2.28631019592285,0.522372,2.4757195,14.1969297374746,1.78434065934066,0.996520775303751,6.13891004308376,7.65067706891464,NA,400
993,"ABC",0.552669665135825,2.61931159526218,0.522372,2.4757195,12.5282069602768,2.1771978021978,0.995020065794851,5.80001706366821,5.80001471338649,52.678,400
993,"ABC-SMC",1.44025752203742,6.82592779306794,0.522372,2.4757195,41.1270432916384,19.0027472527473,0.753003328749562,175.714916197158,175.714910072322,41.386,400
993,"NelderMead",10.0005,47.3961703723721,0.522372,2.4757195,46.3334299363507,27.7527472527473,0.472779533860387,1814.44028393559,1814.44024140748,15.641,400
993,"DE",0.519065594902946,2.46004913458894,0.522372,2.4757195,10.9799683718208,1.48763736263736,0.99700355956744,0.632959863287878,0.632962070664994,45.914,400
1005,"BiLSTM",0.245709374547005,2.69350481033325,0.09545442,1.0287952,154.928852735482,20.7912087912088,0.559410168773746,157.4101592645,161.811564666442,NA,400
1005,"ABC",0.112889262593011,1.21670568175853,0.09545442,1.0287952,75.3616403564905,5.10164835164835,0.678456177368583,18.2650971982344,18.2651009412302,55.863,400
1005,"ABC-SMC",1.75481020335225,18.913114460885,0.09545442,1.0287952,178.68811548341,26.3928571428571,0.440417267808964,1738.37501013808,1738.37506832118,44.647,400
1005,"NelderMead",10.0005,107.784078759493,0.09545442,1.0287952,180.099187228816,26.8598901098901,0.450217557374957,10376.7280551283,10376.7283867084,17.79,400
1005,"DE",0.0909867246559696,0.98064299748886,0.09545442,1.0287952,73.3471937867907,2.21291208791209,0.829884249326214,4.68044889281229,4.68044587602469,136.165,400
1010,"BiLSTM",0.280757218599319,3.64466309547424,0.31946102,4.1874785,14.9337775369991,1.96016483516484,0.987874346575087,12.1153439629913,12.9628224843604,NA,400
1010,"ABC",0.351561096437035,4.6082446692535,0.31946102,4.1874785,14.5419767984608,1.52747252747253,0.993403001632447,10.0481981923915,10.0481989162094,35.39,400
1010,"ABC-SMC",1.77750200263564,23.2994043176223,0.31946102,4.1874785,46.2868380672232,11.8695054945055,0.711858748785011,456.406538311196,456.406541970838,30.782,400
1010,"NelderMead",10.0005,131.086036771203,0.31946102,4.1874785,49.9600409037734,14.6648351648352,0.555388525152524,3030.42887047691,3030.42889106662,13.508,400
1010,"DE",0.331812348076105,4.34937909714949,0.31946102,4.1874785,14.4270208715925,1.32005494505495,0.99441401974309,3.86630208471291,3.86630276787079,31.873,400
1052,"BiLSTM",0.241061523556709,1.25809800624847,0.21627265,1.223084,47.8168702533231,2.51923076923077,0.915037432953198,11.4618624022544,2.86276382067577,NA,400
1052,"ABC",0.204371366539196,1.15577883312528,0.21627265,1.223084,47.2236023565516,2.22664835164835,0.92718033162683,5.50290730742154,5.50290633143106,45.744,400
1052,"ABC-SMC",1.80895310029485,10.2301498435994,0.21627265,1.223084,130.679694722712,16.7486263736264,0.559053306890011,736.422497386911,736.4225060257,35.253,400
1052,"NelderMead",10.0005,56.5557025741794,0.21627265,1.223084,134.134018659136,17.728021978022,0.479656305095377,4524.0243507443,4524.02439850243,15.523,400
1052,"DE",0.224958309181335,1.27220391236937,0.21627265,1.223084,45.5555668895648,2.11813186813187,0.922176279115783,4.01606915221823,4.01607022652319,83.088,400
1086,"BiLSTM",0.623141765594482,2.98267102241516,0.6261031,2.9499824,16.7745520830133,2.11675824175824,0.994349625093852,0.472978716367576,1.10809550643967,NA,400
1086,"ABC",0.62644895406477,2.95161187897381,0.6261031,2.9499824,16.5542259126997,2.12637362637363,0.994354757182664,0.0552391554632938,0.0552369049325267,76.126,400
1086,"ABC-SMC",1.59658153696669,7.52254273821315,0.6261031,2.9499824,48.5201493837299,13.1813186813187,0.879102058648933,155.002975862392,155.00297012664,49.382,400
1086,"NelderMead",10.0005,47.1189143251818,0.6261031,2.9499824,60.3282651474495,20.4945054945055,0.674904000962321,1497.26089840475,1497.26086247775,22.641,400
1086,"DE",0.773527620702941,3.64459593900941,0.6261031,2.9499824,24.3458937636062,3.9217032967033,0.98707247241701,23.5463649202409,23.546362141327,48.295,400
1157,"BiLSTM",0.769127070903778,3.96390295028687,0.88879824,4.4375815,11.2583389036157,5.27747252747253,0.974707296664466,13.4643796207587,10.6742501453356,NA,400
1157,"ABC",0.89131349023945,4.45013944727264,0.88879824,4.4375815,7.89964840916075,1.25274725274725,0.99843914194131,0.282994511718441,0.282990797411549,60.803,400
1157,"ABC-SMC",1.33901409166953,6.68541371251062,0.88879824,4.4375815,25.1298390532017,12.6634615384615,0.868372235761973,50.6544490535368,50.6544434735592,40.34,400
1157,"NelderMead",10.0005,49.9303780654034,0.88879824,4.4375815,38.8442105598941,31.8090659340659,0.247977351688294,1025.17099493806,1025.1709532637,16.027,400
1157,"DE",0.880556643617603,4.39643279074343,0.88879824,4.4375815,6.7175283919659,1.3228021978022,0.998298643226384,0.92727415643812,0.927277825918782,39.054,400
1227,"BiLSTM",0.239527612924576,1.28818380832672,0.2486722,1.3544701,45.4248414626673,2.03159340659341,0.96813209049601,3.6773660567704,4.89389109979458,NA,400
1227,"ABC",0.201893196935653,1.09967388279474,0.2486722,1.3544701,50.2708454715732,2.87912087912088,0.960257074439806,18.8115129332299,18.8115054887708,44.133,400
1227,"ABC-SMC",1.53240131062306,8.34669877355846,0.2486722,1.3544701,112.267518396389,13.8282967032967,0.745473587163003,516.233463420141,516.233519924763,36.816,400
1227,"NelderMead",10.0005,54.4708233452455,0.2486722,1.3544701,117.759058624473,15.6085164835165,0.638604060394216,3921.55930578489,3921.55967453586,15.798,400
1227,"DE",0.2527607964455,1.37674003217703,0.2486722,1.3544701,44.3967322321774,2.07554945054945,0.966632429645093,1.64417109974507,1.64418041985804,69.363,400
1346,"BiLSTM",0.298033773899078,1.29536330699921,0.31806073,1.396958,41.4235333677778,2.17582417582418,0.980468516635322,6.29658244855366,7.27256603282227,NA,400
1346,"ABC",0.327990191841885,1.44056919575617,0.31806073,1.396958,39.6693853845534,1.8956043956044,0.981405124908112,3.12187607752928,3.12186878604592,43.064,400
1346,"ABC-SMC",1.14813658330688,5.0427428489385,0.31806073,1.396958,72.1891801542541,9.12637362637363,0.894643094111876,260.980301877217,260.980276353226,37.597,400
1346,"NelderMead",10.0005,43.9233019782022,0.31806073,1.396958,84.4071381099754,12.2403846153846,0.75487053579841,3044.21085558095,3044.21063326186,14.771,400
1346,"DE",0.321845375895205,1.41358048454908,0.31806073,1.396958,38.7170355512554,1.91071428571429,0.981815773915289,1.18991297517464,1.18990582029544,56.416,400
1347,"BiLSTM",0.220875576138496,1.45192527770996,0.2213433,1.4819394,34.4364547045695,2.00686813186813,0.97032622369127,0.21131150638108,2.0253272360556,NA,400
1347,"ABC",0.187081214494493,1.25254770750706,0.2213433,1.4819394,36.7082720096106,2.61675824175824,0.965026575522888,15.479160880635,15.4791547139472,41.881,400
1347,"ABC-SMC",1.80783146317163,12.1038082892145,0.2213433,1.4819394,92.9161916272649,13.2348901098901,0.738274670694568,716.75454516655,716.754604757419,35.673,400
1347,"NelderMead",10.0005,66.9554310023631,0.2213433,1.4819394,96.1098003977565,14.4903846153846,0.648279367329432,4418.09474242049,4418.09507206321,14.452,400
1347,"DE",0.22013169962016,1.4738275911555,0.2213433,1.4819394,35.9822499714991,2.05082417582418,0.969870033880495,0.547385161348734,0.547377905230239,62.676,400
1396,"BiLSTM",0.444857388734818,2.84924507141113,0.41411427,2.629525,10.8184477024526,2.18681318681319,0.99497798353045,7.42382500724196,8.35588448146082,NA,400
1396,"ABC",0.411161131688526,2.61077313486868,0.41411427,2.629525,10.3752841319742,1.28434065934066,0.997574721658282,0.713121600826313,0.713127470981341,41.257,400
1396,"ABC-SMC",1.59530611569771,10.129805635204,0.41411427,2.629525,37.7006091272532,22.4120879120879,0.632529113648993,285.233311495813,285.233288719598,31.747,400
1396,"NelderMead",10.0005,63.5007414928341,0.41411427,2.629525,40.0070189213406,28.8035714285714,0.401763239049905,2314.91315911427,2314.91301633695,14.27,400
1396,"DE",0.399219170287319,2.53494458591058,0.41411427,2.629525,9.25925470329122,1.38324175824176,0.997381846325278,3.59685738737791,3.59686308703733,38.547,400
1510,"BiLSTM",0.298572093248367,4.30544185638428,0.30731535,4.067449,23.8557367894591,2.68956043956044,0.991775130989451,2.84504394317846,5.85115772525427,NA,400
1510,"ABC",0.33029626872783,4.3716114000926,0.30731535,4.067449,24.2145114652153,2.53708791208791,0.993129767430081,7.47795992872805,7.47796469218421,83.142,400
1510,"ABC-SMC",1.00776747920602,13.3382306064434,0.30731535,4.067449,59.3698568469827,15.1456043956044,0.828871322749307,227.926177200722,227.926191734511,73.709,400
1510,"NelderMead",10.0005,132.360864913829,0.30731535,4.067449,72.4948032885045,22.7788461538462,0.599321106352555,3154.14919886039,3154.14934308528,23.173,400
1510,"DE",0.334022477993821,4.42092936232413,0.30731535,4.067449,23.3805388984444,2.58379120879121,0.992921745505385,8.69046339332573,8.69046821052043,81.613,400
1522,"BiLSTM",0.292213618755341,1.86695897579193,0.19558021,1.2083687,60.7194187705516,8.19093406593407,0.956728906089726,49.4085821644943,54.5024275944859,NA,400
1522,"ABC",0.191964148108451,1.18602720184721,0.19558021,1.2083687,39.5701124833735,1.82554945054945,0.990628418958538,1.8488894615404,1.84889745594965,48.913,400
1522,"ABC-SMC",1.81801211618317,11.2323673161245,0.19558021,1.2083687,99.5134544406439,25.8695054945055,0.659749624530767,829.548094964806,829.548019253102,37.955,400
1522,"NelderMead",10.0005,61.7868760856956,0.19558021,1.2083687,100.882379565561,27.8379120879121,0.595180991280098,5013.24739859928,5013.24698212521,18.474,400
1522,"DE",0.197818429520173,1.22219716936452,0.19558021,1.2083687,40.4144648305178,1.81593406593407,0.990581234313982,1.14439979391237,1.14439155569967,85.971,400
1691,"BiLSTM",0.755184948444366,3.289963722229,0.7378316,3.0471575,23.5839621684565,2.14148351648352,0.985807516125833,2.35193890372362,7.96828592644141,NA,400
1691,"ABC",0.803201739116928,3.31712838864324,0.7378316,3.0471575,24.2161692741547,2.18269230769231,0.985887335367428,8.85976408667344,8.85976155296331,51.227,400
1691,"ABC-SMC",1.76545238370893,7.29110998593869,0.7378316,3.0471575,45.2862619069705,6.98351648351648,0.90065027780985,139.275789178578,139.275783609436,33.625,400
1691,"NelderMead",10.0005,41.3008847404867,0.7378316,3.0471575,59.5377484215796,11.5851648351648,0.707125233537203,1255.39057963904,1255.39054809233,15.241,400
1691,"DE",0.772090319821493,3.18864189872436,0.7378316,3.0471575,21.7595611061025,2.09615384615385,0.985954928288542,4.64316245353185,4.64316001796308,36.499,400
1692,"BiLSTM",0.647820115089417,2.87402248382568,0.5065817,2.0637157,22.7777371302997,2.22527472527473,0.990708529977695,27.8806784945876,39.2644579786685,NA,400
1692,"ABC",0.725287469142414,2.95468017180385,0.5065817,2.0637157,27.1072777294332,2.91346153846154,0.987978263362647,43.1728523044583,43.1728300464956,40.58,400
1692,"ABC-SMC",1.82078223952013,7.41751292993369,0.5065817,2.0637157,46.9957693995306,7.50137362637363,0.924225010489894,259.42519035333,259.425134476309,28.876,400
1692,"NelderMead",10.0005,40.740093156528,0.5065817,2.0637157,52.7801181734265,10.0260989010989,0.816719096522159,1874.11394845096,1874.11364155092,13.571,400
1692,"DE",0.495111097613544,2.01698637464193,0.5065817,2.0637157,20.879136433001,1.52197802197802,0.992949519681681,2.26431440110376,2.26432959530579,34.605,400
1776,"BiLSTM",0.299884498119354,1.98794078826904,0.29834843,2.1058755,18.9113458895293,2.07417582417582,0.993844523725029,0.514857115002834,5.60026989871703,NA,400
1776,"ABC",0.322675619366999,2.27758753258,0.29834843,2.1058755,19.3856874353958,2.4532967032967,0.993089888592295,8.1539525336195,8.15394986930626,60.951,400
1776,"ABC-SMC",1.64330222943447,11.5991554532789,0.29834843,2.1058755,70.8013916265221,21.3296703296703,0.735773737929061,450.799690628326,450.799677059678,50.454,400
1776,"NelderMead",10.0005,70.5879612604403,0.29834843,2.1058755,75.1494840116896,25.6662087912088,0.594450671911069,3251.95328495612,3251.95320238259,23.589,400
1776,"DE",0.315473873370203,2.22675441749282,0.29834843,2.1058755,19.6172728425984,2.29120879120879,0.993319310997277,5.74008161202759,5.74007900717871,70.511,400
1804,"BiLSTM",0.648899078369141,3.28748559951782,0.527622,2.6009154,13.8281078215041,4.24862637362637,0.983992436023568,22.9855992299678,26.3972522719433,NA,400
1804,"ABC",0.581246009414673,2.86525546134835,0.527622,2.6009154,7.71755586143383,2.21153846153846,0.994608791617689,10.1633384155082,10.16334715648,42.416,400
1804,"ABC-SMC",1.11131743002366,5.47824550034067,0.527622,2.6009154,28.5531196975366,13.2184065934066,0.848218525623831,110.627576185917,110.62759289828,34.645,400
1804,"NelderMead",10.0005,49.297520803746,0.527622,2.6009154,35.1771154263253,24.8104395604396,0.460903422105879,1795.39101857011,1795.39116896098,13.402,400
1804,"DE",0.544903306167009,2.68610390198471,0.527622,2.6009154,6.1553635466265,1.37225274725275,0.997085873296443,3.27531948383667,3.2753276782748,35.331,400
1815,"BiLSTM",0.861308574676514,3.94755363464355,1.062577,4.5735416,17.0867134779089,2.33928571428571,0.990363756176379,18.9415379142863,13.6871601945513,NA,400
1815,"ABC",1.38580957320646,5.9647982627159,1.062577,4.5735416,15.4987427032328,3.28021978021978,0.978157068103919,30.4196847105158,30.4196787608951,55.707,400
1815,"ABC-SMC",1.63721514696092,7.04689753418942,1.062577,4.5735416,19.2516361762997,4.61950549450549,0.960065262108667,54.0796711166272,54.0796640876606,36.094,400
1815,"NelderMead",10.0005,43.0441282695654,1.062577,4.5735416,34.864208321943,11.0851648351648,0.764992639157776,841.155323331862,841.15528039726,16.211,400
1815,"DE",1.02212134123157,4.39941224129114,1.062577,4.5735416,13.8347919824961,1.59478021978022,0.993923872366623,3.80731549510534,3.80731988332318,33.996,400
1957,"BiLSTM",0.493096500635147,2.06694054603577,0.49820906,2.0102558,10.788660327934,1.20879120879121,0.994133145952794,1.02618755364523,2.81977776339542,NA,400
1957,"ABC",0.522997982955482,2.11027816743174,0.49820906,2.0102558,10.9357408938338,1.42307692307692,0.992899361485866,4.97560661692554,4.97560397197908,33.531,400
1957,"ABC-SMC",1.33024433202182,5.36748833208104,0.49820906,2.0102558,42.2364893139754,11.4409340659341,0.796937603386054,167.005247159059,167.005240431642,27.793,400
1957,"NelderMead",10.0005,40.3516600468371,0.49820906,2.0102558,49.1262497067585,17.0288461538462,0.515527794858847,1907.28987144473,1907.28982086942,10.845,400
1957,"DE",0.513633724507976,2.0724937193077,0.49820906,2.0102558,10.4477074291551,1.31318681318681,0.993319250539821,3.09602248260523,3.09601988501644,32.126,400
2008,"BiLSTM",0.118388466536999,1.16253507137299,0.21285999,1.9635439,30.257851065548,5.51373626373626,0.924972303578293,44.3820012690037,40.7940371807839,NA,400
2008,"ABC",0.184932646159301,1.70592598233291,0.21285999,1.9635439,17.9650026997904,1.91208791208791,0.987237484852009,13.120053158275,13.1200487886769,30.533,400
2008,"ABC-SMC",1.3137777684871,12.1190480794987,0.21285999,1.9635439,62.55079584438,15.3145604395604,0.625387440688205,517.202776570222,517.202807612231,27.705,400
2008,"NelderMead",10.0005,92.2504119236183,0.21285999,1.9635439,65.043656170268,17.7211538461538,0.497283420129209,4598.15863469692,4598.15887098925,11.292,400
2008,"DE",0.209208480858191,1.92986036069022,0.21285999,1.9635439,14.399204323489,1.34065934065934,0.990633619872881,1.71545114786886,1.7154462046801,37.894,400
2041,"BiLSTM",0.258186966180801,3.12931203842163,0.29791325,3.6117418,11.7000606018207,1.51510989010989,0.995805541602381,13.3348495977264,13.3572605211804,NA,400
2041,"ABC",0.622969773092107,7.5525535397112,0.29791325,3.6117418,29.896199230709,4.96840659340659,0.969537360404791,109.111133221536,109.111114745556,38.819,400
2041,"ABC-SMC",1.67932877927276,20.3592871822372,0.29791325,3.6117418,36.2451151202454,9.00961538461539,0.889059016286158,463.697243836171,463.697194030793,30.004,400
2041,"NelderMead",10.0005,121.240732594444,0.29791325,3.6117418,38.370379795828,11.543956043956,0.807602275511181,3256.84968694746,3256.84939035355,13.2,400
2041,"DE",0.317562882283847,3.84996315113213,0.29791325,3.6117418,12.7186615760913,0.964285714285714,0.997699748086107,6.5957564102458,6.5957469919951,29.764,400
2045,"BiLSTM",0.525602757930756,3.05202460289001,0.6380234,3.6366858,9.43554568112761,1.7293956043956,0.991828805633924,17.6201440369185,16.0767586000964,NA,400
2045,"ABC",0.687360900070597,3.91790613493615,0.6380234,3.6366858,11.1553121894135,1.75412087912088,0.991195894133798,7.73286686202995,7.73287411676174,31.393,400
2045,"ABC-SMC",1.78500324163162,10.1743860474915,0.6380234,3.6366858,28.6789067194811,8.43131868131868,0.856868957617487,179.770811169563,179.770830009331,23.264,400
2045,"NelderMead",10.0005,57.0021080605615,0.6380234,3.6366858,32.7954503124773,12.6456043956044,0.668294657802907,1467.41900061973,1467.41910616973,7.38499999999999,400
2045,"DE",0.613643028376461,3.49771973542575,0.6380234,3.6366858,8.89687829177027,1.16895604395604,0.994255996943495,3.82123471075493,3.8212282340764,23.419,400
2046,"BiLSTM",0.212192699313164,1.18993711471558,0.23013246,1.2835635,42.2748287105076,3.48763736263736,0.705800701776193,7.79540647453047,7.29425426045723,NA,400
2046,"ABC",0.183070373417707,1.0210747651299,0.23013246,1.2835635,95.4372531493013,6.44093406593407,0.386893049022353,20.4499993535432,20.4499999314489,60.21,400
2046,"ABC-SMC",1.35141249154138,7.5375013806617,0.23013246,1.2835635,177.417840884123,27.2472527472527,-0.0562796916462875,487.23245366663,487.232449400571,51.605,400
2046,"NelderMead",10.0005,55.7777754972005,0.23013246,1.2835635,180.983430693813,28.3076923076923,-0.150698095426604,4245.540824619,4245.54079305002,19.089,400
2046,"DE",0.204029621494108,1.13797494350054,0.23013246,1.2835635,53.6716711842168,4.31043956043956,0.64264555050594,11.3425279101834,11.342528554252,122.159,400
2101,"BiLSTM",0.345353692770004,4.33947134017944,0.36495602,4.4671545,12.2746841063968,2.41895604395604,0.995529349772563,5.37114779747864,2.85826603536003,NA,400
2101,"ABC",0.399498147529202,4.88995886086322,0.36495602,4.4671545,12.4132343989833,3.34203296703297,0.99189565579568,9.46473701932697,9.46473556854196,56.538,400
2101,"ABC-SMC",1.87366839795342,22.9341773962094,0.36495602,4.4671545,40.8115223135509,31.407967032967,0.478084489528936,413.395668320096,413.395661515834,43.345,400
2101,"NelderMead",10.0005,122.408661693451,0.36495602,4.4671545,42.585530604735,37.2431318681319,0.285456054998978,2640.19318820936,2640.19315189236,20.256,400
2101,"DE",0.373015711494038,4.56580711310592,0.36495602,4.4671545,10.9313167349923,1.91758241758242,0.996548855837394,2.20840075306549,2.20839939845195,53.115,400
2119,"BiLSTM",0.347304731607437,3.2621898651123,0.3453323,3.035898,12.5433067083437,1.75686813186813,0.996452721961275,0.571169162987984,7.45386917189921,NA,400
2119,"ABC",0.369726747840343,3.25035515135004,0.3453323,3.035898,15.3663420210069,2.85302197802198,0.993725696320863,7.06405043499942,7.06404336871793,55.472,400
2119,"ABC-SMC",1.83050524307341,16.0924038662363,0.3453323,3.035898,45.4603969410485,27.2252747252747,0.635181171316038,430.070671950876,430.070636965943,46.123,400
2119,"NelderMead",10.0005,87.9167571211606,0.3453323,3.035898,47.6626172483829,32.7980769230769,0.468070134416686,2795.90634875452,2795.90615762324,20.699,400
2119,"DE",0.336863518631539,2.96144674271372,0.3453323,3.035898,11.3127622426647,1.62637362637363,0.997011811413746,2.45235715525633,2.4523635934501,56.602,400
2199,"BiLSTM",0.512244403362274,2.36896157264709,0.49655926,2.2017825,19.7599102580858,1.83928571428571,0.9903921213876,3.15876565513533,7.5928967846322,NA,400
2199,"ABC",0.521899134645625,2.31414155513242,0.49655926,2.2017825,19.2674335725097,1.88324175824176,0.990205273486151,5.10309175296121,5.10309511191135,47.202,400
2199,"ABC-SMC",1.55789837359102,6.90784315526437,0.49655926,2.2017825,53.9795663653954,9.10027472527472,0.898297587406996,213.738661039372,213.738671066028,36.123,400
2199,"NelderMead",10.0005,44.3429986482269,0.49655926,2.2017825,62.8287865613748,12.8049450549451,0.761772966918586,1913.95901870806,1913.95908307142,13.885,400
2199,"DE",0.482850607466091,2.14099733354977,0.49655926,2.2017825,22.561508248232,1.83516483516484,0.990545445499763,2.7607284040799,2.76072529644663,44.636,400
2301,"BiLSTM",0.763421535491943,3.41790819168091,0.7416192,3.2080843,11.2695120069357,1.66071428571429,0.996863854065797,2.93982888953567,6.5404731316103,NA,400
2301,"ABC",0.774137214890802,3.34874991301197,0.7416192,3.2080843,10.7053912198425,1.92994505494505,0.996106700691724,4.38473206880329,4.38472308885297,52.851,400
2301,"ABC-SMC",1.14141253248021,4.93750338483991,0.7416192,3.2080843,27.0139000735214,12.864010989011,0.872191562342049,53.9081691089189,53.9081558685945,37.194,400
2301,"NelderMead",10.0005,43.259996885436,0.7416192,3.2080843,38.2748476590961,31.6648351648352,0.249897094380479,1248.46832444467,1248.46820843941,15.373,400
2301,"DE",0.733789579542006,3.17421478181616,0.7416192,3.2080843,10.0760225661816,1.56043956043956,0.996787753513042,1.05574673066637,1.05575524258626,37.968,400
2308,"BiLSTM",0.114632092416286,1.32249271869659,0.29671285,3.5413327,46.6350045645674,6.21565934065934,0.95241654091574,61.3659831664566,62.6555076653319,NA,400
2308,"ABC",0.47254492237462,5.63992694374667,0.29671285,3.5413327,25.3440722115803,4.31593406593407,0.968513865238595,59.2600126265581,59.2600137159287,43.981,400
2308,"ABC-SMC",1.45746527859299,17.3951666923114,0.29671285,3.5413327,40.4534772338276,9.51648351648352,0.860403063810388,391.203963223364,391.203966583298,33.348,400
2308,"NelderMead",10.0005,119.358153543389,0.29671285,3.5413327,44.3087105973152,12.1304945054945,0.766669628783903,3270.4303672726,3270.43039032703,15.803,400
2308,"DE",0.277214298070772,3.30861324469316,0.29671285,3.5413327,11.5581049332555,1.71016483516484,0.99119944958443,6.57152257788221,6.57152193881257,35.899,400
2323,"BiLSTM",0.774673700332642,3.292729139328,0.7656451,3.3267336,7.15922948255349,1.51648351648352,0.997846020120797,1.17921479973445,1.022157610456,NA,400
2323,"ABC",0.801444839495239,3.48228368672323,0.7656451,3.3267336,7.44434825345885,1.68818681318681,0.997579616768379,4.67576158917998,4.67576023289719,59.546,400
2323,"ABC-SMC",1.66904921728871,7.25203105102429,0.7656451,3.3267336,20.9846585860027,11.7554945054945,0.926720495838942,117.992542143705,117.992539319178,40.082,400
2323,"NelderMead",10.0005,43.4522456105759,0.7656451,3.3267336,27.1836007882268,21.4436813186813,0.720934830578848,1206.15346457517,1206.15344765135,17.5,400
2323,"DE",0.755741436933036,3.28370206846696,0.7656451,3.3267336,5.93206580021646,1.54120879120879,0.99782299126893,1.29350570740459,1.29350698634364,42.236,400
2403,"BiLSTM",0.646447002887726,3.78980398178101,0.6129109,3.6029387,22.4803601945355,2.92445054945055,0.990892503780434,5.47161143450472,5.18646852862098,NA,400
2403,"ABC",0.536644552366099,3.15461424472894,0.6129109,3.6029387,23.6169463945967,3.08516483516484,0.990610120000879,12.4433009159898,12.4432995563054,78.939,400
2403,"ABC-SMC",1.54631872972377,9.08988840037638,0.6129109,3.6029387,57.1704563419783,18.5508241758242,0.717087877682437,152.29094958562,152.290953503494,57.705,400
2403,"NelderMead",10.0005,58.7869933931426,0.6129109,3.6029387,68.8439914980509,27.4711538461538,0.395374560021298,1531.64009646427,1531.64012180231,23.062,400
2403,"DE",0.639615112282507,3.75991694214348,0.6129109,3.6029387,21.5666087417287,2.75412087912088,0.991855850443923,4.35694850303807,4.35695012361668,61.56,400
2467,"BiLSTM",0.242833435535431,1.47425651550293,0.27609888,1.6596773,32.3297294296091,2.38324175824176,0.982454426939911,12.0483808063869,11.1720986059802,NA,400
2467,"ABC",0.31296225180888,1.88126924774405,0.27609888,1.6596773,35.8801854316507,2.30357142857143,0.983158270367985,13.3515108097794,13.3515080156879,49.826,400
2467,"ABC-SMC",1.48538520207974,8.92890272093642,0.27609888,1.6596773,92.6455425300868,12.4629120879121,0.824909794979192,437.990303357891,437.99029009654,40.223,400
2467,"NelderMead",10.0005,60.1147039405683,0.27609888,1.6596773,98.1193952747223,14.6332417582418,0.715467706746771,3522.07191858221,3522.07182929888,18.16,400
2467,"DE",0.251806814221453,1.51365352603773,0.27609888,1.6596773,33.1495263295848,2.21153846153846,0.983675457548321,8.79832101403183,8.79832326213454,61.199,400
2483,"BiLSTM",0.191653847694397,2.12570643424988,0.22710294,2.5158138,21.9491173299602,2.19093406593407,0.985676739020406,15.6092617319719,15.506209789855,NA,400
2483,"ABC",0.282503604393241,3.12953476977598,0.22710294,2.5158138,25.8983569852712,2.21840659340659,0.987346927251597,24.3945165981739,24.3945306992107,37.704,400
2483,"ABC-SMC",1.27733695675853,14.1501572253614,0.22710294,2.5158138,59.1597959729711,9.44230769230769,0.83666382163322,462.448445959585,462.448509717269,36.903,400
2483,"NelderMead",10.0005,110.78411736503,0.22710294,2.5158138,64.5671166114756,11.7760989010989,0.716725312266775,4303.50970357319,4303.51020274353,14.981,400
2483,"DE",0.241092504512951,2.67078849215457,0.22710294,2.5158138,21.8906266125861,1.73901098901099,0.989460949725731,6.16001030763905,6.16002234165998,39.801,400
2583,"BiLSTM",0.639998316764832,3.76284861564636,0.61466366,3.460845,8.05462372667841,1.68406593406593,0.997026494466955,4.12171052455445,8.72629706462908,NA,400
2583,"ABC",0.636924010183403,3.58618166725319,0.61466366,3.460845,8.015470194056,1.61126373626374,0.997205829361043,3.62154974045524,3.62156257368327,53.715,400
2583,"ABC-SMC",1.45160960291319,8.17324463004143,0.61466366,3.460845,31.0194408413292,19.3653846153846,0.750061621814845,136.163238105403,136.163267353534,38.593,400
2583,"NelderMead",10.0005,56.3075173646517,0.61466366,3.460845,36.1380937525633,31.3777472527473,0.360711226794322,1526.98735109865,1526.98755259631,16.821,400
2583,"DE",0.618307983877708,3.4813646856554,0.61466366,3.460845,6.89279794191749,1.49725274725275,0.997490829176808,0.592897240371799,0.592909698510013,40.442,400
2585,"BiLSTM",0.648054361343384,3.17557978630066,0.6015245,2.8415031,7.1659344681298,1.13873626373626,0.995865720360441,7.73532272474085,11.7570410639587,NA,400
2585,"ABC",1.24848050050877,5.89761802191307,0.6015245,2.8415031,18.2425417651096,3.91620879120879,0.973324799731525,107.552726532131,107.552756916333,33.335,400
2585,"ABC-SMC",1.53963651687405,7.27299150079766,0.6015245,2.8415031,20.1519985284243,4.76236263736264,0.959413441392384,155.95574525627,155.955782726321,22.13,400
2585,"NelderMead",10.0005,47.2407290334988,0.6015245,2.8415031,24.983366937448,8.34752747252747,0.849252795261965,1562.52579903229,1562.52604241392,10.072,400
2585,"DE",0.62460972137254,2.95055433218832,0.6015245,2.8415031,6.32961406200649,1.10576923076923,0.995943425076336,3.83778572153583,3.83780092262863,21.569,400
2609,"BiLSTM",0.326003938913345,3.27286291122437,0.29349867,2.8776088,18.2194913917281,2.53021978021978,0.990908848001315,11.0750992204991,13.7355053690538,NA,400
2609,"ABC",0.28288318105201,2.77352957231876,0.29349867,2.8776088,14.6146769642916,1.5467032967033,0.994711288181447,3.6168780417268,3.61686507496214,42.148,400
2609,"ABC-SMC",1.76511731794959,17.3061016273183,0.29349867,2.8776088,52.1106525790264,18.7431318681319,0.617294894881951,501.4055593334,501.405640242632,36.082,400
2609,"NelderMead",10.0005,98.0499525805114,0.29349867,2.8776088,54.7924266493405,22.010989010989,0.458415907624242,3307.34082372503,3307.34128212672,15.423,400
2609,"DE",0.293014836593535,2.87286544006624,0.29349867,2.8776088,13.861077122799,1.55494505494505,0.99467774107976,0.164850289258557,0.164836858080318,45.269,400
2703,"BiLSTM",0.655345857143402,4.52819347381592,0.6628889,4.683706,6.01069594114025,1.8021978021978,0.99700671964656,1.13790453522421,3.32028795539434,NA,400
2703,"ABC",0.713202977948606,5.03920472149046,0.6628889,4.683706,7.76307624134597,1.99725274725275,0.996974906304019,7.59012225858752,7.59011606387046,60.712,400
2703,"ABC-SMC",1.81186311148427,12.8018943111366,0.6628889,4.683706,28.1238236528692,23.0714285714286,0.676134734427663,173.328322662255,173.328306924828,41.408,400
2703,"NelderMead",10.0005,70.659501397787,0.6628889,4.683706,32.2374063982572,34.0576923076923,0.332925867917758,1408.62384330165,1408.6237564396,18.893,400
2703,"DE",0.665819503437042,4.70441219276871,0.6628889,4.683706,5.71517167868719,1.52335164835165,0.997731738298525,0.442095717252467,0.442089934097367,43.323,400
2748,"BiLSTM",0.232088506221771,1.84886133670807,0.29752892,2.4453754,14.8099155522599,2.31043956043956,0.992248983645201,21.9946396398134,24.3935578681266,NA,400
2748,"ABC",0.387353219147675,3.18363681928332,0.29752892,2.4453754,19.1650251256375,2.53708791208791,0.993464907414255,30.1901069474775,30.1901057515883,40.618,400
2748,"ABC-SMC",2.03338110358591,16.7122580348121,0.29752892,2.4453754,43.9055796189778,11.9313186813187,0.852986439767793,583.423010975173,583.423004697444,33.792,400
2748,"NelderMead",10.0005,82.1936115086344,0.29752892,2.4453754,46.1382431902221,14.1112637362637,0.779145632738662,3261.18586388174,3261.18583300684,14.958,400
2748,"DE",0.305229920096237,2.50866951384447,0.29752892,2.4453754,12.8159886144962,1.29945054945055,0.996752873421582,2.58831985012987,2.58831890778277,36.86,400
2777,"BiLSTM",0.642105579376221,2.79368901252747,0.6594252,2.8444173,12.9461630469572,1.31868131868132,0.996420259060733,2.62647236165366,1.78343337570525,NA,400
2777,"ABC",1.46966572112037,6.33937328814866,0.6594252,2.8444173,28.410630566087,6.09478021978022,0.95658459309325,122.870724552288,122.870719009783,46.841,400
2777,"ABC-SMC",1.76401353060747,7.60903659598242,0.6594252,2.8444173,30.6620487762319,7.0260989010989,0.9406427612307,167.507752298134,167.507745645564,33.062,400
2777,"NelderMead",10.0005,43.1369539733166,0.6594252,2.8444173,36.2691434130668,10.8667582417582,0.831340776148521,1416.54804820926,1416.54801049468,14.86,400
2777,"DE",0.637275513902842,2.74887500740448,0.6594252,2.8444173,12.7804991514932,1.33516483516484,0.996216039084638,3.35893837499053,3.35894077832797,32.091,400
2812,"BiLSTM",0.149593621492386,1.86640918254852,0.22588229,3.0614069,24.643027968443,3.5989010989011,0.983147952838052,33.7736386981087,39.0342661555861,NA,400
2812,"ABC",0.336921535506707,4.56633358786123,0.22588229,3.0614069,24.2355123833891,3.22252747252747,0.985313918926046,49.1580130105408,49.1580092754489,37.728,400
2812,"ABC-SMC",1.17008954189249,15.8583486446282,0.22588229,3.0614069,42.4407593858854,10.9574175824176,0.852001906777988,418.008535282909,418.008522311366,34.174,400
2812,"NelderMead",10.0005,135.537845560178,0.22588229,3.0614069,45.4613834237332,14.2733516483516,0.743210125423645,4327.30592115035,4327.30581028541,14.375,400
2812,"DE",0.239169748819384,3.24149317315617,0.22588229,3.0614069,13.5220132675411,1.33928571428571,0.995971013146477,5.88247038729049,5.88246773586905,34.68,400
2864,"BiLSTM",0.297962486743927,3.16544890403748,0.3867234,4.165069,18.8527782103409,3.65521978021978,0.990800237729252,22.9520409822816,24.000084895653,NA,400
2864,"ABC",0.500383416602333,5.38920430998056,0.3867234,4.165069,22.519076411831,4.87912087912088,0.983450233162976,29.3905195812648,29.3905169393486,70.016,400
2864,"ABC-SMC",1.65194188629882,17.7916614302072,0.3867234,4.165069,42.8260554404472,16.6153846153846,0.820257756218093,327.163674682944,327.163665961048,51.836,400
2864,"NelderMead",10.0005,107.706882190287,0.3867234,4.165069,47.4506976985104,21.842032967033,0.684177689258457,2485.9567846166,2485.95673181613,26.226,400
2864,"DE",0.375268638477073,4.04169941844502,0.3867234,4.165069,11.0585191975452,1.74450549450549,0.996560355027208,2.96200372745134,2.96200570878857,56.576,400
2879,"BiLSTM",0.322276264429092,3.90992045402527,0.33937955,4.111812,15.6020050835637,1.84203296703297,0.990757553551074,5.03957459160623,4.91003834744222,NA,400
2879,"ABC",0.397661073285442,4.81793257245406,0.33937955,4.111812,19.5095244655894,2.66895604395604,0.984759270509645,17.1729626270769,17.172978055759,51.46,400
2879,"ABC-SMC",1.38322857719549,16.7587487559684,0.33937955,4.111812,49.1997273496256,11.2664835164835,0.790764783550712,307.575700184496,307.575753851791,46.506,400
2879,"NelderMead",10.0005,121.162814083746,0.33937955,4.111812,56.5523060070932,15.0879120879121,0.621398592814811,2846.70082507918,2846.7012130843,18.643,400
2879,"DE",0.331186360292522,4.0125465125939,0.33937955,4.111812,15.7080063953189,1.8282967032967,0.990920203011621,2.41416717874676,2.4141543291887,45.838,400
2937,"BiLSTM",0.676932275295258,4.20181226730347,0.7645676,4.763689,15.8757165798213,1.88186813186813,0.990543350114964,11.4620766959969,11.7949919211043,NA,400
2937,"ABC",1.77663718852509,11.0694547234765,0.7645676,4.763689,27.8011833982708,5.23214285714286,0.937933963688796,132.371498416241,132.371481922445,52.011,400
2937,"ABC-SMC",1.97510359464335,12.3060127055151,0.7645676,4.763689,28.2433009476034,5.64972527472527,0.92785187709793,158.32949168175,158.329473345449,31.99,400
2937,"NelderMead",10.0005,62.3087722564374,0.7645676,4.763689,36.0293857290415,8.97802197802198,0.805739112581596,1207.99421790827,1207.99412506646,14.714,400
2937,"DE",0.819468429282459,5.10575188555584,0.7645676,4.763689,17.7662419209623,1.81181318681319,0.990784255389295,7.18063769409778,7.18063008638556,31.854,400
2946,"BiLSTM",0.312378406524658,3.46088910102844,0.32391095,3.5583067,17.855870837125,2.74313186813187,0.99290682402254,3.56040556064615,2.73775161010033,NA,400
2946,"ABC",0.330581980324403,3.63159094241519,0.32391095,3.5583067,17.1832684532112,2.30769230769231,0.994321813697262,2.05952602849726,2.05952574057749,80.27,400
2946,"ABC-SMC",0.972820678683878,10.6868703546265,0.32391095,3.5583067,68.0104923245689,24.5961538461538,0.610233411296865,200.335841898484,200.335841051208,69.57,400
2946,"NelderMead",10.0005,109.859966305436,0.32391095,3.5583067,78.768803653069,34.7623626373626,0.260997633102647,2987.42263884565,2987.42263013573,27.381,400
2946,"DE",0.311668719539758,3.42382031169403,0.32391095,3.5583067,19.2687584003579,2.82142857142857,0.992502541615097,3.77950497204315,3.77950524349045,82.834,400
2950,"BiLSTM",1.04137718677521,4.43912839889526,1.1379088,4.609515,12.3160086550706,1.8228021978022,0.996277043179602,8.48324691968218,3.69641060078417,NA,400
2950,"ABC",2.00202011839052,8.10991341231518,1.1379088,4.609515,23.2931811039917,6.625,0.967958520358246,75.9385390455303,75.9385404389654,72.526,400
2950,"ABC-SMC",1.66340582384711,6.73823258668645,1.1379088,4.609515,19.9652950701753,4.83104395604396,0.983340098345339,46.1809438372491,46.1809449950037,45.648,400
2950,"NelderMead",10.0005,40.5106763587665,1.1379088,4.609515,31.6493494659435,14.4491758241758,0.82237677862598,778.848990358454,778.848997318948,19.866,400
2950,"DE",1.11030782963293,4.49770722912496,1.1379088,4.609515,12.7458420105822,1.58379120879121,0.997333149394865,2.42558721464045,2.42558644185003,44.424,400
2974,"BiLSTM",0.496914684772491,3.05671858787537,0.48921788,2.9930491,6.65493682823583,0.876373626373626,0.998117624268682,1.57328770822756,2.12724501831147,NA,400
2974,"ABC",0.546352232010781,3.34259887644096,0.48921788,2.9930491,8.41116441383928,1.6510989010989,0.995853780009215,11.6787129715662,11.678718415978,32.757,400
2974,"ABC-SMC",1.62917041135623,9.96731205158276,0.48921788,2.9930491,26.4672504554853,12.1826923076923,0.812369065483327,233.015304215012,233.01532044973,24.175,400
2974,"NelderMead",10.0005,61.1833504199691,0.48921788,2.9930491,29.1709965861064,17.4368131868132,0.598280881475781,1944.18121430885,1944.18131396405,11.744,400
2974,"DE",0.492045532663558,3.01034890730812,0.48921788,2.9930491,7.20861708712212,0.864010989010989,0.998116794302447,0.577994545816364,0.577999449060717,26.572,400
2981,"BiLSTM",0.621904671192169,4.21734094619751,0.71038556,4.9489675,19.1288923456416,2.03159340659341,0.993838526494377,12.4553332429548,14.7834180321954,NA,400
2981,"ABC",0.708013561143184,4.93244292700315,0.71038556,4.9489675,16.4050096830032,1.84340659340659,0.994971283125603,0.333903022580527,0.333899404205947,64.091,400
2981,"ABC-SMC",1.95722582408701,13.6351974063581,0.71038556,4.9489675,35.9965601399363,12.1813186813187,0.819267946328954,175.515992201053,175.516002203653,43.013,400
2981,"NelderMead",10.0005,69.6694218848719,0.71038556,4.9489675,45.8287392304843,17.7293956043956,0.605175927151302,1307.756655414,1307.75670652256,19.63,400
2981,"DE",1.80158020133935,12.550877566776,0.71038556,4.9489675,35.1035719687394,11.625,0.835720529652224,153.605971571177,153.605980778334,40.441,400
3014,"BiLSTM",0.910871922969818,4.00094223022461,1.0031382,4.303432,8.52782068563185,1.11675824175824,0.997231513143324,9.19776328228572,7.02903565747967,NA,400
3014,"ABC",4.47248862269058,19.186838986257,1.0031382,4.303432,18.0740232588041,7.49450549450549,0.894729372404139,345.849696750715,345.849707541725,43.322,400
3014,"ABC-SMC",1.5714784273461,6.74159424417434,1.0031382,4.303432,11.1066361608858,3.54120879120879,0.978247204650301,56.6562241719139,56.6562279635031,29.509,400
3014,"NelderMead",10.0005,42.901838208955,1.0031382,4.303432,19.8317951261669,8.76373626373626,0.846586195612144,896.921461070867,896.921485199603,9.261,400
3014,"DE",0.902316733554388,3.87091110606301,1.0031382,4.303432,9.07480078538293,1.14010989010989,0.997156008852984,10.050605833335,10.0506036562677,25.312,400
3015,"BiLSTM",0.205882132053375,2.5885636806488,0.09098219,1.0628144,79.1521508850841,13.0673076923077,0.792778406094054,126.288389027979,143.557452801618,NA,400
3015,"ABC",0.0819637792817241,0.957465239595144,0.09098219,1.0628144,41.5923830733436,2.10576923076923,0.970502738058452,9.91228142373345,9.91228199437798,41.752,400
3015,"ABC-SMC",1.88647411352256,22.036970536529,0.09098219,1.0628144,113.595288525531,23.1071428571429,0.493745339891007,1973.45428102199,1973.45426788807,37.898,400
3015,"NelderMead",10.0005,116.821493743716,0.09098219,1.0628144,114.39128417087,23.7307692307692,0.54589286078666,10891.7116745596,10891.7116049346,15.143,400
3015,"DE",0.0798077410284429,0.932279337958535,0.09098219,1.0628144,48.6543677944006,2.36401098901099,0.967432310806513,12.2820180208424,12.2820185764763,94.658,400
3048,"BiLSTM",0.769346475601196,4.33527374267578,0.78879035,4.573431,15.2754432570685,2.13324175824176,0.995016366089851,2.46502437546348,5.20740899609547,NA,400
3048,"ABC",0.866624842706401,5.02471812554745,0.78879035,4.573431,16.6638133699726,2.94917582417582,0.992382297874433,9.86757668959832,9.86758356138854,82.464,400
3048,"ABC-SMC",1.64755163151521,9.55255623621021,0.78879035,4.573431,34.6617895023639,12.6854395604396,0.879128165608078,108.870662719848,108.870675783896,53.376,400
3048,"NelderMead",10.0005,57.9832138871203,0.78879035,4.573431,48.2430541894582,22.7225274725275,0.58768677363406,1167.82737643786,1167.82745573554,22.013,400
3048,"DE",0.754383966046695,4.37394198853054,0.78879035,4.573431,14.893595606043,2.18543956043956,0.994552006554863,4.36191745415048,4.36191147235985,55.508,400
3050,"BiLSTM",0.239557519555092,1.67261254787445,0.20634939,1.4450082,13.8459636469429,2.16208791208791,0.992171855923524,16.0931561537894,15.7510765595967,NA,400
3050,"ABC",0.228297254033009,1.59870302542262,0.20634939,1.4450082,14.3286342217338,1.83379120879121,0.993311067377575,10.6362631035686,10.6362597404373,39.578,400
3050,"ABC-SMC",2.15704564807401,15.105198781988,0.20634939,1.4450082,45.0607019308374,16.3983516483516,0.805727052187863,945.336576024775,945.336544248538,32.829,400
3050,"NelderMead",10.0005,70.0307573713841,0.20634939,1.4450082,46.6752477066795,18.2994505494506,0.760527529762869,4746.39184055742,4746.39169323635,16.152,400
3050,"DE",0.199630826458969,1.39795989916474,0.20634939,1.4450082,15.2896196240202,1.4793956043956,0.994006047081702,3.25591635673384,3.25591929756943,54.59,400
3062,"BiLSTM",0.888862550258636,4.10036468505859,0.9127125,3.9755764,18.4791734937333,1.66208791208791,0.994437245639884,2.61308459579151,3.13887276970941,NA,400
3062,"ABC",3.61145540275846,15.7307104447608,0.9127125,3.9755764,35.8553162279724,7.00686813186813,0.907367760212376,295.683789008966,295.683766629685,58.646,400
3062,"ABC-SMC",1.94772311556977,8.48385621325772,0.9127125,3.9755764,31.3049302893807,5.02197802197802,0.955631781450962,113.399412801925,113.399400732375,38.211,400
3062,"NelderMead",10.0005,43.5599923738978,0.9127125,3.9755764,39.0028400946292,8.57417582417582,0.851074969550327,995.690044784091,995.689982813507,16.283,400
3062,"DE",0.921829410665597,4.01528744549054,0.9127125,3.9755764,18.0978051405478,1.66346153846154,0.994271924313811,0.998880881504009,0.998875169158919,35.481,400
3068,"BiLSTM",0.568470001220703,2.557288646698,0.5659913,2.5765822,7.34622545542513,1.04395604395604,0.996888740822455,0.437939809446391,0.748804105764674,NA,400
3068,"ABC",0.658991401642369,2.99995002283164,0.5659913,2.5765822,10.959382799859,1.74038461538462,0.994687855563055,16.4313659313083,16.4313726467428,30.874,400
3068,"ABC-SMC",1.45214229465502,6.61063907533239,0.5659913,2.5765822,24.3345051561872,7.69917582417582,0.927000417587143,156.566186557111,156.566201355128,22.813,400
3068,"NelderMead",10.0005,45.5256322443024,0.5659913,2.5765822,28.0179640580546,12.5631868131868,0.762383173941265,1666.89995058228,1666.90005249211,10.037,400
3068,"DE",0.55910821792255,2.54524824897848,0.5659913,2.5765822,7.52272275537417,0.971153846153846,0.997067499800232,1.21611093270339,1.21610523512588,23.822,400
3100,"BiLSTM",0.328227967023849,4.17926549911499,0.31842378,4.039116,16.8875169735638,2.26785714285714,0.994423619527533,3.07897451121568,3.4698062426281,NA,400
3100,"ABC",0.335633087040713,4.25741107239794,0.31842378,4.039116,16.6587297524187,2.50549450549451,0.993508206919995,5.40452947349394,5.40452595067695,64.144,400
3100,"ABC-SMC",1.72306086966104,21.856541289151,0.31842378,4.039116,57.5383057532006,22.4684065934066,0.618600793364202,441.121919242666,441.121901157357,50.518,400
3100,"NelderMead",10.0005,126.8535227111,0.31842378,4.039116,61.9353195798877,27.3681318681319,0.445461625384453,3040.62599219191,3040.62588722631,24.643,400
3100,"DE",0.331102422301019,4.19994086766286,0.31842378,4.039116,17.3922671037051,2.33928571428571,0.994118504560893,3.98168827121481,3.98168479595186,61.449,400
3106,"BiLSTM",0.571059107780457,2.4959888458252,0.51110685,2.2131777,22.8195867827949,3.60302197802198,0.978576421706198,11.7298873573024,12.7785105473092,NA,400
3106,"ABC",0.519852427120011,2.25104758471976,0.51110685,2.2131777,16.6624005956514,1.77884615384615,0.992892652873754,1.71110544106595,1.71110908625886,44.189,400
3106,"ABC-SMC",1.79200834327661,7.75969456424065,0.51110685,2.2131777,56.647258703011,20.5782967032967,0.483028049088995,250.61325107981,250.61326364533,32.661,400
3106,"NelderMead",10.0005,43.3038304653197,0.51110685,2.2131777,60.5207894374846,25.1730769230769,0.237287766529036,1856.63587760563,1856.6359477289,13.016,400
3106,"DE",0.510134281861747,2.20896639730901,0.51110685,2.2131777,16.4722326794878,1.57692307692308,0.993729642497868,0.190286656939254,0.19028307988974,41.144,400
3111,"BiLSTM",0.715966522693634,3.75433135032654,0.7229783,3.747719,4.06711480166435,1.32554945054945,0.998335087228887,0.969846163621499,0.176436662581641,NA,400
3111,"ABC",0.70486050401204,3.65380146503431,0.7229783,3.747719,4.01609297931278,1.16620879120879,0.998631493691016,2.50599443827841,2.50599191043103,46.649,400
3111,"ABC-SMC",1.53239801191539,7.94352651210045,0.7229783,3.747719,20.7221764901044,14.521978021978,0.852905895564405,111.956294112201,111.956299607854,31.318,400
3111,"NelderMead",10.0005,51.8398198552653,0.7229783,3.747719,24.8264773260828,26.0315934065934,0.514898279872527,1283.2365369749,1283.23657283978,15.277,400
3111,"DE",0.673620530850323,3.4918621039037,0.7229783,3.747719,3.70189735825286,0.92032967032967,0.998871067492857,6.82700561685969,6.82700320104849,33.433,400
3125,"BiLSTM",0.358795702457428,1.72284817695618,0.37169486,1.7910817,26.307232822445,1.92445054945055,0.986565306996197,3.47036209824694,3.80962649798853,NA,400
3125,"ABC",0.374543094784901,1.80480638503603,0.37169486,1.7910817,26.6447383332368,1.88873626373626,0.986064430778496,0.766283070177865,0.766279117029271,48.925,400
3125,"ABC-SMC",1.21905235573987,5.87423318162114,0.37169486,1.7910817,83.8668240131392,15.2912087912088,0.722373447954379,227.971270772986,227.971257906389,39.319,400
3125,"NelderMead",10.0005,48.1892911786781,0.37169486,1.7910817,92.1143307162358,19.9450549450549,0.480868128810695,2590.51339585379,2590.51329030262,15.906,400
3125,"DE",0.353700956701402,1.70437462053506,0.37169486,1.7910817,26.6643696080515,1.93818681318681,0.986556873360542,4.84104173477083,4.84104546793922,55.578,400
3143,"BiLSTM",0.372560292482376,3.28397870063782,0.3812888,3.1192267,11.9363944221797,1.75412087912088,0.991745688941728,2.28921162059412,5.28182195407013,NA,400
3143,"ABC",0.396569443202218,3.24423390914511,0.3812888,3.1192267,14.1266995526052,2.0521978021978,0.991084249010645,4.00762970279172,4.00763462127039,39.433,400
3143,"ABC-SMC",1.23179194307723,10.0769770824353,0.3812888,3.1192267,48.7534297175412,20.4519230769231,0.460301830614041,223.060090691683,223.060105969064,31.793,400
3143,"NelderMead",10.0005,81.8115509516498,0.3812888,3.1192267,53.3103802334669,26.6153846153846,0.160276869751795,2522.81504203638,2522.81516606824,13.49,400
3143,"DE",0.389581301244554,3.18706569437317,0.3812888,3.1192267,13.5093696160886,1.85714285714286,0.992134517678393,2.17486095698443,2.1748657887922,35.775,400
3165,"BiLSTM",0.550741612911224,3.91885185241699,0.51412094,3.6284711,18.1729267744046,2.74862637362637,0.992624263373273,7.12296855895899,8.00284043648555,NA,400
3165,"ABC",0.463771047219317,3.27312062569005,0.51412094,3.6284711,21.7920244755355,4.15796703296703,0.985509244829263,9.79339467882451,9.7933940912455,76.525,400
3165,"ABC-SMC",1.57185706036343,11.0935725629269,0.51412094,3.6284711,62.9350297588116,25.2101648351648,0.560206980982146,205.736829229993,205.736831221472,58.684,400
3165,"NelderMead",10.0005,70.5797462206259,0.51412094,3.6284711,71.7547992108606,34.2142857142857,0.250128989793697,1845.16488668989,1845.16489936012,25.793,400
3165,"DE",0.522263722749713,3.6859398042012,0.51412094,3.6284711,17.1118250805139,2.06868131868132,0.995806305567368,1.58382631715269,1.58382697883954,67.85,400
3211,"BiLSTM",0.74960732460022,3.71505641937256,0.70899147,3.3619375,15.4652108864674,1.55769230769231,0.994326776921037,5.72868029007736,10.5034349797567,NA,400
3211,"ABC",1.47325366219333,6.98596130971727,0.70899147,3.3619375,29.207888416884,5.14697802197802,0.95618194923167,107.795682251766,107.795692505208,48.296,400
3211,"ABC-SMC",1.68507194093392,7.99037374590949,0.70899147,3.3619375,30.0973571651305,5.82142857142857,0.943096574281281,137.671680441222,137.671692168861,32.629,400
3211,"NelderMead",10.0005,47.4209620995055,0.70899147,3.3619375,38.530862526729,9.75686813186813,0.817387764646962,1310.52472746957,1310.52479707031,13.9,400
3211,"DE",0.675365865106886,3.2024897847641,0.70899147,3.3619375,18.1412798620537,1.57554945054945,0.99419829813763,4.7427375809069,4.74273288054576,31.581,400
3213,"BiLSTM",0.521158516407013,4.31237173080444,0.58050096,4.760153,14.0857256247373,3.41208791208791,0.991147125076823,10.2226262628381,9.40686715732785,NA,400
3213,"ABC",0.543566531440761,4.4572875722069,0.58050096,4.760153,12.1364874688402,2.26510989010989,0.995877953660299,6.36250947099877,6.36251456188702,77.963,400
3213,"ABC-SMC",1.39324159956935,11.4246888055853,0.58050096,4.760153,51.1679622047599,25.0288461538462,0.582924169910706,140.006769251397,140.006756202696,59.287,400
3213,"NelderMead",10.0005,82.0048729779327,0.58050096,4.760153,61.8849010970752,36.8901098901099,0.188475872944177,1622.73616911848,1622.73607545667,24.74,400
3213,"DE",0.514284071234778,4.21716913516145,0.58050096,4.760153,14.8939104257233,3.78983516483516,0.989268082529064,11.406852585605,11.4068574022421,63.667,400
3223,"BiLSTM",0.369002193212509,3.78120160102844,0.3529915,3.5328798,20.8416324561259,2.46016483516484,0.991820410564763,4.53571635932002,7.0288777169391,NA,400
3223,"ABC",0.390775150997419,3.91103364941278,0.3529915,3.5328798,23.4661449696373,2.85989010989011,0.990276641576344,10.7038415931882,10.7038413651316,70.956,400
3223,"ABC-SMC",1.76762403429096,17.6910867028706,0.3529915,3.5328798,69.241971015455,21.0837912087912,0.628390687599187,400.755410340181,400.755409308594,54.559,400
3223,"NelderMead",10.0005,100.088994684339,0.3529915,3.5328798,75.5060359996641,25.9739010989011,0.437961233726039,2733.07105128594,2733.07104544964,25.015,400
3223,"DE",0.361693129996554,3.6199691780998,0.3529915,3.5328798,20.5856697448398,2.4217032967033,0.991585963199006,2.46511034870643,2.46511013762206,65.993,400
3274,"BiLSTM",0.579829633235931,3.70511651039124,0.57428396,3.5120738,9.1306865218235,1.85164835164835,0.996002537446866,0.965667443668696,5.49654481609229,NA,400
3274,"ABC",0.578992911181348,3.54087158356044,0.57428396,3.5120738,9.23122016829835,1.81456043956044,0.99614362615976,0.819969128399062,0.819965217144394,52.66,400
3274,"ABC-SMC",1.67851718814109,10.2650890869802,0.57428396,3.5120738,37.1217928474097,18.9120879120879,0.714958910318393,192.280005198315,192.279993859474,37.747,400
3274,"NelderMead",10.0005,61.1587561566971,0.57428396,3.5120738,41.7055375859936,26.3296703296703,0.435346633120241,1641.3859164724,1641.3858489163,17.952,400
3274,"DE",0.560447588807679,3.42745636943129,0.57428396,3.5120738,6.49939062593612,1.49313186813187,0.997021745937274,2.40932572665298,2.40932951262896,43.809,400
3314,"BiLSTM",0.702672481536865,3.18458390235901,0.6412119,2.8781505,13.020871533141,3.24725274725275,0.992962826551205,9.58506564473699,10.6468859901179,NA,400
3314,"ABC",0.673904427305589,3.02489426879256,0.6412119,2.8781505,11.1160588227247,2.42445054945055,0.995430462973554,5.09855280377508,5.09854397094811,58.987,400
3314,"ABC-SMC",1.28755739686522,5.77934323134069,0.6412119,2.8781505,31.8964117294245,15.2994505494505,0.867191676231075,100.800608482972,100.80059160703,44.86,400
3314,"NelderMead",10.0005,44.8883460463491,0.6412119,2.8781505,39.6723427162926,28.4381868131868,0.499875320508784,1459.62482917114,1459.62469809515,14.238,400
3314,"DE",0.603144482255608,2.70728045952061,0.6412119,2.8781505,9.92861788855511,1.81043956043956,0.996679428699986,5.93679215005078,5.93680005543119,45.264,400
3341,"BiLSTM",0.435920059680939,4.23040771484375,0.4107986,4.055365,12.3378112258948,2.00961538461538,0.99591432767184,6.11527392764695,4.31632454399912,NA,400
3341,"ABC",0.561545878874382,5.54352791080794,0.4107986,4.055365,18.7391466072887,5.10576923076923,0.98239948529937,36.6961520497834,36.6961521541943,60.777,400
3341,"ABC-SMC",1.42080236184362,14.0260268037402,0.4107986,4.055365,33.74574162521,14.5645604395604,0.853405075924481,245.86348683847,245.863487102646,47.371,400
3341,"NelderMead",10.0005,98.7239920327799,0.4107986,4.055365,38.5847851148701,20.7129120879121,0.671087212854088,2334.40459631557,2334.40459817501,19.458,400
3341,"DE",0.394745396340819,3.89688929186816,0.4107986,4.055365,11.9491677527278,1.74587912087912,0.996266279764482,3.90780388715567,3.90780381375881,51.259,400
3350,"BiLSTM",0.53812050819397,3.75338053703308,0.5494768,3.6872847,9.73908605118767,1.46291208791209,0.994764534667055,2.06674636782304,1.79253413855135,NA,400
3350,"ABC",0.599504582535496,4.02299796842166,0.5494768,3.6872847,12.3214536642344,1.87087912087912,0.993326884518743,9.10462143906638,9.1046202215321,43.712,400
3350,"ABC-SMC",1.5844701128666,10.6326460727425,0.5494768,3.6872847,38.3967782436187,15,0.687389881508895,188.359783864688,188.359780646787,31.649,400
3350,"NelderMead",10.0005,67.1087300334668,0.5494768,3.6872847,44.221974453964,21.5728021978022,0.370454078869707,1720.00404748663,1720.0040271766,13.901,400
3350,"DE",0.543711029968616,3.64859324297605,0.5494768,3.6872847,10.0573862122321,1.42857142857143,0.995167896242327,1.04932001339897,1.04932111762208,33.3,400
3352,"BiLSTM",0.293896794319153,1.36326014995575,0.2826393,1.2992388,30.2065944824848,1.66208791208791,0.983667377792333,3.98298973962674,4.92760452934053,NA,400
3352,"ABC",0.27373869456204,1.25832427752329,0.2826393,1.2992388,30.9433802360575,1.80082417582418,0.982373749914981,3.1491039773873,3.14911488763363,38.605,400
3352,"ABC-SMC",1.64306247233499,7.55284305616488,0.2826393,1.2992388,74.5575172075714,10.0659340659341,0.853545533256118,481.328382972568,481.328317485968,33.777,400
3352,"NelderMead",10.0005,45.9703804663232,0.2826393,1.2992388,80.9267654704156,11.9010989010989,0.776802551486602,3438.25529570729,3438.25489712309,15.1,400
3352,"DE",0.309205919632741,1.42136030878021,0.2826393,1.2992388,30.3018702463624,1.6510989010989,0.983296983220254,9.39947828654435,9.39946596270114,55.742,400
3353,"BiLSTM",0.799951791763306,4.04440593719482,0.9591131,4.7023535,13.6833701969351,3.24862637362637,0.991359332429146,16.5946339630534,13.9918779565419,NA,400
3353,"ABC",1.11539571108712,5.46857794259735,0.9591131,4.7023535,15.8045597851437,4.44642857142857,0.984570757078618,16.294492389596,16.2944883364756,73.919,400
3353,"ABC-SMC",1.71040877997142,8.38581647212914,0.9591131,4.7023535,24.6325389232644,11.282967032967,0.911922929151839,78.332334317133,78.3323281018566,45.954,400
3353,"NelderMead",10.0005,49.0305935116451,0.9591131,4.7023535,37.0017063541583,22.793956043956,0.633716534364904,942.6820361436,942.681999803823,21.557,400
3353,"DE",0.90571891132908,4.44057154914113,0.9591131,4.7023535,12.6799224812571,2.11538461538462,0.995941457218331,5.56703778427388,5.56704107547156,47.079,400
3449,"BiLSTM",0.545909404754639,4.37378120422363,0.59212524,4.8614616,13.8490874877549,1.37637362637363,0.994435903293383,7.80507773074516,10.0315591462528,NA,400
3449,"ABC",0.572078347745922,4.6968729673796,0.59212524,4.8614616,13.4477645245905,1.49450549450549,0.992929647894415,3.38558313340565,3.38557919742497,36.643,400
3449,"ABC-SMC",1.3102362246715,10.7572907256302,0.59212524,4.8614616,35.9267494046769,10.7554945054945,0.7365640801748,121.27687458003,121.276883594642,28.33,400
3449,"NelderMead",10.0005,82.1060232315259,0.59212524,4.8614616,45.6251371682883,17.5398351648352,0.353267067161215,1588.91635154752,1588.91642035239,14.173,400
3449,"DE",0.567539332591735,4.65960678231906,0.59212524,4.8614616,13.4820219773352,1.44230769230769,0.993500562734127,4.15214649662037,4.15214259186877,28.973,400
3463,"BiLSTM",0.522971868515015,4.03848361968994,0.5071398,3.8638234,15.5051873216658,2.09065934065934,0.994117332415484,3.12183514585418,4.52039862096031,NA,400
3463,"ABC",0.489977124873157,3.73306348022753,0.5071398,3.8638234,13.6457125498234,1.98901098901099,0.994658480733469,3.38420986221998,3.38421056646809,66.687,400
3463,"ABC-SMC",1.2358465171169,9.41573242099783,0.5071398,3.8638234,46.9031239779187,17.2884615384615,0.747858034585,143.689514630266,143.689512853973,49.227,400
3463,"NelderMead",10.0005,76.1923351905048,0.5071398,3.8638234,58.4079635723582,27.0645604395604,0.397488600459639,1871.94146466122,1871.94145028742,23.72,400
3463,"DE",0.492629729092287,3.75327328071668,0.5071398,3.8638234,14.0952625240945,1.93131868131868,0.994783993604904,2.86115798990991,2.86115869797063,56.746,400
3479,"BiLSTM",0.378233760595322,1.90116572380066,0.23228616,1.1283019,24.1748327481777,5.51098901098901,0.933951603660275,62.8309498057576,68.4979635149652,NA,400
3479,"ABC",0.199166818938539,0.967428648209694,0.23228616,1.1283019,18.7868443313891,1.96565934065934,0.980393628862558,14.25799154864,14.2579970653516,33.022,400
3479,"ABC-SMC",1.44218133201324,7.00522076889409,0.23228616,1.1283019,56.3500071921448,13.2637362637363,0.771174403393092,520.86408075851,520.864040811603,28.466,400
3479,"NelderMead",10.0005,48.5762148935389,0.23228616,1.1283019,60.3532020811377,15.0851648351648,0.665556784133302,4205.25004158664,4205.2497645833,12.517,400
3479,"DE",0.234785019908083,1.14043973609708,0.23228616,1.1283019,18.8314900519795,1.21840659340659,0.983209152100468,1.07576788392534,1.07576138062709,53.781,400
3489,"BiLSTM",0.24287161231041,1.48009252548218,0.28505448,1.7337698,15.7420344980033,2.45741758241758,0.992947238339245,14.7981774184326,14.6315430409402,NA,400
3489,"ABC",0.331560889769853,2.01663291795802,0.28505448,1.7337698,13.3543005789961,2.2032967032967,0.993685105844892,16.3149197900182,16.3149178142348,45.151,400
3489,"ABC-SMC",1.83557304654287,11.1643958717335,0.28505448,1.7337698,44.651083819319,16.375,0.823356863578575,543.937624324611,543.937613386364,38.452,400
3489,"NelderMead",10.0005,60.8254414748313,0.28505448,1.7337698,47.0635415054369,19.5302197802198,0.725394402383115,3408.2767336265,3408.27667403316,15.475,400
3489,"DE",0.291638349236017,1.773814443605,0.28505448,1.7337698,11.4891253162825,1.57005494505495,0.995208859573844,2.30968804139384,2.30968630351033,49.148,400
3507,"BiLSTM",0.729530274868011,3.99751138687134,0.7628079,4.120238,10.1050243468704,1.46703296703297,0.995451737304814,4.36251710712337,2.97862922308521,NA,400
3507,"ABC",0.871329198024165,4.70640608838362,0.7628079,4.120238,14.1498280808871,2.1978021978022,0.99104686285196,14.2265566499986,14.2265589605168,45.948,400
3507,"ABC-SMC",1.76370839452696,9.52651184530232,0.7628079,4.120238,30.5877957247377,9.38461538461539,0.868095487310873,131.212654526383,131.212659203238,31.924,400
3507,"NelderMead",10.0005,54.0167989246874,0.7628079,4.120238,38.8539448441178,15.7706043956044,0.619199888684394,1211.01159282698,1211.01161934547,13.427,400
3507,"DE",0.76773473780055,4.14684995342932,0.7628079,4.120238,11.9055801589966,1.35576923076923,0.996094487931765,0.645881853157296,0.645883888972355,30.973,400
3579,"BiLSTM",0.876792371273041,4.57248258590698,0.9081029,4.958669,9.44073000395787,1.19093406593407,0.997117511433575,3.44790537800939,7.78810632637544,NA,400
3579,"ABC",1.96762050649652,10.7441338519498,0.9081029,4.958669,15.7899582146188,5.95741758241758,0.942897953010636,116.673738900792,116.673745554499,44.588,400
3579,"ABC-SMC",1.62942844010539,8.89744602928445,0.9081029,4.958669,13.6969243374808,4.8489010989011,0.963203621582835,79.4321370524629,79.4321425625394,30.553,400
3579,"NelderMead",10.0005,54.6074358503918,0.9081029,4.958669,21.4005514701747,10.7802197802198,0.795077510026482,1001.25185152476,1001.25188534245,12.211,400
3579,"DE",0.933768169883386,5.09881360292433,0.9081029,4.958669,9.36979361741539,1.14010989010989,0.997271474345025,2.82625128533184,2.82625444296304,26.152,400
3616,"BiLSTM",0.91936582326889,4.1461443901062,1.1039655,4.7643337,10.0784550926451,4.71978021978022,0.983864125484749,16.7215077582687,12.9753570765582,NA,400
3616,"ABC",1.13111040960283,4.88148180935556,1.1039655,4.7643337,9.42718545977622,2.71840659340659,0.994735112402843,2.45885488294953,2.45885609052874,67.392,400
3616,"ABC-SMC",1.51367827373634,6.53251256086944,1.1039655,4.7643337,19.9711085039529,11.1373626373626,0.919776338343519,37.1128240634635,37.1128256794741,45.726,400
3616,"NelderMead",10.0005,43.1587035359366,1.1039655,4.7643337,33.883303136958,32.3681318681319,0.364556664224533,805.870699763716,805.8707104403,18.383,400
3616,"DE",1.02065996327658,4.40481583581361,1.1039655,4.7643337,6.95333011013847,1.78434065934066,0.997205112137864,7.5460271832241,7.54602609356236,40.997,400
3643,"BiLSTM",0.897718548774719,4.30686521530151,0.9583307,4.474731,12.0507518226645,1.68269230769231,0.997319753735617,6.3247635941623,3.75141622364532,NA,400
3643,"ABC",1.73004348389169,8.07808804535911,0.9583307,4.474731,18.9214367273736,8.06318681318681,0.958358163067101,80.526772636178,80.5267857522411,73.148,400
3643,"ABC-SMC",1.71654192670716,8.01504525556705,0.9583307,4.474731,18.7795076627409,7.9793956043956,0.959354812387715,79.1179106238755,79.1179236375785,44.407,400
3643,"NelderMead",10.0005,46.6953115628574,0.9583307,4.474731,29.0010838245534,16.9271978021978,0.783053313068967,943.533302230639,943.533378047918,7.22999999999999,400
3643,"DE",0.925148119312651,4.31979197771069,0.9583307,4.474731,11.5614190550564,1.58928571428571,0.997579498337523,3.46253967313669,3.46253265926615,45.243,400
3710,"BiLSTM",0.271164685487747,2.26747608184814,0.2526095,2.1097317,15.2969678449005,1.78708791208791,0.98991934753304,7.34540287983912,7.4769878012519,NA,400
3710,"ABC",0.248395998910834,2.07454154032208,0.2526095,2.1097317,15.72026271656,1.40521978021978,0.993488373586554,1.66798995650054,1.66799217539952,32.276,400
3710,"ABC-SMC",1.3631989170678,11.3850979628476,0.2526095,2.1097317,58.0606232091745,21.2458791208791,0.384173104414396,439.646734215381,439.646722038048,27.662,400
3710,"NelderMead",10.0005,83.5216861984892,0.2526095,2.1097317,60.3991850739368,24.2541208791209,0.233574791327332,3858.8772393754,3858.87715004184,12.425,400
3710,"DE",0.243112021472466,2.03041107629655,0.2526095,2.1097317,17.4413805088749,1.58516483516484,0.992285776003495,3.75974717005268,3.75974934175037,39.707,400
3769,"BiLSTM",0.389947384595871,3.20961546897888,0.38512668,3.0638218,10.1316475780212,1.90934065934066,0.996886301238657,1.25171919947768,4.7585557677957,NA,400
3769,"ABC",0.392541460647237,3.1228089794325,0.38512668,3.0638218,9.74354621934172,1.98763736263736,0.996626829476247,1.92528355792875,1.92528101446708,58.633,400
3769,"ABC-SMC",1.94825939069246,15.4991065389285,0.38512668,3.0638218,44.3530247226046,26.1634615384615,0.640555572538097,405.874947612682,405.874934988989,45.237,400
3769,"NelderMead",10.0005,79.5575864707951,0.38512668,3.0638218,46.8465251357323,31.4203296703297,0.470920096020755,2496.67805928169,2496.67799448372,22.672,400
3769,"DE",0.37493412086116,2.98273623731446,0.38512668,3.0638218,11.0541563984283,1.73489010989011,0.997308527733779,2.64654714101856,2.64654957039395,56.454,400
3843,"BiLSTM",0.303645193576813,2.61375117301941,0.52485293,4.439558,31.4149912710822,4.44917582417582,0.975883115225434,42.146613609109,41.1258694442237,NA,400
3843,"ABC",2.05077080243378,17.346795723717,0.52485293,4.439558,27.4024686781131,6.42857142857143,0.918131979026296,290.732467175859,290.732494624847,53.301,400
3843,"ABC-SMC",1.87993137258046,15.9017211753058,0.52485293,4.439558,27.1592182068024,6.1771978021978,0.924321969813271,258.182505064887,258.182530227238,36.798,400
3843,"NelderMead",10.0005,84.5909403572334,0.52485293,4.439558,32.0804536717648,8.73626373626374,0.844550040751101,1805.39090636305,1805.39104021692,16.932,400
3843,"DE",0.500907680789724,4.23701332435015,0.52485293,4.439558,14.8529043870224,1.75549450549451,0.99296192548978,4.5622778956908,4.56227119118278,34.889,400
3857,"BiLSTM",0.582799792289734,3.15910720825195,0.56498617,2.978742,11.425100115364,1.48626373626374,0.996271554208389,3.15293067965432,6.05507990460245,NA,400
3857,"ABC",0.79866783754864,4.21076742731173,0.56498617,2.978742,17.1086486218995,3.90659340659341,0.986224444693848,41.3605995963831,41.3605954228908,44.263,400
3857,"ABC-SMC",1.58895876397502,8.37736978018731,0.56498617,2.978742,28.1015153296085,8.83791208791209,0.927895504624656,181.238523763338,181.238515460127,31.909,400
3857,"NelderMead",10.0005,52.7250224399657,0.56498617,2.978742,33.5452868781262,13.6414835164835,0.793380078477735,1670.04332690126,1670.04327464298,14.644,400
3857,"DE",0.551516330447829,2.90772570360175,0.56498617,2.978742,10.3237536505877,1.32554945054945,0.996491676143958,2.38410075633729,2.38410363832281,34.009,400
3974,"BiLSTM",0.477341860532761,2.82755899429321,0.19155811,1.1229231,28.5677107007405,3.96153846153846,0.979033374232358,149.189063586376,151.80343999453,NA,400
3974,"ABC",0.250534655673346,1.46864665417549,0.19155811,1.1229231,26.4658437021275,1.74175824175824,0.988388531026235,30.787809335426,30.7878210160154,32.88,400
3974,"ABC-SMC",1.36876650098879,8.02377753537492,0.19155811,1.1229231,44.2546339529489,6.32142857142857,0.945820415770337,614.54374914682,614.543812962341,28.64,400
3974,"NelderMead",10.0005,58.6234300624326,0.19155811,1.1229231,49.7740986934678,7.53159340659341,0.911679090767688,5120.60903607788,5120.60950232768,12.634,400
3974,"DE",0.187737770892576,1.1005281817907,0.19155811,1.1229231,24.3460242088015,1.45054945054945,0.987140707850832,1.99434996901147,1.99434121617919,41.594,400
4013,"BiLSTM",0.495495557785034,3.43387699127197,0.4462771,3.095542,21.2275156564804,2.29258241758242,0.992266152878146,11.0286765296795,10.9297496616739,NA,400
4013,"ABC",0.44554000154121,3.09042915541965,0.4462771,3.095542,17.1783523759253,2.02472527472527,0.993236631080296,0.165166094964217,0.165167992563151,62.474,400
4013,"ABC-SMC",1.82178996751111,12.6366045948101,0.4462771,3.095542,56.6943205607839,15.4986263736264,0.755861834850748,308.219459952373,308.21945219319,44.076,400
4013,"NelderMead",10.0005,69.3671424829754,0.4462771,3.095542,62.9301527284063,20.0247252747253,0.577657454971722,2140.87231901435,2140.87227642123,20.705,400
4013,"DE",0.459288533181559,3.18579402249908,0.4462771,3.095542,17.010331668164,1.9532967032967,0.993513836197321,2.91555026721279,2.9155483110575,50.325,400
4032,"BiLSTM",0.937708735466003,4.29695987701416,0.84350616,3.7497952,20.0148577563861,2.83516483516484,0.992647343796825,11.1679771806294,14.59185496355,NA,400
4032,"ABC",1.16367102028866,5.17308354215041,0.84350616,3.7497952,26.6900652588329,5.19917582417582,0.982907274905516,37.9564341638791,37.9564287177713,94.157,400
4032,"ABC-SMC",1.76021487555961,7.82501105952346,0.84350616,3.7497952,35.7678992024743,9.33653846153846,0.941973921989859,108.678366446027,108.678358208029,57.672,400
4032,"NelderMead",10.0005,44.4570854316214,0.84350616,3.7497952,48.3424429069004,17.0398351648352,0.767646218070692,1085.58707383951,1085.58702703607,25.943,400
4032,"DE",0.880396978898907,3.91379268083097,0.84350616,3.7497952,18.8867385193506,2.55906593406593,0.993441398232624,4.37350912753347,4.37350500717922,61.854,400
4046,"BiLSTM",0.847760736942291,4.32421636581421,0.89186543,4.6059575,7.38574641556275,1.19230769230769,0.997239531240239,4.94521836749617,6.11688523365209,NA,400
4046,"ABC",1.95351670412239,10.0887581266996,0.89186543,4.6059575,17.8006578238639,5.39835164835165,0.951842009469812,119.037159465009,119.037151921172,45.274,400
4046,"ABC-SMC",1.68138072261441,8.68333677083801,0.89186543,4.6059575,15.3648435333451,4.64423076923077,0.964358316695544,88.5240380507194,88.5240315577817,28.223,400
4046,"NelderMead",10.0005,51.6466664621561,0.89186543,4.6059575,24.2924334564563,9.37362637362637,0.827093204167889,1021.30145015263,1021.301411534,12.474,400
4046,"DE",0.860838728191027,4.44572278111981,0.89186543,4.6059575,6.95766221914721,1.19093406593407,0.997178807179283,3.47885463045395,3.47885795472914,27.653,400
4049,"BiLSTM",0.100570328533649,1.1375470161438,0.18587252,2.0119925,31.7025598875477,6.55769230769231,0.918412717894597,45.8928471332667,43.4616671710357,NA,400
4049,"ABC",0.181251975514761,1.96197708754805,0.18587252,2.0119925,16.2640363083759,1.25274725274725,0.994688133815243,2.48586745649075,2.48586475605419,32.429,400
4049,"ABC-SMC",1.5189018060946,16.4414789594956,0.18587252,2.0119925,61.8727258542174,19.364010989011,0.560270232684251,717.173945935955,717.173968565766,28.537,400
4049,"NelderMead",10.0005,108.251244204653,0.18587252,2.0119925,63.5092100903549,21.7472527472527,0.465159489209233,5280.30043386725,5280.30058286268,12.222,400
4049,"DE",0.183341980862776,1.98460052430791,0.18587252,2.0119925,16.6252236937784,1.21565934065934,0.99465434966685,1.3614380098922,1.36143527831707,42.022,400
4069,"BiLSTM",0.631367266178131,4.42063331604004,0.67876357,4.964864,10.8065876030036,1.44642857142857,0.993317387306453,6.98274125434706,10.961643339273,NA,400
4069,"ABC",0.696790886075444,5.09672594766618,0.67876357,4.964864,10.6924303782314,1.57142857142857,0.992513303402482,2.6559050709578,2.65590251145209,40.997,400
4069,"ABC-SMC",1.58262021163469,11.5761868576824,0.67876357,4.964864,35.0576334095463,10.8667582417582,0.730757162147085,133.16222048197,133.162214668568,28.8,400
4069,"NelderMead",10.0005,73.1493606736368,0.67876357,4.964864,46.0496124845791,17.0068681318681,0.365443482802267,1373.340709785,1373.3406730504,12.284,400
4069,"DE",0.642217282389805,4.69754348486323,0.67876357,4.964864,9.37796961699134,1.34065934065934,0.994267529421144,5.38424412055514,5.3842464795969,30.664,400
4073,"BiLSTM",0.77653956413269,4.19586133956909,0.76556665,4.0929837,7.40994566675407,1.9478021978022,0.995535498783711,1.4333061834251,2.51351207602152,NA,400
4073,"ABC",0.914033636322707,4.8867397333334,0.76556665,4.0929837,11.0946325304783,3.5728021978022,0.989072785108014,19.3930843673384,19.3930905059164,68.496,400
4073,"ABC-SMC",1.6617199814415,8.88412935398502,0.76556665,4.0929837,27.8454696212626,11.6153846153846,0.890947959070638,117.057519608711,117.057530768691,42.865,400
4073,"NelderMead",10.0005,53.4661294302159,0.76556665,4.0929837,39.630882246905,20.4601648351648,0.623052196161596,1206.28731019043,1206.287377353,18.777,400
4073,"DE",0.771748738593744,4.12603549275126,0.76556665,4.0929837,8.74002849715449,1.91895604395604,0.995688959380368,0.807518012147476,0.807523195151246,48.179,400
4110,"BiLSTM",0.34357014298439,2.50703644752502,0.34426346,2.554479,13.5393588680566,1.71840659340659,0.995970220973357,0.201391404016494,1.85723008390266,NA,400
4110,"ABC",0.37314620530582,2.76879270139727,0.34426346,2.554479,13.6615238011612,1.95054945054945,0.995299211253708,8.38972143770931,8.38972257737363,52.291,400
4110,"ABC-SMC",1.40687993028762,10.4392295227286,0.34426346,2.554479,47.8180951401853,18.0686813186813,0.759791755441283,308.663739767102,308.663744063999,45.87,400
4110,"NelderMead",10.0005,74.2049926184564,0.34426346,2.554479,52.200638468474,23.9711538461538,0.574088866064942,2804.89731323795,2804.89734378151,18.469,400
4110,"DE",0.353113999447675,2.6201511646906,0.34426346,2.554479,14.15444718055,1.6978021978022,0.996090327729035,2.57086228311162,2.5708633615935,49.921,400
4148,"BiLSTM",0.342926919460297,1.56131899356842,0.36947945,1.6294358,11.0446853658893,1.57692307692308,0.995470047432145,7.18647019196964,4.1803921597635,NA,400
4148,"ABC",0.384006749533414,1.69350239923359,0.36947945,1.6294358,10.675954878938,1.14835164835165,0.996612304433783,3.93182882929333,3.93182715352091,36.009,400
4148,"ABC-SMC",1.67762412694358,7.39846496824113,0.36947945,1.6294358,39.680363043006,14.2815934065934,0.815323845348327,354.050726486569,354.050719165562,27.406,400
4148,"NelderMead",10.0005,44.1030548658673,0.36947945,1.6294358,42.372890742284,18.0755494505494,0.662420427085106,2606.64579586226,2606.64575222094,8.074,400
4148,"DE",0.376725021694692,1.66138936064657,0.36947945,1.6294358,10.5570942271299,1.1456043956044,0.996548848757881,1.96102156552728,1.96101992153171,37.424,400
4165,"BiLSTM",0.300336360931396,4.39437913894653,0.3427608,4.627341,17.2758260035278,3.51098901098901,0.98931308131803,12.3772727419832,5.03446495629925,NA,400
4165,"ABC",0.344291070901939,4.6479993630866,0.3427608,4.627341,13.3464378973673,2.1043956043956,0.995978235536904,0.446454466770646,0.446441338267368,52.535,400
4165,"ABC-SMC",1.28676671601825,17.3716119352898,0.3427608,4.627341,44.8785930700644,32.4835164835165,0.332655808463922,275.412449737031,275.412400670057,43.062,400
4165,"NelderMead",10.0005,135.008780532059,0.3427608,4.627341,47.3520560700162,39.4656593406593,0.113873350930788,2817.63235469167,2817.63197335271,14.914,400
4165,"DE",0.329544375284065,4.44891597803119,0.3427608,4.627341,12.7409923704442,1.41071428571429,0.998225960585343,3.85587404275368,3.85588660893614,46.453,400
4186,"BiLSTM",0.955526411533356,4.1890754699707,0.924778,3.8847404,13.7729960633442,1.94917582417582,0.993631465408312,3.32495058634134,7.83411601894178,NA,400
4186,"ABC",1.47652731698223,6.20248900242059,0.924778,3.8847404,24.5045686470122,5.14697802197802,0.961721492714041,59.6628939034266,59.6628954259231,52.997,400
4186,"ABC-SMC",2.11968804294431,8.90423199334733,0.924778,3.8847404,30.1738277194915,7.74725274725275,0.915986955890311,129.210474615995,129.210476801676,30.6,400
4186,"NelderMead",10.0005,42.0093760239274,0.924778,3.8847404,37.9213768637182,12.4464285714286,0.761847926774049,981.394669855901,981.39468016775,13.775,400
4186,"DE",0.890286774203825,3.73985219405608,0.924778,3.8847404,12.7677277785125,1.71840659340659,0.994633669188253,3.7296762894635,3.72967537145915,33.125,400
4205,"BiLSTM",0.404742538928986,2.01454448699951,0.43789423,2.20006,18.902399739026,3.33104395604396,0.985619926358072,7.57070744481251,8.43229334656729,NA,400
4205,"ABC",0.41688145902796,2.09448785574069,0.43789423,2.20006,17.9403574879892,2.74313186813187,0.98864262143831,4.79859507900811,4.79860295897876,71.984,400
4205,"ABC-SMC",1.65684326617609,8.32428025934064,0.43789423,2.20006,78.1723108120865,27.1565934065934,0.475562358127378,278.366087668269,278.366056350311,53.481,400
4205,"NelderMead",10.0005,50.2443208920212,0.43789423,2.20006,83.8154804089495,33.032967032967,0.247246823775031,2183.77067220091,2183.77048316961,20.99,400
4205,"DE",0.455713994031484,2.28958953563347,0.43789423,2.20006,15.5030602687931,2.5728021978022,0.989331282286375,4.0694219769656,4.06941336297517,71.555,400
4258,"BiLSTM",0.627879559993744,2.39769172668457,0.627698,2.6020284,6.75626225978524,1.31043956043956,0.998470219136134,0.0289247366956591,7.85297629016769,NA,400
4258,"ABC",0.706474401924768,2.92858407394762,0.627698,2.6020284,7.82834145128914,2.86675824175824,0.99529967362643,12.5500482596358,12.5500426493276,44.59,400
4258,"ABC-SMC",1.46750656339506,6.08332918823864,0.627698,2.6020284,21.0958598140694,13.0755494505495,0.900563302564187,133.791817624887,133.791805971012,31.122,400
4258,"NelderMead",10.0005,41.4555785060588,0.627698,2.6020284,24.7266927662213,23.0879120879121,0.652403157623368,1493.20246360511,1493.20238418838,13.446,400
4258,"DE",0.596109296256506,2.47108201881436,0.627698,2.6020284,6.48466354415017,1.12362637362637,0.998622236186772,5.03246843920071,5.03247317306909,34.006,400
4265,"BiLSTM",1.0219908952713,4.5828423500061,1.0605179,4.652652,13.3890414980111,1.78021978021978,0.995452502762474,3.63284813285082,1.5004270681301,NA,400
4265,"ABC",1.11521651217902,4.89262278769822,1.0605179,4.652652,14.3066387293621,1.9793956043956,0.994224591715396,5.15772644469433,5.15772053655041,73.936,400
4265,"ABC-SMC",1.59928620986715,7.01630945112075,1.0605179,4.652652,27.7330360530385,7.11126373626374,0.938067270590072,50.8023777691214,50.8023692964948,45.905,400
4265,"NelderMead",10.0005,43.873699549852,1.0605179,4.652652,47.6979377013284,18.6167582417582,0.571346294008064,842.98266912798,842.982616147781,18.472,400
4265,"DE",1.03546433045127,4.54273795598298,1.0605179,4.652652,13.1045690148056,1.70054945054945,0.995694635635303,2.36239006892079,2.36239555455718,44.491,400
4286,"BiLSTM",0.458642333745956,2.1302478313446,0.4126784,1.9236205,9.97543544745682,1.28708791208791,0.9962592337048,11.1379548204986,10.7415850134995,NA,400
4286,"ABC",0.584406990924827,2.72410019965694,0.4126784,1.9236205,12.9765198807799,2.34340659340659,0.992920051818375,41.6131764892048,41.6131820001367,31.424,400
4286,"ABC-SMC",1.07918353163541,5.03040538468279,0.4126784,1.9236205,24.2174741355834,5.50412087912088,0.961362400952334,161.507152212332,161.507162388984,25.791,400
4286,"NelderMead",10.0005,46.6153972654538,0.4126784,1.9236205,31.2993079450164,9.94917582417582,0.828327276589126,2323.31558908826,2323.31568339253,10.131,400
4286,"DE",0.431491546149056,2.0113144183214,0.4126784,1.9236205,9.69177804246957,1.11950549450549,0.996156787272462,4.55879109472552,4.5587951636716,28.699,400
4387,"BiLSTM",0.132712081074715,1.20105803012848,0.19887717,1.7418182,44.4608577465016,6.89010989010989,0.953191351004054,33.2693234348042,31.0457296789941,NA,400
4387,"ABC",0.193314934047368,1.69310260729367,0.19887717,1.7418182,19.9441409826382,2.07554945054945,0.987423681906687,2.79681974187,2.79682418672246,53.364,400
4387,"ABC-SMC",1.81538997391418,15.8996588299575,0.19887717,1.7418182,77.7499008362729,24.5947802197802,0.56963819052367,812.819693640142,812.819651899236,44.426,400
4387,"NelderMead",10.0005,87.586987046182,0.19887717,1.7418182,79.7395176025786,26.6318681318681,0.488073010854373,4928.48064461094,4928.4804146714,20.568,400
4387,"DE",0.182750786642965,1.60057904928523,0.19887717,1.7418182,23.9724663987948,2.46153846153846,0.987249387119036,8.10871522208178,8.10871942403487,79.706,400
4417,"BiLSTM",0.776319980621338,3.49226260185242,0.74339384,3.2093418,16.0071720511143,1.46153846153846,0.993962781307808,4.42916511405824,8.81553974252344,NA,400
4417,"ABC",1.11407428586668,4.80962446964553,0.74339384,3.2093418,24.7800273973428,3.25412087912088,0.981395152975787,49.8632657309459,49.8632669678728,43.829,400
4417,"ABC-SMC",1.53907319677948,6.64440800915495,0.74339384,3.2093418,32.6454312185716,5.15659340659341,0.949832827200553,107.033353515477,107.033355224269,30.558,400
4417,"NelderMead",10.0005,43.1736466040703,0.74339384,3.2093418,44.3771961097915,10.0151098901099,0.76925168216444,1245.2492423128,1245.24925341608,12.763,400
4417,"DE",0.803720124744705,3.469779374462,0.74339384,3.2093418,16.6381424280293,1.4739010989011,0.993935609411271,8.11498313527929,8.11498402762827,29.473,400
4484,"BiLSTM",0.897840321063995,4.83770942687988,0.87594366,4.974534,6.11990031169585,1.29258241758242,0.997914738164385,2.49977961641909,2.75050031058422,NA,400
4484,"ABC",1.40213551865518,7.96280807270726,0.87594366,4.974534,13.2411155237988,5.70054945054945,0.969875681177803,60.0714272713816,60.0714372985944,53.091,400
4484,"ABC-SMC",1.66359919771918,9.44767531033881,0.87594366,4.974534,14.3136714747235,7.30906593406593,0.948332548274836,89.9207989837135,89.920810880754,34.322,400
4484,"NelderMead",10.0005,56.7934133838118,0.87594366,4.974534,21.8714728986478,16.1483516483516,0.727621315629738,1041.6830164625,1041.68308797994,15.22,400
4484,"DE",0.84334515626325,4.7894055382125,0.87594366,4.974534,6.09593150406718,1.49587912087912,0.997335245547758,3.72152973134716,3.72152370026016,33.213,400
4618,"BiLSTM",0.378090351819992,2.30017709732056,0.39757252,2.5412402,33.4823228364573,3.19093406593407,0.982119185762269,4.90028037652298,9.48604160596244,NA,400
4618,"ABC",0.359693427841191,2.29912125456711,0.39757252,2.5412402,35.0266458649383,4.13598901098901,0.971736910978056,9.52759314421645,9.52758993159674,77.785,400
4618,"ABC-SMC",1.14152389831814,7.29649655533403,0.39757252,2.5412402,110.995018715438,28.1222527472527,0.317814356255633,187.123440603526,187.123450799103,59.116,400
4618,"NelderMead",10.0005,63.922107902538,0.39757252,2.5412402,121.907276314755,35.8942307692308,-0.00452708304584313,2415.39014819233,2415.3902375123,23.277,400
4618,"DE",0.40885595259526,2.61336276370073,0.39757252,2.5412402,30.4022609137374,3.32967032967033,0.98073168154419,2.83808161471013,2.83808526642739,86.714,400
4688,"BiLSTM",0.323339343070984,2.04387903213501,0.16478275,1.0381774,69.161240399481,8.6717032967033,0.908808277409327,96.2215966604416,96.8718479264729,NA,400
4688,"ABC",0.145738376494633,0.918192488243885,0.16478275,1.0381774,52.453279860649,2.07692307692308,0.975938336119266,11.557261609827,11.5572648524342,54.471,400
4688,"ABC-SMC",1.45635675585635,9.17545443824661,0.16478275,1.0381774,109.085624650927,15.9478021978022,0.830816387980799,783.804133537248,783.804101134027,48.399,400
4688,"NelderMead",10.0005,63.0059439355779,0.16478275,1.0381774,112.652347515548,17.032967032967,0.793101123965823,5968.89980899093,5968.89958648473,22.858,400
4688,"DE",0.155395039625489,0.979032163842855,0.16478275,1.0381774,46.2219185744646,1.85164835164835,0.977507284540949,5.69702251874721,5.69702597621035,95.843,400
4743,"BiLSTM",0.403973609209061,1.75583910942078,0.29299793,1.2955276,37.6720555085644,4.51236263736264,0.95975212610607,37.8759260207267,35.5308145824741,NA,400
4743,"ABC",0.250787472415234,1.10888867937113,0.29299793,1.2955276,32.3758500849543,2.85851648351648,0.966112474957255,14.4064012959975,14.4064025057339,49.709,400
4743,"ABC-SMC",1.43786556620535,6.3577053250201,0.29299793,1.2955276,85.7601487866275,14.6538461538462,0.789045198695428,390.74256811485,390.742561178944,41.373,400
4743,"NelderMead",10.0005,44.218481614145,0.29299793,1.2955276,92.4018438047715,17.081043956044,0.713681015445308,3313.16404522039,3313.16399698046,17.069,400
4743,"DE",0.292323543242464,1.29254569494012,0.29299793,1.2955276,28.4213933097079,1.94505494505495,0.973941081714807,0.23016775495168,0.230169165047819,78.23,400
4768,"BiLSTM",0.514881610870361,2.96546626091003,0.50127107,2.921147,19.4565483444963,1.95741758241758,0.991934655153964,2.71520574094996,1.5171869443761,NA,400
4768,"ABC",0.474861667875722,2.76724671967219,0.50127107,2.921147,18.5433748841676,2.2293956043956,0.990069590146018,5.26848719282334,5.26848804006826,55.106,400
4768,"ABC-SMC",1.17128471669302,6.82563788433477,0.50127107,2.921147,63.7638492880676,15.8406593406593,0.686475622300817,133.662939433751,133.662937343953,42.916,400
4768,"NelderMead",10.0005,58.2777105254248,0.50127107,2.921147,75.8476934134769,24.4244505494506,0.290959390224282,1895.02835860845,1895.02834076562,17.306,400
4768,"DE",0.47668474836519,2.77787068417694,0.50127107,2.921147,17.6696660744087,2.13736263736264,0.99064902429654,4.90479564974891,4.90479650024655,49.407,400
4871,"BiLSTM",0.815673232078552,4.01984024047852,0.8680757,4.1397157,10.6293895276352,2.65796703296703,0.992256120884258,6.03662421623457,2.89574135541444,NA,400
4871,"ABC",0.956013693187386,4.55907809697357,0.8680757,4.1397157,12.4701961962582,1.99313186813187,0.995754933763048,10.1302217292094,10.1302221544724,62.107,400
4871,"ABC-SMC",1.89141039079323,9.01983700286128,0.8680757,4.1397157,33.5170347533738,13.5906593406593,0.830944535469889,117.885420683154,117.885421524509,41.469,400
4871,"NelderMead",10.0005,47.6908027925575,0.8680757,4.1397157,43.5605722206617,23.2884615384615,0.500023567890611,1052.03086551092,1052.03086995944,17.559,400
4871,"DE",0.865410381244075,4.1270052323927,0.8680757,4.1397157,9.52855024972155,1.69368131868132,0.996605035589818,0.30703759544532,0.307037210485332,42.024,400
4921,"BiLSTM",0.450654983520508,2.12012791633606,0.4362178,2.0721662,17.5429809534843,2.53708791208791,0.989632718887168,3.30962732848312,2.31456899239355,NA,400
4921,"ABC",0.414415220488233,1.96859727863883,0.4362178,2.0721662,25.2990769596948,3.24450549450549,0.98748407953728,4.99809487640509,4.99809915638841,68.766,400
4921,"ABC-SMC",1.46623986695083,6.9650815636322,0.4362178,2.0721662,68.1158653525156,23.5480769230769,0.631821894449659,236.125638832443,236.125623689461,52.93,400
4921,"NelderMead",10.0005,47.505390998511,0.4362178,2.0721662,75.5224937315898,30.7074175824176,0.377011562075274,2192.54743845849,2192.54733517567,23.173,400
4921,"DE",0.42697055985585,2.02823892713417,0.4362178,2.0721662,20.4459099133854,2.80769230769231,0.989074673208453,2.11986767714429,2.1198720867962,73.512,400
4949,"BiLSTM",0.372456878423691,2.04706788063049,0.3406527,1.951364,18.743943703594,2.44642857142857,0.991670211852191,9.33624727580049,4.90446070699742,NA,400
4949,"ABC",0.347493008312942,1.99054753481877,0.3406527,1.951364,16.6041432577705,1.67582417582418,0.994353158013866,2.00800061556596,2.00800746650897,50.257,400
4949,"ABC-SMC",1.55390877577895,8.90127055498754,0.3406527,1.951364,65.6414939832456,22.592032967033,0.618830925312245,356.156306930474,356.156337566315,38.768,400
4949,"NelderMead",10.0005,57.2859601365789,0.3406527,1.951364,69.3737737400236,27.2046703296703,0.425868969187571,2835.68787213488,2835.68806929814,18.236,400
4949,"DE",0.346819402328001,1.98668891118984,0.3406527,1.951364,17.5760912601136,1.66346153846154,0.994453132509762,1.81026081049728,1.81026764815992,56.035,400
4966,"BiLSTM",0.541343212127686,3.53640651702881,0.6284906,4.056128,31.4016902435739,3.82005494505495,0.977121017933789,13.8661402210812,12.8132416672056,NA,400
4966,"ABC",0.585392290272126,3.77798142434955,0.6284906,4.056128,25.3016668517024,2.61401098901099,0.987702734338984,6.85743107818538,6.8574407822054,65.196,400
4966,"ABC-SMC",1.1023717163167,7.11444263305344,0.6284906,4.056128,43.6628815429141,10.032967032967,0.859910283814921,75.3998733340956,75.3998550601323,50.806,400
4966,"NelderMead",10.0005,64.5408281968394,0.6284906,4.056128,68.2101045748927,20.8846153846154,0.401514155723431,1491.19324935011,1491.1930835723,16.598,400
4966,"DE",0.631460963391625,4.07529759024745,0.6284906,4.056128,21.5188025390652,2.25961538461538,0.990299607505097,0.472618586757779,0.472608119059579,51.618,400
4978,"BiLSTM",0.526031911373138,4.10921287536621,0.57846147,4.2828903,13.178285019624,3.45467032967033,0.991538759777453,9.06362157999246,4.05514529834652,NA,400
4978,"ABC",0.560579264331377,4.15049164585577,0.57846147,4.2828903,9.93644873458608,1.67032967032967,0.99749744454336,3.09133911176886,3.09133890597745,71.394,400
4978,"ABC-SMC",1.2550505636026,9.29231102683083,0.57846147,4.2828903,42.5646567396836,24.7651098901099,0.646187482401106,116.963553960232,116.963554420967,53.008,400
4978,"NelderMead",10.0005,74.0430378813378,0.57846147,4.2828903,51.5258638084931,39.3255494505495,0.195272166234886,1628.81004503204,1628.81004870327,22.53,400
4978,"DE",0.576944152278608,4.27165618944865,0.57846147,4.2828903,11.0385464162717,1.58104395604396,0.997546902613384,0.262302296709939,0.262302084910879,56.509,400
4980,"BiLSTM",0.272598296403885,1.18150234222412,0.2652748,1.2275927,44.4967073873905,1.96016483516484,0.921024721589882,2.76072073332443,3.75453175763255,NA,400
4980,"ABC",0.273900676768513,1.26751013852205,0.2652748,1.2275927,45.6779427578137,1.95741758241758,0.922238578754944,3.25167591060769,3.25168425342168,50.377,400
4980,"ABC-SMC",1.58586400348416,7.33878691520057,0.2652748,1.2275927,140.674508281575,18.7293956043956,0.47220135219301,497.819319243349,497.819367547605,36.454,400
4980,"NelderMead",10.0005,46.2785827689017,0.2652748,1.2275927,144.985483698869,20.1153846153846,0.34508746408599,3669.86430674908,3669.86461135698,15.916,400
4980,"DE",0.277341339089999,1.28343224001945,0.2652748,1.2275927,46.3033297411335,2.01923076923077,0.920303653934681,4.54869406743462,4.54870251504866,89.283,400
5023,"BiLSTM",0.608272194862366,2.77158808708191,0.61058843,2.7064948,8.93351778213323,1.04395604395604,0.995819572889629,0.379344747432282,2.40507711605095,NA,400
5023,"ABC",1.17829234897411,5.22289976042727,0.61058843,2.7064948,18.556298530745,3.88873626373626,0.974267616243959,92.9765274088324,92.976530397445,34.312,400
5023,"ABC-SMC",1.39760998309059,6.19504730910802,0.61058843,2.7064948,20.3965336596739,4.64423076923077,0.963272057349535,128.895588979731,128.89559252462,25.357,400
5023,"NelderMead",10.0005,44.3282255881818,0.61058843,2.7064948,28.0121511574694,8.39010989010989,0.851221366469762,1537.84629852878,1537.84632389398,7.02199999999999,400
5023,"DE",0.647574162577067,2.87043783448769,0.61058843,2.7064948,9.38946318918144,1.06043956043956,0.995550392408881,6.05739165038987,6.05739329289254,23.579,400
5034,"BiLSTM",0.840083062648773,4.05812120437622,0.7687452,3.5531435,14.3778419651897,2.09340659340659,0.993882079898047,9.27977991261255,14.2121393176555,NA,400
5034,"ABC",0.991962870311488,4.58485674356906,0.7687452,3.5531435,18.5186558871897,3.44642857142857,0.986974455264627,29.0366262204289,29.0366331550939,73.928,400
5034,"ABC-SMC",1.44666673456173,6.68650000132528,0.7687452,3.5531435,28.0590195553877,6.8543956043956,0.953645047912208,88.1854656863852,88.1854757998174,47.045,400
5034,"NelderMead",10.0005,46.2223549251039,0.7687452,3.5531435,43.9438975285111,14.0233516483516,0.774922903506899,1200.88617138683,1200.88624129884,21.716,400
5034,"DE",0.749294356561313,3.46324180714508,0.7687452,3.5531435,15.8671923931544,1.81730769230769,0.994998341011516,2.53020681477904,2.53020157657355,47.848,400
5035,"BiLSTM",0.253953635692596,1.2352591753006,0.33901107,1.5810926,27.4313075766538,3.81043956043956,0.981251746954653,25.0898692799039,21.8730657963614,NA,400
5035,"ABC",0.358229146220939,1.67072255539561,0.33901107,1.5810926,21.295279355999,2.07005494505495,0.987635164554193,5.66886391672664,5.66886186145025,54.098,400
5035,"ABC-SMC",1.15970808932895,5.40869017207673,0.33901107,1.5810926,69.2850342153458,12.0013736263736,0.897169788025647,242.085610752756,242.085604099136,45.043,400
5035,"NelderMead",10.0005,46.6407077466809,0.33901107,1.5810926,79.4314465532372,16.3076923076923,0.772051195350831,2849.90367128719,2849.90361391109,15.814,400
5035,"DE",0.344543662225671,1.60689568079982,0.33901107,1.5810926,21.8424504439287,2.00686813186813,0.987991955782265,1.63197981283348,1.63197783607513,66.018,400
5112,"BiLSTM",0.246662691235542,3.07544469833374,0.3215995,3.9050338,20.2188952785082,3.48351648351648,0.990256001638996,23.3012827334799,21.244095292242,NA,400
5112,"ABC",0.384873346955447,4.67333899445276,0.3215995,3.9050338,13.3337059877184,2.96978021978022,0.991274787386012,19.6747342441287,19.674738652781,49.372,400
5112,"ABC-SMC",1.34919581304918,16.3826605665293,0.3215995,3.9050338,32.7794963428305,14.3502747252747,0.833938638205257,319.526713520756,319.526728975542,39.515,400
5112,"NelderMead",10.0005,121.431444873305,0.3215995,3.9050338,36.1178595388864,19.4848901098901,0.685106984694103,3009.61304355262,3009.61315810648,17.181,400
5112,"DE",0.31861296026298,3.86876977352079,0.3215995,3.9050338,10.2614612391927,1.50549450549451,0.996402491674845,0.928651859539724,0.928648209887767,42.879,400
5128,"BiLSTM",0.223901122808456,2.41769123077393,0.21003678,2.417595,26.2879666121641,2.48901098901099,0.984657049865178,6.6009119014567,0.00398043402331006,NA,400
5128,"ABC",0.201278782629807,2.31678729537674,0.21003678,2.417595,29.1037069590171,2.96703296703297,0.979464909112198,4.16974463719766,4.16975153502819,57.49,400
5128,"ABC-SMC",1.40688149421337,16.193684845009,0.21003678,2.417595,97.1933944917656,23.239010989011,0.412691842546634,569.826253389224,569.826205175348,49.094,400
5128,"NelderMead",10.0005,115.109158773221,0.21003678,2.417595,102.071123401074,26.5865384615385,0.254592421255439,4661.30894788998,4661.30860517252,22.07,400
5128,"DE",0.204463330378423,2.35344252385694,0.21003678,2.417595,27.4160971586093,2.75961538461538,0.981480248890166,2.65355887743895,2.65356588440402,70.179,400
5245,"BiLSTM",0.384051442146301,1.66816687583923,0.41266462,1.7616512,36.3453464828332,2.71978021978022,0.98050050477128,6.9337608476585,5.30663074283755,NA,400
5245,"ABC",0.37379229391078,1.59570653844108,0.41266462,1.7616512,38.4693454204578,2.94230769230769,0.979917657376185,9.41983494713461,9.41983643293997,76.7,400
5245,"ABC-SMC",1.15104651136618,4.91377825107119,0.41266462,1.7616512,98.6486721752347,16.9340659340659,0.805957018700896,178.930263361608,178.930258786256,67.263,400
5245,"NelderMead",10.0005,42.6917930027978,0.41266462,1.7616512,113.602346556425,23.7019230769231,0.554340828617898,2323.39651022179,2323.39647047031,26.02,400
5245,"DE",0.370143297018943,1.58012909531582,0.41266462,1.7616512,37.9997733635978,2.97252747252747,0.979896237737887,10.3040873678623,10.3040888391631,86.961,400
5252,"BiLSTM",0.467557609081268,1.79037821292877,0.2691622,1.0974069,38.1384996770027,4.38736263736264,0.968526334049884,73.7084958739631,63.1462507597475,NA,400
5252,"ABC",0.358942544906822,1.46345213780906,0.2691622,1.0974069,32.0013775428496,2.82417582417582,0.976404425063348,33.3554804154601,33.3554707747014,45.971,400
5252,"ABC-SMC",1.61155587040742,6.570508058215,0.2691622,1.0974069,67.0070833411868,9.1978021978022,0.917353593273034,498.730382797963,498.730339513539,37.368,400
5252,"NelderMead",10.0005,40.7732471723536,0.2691622,1.0974069,74.0741962211948,10.635989010989,0.875441635202366,3615.41769238028,3615.41742377906,16.013,400
5252,"DE",0.29274245689323,1.19354637795607,0.2691622,1.0974069,29.6915357591194,1.98626373626374,0.979335768973346,8.76061233458108,8.76060447187592,61.101,400
5268,"BiLSTM",0.964291751384735,4.21275329589844,0.9901382,4.0145407,14.8194820615802,1.89972527472527,0.993140734596242,2.6103879857645,4.93736670544745,NA,400
5268,"ABC",1.3752251152922,5.57588564036673,0.9901382,4.0145407,17.9374949407733,3.71153846153846,0.979777052166281,38.8922390119076,38.8922433982728,63.629,400
5268,"ABC-SMC",1.65701560493779,6.71841243640542,0.9901382,4.0145407,21.3015458792274,4.7760989010989,0.966693726038498,67.3519519737534,67.3519572589068,38.521,400
5268,"NelderMead",10.0005,40.5472847510057,0.9901382,4.0145407,33.0979233441034,10.2239010989011,0.828234523515978,910.010521763528,910.010553660739,12.338,400
5268,"DE",0.91028917007754,3.69079087894512,0.9901382,4.0145407,12.484978133748,1.81593406593407,0.993210687496537,8.06443281578872,8.06442991236533,38.402,400
5332,"BiLSTM",0.356345921754837,3.68305325508118,0.45935196,4.7273855,15.0144236795315,2.48901098901099,0.985837303934942,22.4242078438422,22.0911166419329,NA,400
5332,"ABC",0.55211836845412,5.6820838202887,0.45935196,4.7273855,15.775896298886,2.71291208791209,0.982542674237571,20.1950609842004,20.1950596220405,38.904,400
5332,"ABC-SMC",1.74955034374189,18.0053631049995,0.45935196,4.7273855,36.2278997139154,10.5865384615385,0.766050768854806,280.873599351115,280.873595034708,31.434,400
5332,"NelderMead",10.0005,102.919378328053,0.45935196,4.7273855,41.4816235975803,14.1785714285714,0.590478614247845,2077.08878394685,2077.08875927409,13.075,400
5332,"DE",0.434851254122929,4.47523831203501,0.45935196,4.7273855,11.0993898971128,1.30357142857143,0.994590234804548,5.33375450864981,5.33375558149395,31.338,400
5333,"BiLSTM",0.681540727615356,2.83723092079163,0.6985074,2.8139112,10.0908251099654,1.43681318681319,0.996904409954008,2.42898964057411,0.828729804679899,NA,400
5333,"ABC",1.06583641080498,4.29368205264741,0.6985074,2.8139112,17.7876750135765,5.13873626373626,0.976592809254894,52.5877049842249,52.5876883622842,53.18,400
5333,"ABC-SMC",1.53543636959301,6.18544789450797,0.6985074,2.8139112,24.1781460306492,8.16895604395604,0.941570828651115,119.816764946657,119.816741001207,35.323,400
5333,"NelderMead",10.0005,40.2866396120494,0.6985074,2.8139112,32.3950044700053,14.5041208791209,0.794720998690101,1331.69564130602,1331.69548534614,16,400
5333,"DE",0.661783240782096,2.66596899381855,0.6985074,2.8139112,10.2938470030363,1.35989010989011,0.996974958569548,5.25751899234053,5.25752931298794,36.557,400
5359,"BiLSTM",0.130534425377846,1.43619310855865,0.15721868,1.8205183,30.0176787094852,2.29807692307692,0.980743432218308,16.9726998230453,21.1107568345424,NA,400
5359,"ABC",0.139944374934889,1.62048991752932,0.15721868,1.8205183,27.4627469896655,1.85576923076923,0.985355698281744,10.9874380481445,10.9874414594285,30.208,400
5359,"ABC-SMC",1.23937149877853,14.3513379425092,0.15721868,1.8205183,82.7477889971135,13.9148351648352,0.652278310038667,688.310586743593,688.310556532674,26.704,400
5359,"NelderMead",10.0005,115.801077590949,0.15721868,1.8205183,85.5098425563876,15.8585164835165,0.537117821153168,6260.8853604419,6260.88511666971,12.321,400
5359,"DE",0.160027021861699,1.85303750565022,0.15721868,1.8205183,23.8558572324743,1.44917582417582,0.988721790301793,1.78626475028224,1.78626084946358,40.653,400
5426,"BiLSTM",0.719160735607147,3.60974478721619,0.6669847,3.2086864,13.0500333578974,1.29532967032967,0.995148803840178,7.82267353466237,12.4991456695857,NA,400
5426,"ABC",0.746602787047271,3.59170788607021,0.6669847,3.2086864,13.1710242736067,1.52335164835165,0.994132199386758,11.9370185024141,11.9370184032386,40.544,400
5426,"ABC-SMC",1.37318895613672,6.60604767138179,0.6669847,3.2086864,28.1674992004853,6.41758241758242,0.924673179008274,105.8801283053,105.880128122891,27.337,400
5426,"NelderMead",10.0005,48.1097517150991,0.6669847,3.2086864,39.0036173988218,12.3818681318681,0.68882699821661,1399.35973044059,1399.35972911217,11.632,400
5426,"DE",0.642084800542297,3.08889958843346,0.6669847,3.2086864,12.4468999826346,1.3228021978022,0.995382406734873,3.73320399369028,3.73320407898201,27.09,400
5446,"BiLSTM",0.559916734695435,4.3752589225769,0.55624145,4.3879757,15.3589031890932,2.06593406593407,0.995891503222121,0.660735494529317,0.28980965922614,NA,400
5446,"ABC",0.625369625791352,4.93330116190922,0.55624145,4.3879757,14.7250931523101,2.53571428571429,0.994322168654635,12.427728244875,12.4277229226501,82.052,400
5446,"ABC-SMC",1.38032042170588,10.8888184832958,0.55624145,4.3879757,37.7730808940519,12.7760989010989,0.888135794440031,148.151305823376,148.151294076122,59.818,400
5446,"NelderMead",10.0005,78.8901095208187,0.55624145,4.3879757,50.4204133114669,21.7225274725275,0.658440809622809,1697.87033131026,1697.87024620074,26.179,400
5446,"DE",0.573057525658785,4.52063106454186,0.55624145,4.3879757,15.3424135160869,2.01923076923077,0.995905763966131,3.02316119354016,3.02315631651881,63.435,400
5456,"BiLSTM",0.457482814788818,2.72575855255127,0.5735806,3.5452828,35.0160381003613,4.93269230769231,0.943644926586782,20.2408842299028,23.1159062247088,NA,400
5456,"ABC",0.5533469620451,3.42021915387078,0.5735806,3.5452828,16.9764715930665,1.83379120879121,0.990726521834144,3.52760151840905,3.52760705377919,48.34,400
5456,"ABC-SMC",1.49322453899804,9.22957117255249,0.5735806,3.5452828,66.6576999949645,15.7637362637363,0.515508121168874,160.333863976229,160.333849038855,33.65,400
5456,"NelderMead",10.0005,61.8127576265558,0.5735806,3.5452828,77.0135690673382,21.489010989011,0.16447322821655,1643.52131156458,1643.52121152523,15.747,400
5456,"DE",0.547288459548089,3.38277175159813,0.5735806,3.5452828,17.0859109510265,1.85576923076923,0.990524265251719,4.58386152737918,4.58386700214347,40.546,400
5474,"BiLSTM",0.248701080679893,2.90443587303162,0.2601156,3.2466862,24.8061216324503,2.32554945054945,0.988053140912386,4.38824865563869,10.541527757391,NA,400
5474,"ABC",0.239372709406491,2.98777971619836,0.2601156,3.2466862,27.2665019301906,2.89697802197802,0.983178867329653,7.97448926304642,7.97448437738285,51.905,400
5474,"ABC-SMC",1.54629858823259,19.3004439334895,0.2601156,3.2466862,80.1102103613873,23.0288461538462,0.363554196782822,494.465917550729,494.465949111114,43.008,400
5474,"NelderMead",10.0005,124.823298052336,0.2601156,3.2466862,84.6331344136122,26.5384615384615,0.187118654669438,3744.63676919031,3744.6369733033,18.863,400
5474,"DE",0.280833449778679,3.50528047645515,0.2601156,3.2466862,22.0009296265075,2.41208791208791,0.989131917599215,7.96486246064404,7.96486819253285,58.052,400
5537,"BiLSTM",0.2896389067173,2.3427267074585,0.3356649,2.7604675,18.2234198447946,2.21978021978022,0.993971609533535,13.7118874456935,15.1329726773274,NA,400
5537,"ABC",0.443534976630539,3.64757797413738,0.3356649,2.7604675,22.2831152263104,3.49038461538462,0.988693546000083,32.1362396337953,32.1362404787369,56.192,400
5537,"ABC-SMC",1.64446037995228,13.5238431629983,0.3356649,2.7604675,48.7992571244881,12.7692307692308,0.856405100950083,389.911331197357,389.911334330082,43.515,400
5537,"NelderMead",10.0005,82.2429018055691,0.3356649,2.7604675,53.6019486732442,16.2664835164835,0.753769877899936,2879.31061603403,2879.31063508515,20.877,400
5537,"DE",0.351604565950648,2.89155340151681,0.3356649,2.7604675,16.1835524611169,1.83516483516484,0.99497286712901,4.74868416407206,4.74868483388466,49.726,400
5548,"BiLSTM",0.498032867908478,2.91215252876282,0.4913991,2.934718,13.4652718709865,1.89148351648352,0.99587536076452,1.34997559183112,0.76891446596173,NA,400
5548,"ABC",0.521064629200058,3.1118855173615,0.4913991,2.934718,14.4370721401796,2.06318681318681,0.99522885770816,6.03695228584223,6.03695201247613,64.359,400
5548,"ABC-SMC",1.5665375971326,9.35562574723828,0.4913991,2.934718,46.6181101078795,19.8186813186813,0.756693701306989,218.791303674061,218.791302852209,51.795,400
5548,"NelderMead",10.0005,59.7246663319864,0.4913991,2.934718,52.7514317892265,27.7568681318681,0.508199399215305,1935.10751240692,1935.10750716036,21.118,400
5548,"DE",0.495319172979549,2.95812932693755,0.4913991,2.934718,13.2697759087391,1.90659340659341,0.995913879853654,0.797737110130882,0.797736850271618,56.303,400
5553,"BiLSTM",0.376015692949295,2.45600008964539,0.4472005,3.0259566,14.9087813140213,1.92582417582418,0.989524861772675,15.9178728670261,18.8355811301,NA,400
5553,"ABC",0.435948297632744,2.94981923199483,0.4472005,3.0259566,9.53223822028947,1.31456043956044,0.993081037068236,2.51614261774205,2.51614210214284,28.411,400
5553,"ABC-SMC",1.03539554115963,7.00594473385774,0.4472005,3.0259566,28.6583980881568,9.79395604395604,0.800386323648143,131.528261072971,131.52826229754,24.96,400
5553,"NelderMead",10.0005,67.6678115036836,0.4472005,3.0259566,34.661782146026,16.0563186813187,0.468426363117253,2136.24526358982,2136.24527541749,6.77200000000001,400
5553,"DE",0.427146822709307,2.89026455512132,0.4472005,3.0259566,9.56569040426978,1.27335164835165,0.993388699694338,4.48426987239346,4.48426936720382,25.144,400
5732,"BiLSTM",0.396305054426193,4.07690382003784,0.40230542,4.2041416,18.8303660319012,1.98214285714286,0.993589285309677,1.49149508694334,3.0264865475073,NA,400
5732,"ABC",0.431325991074101,4.50741029899583,0.40230542,4.2041416,21.382362779097,2.15934065934066,0.992951863623194,7.21356701435957,7.2135700423562,62.353,400
5732,"ABC-SMC",1.72780731357901,18.0558015076082,0.40230542,4.2041416,50.871366663143,12.8502747252747,0.819432365885677,329.476519003648,329.476531133209,44.504,400
5732,"NelderMead",10.0005,104.506469881069,0.40230542,4.2041416,57.1791939186053,16.7197802197802,0.676779223222646,2385.7979790578,2385.79804926336,21.626,400
5732,"DE",0.405621616733949,4.23879638741233,0.40230542,4.2041416,18.8019946715049,1.98489010989011,0.993707395097322,0.824298299025887,0.824301146572565,52.186,400
5760,"BiLSTM",0.824071943759918,4.31227445602417,0.76699454,4.0596128,13.0103102379995,1.80494505494505,0.994399927943188,7.44169622901334,6.22378705733143,NA,400
5760,"ABC",0.900052752071642,4.76387441867144,0.76699454,4.0596128,14.4701281109525,2.38186813186813,0.990961781779177,17.3479999051417,17.3479997568103,60.163,400
5760,"ABC-SMC",1.36539780531751,7.22689160284293,0.76699454,4.0596128,28.8419608782292,6.68681318681319,0.938424862303064,78.0192340505463,78.0192338255246,41.788,400
5760,"NelderMead",10.0005,52.9314820873206,0.76699454,4.0596128,46.6575091450821,14.9821428571429,0.671493220068764,1203.85543552892,1203.8554338808,17.715,400
5760,"DE",0.741103492256682,3.92257449379884,0.76699454,4.0596128,15.9093280967605,1.82005494505495,0.993342269155498,3.37564955068884,3.37564967282491,40.351,400
5814,"BiLSTM",0.226822555065155,3.50856781005859,0.08329877,1.152943,53.7537605924347,6.00961538461539,0.927024827708199,172.300005228355,204.314073640986,NA,400
5814,"ABC",0.110178430360651,1.52498588019362,0.08329877,1.152943,41.7733955512004,2.71840659340659,0.970893245294073,32.2689763133964,32.2689742852528,40.767,400
5814,"ABC-SMC",1.42846037030499,19.7714006997622,0.08329877,1.152943,83.1037829155514,9.95192307692308,0.861643401768078,1614.86370123472,1614.86367493989,43.219,400
5814,"NelderMead",10.0005,138.417485572775,0.08329877,1.152943,86.0071009272108,10.6964285714286,0.868763434125235,11905.5794341261,11905.5792500388,17.69,400
5814,"DE",0.0789143721296932,1.09225828366046,0.08329877,1.152943,36.3808683763654,1.95741758241758,0.979016161101788,5.26346051725224,5.26346196989304,67.87,400
5815,"BiLSTM",0.7115837931633,4.17649030685425,0.7910763,4.611428,13.2771286509767,4.21428571428571,0.98474364159889,10.0486523027805,9.43173553063719,NA,400
5815,"ABC",0.860041796939703,5.01344877932362,0.7910763,4.611428,10.7707831829163,3.09065934065934,0.993041115657624,8.71793238398155,8.71792380415836,78.535,400
5815,"ABC-SMC",1.46970958807094,8.56739029020824,0.7910763,4.611428,31.9592188146831,15.7376373626374,0.832232124171775,85.7860724775772,85.7860578156754,48.453,400
5815,"NelderMead",10.0005,58.2959975852673,0.7910763,4.611428,47.0103114120563,31.6387362637363,0.374782343415192,1164.16377282444,1164.16367305892,21.752,400
5815,"DE",0.787840482495871,4.5925650582626,0.7910763,4.611428,8.87135235511939,2.19505494505495,0.995226073767918,0.409039874425337,0.409047733964336,52.811,400
5852,"BiLSTM",0.404786586761475,2.0291006565094,0.36704698,1.930865,9.55239451432182,1.31456043956044,0.993460646670006,10.2819553947766,5.08765017281888,NA,400
5852,"ABC",0.387486611917753,2.03838842503489,0.36704698,1.930865,10.5292288382711,1.12362637362637,0.994124497748583,5.56866914359387,5.56866611777054,27.383,400
5852,"ABC-SMC",1.38730303677748,7.29796169779202,0.36704698,1.930865,37.4315371547045,13.3365384615385,0.650201822799805,277.963343214942,277.963332381706,22.557,400
5852,"NelderMead",10.0005,52.6080200388659,0.36704698,1.930865,40.8930054025475,17.2403846153846,0.390304789975096,2624.58310377598,2624.58302568361,10.71,400
5852,"DE",0.382947929057272,2.01451250694337,0.36704698,1.930865,11.5724896034042,1.14423076923077,0.993835513185588,4.33212910708921,4.33212611670776,28.385,400
5888,"BiLSTM",0.337533861398697,2.15642762184143,0.3253447,2.2074547,12.4321809391238,1.91620879120879,0.993721806572267,3.7465375642194,2.31157985523188,NA,400
5888,"ABC",0.300417310887113,2.03832308929494,0.3253447,2.2074547,15.3257643683313,2.55906593406593,0.99062994429127,7.66183961591707,7.66183834735371,43.817,400
5888,"ABC-SMC",1.42513544928584,9.66950434072559,0.3253447,2.2074547,51.2066710605788,26.6483516483516,0.45771924938566,338.038624660504,338.038630678382,36.586,400
5888,"NelderMead",10.0005,67.8531140376053,0.3253447,2.2074547,53.6634943934418,31.5521978021978,0.23766744952403,2973.81678570452,2973.81682793333,16.072,400
5888,"DE",0.833155556807063,5.65293725384673,0.3253447,2.2074547,47.3783665191332,21.2129120879121,0.638307927393105,156.083949364186,156.083952882328,34.736,400
5925,"BiLSTM",0.898212611675262,4.71933603286743,0.9272182,4.8653984,4.26994069835918,0.769230769230769,0.998730073883513,3.12823759550207,3.00206386249004,NA,400
5925,"ABC",1.90458560392279,9.99394515316908,0.9272182,4.8653984,11.7348814027018,4.72664835164835,0.966994331073513,105.408565526732,105.40856742932,36.612,400
5925,"ABC-SMC",2.02752182557152,10.6390292354832,0.9272182,4.8653984,12.3626330909446,5.01648351648352,0.962390513159907,118.66717300971,118.667175035106,22.982,400
5925,"NelderMead",10.0005,52.4756925067671,0.9272182,4.8653984,15.8020566360394,9.03571428571429,0.850643527613967,978.54871701181,978.548727001823,10.264,400
5925,"DE",0.926278538282351,4.86046775166465,0.9272182,4.8653984,5.17486348137489,0.806318681318681,0.998736941503568,0.101342026898239,0.101341101591067,21.725,400
6084,"BiLSTM",0.254318684339523,1.23539805412292,0.25642943,1.2910781,59.401046672683,2.20741758241758,0.946193385927156,0.823129256449503,4.31267836369273,NA,400
6084,"ABC",0.2145187320649,1.08006501003139,0.25642943,1.2910781,74.6470040714005,4.75,0.875320848484828,16.3439500431365,16.3439446435197,45.213,400
6084,"ABC-SMC",1.22285190171895,6.15684951511557,0.25642943,1.2910781,149.074156935679,25.5576923076923,0.190456439200557,376.876582270199,376.876613050409,36.493,400
6084,"NelderMead",10.0005,50.3508016705561,0.25642943,1.2910781,152.340138796438,27.2843406593407,0.141990714172961,3799.90337692518,3799.90362864617,14.119,400
6084,"DE",0.219342764745512,1.10435318689792,0.25642943,1.2910781,70.946468202386,4.33241758241758,0.892499652715654,14.4627179705888,14.462712449547,95.18,400
6137,"BiLSTM",0.792499601840973,3.83572793006897,0.67730534,3.2172518,25.2477799222321,2.94230769230769,0.980030435294703,17.007729754644,19.2237402763741,NA,400
6137,"ABC",0.661645015436629,3.1428640698633,0.67730534,3.2172518,20.6597066863218,2.12087912087912,0.98658107690605,2.31215135013867,2.31215132544791,59.161,400
6137,"ABC-SMC",1.42756570611385,6.78104551600599,0.67730534,3.2172518,48.7836490659304,9.02472527472528,0.859895107537459,110.771364376642,110.771364429915,44.69,400
6137,"NelderMead",10.0005,47.5031344563621,0.67730534,3.2172518,67.3252789394189,15.6002747252747,0.560706980070982,1376.51279406715,1376.51279444034,16.864,400
6137,"DE",0.720390369456797,3.42190896268933,0.67730534,3.2172518,24.9554352151582,2.27335164835165,0.986247450556826,6.36124166048904,6.36124168737202,43.378,400
6141,"BiLSTM",0.242719501256943,1.7642058134079,0.31325608,2.3199143,15.6667835702439,2.14285714285714,0.993775765077988,22.517225760808,23.9538368547537,NA,400
6141,"ABC",0.346792467206689,2.56827815209624,0.31325608,2.3199143,14.6886098264737,1.46565934065934,0.99514190249704,10.7057418348237,10.7057339185433,34.603,400
6141,"ABC-SMC",1.24454738589033,9.21687799673453,0.31325608,2.3199143,43.3813328375007,9.69093406593407,0.883242775640235,297.2939283063,297.293899896842,30.079,400
6141,"NelderMead",10.0005,74.0617749483315,0.31325608,2.3199143,47.8397167833802,13.2252747252747,0.756741968572294,3092.43604146486,3092.43581318204,13.01,400
6141,"DE",0.312604149758549,2.31508606443,0.31325608,2.3199143,13.1628716770513,1.18269230769231,0.996164431005723,0.208114154225228,0.208121290084044,33.02,400
6164,"BiLSTM",0.662796854972839,4.40771389007568,0.6995097,4.837458,15.9856608919222,2.36263736263736,0.993823868275285,5.24836825381559,8.88367630115478,NA,400
6164,"ABC",0.757812528173887,5.24065159885907,0.6995097,4.837458,16.6187264111636,2.51236263736264,0.993100984936988,8.33481339485172,8.33482376196495,79.675,400
6164,"ABC-SMC",1.47566789324541,10.2049794858327,0.6995097,4.837458,34.4863372354821,10.4299450549451,0.906364783747105,110.957459667165,110.957479854765,57.649,400
6164,"NelderMead",10.0005,69.1584453488534,0.6995097,4.837458,48.3075393945618,19.0247252747253,0.670934555303042,1329.64422080208,1329.64435761206,24.877,400
6164,"DE",0.685046337040213,4.73743709430806,0.6995097,4.837458,16.6883476683803,2.25686813186813,0.994257199783342,2.06764294473499,2.06763357308609,57.425,400
6225,"BiLSTM",0.385465800762177,3.84735703468323,0.40197977,3.8360727,7.70457518641633,1.17857142857143,0.996789535424557,4.10815928319564,0.294163733738092,NA,400
6225,"ABC",0.466044774054116,4.44744170087305,0.40197977,3.8360727,11.4449658293708,1.89148351648352,0.993099548260412,15.9373701950515,15.9373674245811,33.543,400
6225,"ABC-SMC",1.3034664580267,12.4389144645662,0.40197977,3.8360727,29.0720917078901,9.74313186813187,0.857947929872865,224.261705514858,224.261697766214,28.175,400
6225,"NelderMead",10.0005,95.4342655592494,0.40197977,3.8360727,32.6824509527804,14.6208791208791,0.674624545652921,2387.81176226853,2387.81170281912,12.634,400
6225,"DE",0.390312840148121,3.72473568700371,0.40197977,3.8360727,8.32892864794257,1.15384615384615,0.996856971522255,2.90236741313598,2.90236973340694,27.776,400
6275,"BiLSTM",0.536546170711517,4.71282148361206,0.5751792,4.8024693,4.2013680984883,2.01098901098901,0.995869306657585,6.71669442992422,1.86670253962768,NA,400
6275,"ABC",0.726147489993496,6.06298166799406,0.5751792,4.8024693,12.2267105599335,4.46978021978022,0.988913740848344,26.2471747923944,26.2471718037649,52.785,400
6275,"ABC-SMC",1.55873782052564,13.0147097680398,0.5751792,4.8024693,21.3924073920504,15.4478021978022,0.857386932747414,171.000380494572,171.000374079223,42.202,400
6275,"NelderMead",10.0005,83.4993565443816,0.5751792,4.8024693,24.5236456646772,25.3351648351648,0.597094330368607,1638.67552929591,1638.67548813652,18.057,400
6275,"DE",0.570504710847261,4.76343945415576,0.5751792,4.8024693,5.04641169105193,1.46840659340659,0.997460516282911,0.812701355114959,0.812703703160284,40.588,400
6291,"BiLSTM",0.807402551174164,4.504554271698,0.8673194,4.67226,4.32847292886912,0.967032967032967,0.999055324638695,6.9082795595067,3.58939203516075,NA,400
6291,"ABC",0.983134591506271,5.29615794798296,0.8673194,4.67226,8.42239698200924,2.51648351648352,0.994557889792725,13.3532342878841,13.3532369342238,43.903,400
6291,"ABC-SMC",1.62109738584801,8.73287124539001,0.8673194,4.67226,16.0735945167635,8.86401098901099,0.935153592449019,86.9089271896852,86.9089315532528,30.141,400
6291,"NelderMead",10.0005,53.8728145834606,0.8673194,4.67226,20.5759325868464,18.6840659340659,0.677437282240424,1053.03543308267,1053.03546000138,12.692,400
6291,"DE",0.837404948398347,4.51111059610385,0.8673194,4.67226,4.36586443836434,0.787087912087912,0.999233908514916,3.44906981230362,3.44906755822986,28.263,400
6402,"BiLSTM",0.839003086090088,4.02638912200928,0.7017501,3.265274,22.4777780472213,3.37087912087912,0.989323840517221,19.5586699724144,23.3093799175591,NA,400
6402,"ABC",0.804406481667348,3.74293851373757,0.7017501,3.265274,20.6173008137346,2.8282967032967,0.991828861900324,14.6286237319165,14.6286196422587,69.079,400
6402,"ABC-SMC",1.35291325508005,6.29516450152034,0.7017501,3.265274,39.5269943484545,9.54258241758242,0.927028212277018,92.7913163218709,92.791309443567,46.188,400
6402,"NelderMead",10.0005,46.5327635464178,0.7017501,3.265274,55.3594556180299,18.7376373626374,0.666367692832861,1325.07995367582,1325.07990283259,22.391,400
6402,"DE",0.685660877935737,3.19041003009978,0.7017501,3.265274,17.1076783299294,1.92032967032967,0.994575090933297,2.29272814699457,2.29273163294156,50.986,400
6427,"BiLSTM",0.892769753932953,4.34148025512695,0.9360807,4.465696,14.1818181849803,1.87225274725275,0.994032784754169,4.62683891111601,2.7815539811274,NA,400
6427,"ABC",0.976238019734361,4.65727173380087,0.9360807,4.465696,15.1442374222913,2.2032967032967,0.991912045510612,4.28994206742655,4.28994122754598,67.88,400
6427,"ABC-SMC",1.33311753446505,6.35981234657079,0.9360807,4.465696,25.6647420654635,5.79120879120879,0.955650468228004,42.4148083028583,42.4148071559459,47.395,400
6427,"NelderMead",10.0005,47.7086991413722,0.9360807,4.465696,47.1317772186368,16.4848901098901,0.63903890455804,968.337377322276,968.33736871861,19.496,400
6427,"DE",0.857057767984903,4.08870668462254,0.9360807,4.465696,15.0162476515301,1.98214285714286,0.993572285767977,8.44189309907754,8.44189383642453,44.033,400
6440,"BiLSTM",0.501166045665741,4.45543384552002,0.54989564,4.8846765,9.58838463925333,1.88873626373626,0.994792465161237,8.86160769237215,8.78753494688913,NA,400
6440,"ABC",0.925178473199061,8.21828158235147,0.54989564,4.8846765,17.2142500489963,5.57554945054945,0.972804748085523,68.2461918045142,68.2461792987001,58.384,400
6440,"ABC-SMC",1.51279483255303,13.4380276567157,0.54989564,4.8846765,22.6410353183571,8.7967032967033,0.922400259881361,175.105805994939,175.105785546202,40.904,400
6440,"NelderMead",10.0005,88.8335897830846,0.54989564,4.8846765,27.8683432461624,15.021978021978,0.76652496447487,1718.61780173416,1718.61766655549,17.915,400
6440,"DE",0.546669210532027,4.85601603874254,0.54989564,4.8846765,9.90522453418041,1.56043956043956,0.996203743572492,0.586734869906067,0.586742259338178,39.152,400
6442,"BiLSTM",0.174674347043037,1.26650989055634,0.15878671,1.0529559,25.7918938974779,1.92307692307692,0.974748982009114,10.0056465953841,20.281380308172,NA,400
6442,"ABC",0.141345412569421,0.937298016460647,0.15878671,1.0529559,15.1023873243916,1.57417582417582,0.976300505405347,10.9841040415656,10.9841146755864,35.374,400
6442,"ABC-SMC",1.6369942853453,10.8553328241762,0.15878671,1.0529559,61.0463311705798,20.456043956044,0.59230746638839,930.939104000139,930.938980842047,31.809,400
6442,"NelderMead",10.0005,66.3159040199553,0.15878671,1.0529559,62.0362762764139,21.635989010989,0.533853413497535,6198.07116729102,6198.07041491057,13.653,400
6442,"DE",0.161300413448,1.06962479242005,0.15878671,1.0529559,21.1176842863368,1.19917582417582,0.981848634756186,1.58306916743867,1.58305703211772,71.745,400
6491,"BiLSTM",0.857064425945282,3.86245536804199,0.8362457,3.5786355,9.89990537932853,1.36263736263736,0.995760459677703,2.48954654658099,7.93095211965545,NA,400
6491,"ABC",1.00568463808094,4.30373362439409,0.8362457,3.5786355,13.8698385853751,2.625,0.988145652116003,20.2618606087834,20.2618602647321,51.542,400
6491,"ABC-SMC",1.7199835416827,7.36050917101557,0.8362457,3.5786355,28.0014382523366,8.05357142857143,0.902822302318744,105.67920907488,105.679208486463,33.089,400
6491,"NelderMead",10.0005,42.7962071618012,0.8362457,3.5786355,39.3696112007816,14.6868131868132,0.653360375864946,1095.88058868345,1095.88058526221,14.149,400
6491,"DE",0.820950083782365,3.51317932653848,0.8362457,3.5786355,11.06655390735,1.40796703296703,0.995954675008162,1.82908159858223,1.82908187943469,30.12,400
6527,"BiLSTM",0.148538216948509,1.93596506118774,0.24459565,3.1530564,41.0079543609969,4.16346153846154,0.975495681569258,39.2719302454851,38.6003668951896,NA,400
6527,"ABC",0.374118866332403,4.82272657270069,0.24459565,3.1530564,32.3457025545064,3.38186813186813,0.978995851066009,52.9540146492399,52.9540217771141,49.391,400
6527,"ABC-SMC",1.45928782900813,18.8115244204851,0.24459565,3.1530564,57.339812055836,9.67307692307692,0.856582692915895,496.612339184336,496.612366987318,42.516,400
6527,"NelderMead",10.0005,128.915383399674,0.24459565,3.1530564,62.5283075752309,11.9230769230769,0.767713069696408,3988.58456804117,3988.58475857502,17.676,400
6527,"DE",0.233190192184791,3.00603000155452,0.24459565,3.1530564,21.43616910053,1.88736263736264,0.99108982741144,4.66298473223424,4.66298028939399,45.664,400
6619,"BiLSTM",0.279024213552475,3.79167461395264,0.36156204,4.946624,30.7399689789453,6.22252747252747,0.940219003952414,22.8281227884224,23.3482347970528,NA,400
6619,"ABC",0.325759829194804,4.45680449296372,0.36156204,4.946624,17.8971298220596,2.47527472527473,0.987748782473795,9.90209337384967,9.90209700669146,51.571,400
6619,"ABC-SMC",1.63855601541374,22.4175087195962,0.36156204,4.946624,56.3535621193995,22.1483516483516,0.381278711941713,353.188065708929,353.188047435913,39.321,400
6619,"NelderMead",10.0005,136.819427496785,0.36156204,4.946624,60.6619073039295,26.5755494505494,0.165310126766038,2665.91535991997,2665.91524839538,17.573,400
6619,"DE",0.346182592998831,4.73621360766489,0.36156204,4.946624,15.574949439203,1.7293956043956,0.993634694478572,4.25361218815131,4.25361604874577,47.978,400
6624,"BiLSTM",0.121227160096169,1.22718942165375,0.15600044,1.5999488,57.6018670706754,4.14423076923077,0.938013163661306,22.2905011702733,23.2982066892548,NA,400
6624,"ABC",0.150374676608236,1.54225059442272,0.15600044,1.5999488,36.317137366973,2.14835164835165,0.96640492258838,3.60624841299391,3.60625324868381,34.663,400
6624,"ABC-SMC",1.6079725152867,16.491450711326,0.15600044,1.5999488,95.6476970093752,18.0618131868132,0.380080120288479,930.748705123335,930.748653414785,31.392,400
6624,"NelderMead",10.0005,102.565654120779,0.15600044,1.5999488,98.138945264837,19.3653846153846,0.296126151394122,6310.55884201352,6310.55852042137,13.429,400
6624,"DE",0.168196355962535,1.72503067546911,0.15600044,1.5999488,28.9833962039063,2.01510989010989,0.969959024740222,7.8178727973683,7.81786738857583,59.877,400
6631,"BiLSTM",0.493812680244446,3.64812350273132,0.4689635,3.2546878,9.47931199108158,1.71291208791209,0.992387394416734,5.29874505040282,12.0882777982983,NA,400
6631,"ABC",0.502964380688354,3.49065974663202,0.4689635,3.2546878,10.7734430056361,1.96565934065934,0.990101355290085,7.250218980444,7.25021756716627,30.258,400
6631,"ABC-SMC",1.68249068320129,11.6767761842228,0.4689635,3.2546878,39.5385410192768,16.5453296703297,0.459200480457339,258.767938912365,258.767934184741,23.883,400
6631,"NelderMead",10.0005,69.405198730809,0.4689635,3.2546878,42.7101219976409,20.7554945054945,0.208681162259758,2032.46873157506,2032.46870347469,10.89,400
6631,"DE",0.464238866589379,3.22189798452091,0.4689635,3.2546878,7.04823901910917,1.15521978021978,0.995495626579115,1.00746292848405,1.00746423294711,26.035,400
6687,"BiLSTM",0.20409893989563,2.34795069694519,0.24948466,3.142149,46.5966137847143,8.73763736263736,0.918944013110632,18.1917878655826,25.2756410677791,NA,400
6687,"ABC",0.218310006909701,2.74951777847259,0.24948466,3.142149,31.0873129975345,5.9532967032967,0.96103523019456,12.4956192057255,12.4956270860296,67.166,400
6687,"ABC-SMC",1.49809173350582,18.8678014048198,0.24948466,3.142149,87.7584030065928,35.6016483516484,0.0875132411806617,500.474487491864,500.474433415467,52.995,400
6687,"NelderMead",10.0005,125.95186511532,0.24948466,3.142149,91.0768603236058,39.1950549450549,-0.0233566010887846,3908.46288505273,3908.46252406616,23.091,400
6687,"DE",0.236546836756557,2.97920256753336,0.24948466,3.142149,20.6727780522905,3.15796703296703,0.987233209691031,5.18581913751469,5.18582767611098,78.152,400
6703,"BiLSTM",0.489368289709091,2.17251229286194,0.41843137,1.7584549,41.8662242968073,3.03571428571429,0.965069394470825,16.9530596401248,23.5466597899064,NA,400
6703,"ABC",0.395321375972899,1.66133542281116,0.41843137,1.7584549,35.7770477161356,2.5467032967033,0.970529085557612,5.52300704105934,5.52300074280195,52.062,400
6703,"ABC-SMC",1.54254291082978,6.48252620456182,0.41843137,1.7584549,101.954920341084,14.7692307692308,0.623781444196487,268.648964065428,268.648988641211,37.605,400
6703,"NelderMead",10.0005,42.02703396682,0.41843137,1.7584549,110.504648859593,18.1785714285714,0.396199572047193,2289.99767154169,2289.99783086959,17.101,400
6703,"DE",0.39039987791621,1.64065286033968,0.41843137,1.7584549,36.6278466288161,2.64423076923077,0.96930037634265,6.69918512175356,6.69917890190545,58.243,400
6759,"BiLSTM",0.939692139625549,4.37909841537476,1.0823259,4.926751,20.769391298573,2.92032967032967,0.989916199445461,13.1784484113751,11.1158973657334,NA,400
6759,"ABC",1.13891982892157,5.18436673178262,1.0823259,4.926751,20.645033600418,2.73763736263736,0.991177175886793,5.2289175489164,5.22891722724815,86.11,400
6759,"ABC-SMC",1.56483881155618,7.12315131339487,1.0823259,4.926751,27.4600689167002,6.99725274725275,0.952765790109295,44.5811110642536,44.5811106222919,52.947,400
6759,"NelderMead",10.0005,45.5223082297942,1.0823259,4.926751,48.9597791024574,18.6291208791209,0.638520841684385,823.982323623596,823.982320799127,16.372,400
6759,"DE",1.08403372302265,4.93452500084281,1.0823259,4.926751,19.2431844652352,2.46428571428571,0.992924720488086,0.157791938883877,0.157791632717266,52.533,400
6760,"BiLSTM",0.8557168841362,3.92155456542969,0.8384854,3.7021754,14.2408255239682,2.04258241758242,0.994384804041257,2.05507265078198,5.92568265214251,NA,400
6760,"ABC",1.00907377917504,4.4553763726326,0.8384854,3.7021754,19.6903699476297,3.64972527472527,0.985010683589684,20.3448240333148,20.3448213888678,64.591,400
6760,"ABC-SMC",1.42929600087232,6.31078892664415,0.8384854,3.7021754,29.6239749702368,7.76923076923077,0.938796463666029,70.4616443974236,70.4616406517138,46.077,400
6760,"NelderMead",10.0005,44.1553356494298,0.8384854,3.7021754,44.8782379421187,17.1813186813187,0.688851078554694,1092.68624116771,1092.68621495972,19.818,400
6760,"DE",0.834426372702385,3.68425344346883,0.8384854,3.7021754,14.1389319815726,1.90934065934066,0.994959195210894,0.484090396519153,0.484092583273364,46.286,400
6810,"BiLSTM",0.386288017034531,2.03431510925293,0.33964694,1.8036945,44.6390772501775,4.09478021978022,0.954197024062751,13.732223536161,12.7860127783796,NA,400
6810,"ABC",0.31474557867633,1.67145573745838,0.33964694,1.8036945,39.1417758434151,3.06043956043956,0.963684798678931,7.33154296154416,7.33154991278276,55.789,400
6810,"ABC-SMC",1.55993318463284,8.28402191532473,0.33964694,1.8036945,122.459730980001,23.4574175824176,0.196431376476798,359.280800419647,359.280765968113,42.814,400
6810,"NelderMead",10.0005,53.1076343399311,0.33964694,1.8036945,128.172070571429,26.3695054945055,0.0407685077066592,2844.38100929159,2844.38078842793,17.47,400
6810,"DE",0.412651694403898,2.19138596031751,0.33964694,1.8036945,56.2622954198851,5.73351648351648,0.926640840285363,21.494306530157,21.4942974166361,71.16,400
6846,"BiLSTM",0.786898493766785,4.26510143280029,0.86250895,4.6429853,13.5547804561028,1.58928571428571,0.99300407555518,8.76633874155339,8.13881248341896,NA,400
6846,"ABC",1.29221984534938,6.9561683359853,0.86250895,4.6429853,21.1197817896169,3.91758241758242,0.96893610955091,49.8210361004809,49.8210286383052,48.111,400
6846,"ABC-SMC",1.34168242162917,7.22243108390087,0.86250895,4.6429853,21.7845165532748,4.13736263736264,0.965442437127573,55.5557680449776,55.5557602971706,31.617,400
6846,"NelderMead",10.0005,53.8338439038696,0.86250895,4.6429853,35.8358106317055,9.89423076923077,0.766885117186509,1059.46622930695,1059.46617155711,13.582,400
6846,"DE",0.884826355836895,4.76312223610352,0.86250895,4.6429853,12.9281814115642,1.68681318681319,0.991985496065055,2.58749846443854,2.58749335483606,28.364,400
6847,"BiLSTM",0.660021305084229,4.29892015457153,0.63183856,4.001487,7.16148743469588,1.38873626373626,0.997428467163059,4.46043449520214,7.4330656221433,NA,400
6847,"ABC",0.680080496768178,4.30700727157279,0.63183856,4.001487,7.06724690875203,1.67032967032967,0.996519736711062,7.635168193625,7.63516841546123,46.393,400
6847,"ABC-SMC",1.28896449454095,8.16312109694185,0.63183856,4.001487,23.4971849808711,11.3997252747253,0.887297780748143,104.00218918911,104.002189609559,35.252,400
6847,"NelderMead",10.0005,63.3340118177891,0.63183856,4.001487,30.0578631066429,22.206043956044,0.544966782947796,1482.76190044495,1482.76190370702,15.046,400
6847,"DE",0.618434496912863,3.91659794370358,0.63183856,4.001487,6.23072442565136,1.28296703296703,0.997658343580691,2.12143796464989,2.12143776292204,34.933,400
6896,"BiLSTM",0.713105201721191,4.11935949325562,0.7892164,4.5025125,12.5075732588121,1.96153846153846,0.996090670667084,9.64389466296045,8.50975997833176,NA,400
6896,"ABC",1.04233924265299,5.94658839190113,0.7892164,4.5025125,17.2033541074157,4.69917582417582,0.982217547411159,32.0726790083162,32.0726681358714,68.137,400
6896,"ABC-SMC",1.82559860404272,10.4151153701554,0.7892164,4.5025125,24.8722864828847,10.3406593406593,0.914603887717767,131.317874798689,131.317855756213,42.632,400
6896,"NelderMead",10.0005,57.053265174825,0.7892164,4.5025125,32.2906164245347,17.3145604395604,0.739437722181355,1167.14295344091,1167.14284912757,19.486,400
6896,"DE",0.75932116254997,4.33195856605368,0.7892164,4.5025125,11.9394907790621,1.82417582417582,0.996675002711714,3.78796454939736,3.78797246973372,44.089,400
6916,"BiLSTM",0.92487108707428,4.15441560745239,1.1285882,4.863857,18.1978434849438,2.21291208791209,0.983954485291748,18.0506151779471,14.5859837685937,NA,400
6916,"ABC",1.27322313304363,5.4871875638232,1.1285882,4.863857,20.8438481242746,2.13598901098901,0.986866049705986,12.8155631118271,12.8155610624079,49.885,400
6916,"ABC-SMC",1.5459437899938,6.66252702976376,1.1285882,4.863857,22.9651017012864,3.35851648351648,0.969570191779653,36.9803255070187,36.98032301862,32.625,400
6916,"NelderMead",10.0005,43.0989806954233,1.1285882,4.863857,40.7179231156196,10.0769230769231,0.727437253734157,786.107084940282,786.107068843169,12.972,400
6916,"DE",1.16084149762542,5.0028583867411,1.1285882,4.863857,16.5080115044256,1.70467032967033,0.990848380653826,2.85784466162437,2.85784279309815,29.816,400
6962,"BiLSTM",0.725533902645111,3.69646859169006,0.76059145,3.7108374,26.3111199638265,2.24313186813187,0.992148196071213,4.60924815219641,0.38721201607854,NA,400
6962,"ABC",0.976078920671094,4.76217596608538,0.76059145,3.7108374,32.8197600469763,4.12362637362637,0.981233091770026,28.331566266107,28.3315719003313,68.226,400
6962,"ABC-SMC",1.58760730981408,7.74575212543262,0.76059145,3.7108374,43.6094787665069,7.86401098901099,0.933010585239973,108.733257495083,108.733266659235,47.105,400
6962,"NelderMead",10.0005,48.7912808485746,0.76059145,3.7108374,55.256599720742,13.4478021978022,0.766957411951308,1214.8320297316,1214.83208745753,21.126,400
6962,"DE",0.703731824607912,3.43342603835053,0.76059145,3.7108374,26.2697980837293,2.21016483516484,0.991887504415744,7.47571188081173,7.4757078186577,47.399,400
7020,"BiLSTM",0.379709541797638,2.05549693107605,0.35512134,1.9210494,14.7163969097095,1.72252747252747,0.992797099389779,6.92388742327846,6.9986503770309,NA,400
7020,"ABC",0.401925815953544,2.17424085489156,0.35512134,1.9210494,16.4773429705352,2.1043956043956,0.991365927951974,13.1798545121349,13.1798513297763,34.361,400
7020,"ABC-SMC",1.27082356110897,6.87459326136259,0.35512134,1.9210494,45.24242895767,11.9381868131868,0.849758977833264,257.85615167733,257.856141615233,28.999,400
7020,"NelderMead",10.0005,54.0982808425927,0.35512134,1.9210494,50.2027665733523,16.614010989011,0.662123750109532,2716.07970954379,2716.07963036207,13.263,400
7020,"DE",0.357960925149422,1.9364102454285,0.35512134,1.9210494,13.8753706911393,1.5206043956044,0.993433449863315,0.799609831789391,0.799606997534954,36.364,400
7040,"BiLSTM",0.732247114181519,3.3268141746521,1.0421588,4.794624,43.3682346309218,9.00137362637363,0.872621234147539,29.7374724292,30.6136586591128,NA,400
7040,"ABC",1.06650738389769,4.9066436824982,1.0421588,4.794624,18.2440042633434,2.31730769230769,0.989750044067769,2.33636024545325,2.33636010870086,71.109,400
7040,"ABC-SMC",1.73649010339022,7.98901003796296,1.0421588,4.794624,43.1039590210324,11.342032967033,0.804402597424037,66.6243285946655,66.6243283720049,42.627,400
7040,"NelderMead",10.0005,46.0089549192753,1.0421588,4.794624,68.1316295813856,22.7898351648352,0.305620491079373,859.594641430845,859.594640148536,19.081,400
7040,"DE",1.05269288009051,4.84308777200405,1.0421588,4.794624,18.4404125175255,2.21153846153846,0.99102017496603,1.01079414101876,1.01079400603773,45.493,400
7138,"BiLSTM",0.365161001682281,1.91952872276306,0.37091166,2.0337791,14.5133690041442,1.53021978021978,0.994573634080025,1.55041184677734,5.61763945931681,NA,400
7138,"ABC",0.4047553852408,2.21935089903105,0.37091166,2.0337791,13.8608178917281,1.76236263736264,0.994011598585452,9.12447056552485,9.12448156395387,36.967,400
7138,"ABC-SMC",1.26023026558725,6.91008266944551,0.37091166,2.0337791,40.8008367641713,12.1387362637363,0.859775726688248,239.76561038476,239.765644629031,31.167,400
7138,"NelderMead",10.0005,54.8346469869841,0.37091166,2.0337791,45.8635569807871,17.5096153846154,0.676258409280896,2596.1945601818,2596.19483192565,13.686,400
7138,"DE",0.352785432736421,1.93438974713785,0.37091166,2.0337791,15.6566139788352,1.66071428571429,0.994376614372354,4.88693918750863,4.88692960126053,37.586,400
7149,"BiLSTM",0.333427339792252,1.49191546440125,0.31630945,1.4475273,31.0387539966911,2.33379120879121,0.979603532085682,5.41175415159161,3.06648202083962,NA,400
7149,"ABC",0.323422998807446,1.48008095845792,0.31630945,1.4475273,29.2684494415944,2.25,0.980206787594659,2.2489207348834,2.24891499164971,51.076,400
7149,"ABC-SMC",1.2119624901182,5.54630502655488,0.31630945,1.4475273,75.0301954578529,10.125,0.899503367737764,283.157218387941,283.157196866331,42.161,400
7149,"NelderMead",10.0005,45.7652970865896,0.31630945,1.4475273,85.468459259889,13.0576923076923,0.805307968657799,3061.61910432964,3061.61892674422,16.903,400
7149,"DE",0.30794921816631,1.4092682822823,0.31630945,1.4475273,29.0876685922627,2.21153846153846,0.980573706446973,2.64305471546603,2.64306018392168,64.363,400
7161,"BiLSTM",0.138133257627487,1.84504663944244,0.1796312,2.3437812,36.7830193548426,2.80906593406593,0.977567824926914,23.1017453385118,21.2790579836359,NA,400
7161,"ABC",0.189118921798571,2.46757436915905,0.1796312,2.3437812,25.2654864622817,1.87087912087912,0.983880619205228,5.28177833169904,5.28177157317607,40.405,400
7161,"ABC-SMC",1.37171836729929,17.8978235105293,0.1796312,2.3437812,71.1354301863061,10.375,0.784902053767617,663.630353356925,663.630304335971,38.036,400
7161,"NelderMead",10.0005,130.483915856174,0.1796312,2.3437812,75.8735034633165,12.125,0.700538438173213,5467.23998948958,5467.23963210276,15.68,400
7161,"DE",0.19541881015205,2.54977366937591,0.1796312,2.3437812,25.1461484913395,1.88736263736264,0.983628609242384,8.78890201259608,8.78889502893467,45.72,400
7275,"BiLSTM",0.636031031608582,3.2570013999939,0.7446974,3.8037696,22.3759264705397,2.93956043956044,0.989136851537969,14.5920166219754,14.3743774598257,NA,400
7275,"ABC",0.658702389330187,3.36452375321242,0.7446974,3.8037696,21.0158222309234,2.49587912087912,0.991935258862223,11.5476448111425,11.5476459664533,77.188,400
7275,"ABC-SMC",1.63271698191889,8.33960094410069,0.7446974,3.8037696,58.3649966695724,17.0494505494506,0.705536510581491,119.24569387766,119.245691014006,55.341,400
7275,"NelderMead",10.0005,51.0806099067218,0.7446974,3.8037696,72.7799956015638,25.7843406593407,0.363669415692896,1242.89444276293,1242.89442522286,22.496,400
7275,"DE",0.619476893732544,3.16416754712063,0.7446974,3.8037696,26.0432888238843,3.47115384615385,0.985761544336688,16.8149514510801,16.8149525375925,59.716,400
7277,"BiLSTM",0.213628977537155,1.97128438949585,0.20288292,2.0163682,28.9947702334955,2.85714285714286,0.985893218953447,5.29667925577725,2.23589176342646,NA,400
7277,"ABC",0.22619705973043,2.24807770191424,0.20288292,2.0163682,28.2314813262353,3.03159340659341,0.986077472968034,11.4914255623045,11.4914280990068,77.047,400
7277,"ABC-SMC",1.6456347771434,16.355273814786,0.20288292,2.0163682,100.669131747175,24.9986263736264,0.603636128108656,711.125341228035,711.125359683119,64.809,400
7277,"NelderMead",10.0005,99.3907749498872,0.20288292,2.0163682,105.235643531853,28.3585164835165,0.481405340492205,4829.19758844165,4829.19770059294,28.756,400
7277,"DE",0.20678802211893,2.05517941790459,0.20288292,2.0163682,31.6788561084901,2.91346153846154,0.985253684076694,1.92480575443693,1.92480807347527,98.596,400
7286,"BiLSTM",0.921511828899384,3.93430662155151,1.1220453,4.721329,29.6807591544669,8.55769230769231,0.93289235308163,17.8721368112871,16.6695093362163,NA,400
7286,"ABC",1.17379099376244,4.93906446114487,1.1220453,4.721329,17.7462935534223,2.61538461538462,0.9946032964501,4.61172946960716,4.61174091330781,102.242,400
7286,"ABC-SMC",1.72727192234313,7.26799524933558,1.1220453,4.721329,39.3490135922709,11.4299450549451,0.893085020765489,53.9395889224015,53.9396057621822,63.511,400
7286,"NelderMead",10.0005,42.0799907361324,1.1220453,4.721329,70.8561154018646,28.8434065934066,0.360162814615821,791.27417582873,791.274273327117,28.057,400
7286,"DE",1.20886844956339,5.0866629827339,1.1220453,4.721329,18.5381908264182,2.85851648351648,0.993993110274273,7.73793621018634,7.73794799586944,63.239,400
7321,"BiLSTM",0.560710847377777,2.50151014328003,0.5328268,2.408155,4.2794862649822,1.19230769230769,0.996586330502219,5.23322914271149,3.87662518733344,NA,400
7321,"ABC",0.640152315426886,2.89322179284772,0.5328268,2.408155,7.85598300784218,1.99725274725275,0.994368420430798,20.1426646382813,20.1426732435297,30.52,400
7321,"ABC-SMC",1.48814115530317,6.72577809624196,0.5328268,2.408155,21.1596838940249,8.17032967032967,0.921052579440143,179.291723934151,179.291743938491,23.328,400
7321,"NelderMead",10.0005,45.1980940193573,0.5328268,2.408155,24.6591574256881,13.5947802197802,0.745581914327577,1776.87631327854,1776.87644771027,10.535,400
7321,"DE",0.519505048633212,2.34794640584518,0.5328268,2.408155,5.28456500714628,1.1043956043956,0.996898506291278,2.50020294902353,2.50019596557618,24.744,400
7360,"BiLSTM",0.589137494564056,2.98251867294312,0.7050633,3.452065,20.0141215336918,2.96565934065934,0.985985205964326,16.4419003848227,13.6018970400872,NA,400
7360,"ABC",0.929192294337625,4.54942472623847,0.7050633,3.452065,15.573106183704,2.9217032967033,0.98483260646165,31.7884925137396,31.7885012662992,46.074,400
7360,"ABC-SMC",1.91178367265474,9.36029707154911,0.7050633,3.452065,30.17556064047,8.62912087912088,0.887387411416219,171.150643162783,171.150661170897,30.69,400
7360,"NelderMead",10.0005,48.9635162194065,0.7050633,3.452065,38.3451045329772,13.5123626373626,0.717874217481462,1318.38328558585,1318.38337978591,14.742,400
7360,"DE",0.714825971215561,3.49986431035109,0.7050633,3.452065,12.1511817139675,1.55357142857143,0.993726995065375,1.38465173489541,1.38465846822389,32.292,400
7365,"BiLSTM",0.423725634813309,4.12571573257446,0.3828587,3.7214012,16.6118826210101,2.31043956043956,0.991404056048266,10.674155977991,10.8645779061517,NA,400
7365,"ABC",0.419534174363031,4.07788820547655,0.3828587,3.7214012,15.8876615205554,2.25,0.991632792296336,9.57937598467305,9.57937578664046,56.39,400
7365,"ABC-SMC",1.68050295599422,16.3345529453516,0.3828587,3.7214012,52.6504960101206,14.5659340659341,0.75734575102693,338.93555402926,338.935553236013,43.567,400
7365,"NelderMead",10.0005,97.2052421254714,0.3828587,3.7214012,58.7083660680894,18.9065934065934,0.590113798810592,2512.06027184442,2512.06026712388,20.38,400
7365,"DE",0.386161027371513,3.7534999415098,0.3828587,3.7214012,14.5775824912565,1.83791208791209,0.993492554656058,0.862544685941164,0.862544503661702,49.614,400
7453,"BiLSTM",0.548310160636902,2.42795133590698,0.53170145,2.275015,24.1002155850376,1.78434065934066,0.984083472351642,3.12369105574225,6.72243197987629,NA,400
7453,"ABC",0.490328334298621,2.09799018035863,0.53170145,2.275015,25.3839748088394,1.78021978021978,0.98645084509372,7.78126817246398,7.78125944845963,38.407,400
7453,"ABC-SMC",1.77547224014466,7.59679395369035,0.53170145,2.275015,61.5619829374119,9.86538461538461,0.779367882428522,233.922775675081,233.922807264583,28.52,400
7453,"NelderMead",10.0005,42.7895949123319,0.53170145,2.275015,68.987560518085,12.7967032967033,0.612003344693292,1780.84873569557,1780.84891362615,12.456,400
7453,"DE",0.504153255546822,2.15714350068315,0.53170145,2.275015,25.1205741557109,1.70054945054945,0.986538695939713,5.18113961381484,5.18113064383515,36.93,400
7508,"BiLSTM",0.556534469127655,4.0225944519043,0.6172782,4.377754,24.5146732301411,2.53434065934066,0.989421813130421,9.84057607612661,8.11282562007147,NA,400
7508,"ABC",0.811507002856876,5.75523003599116,0.6172782,4.377754,24.9683505113598,3.77884615384615,0.981833841652743,31.4653591941002,31.4653595426139,73.788,400
7508,"ABC-SMC",1.7934729465247,12.7193595794478,0.6172782,4.377754,37.7379572398186,9.78708791208791,0.894775849994524,190.545324057241,190.545324827474,49.697,400
7508,"NelderMead",10.0005,70.9238216950797,0.6172782,4.377754,48.091682071251,14.5714285714286,0.745102977181876,1520.0960928152,1520.09609711006,22.15,400
7508,"DE",0.629341714946108,4.46330879217174,0.6172782,4.377754,21.5247465639946,2.31868131868132,0.991107569149996,1.95430762759939,1.95430789787951,52.622,400
7567,"BiLSTM",0.948065876960754,4.12653779983521,1.0272119,4.2158904,15.4729633565486,1.90247252747253,0.99654252742974,7.70493634655572,2.11942417110262,NA,400
7567,"ABC",1.08122658494041,4.43757786169499,1.0272119,4.2158904,16.0127914926556,2.6717032967033,0.993278582866469,5.25837803674295,5.25837819918162,82.567,400
7567,"ABC-SMC",1.72541525450966,7.08146159397743,1.0272119,4.2158904,29.4812659594849,10.2664835164835,0.922686985399722,67.9707229355168,67.9707231947355,53.166,400
7567,"NelderMead",10.0005,41.0441234279553,1.0272119,4.2158904,45.22661891316,21.7211538461538,0.645269379787111,873.55764667446,873.55764817689,22.389,400
7567,"DE",0.964193906090256,3.95725150642976,1.0272119,4.2158904,15.4526705081522,1.81318681318681,0.996616780618618,6.13485824197948,6.13485809712328,52.544,400
7578,"BiLSTM",0.126115009188652,1.3387268781662,0.14184867,1.6520443,30.2928271247041,2.26236263736264,0.976899663528028,11.0918634706606,18.9654370547933,NA,400
7578,"ABC",0.150730110420646,1.7554822287474,0.14184867,1.6520443,26.6130795124012,1.80082417582418,0.980467936809449,6.26120810342861,6.2612079317363,35.408,400
7578,"ABC-SMC",1.52447515233575,17.7548402945098,0.14184867,1.6520443,89.4996001937207,15.6744505494505,0.590098698239711,974.719383929191,974.719382192705,33.099,400
7578,"NelderMead",10.0005,116.471088487863,0.14184867,1.6520443,92.2140217618614,17.1717032967033,0.523091512551042,6950.11897538412,6950.11896399284,14.151,400
7578,"DE",0.130727863085361,1.52252552464819,0.14184867,1.6520443,28.239887850129,2.01923076923077,0.978972480231439,7.8399091895886,7.83990933849692,57.948,400
7650,"BiLSTM",0.515384495258331,2.41564226150513,0.48502147,2.3459384,6.51612317218472,1.77472527472527,0.997720700093129,6.26014045488157,2.97125710995339,NA,400
7650,"ABC",0.556129221271753,2.68987050833972,0.48502147,2.3459384,8.02984827666501,2.87225274725275,0.99556050846837,14.6607430124182,14.6607476283147,48.775,400
7650,"ABC-SMC",1.77437763570125,8.58226090334878,0.48502147,2.3459384,27.1830212035724,18.407967032967,0.827686382564423,265.834864114624,265.834878842035,35.618,400
7650,"NelderMead",10.0005,48.3701431065545,0.48502147,2.3459384,29.7691194658227,25.3571428571429,0.640438153117379,1961.86748805161,1961.86757105619,15.558,400
7650,"DE",0.656080997464725,3.17331450796058,0.48502147,2.3459384,13.5666456501925,5.56456043956044,0.985429128696122,35.2684443978788,35.2684498433793,34.489,400
7660,"BiLSTM",0.988921701908112,4.69524717330933,1.0686289,4.9514914,7.15717649468002,1.25961538461538,0.998197853988083,7.45882860662747,5.17509182568052,NA,400
7660,"ABC",1.47682635469278,6.842874750719,1.0686289,4.9514914,10.2464076114008,5.25824175824176,0.979135644474093,38.1982421299648,38.198255796607,57.997,400
7660,"ABC-SMC",1.71552367151701,7.9488787417574,1.0686289,4.9514914,12.0601613331527,7.07967032967033,0.963171008032639,60.5350249761177,60.5350408516796,37.495,400
7660,"NelderMead",10.0005,46.337315641148,1.0686289,4.9514914,19.5604316324053,17.2239010989011,0.756445428731504,835.825336559773,835.825429105018,15.668,400
7660,"DE",1.01475127324464,4.70184991206377,1.0686289,4.9514914,6.78091363625655,1.25961538461538,0.998288605059135,5.041752731501,5.04174334093007,35.178,400
7676,"BiLSTM",0.216863319277763,1.64035642147064,0.25953448,1.9871984,19.2217204489698,1.70741758241758,0.99145513498153,16.441422628021,17.4538173203721,NA,400
7676,"ABC",0.33427202349751,2.55944722566551,0.25953448,1.9871984,16.8645838713753,2.08791208791209,0.99159366990691,28.7967685440139,28.7967636077762,28.842,400
7676,"ABC-SMC",1.69099420189508,12.9475699861824,0.25953448,1.9871984,40.8983452287442,9.45192307692308,0.865469101854758,551.54895869523,551.548933724103,27.321,400
7676,"NelderMead",10.0005,76.5716248475057,0.25953448,1.9871984,43.3676737433025,11.3434065934066,0.798872831510886,3753.24524124887,3753.24509357021,11.03,400
7676,"DE",0.25396303400866,1.94453898957507,0.25953448,1.9871984,15.984817198925,1.26373626373626,0.993811716338887,2.14670743992841,2.14671119023301,31.207,400
7703,"BiLSTM",0.4162637591362,4.26342439651489,0.42699644,4.1962085,20.7655808467628,1.86401098901099,0.991908580472238,2.51352935490517,1.60182451646272,NA,400
7703,"ABC",0.426317827731914,4.18953957806344,0.42699644,4.1962085,21.1078288905061,1.89972527472527,0.991524285196024,0.158926914726923,0.158927325383471,55.587,400
7703,"ABC-SMC",1.30051750480439,12.7805341553029,0.42699644,4.1962085,47.2571530261452,10.1524725274725,0.844368693247014,204.573383516824,204.573382264083,48.856,400
7703,"NelderMead",10.0005,98.2775943791171,0.42699644,4.1962085,58.7992069470663,15.0013736263736,0.648456046962608,2242.05699700916,2242.05698737604,19.651,400
7703,"DE",0.409588769483759,4.02513863802476,0.42699644,4.1962085,20.3648143553142,1.88461538461538,0.992149982468069,4.07677181482837,4.07677220937043,48.947,400
7772,"BiLSTM",0.752215623855591,3.4539155960083,0.6403782,2.8350341,32.8400705645609,3.60164835164835,0.986468275155522,17.4642771811393,21.8297725592895,NA,400
7772,"ABC",0.583463432012882,2.58306562660901,0.6403782,2.8350341,26.0253719755886,2.24038461538462,0.992235807741886,8.88768043433053,8.88766993635052,70.498,400
7772,"ABC-SMC",1.16183119879695,5.14357210559184,0.6403782,2.8350341,54.7011292941211,9.09615384615385,0.928341288235276,81.4289116645362,81.4289325688124,53.034,400
7772,"NelderMead",10.0005,44.2734649364163,0.6403782,2.8350341,75.3294272426203,18.5714285714286,0.657082116812422,1461.65528433042,1461.65546426466,21.946,400
7772,"DE",0.631639085527585,2.79634527329389,0.6403782,2.8350341,28.275475415446,2.02335164835165,0.992827290456992,1.36468019561181,1.36466883083019,57.583,400
7782,"BiLSTM",0.2330462038517,1.15793216228485,0.247902,1.2626989,35.0251256733386,2.03708791208791,0.977980618091065,5.99260842925841,8.2970483078071,NA,400
7782,"ABC",0.261964768457598,1.33432817884479,0.247902,1.2626989,35.8254155523623,1.96291208791209,0.979423469597638,5.67271278876248,5.67271254016251,44.692,400
7782,"ABC-SMC",1.56457664097469,7.96923461237414,0.247902,1.2626989,98.765045082617,14.907967032967,0.802878325603163,531.127074801612,531.127073316856,35.561,400
7782,"NelderMead",10.0005,50.9379525769979,0.247902,1.2626989,102.71934769337,16.6263736263736,0.690803789339795,3934.05377931602,3934.05376982572,15.744,400
7782,"DE",0.271979153624688,1.38533685608384,0.247902,1.2626989,37.8736714912523,2.20879120879121,0.97810995871482,9.7123676391027,9.71236738099926,69.813,400
7826,"BiLSTM",0.285869956016541,4.14052438735962,0.2874152,3.9274259,13.8849040048661,1.67307692307692,0.996811945131361,0.537634747034762,5.42590726815799,NA,400
7826,"ABC",0.284515726232618,3.88780571710362,0.2874152,3.9274259,13.0709224611342,1.66895604395604,0.996850088754691,1.00881016988021,1.00880790383299,54.064,400
7826,"ABC-SMC",1.27833800171088,17.4680319335986,0.2874152,3.9274259,52.7605107457367,23.8543956043956,0.568884172341347,344.770492900473,344.770503081893,47.288,400
7826,"NelderMead",10.0005,136.653258463845,0.2874152,3.9274259,56.046278568681,30.103021978022,0.341399056628082,3379.46107234412,3379.46115199387,19.644,400
7826,"DE",0.27758028795395,3.79303543165239,0.2874152,3.9274259,13.4268993922972,1.68956043956044,0.997017453592529,3.4218482690026,3.42184605819321,53.155,400
7841,"BiLSTM",0.54213285446167,4.00051212310791,0.5735378,4.2623672,6.45823505026685,1.09203296703297,0.996990025593999,5.47565400891276,6.14341901120321,NA,400
7841,"ABC",0.881124711550351,6.54826350696869,0.5735378,4.2623672,15.7887284131604,4.08104395604396,0.97267524923806,53.6297540546327,53.6297367098894,36.933,400
7841,"ABC-SMC",1.36595753713586,10.1514005625348,0.5735378,4.2623672,20.556021248713,7.25824175824176,0.913438689223093,138.163471899474,138.163445010905,25.866,400
7841,"NelderMead",10.0005,74.3208178626803,0.5735378,4.2623672,26.0521635451953,12.9835164835165,0.707365597578696,1643.65142105716,1643.65122419955,12.057,400
7841,"DE",0.56650096160247,4.21007097508028,0.5735378,4.2623672,5.78799646091189,0.929945054945055,0.997477802503538,1.22691798126126,1.22692913270623,25.403,400
7859,"BiLSTM",0.581032395362854,3.57887625694275,0.75243247,4.6772943,35.8335162489865,7.19917582417582,0.926671449406514,22.7794628051001,23.4840480971499,NA,400
7859,"ABC",0.795160192910658,4.9428998291634,0.75243247,4.6772943,20.0961948322436,2.01785714285714,0.993765379414991,5.6786123159542,5.67861485995018,70.367,400
7859,"ABC-SMC",1.49350138647266,9.2839503459405,0.75243247,4.6772943,47.5604245431256,12.5673076923077,0.794343895063397,98.4897576885087,98.4897624667427,49.402,400
7859,"NelderMead",10.0005,62.1654229955933,0.75243247,4.6772943,68.7265226769404,22.9615384615385,0.349560826112659,1229.08937329618,1229.08940529129,21.687,400
7859,"DE",0.73239082655942,4.55271091756997,0.75243247,4.6772943,20.0646147831483,2.3228021978022,0.991559216277611,2.66358035300897,2.66357800983418,51.005,400
7921,"BiLSTM",0.219056606292725,1.25146126747131,0.19309889,1.1308175,43.5723508408011,3.48076923076923,0.951930801300001,13.4427061143255,10.6687212986458,NA,400
7921,"ABC",0.180692771291788,1.05816529455996,0.19309889,1.1308175,43.6613727693464,2.67994505494505,0.958195757235297,6.42474884667224,6.42475071707343,70.916,400
7921,"ABC-SMC",1.79665970208321,10.5215218588287,0.19309889,1.1308175,138.939408375016,26.3708791208791,0.645627815334011,830.435023258401,830.435004660676,51.465,400
7921,"NelderMead",10.0005,58.56450123928,0.19309889,1.1308175,141.498411932009,27.6799450549451,0.57025105631272,5078.9526081688,5078.95250465084,26.514,400
7921,"DE",0.190939535545282,1.11817195800902,0.19309889,1.1308175,41.0055193564776,2.28021978021978,0.962152461963387,1.1182635253458,1.11826550181409,134.444,400
7922,"BiLSTM",0.392090827226639,2.30322217941284,0.3908104,2.4217806,23.0982288509067,2.81456043956044,0.986527124736846,0.327633867122981,4.89550624805394,NA,400
7922,"ABC",0.360706819883363,2.23523442334343,0.3908104,2.4217806,31.991695027725,4.01785714285714,0.97736087702198,7.70286054737476,7.70285205260014,75.836,400
7922,"ABC-SMC",1.69179940751024,10.4837725948229,0.3908104,2.4217806,89.3656373276818,27.6428571428571,0.406817920990502,332.89518587792,332.895225720401,56.213,400
7922,"NelderMead",10.0005,61.9712758906919,0.3908104,2.4217806,95.4026246470993,32.6785714285714,0.202680170315943,2458.9134782493,2458.91371376465,24.71,400
7922,"DE",0.394794534381014,2.44646977753743,0.3908104,2.4217806,23.2629973288276,2.7760989010989,0.986846943973874,1.01945454394603,1.01946384149853,80.505,400
7924,"BiLSTM",0.627141296863556,2.69325876235962,0.63472605,2.6939147,15.2386754528382,1.60989010989011,0.994191155346135,1.19496484135859,0.0243488645123383,NA,400
7924,"ABC",1.01801213589057,4.32066386289725,0.63472605,2.6939147,28.9540441182151,5.04945054945055,0.97306623351482,60.3860651206248,60.3860680108857,43.938,400
7924,"ABC-SMC",1.45080777776452,6.15754224964489,0.63472605,2.6939147,35.2407689178781,7.48763736263736,0.938926908111501,128.572275829,128.572279948021,31.981,400
7924,"NelderMead",10.0005,42.444286701066,0.63472605,2.6939147,43.1816604978612,12.8104395604396,0.783785939048238,1475.5616143374,1475.56164273004,14.125,400
7924,"DE",0.609804653195552,2.58814294604031,0.63472605,2.6939147,14.6389041878861,1.5782967032967,0.994285337340528,3.92632330191083,3.92632157060084,31.941,400
8049,"BiLSTM",0.530137419700623,2.63146686553955,0.7095304,3.3123205,19.1810360177522,2.46153846153846,0.987634838519785,25.28333955802,20.5551858420841,NA,400
8049,"ABC",6.26292213622712,29.2373728212255,0.7095304,3.3123205,33.2258410571353,8.49725274725275,0.844123454525047,782.685524993309,782.685501636255,42.982,400
8049,"ABC-SMC",1.42039357574263,6.63086265860531,0.7095304,3.3123205,23.7721095534655,4.62774725274725,0.956698780225129,100.187839131718,100.187833834477,30.3,400
8049,"NelderMead",10.0005,46.6856110516496,0.7095304,3.3123205,33.6755477800787,8.93681318681319,0.821387702593936,1309.45335111787,1309.45331382182,11.669,400
8049,"DE",0.716529632853843,3.34499512488333,0.7095304,3.3123205,13.2209020918085,1.44093406593407,0.992750994826124,0.986459897115405,0.986457224877023,28.552,400
8056,"BiLSTM",0.213043347001076,1.28444123268127,0.21832108,1.3033514,43.0116614247292,2.18543956043956,0.976367603736228,2.41741796024656,1.45088786636708,NA,400
8056,"ABC",0.226495412355592,1.35215111514485,0.21832108,1.3033514,41.4423839491231,2.11401098901099,0.975624251844161,3.74417914916515,3.74417176709582,55.475,400
8056,"ABC-SMC",1.41994896330064,8.47692919784797,0.21832108,1.3033514,114.921899102302,21.5151098901099,0.635929398609761,550.394805348454,550.394759068657,46.182,400
8056,"NelderMead",10.0005,59.7018150892017,0.21832108,1.3033514,118.991867957499,23.728021978022,0.495298691300949,4480.6387546269,4480.63842868483,19.365,400
8056,"DE",0.323597725353716,1.93184056420718,0.21832108,1.3033514,57.7460559282737,7.46016483516483,0.938200777200802,48.2210171155788,48.2210065686948,57.083,400
8079,"BiLSTM",0.517218470573425,3.79178166389465,0.5178025,3.7662642,18.6159538023945,2.11401098901099,0.992213981016609,0.112789997455548,0.677527187143513,NA,400
8079,"ABC",0.50891364801972,3.70161093962695,0.5178025,3.7662642,18.8048407680878,2.12912087912088,0.991927100232485,1.71664910468378,1.71664166239441,62.22,400
8079,"ABC-SMC",1.44978050345651,10.5450568923326,0.5178025,3.7662642,50.6712255071402,13.0879120879121,0.813160001535533,179.987157933093,179.987179134502,51.326,400
8079,"NelderMead",10.0005,72.739177551601,0.5178025,3.7662642,61.4994741393155,19.7898351648352,0.560385406668759,1831.33482360553,1831.33496985158,20.391,400
8079,"DE",0.510313288396637,3.71179129959746,0.5178025,3.7662642,19.6361944954505,2.15384615384615,0.991847872348997,1.4463451998325,1.44633773707498,54.104,400
8086,"BiLSTM",0.270073562860489,2.58142018318176,0.16394833,1.5575309,35.9994988958246,7.42857142857143,0.971825860451641,64.730902022905,65.7379756113836,NA,400
8086,"ABC",0.160710332159616,1.52676959136141,0.16394833,1.5575309,19.5349906809005,2.21978021978022,0.992504712212508,1.97501117601135,1.97500471024908,58.144,400
8086,"ABC-SMC",1.44816970637737,13.7578053701725,0.16394833,1.5575309,71.4800732451394,22.3434065934066,0.769291691432408,783.308604837496,783.308663100838,49.745,400
8086,"NelderMead",10.0005,95.0060838854178,0.16394833,1.5575309,74.1792948498927,25.3118131868132,0.704011352536721,5999.7876587093,5999.78806105341,24.183,400
8086,"DE",0.172077139335645,1.63475577565971,0.16394833,1.5575309,18.4352975602919,2.17307692307692,0.992826122906562,4.95815317889768,4.95816010197388,82.024,400
8153,"BiLSTM",0.401244163513184,2.12531924247742,0.45858496,2.4811563,8.07525672207117,1.40659340659341,0.994760839021092,12.5038545718587,14.3415816860301,NA,400
8153,"ABC",0.577962709114758,3.12704493320438,0.45858496,2.4811563,17.2631775613405,2.23214285714286,0.991096622811414,26.0317628198617,26.0317591924531,28.842,400
8153,"ABC-SMC",1.3922252808556,7.53258115397567,0.45858496,2.4811563,30.8028669554504,8.18269230769231,0.899986445074112,203.591570219747,203.591561481865,22.522,400
8153,"NelderMead",10.0005,54.1073193154771,0.45858496,2.4811563,34.6920751988219,12.5934065934066,0.737474506933632,2080.73004400319,2080.72998123807,10.454,400
8153,"DE",0.444238195865013,2.40353361489923,0.45858496,2.4811563,9.29198006861926,1.14423076923077,0.995812481520391,3.12848553406267,3.12848832218972,24.669,400
8171,"BiLSTM",0.653577864170074,3.60172152519226,0.638992,3.4856954,12.8232656720466,1.7706043956044,0.996638174889323,2.28263642894973,3.32863638034066,NA,400
8171,"ABC",0.758262200912058,4.13631301406906,0.638992,3.4856954,19.2195886355715,3.49862637362637,0.990587947111282,18.6653668452904,18.6653605495495,68.596,400
8171,"ABC-SMC",1.18911469664803,6.48660923497158,0.638992,3.4856954,34.5176190188203,9.48489010989011,0.9320816929418,86.092266671262,86.0922567982155,48.669,400
8171,"NelderMead",10.0005,54.5526313291662,0.638992,3.4856954,48.9611491961216,19.6758241758242,0.674599267527567,1465.04306783184,1465.04298479914,19.73,400
8171,"DE",0.62030278101806,3.38374570524821,0.638992,3.4856954,12.0319603887628,1.65384615384615,0.99675841203149,2.92479702123659,2.92480217152041,51.636,400
8180,"BiLSTM",0.862884402275085,3.96789884567261,0.79496443,3.6227424,9.69326273038838,1.98214285714286,0.996482673217512,8.54377500576792,9.52749071180461,NA,400
8180,"ABC",1.20144514256995,5.47512113749345,0.79496443,3.6227424,15.5019088535731,6.29945054945055,0.977165345198603,51.1319371320745,51.1319473748243,67.481,400
8180,"ABC-SMC",1.58803155054801,7.23683903770551,0.79496443,3.6227424,20.9170457665146,10.168956043956,0.94326312696573,99.7613340445951,99.7613475831324,45.815,400
8180,"NelderMead",10.0005,45.5734073870253,0.79496443,3.6227424,29.149373958249,20.6098901098901,0.73078313937244,1157.98081305348,1157.98089831133,19.323,400
8180,"DE",0.876320937884406,3.99349343572683,0.79496443,3.6227424,9.45283642844699,2.06868131868132,0.996295771797138,10.233980894517,10.2339883654666,42.452,400
8241,"BiLSTM",0.162433862686157,1.32608413696289,0.15821487,1.2984053,31.7545968774576,1.88873626373626,0.972064261334746,2.66662209826246,2.13175631390989,NA,400
8241,"ABC",0.141793994134292,1.16364585305413,0.15821487,1.2984053,34.6034337738988,2.39972527472527,0.96752755231194,10.378844836587,10.3788429503387,45.405,400
8241,"ABC-SMC",1.20733014491761,9.90806927316005,0.15821487,1.2984053,100.487400182709,15.4945054945055,0.730982243479362,663.095241880622,663.095257941418,39.856,400
8241,"NelderMead",10.0005,82.0700511648359,0.15821487,1.2984053,105.38746887386,17.3736263736264,0.650635805138698,6220.83444495451,6220.83457798854,17.429,400
8241,"DE",0.151265591619741,1.24137541560035,0.15821487,1.2984053,33.6638349960227,2.04395604395604,0.971377314676775,4.39230420014195,4.39230218789541,81.217,400
8331,"BiLSTM",0.712871074676514,3.45804071426392,0.6094906,2.9468288,11.7797769733802,2.78296703296703,0.994603401619119,16.9617832787764,17.3478660946953,NA,400
8331,"ABC",0.810885838745761,3.92055574108796,0.6094906,2.9468288,16.3750289726906,4.49587912087912,0.987487475574008,33.0432066951911,33.0432138130303,60.496,400
8331,"ABC-SMC",1.87820883531849,9.08096069806784,0.6094906,2.9468288,32.4177116699823,14.0233516483516,0.874433164039136,208.160426972703,208.16044345935,37.441,400
8331,"NelderMead",10.0005,48.3514643064854,0.6094906,2.9468288,37.1401922132606,20.2802197802198,0.710191940760987,1540.79642901794,1540.79651680089,17.896,400
8331,"DE",0.614737787520239,2.9721986091828,0.6094906,2.9468288,7.72185915026838,1.4010989010989,0.997722021550847,0.860913608879048,0.860919004958892,42.415,400
8337,"BiLSTM",1.0989191532135,4.64695882797241,1.1916081,4.777398,7.38269582764245,1.20741758241758,0.998092568366071,7.77847572423342,2.73033923544967,NA,400
8337,"ABC",2.42737055522851,9.73182025184732,1.1916081,4.777398,21.3873541116594,7.26373626373626,0.949401240426594,103.705442689464,103.705453300046,64.174,400
8337,"ABC-SMC",1.52540392261567,6.11565331645914,1.1916081,4.777398,14.1612199823519,3.64010989010989,0.987896728183247,28.0122149736704,28.0122216415535,43.625,400
8337,"NelderMead",10.0005,40.0940302332362,1.1916081,4.777398,28.0818051499466,12.6071428571429,0.832289854279264,739.244043406553,739.244087120984,18.046,400
8337,"DE",1.04067177874797,4.17226396280153,1.1916081,4.777398,6.64076768231772,1.36813186813187,0.997822303497245,12.6666075240704,12.6666029750603,37.803,400
8349,"BiLSTM",0.553734600543976,3.05607080459595,0.56569135,3.1137137,19.446167499625,2.35851648351648,0.993911725980665,2.11365251669912,1.85125868842895,NA,400
8349,"ABC",0.529044283875465,2.91199880246761,0.56569135,3.1137137,19.1853622421743,2.52472527472527,0.993211075227717,6.47827938760856,6.47827375819386,81.074,400
8349,"ABC-SMC",2.14342514434621,11.7979754129323,0.56569135,3.1137137,60.6807764011487,18.9656593406593,0.755450769111659,278.903644955188,278.903667762786,53.76,400
8349,"NelderMead",10.0005,55.0453807207799,0.56569135,3.1137137,68.1114701240257,24.1387362637363,0.59336571222554,1667.83682479854,1667.83693121111,24.098,400
8349,"DE",0.550596792681151,3.03062947620362,0.56569135,3.1137137,17.7972922336134,2.33104395604396,0.994004515467067,2.66833801132881,2.66833215257979,67.305,400
8453,"BiLSTM",0.189494118094444,1.23113882541656,0.2297766,1.4629353,49.6587338892336,2.74450549450549,0.941148472083204,17.5311506504821,15.8446155878141,NA,400
8453,"ABC",0.236383795053581,1.50500186421381,0.2297766,1.4629353,48.0325630260241,2.13873626373626,0.95338835612302,2.87548647407133,2.87549040711575,37.255,400
8453,"ABC-SMC",1.49156372510857,9.49644702325413,0.2297766,1.4629353,124.382887469577,15.2403846153846,0.520901644903042,549.136476520486,549.136501337696,30.104,400
8453,"NelderMead",10.0005,63.670909165574,0.2297766,1.4629353,128.11697223281,16.6744505494506,0.410276141564689,4252.27085786803,4252.2710242602,13.128,400
8453,"DE",0.210267840577598,1.33872752140969,0.2297766,1.4629353,45.1271467174954,2.03846153846154,0.953038216327971,8.49031599492811,8.49031249641097,66.558,400
8477,"BiLSTM",0.626994550228119,4.40088987350464,0.64903283,4.440045,6.40002483840773,1.14148351648352,0.998338284810199,3.39555701240585,0.881863280560465,NA,400
8477,"ABC",0.686213912096188,4.69440091571243,0.64903283,4.440045,8.9995402541281,2.11813186813187,0.995534402198801,5.72869050340453,5.72867877943651,49.306,400
8477,"ABC-SMC",1.86745106059649,12.7752641186375,0.64903283,4.440045,24.428481488172,16.1950549450549,0.79928402388446,187.728289583825,187.728257678414,33.477,400
8477,"NelderMead",10.0005,68.4135887221733,0.64903283,4.440045,27.449981461589,23.7733516483516,0.566481826737317,1440.83114717017,1440.83097631158,11.966,400
8477,"DE",0.627009945820695,4.28938558652959,0.64903283,4.440045,6.41735027103058,1.15521978021978,0.998315321112715,3.39318493015288,3.39319564262084,36.75,400
8478,"BiLSTM",0.306942880153656,1.39768445491791,0.34267306,1.6789939,19.7620408577797,2.18681318681319,0.992109922829536,10.4269007450845,16.7546436638092,NA,400
8478,"ABC",0.29180195593412,1.4297409101162,0.34267306,1.6789939,20.830530533508,2.56456043956044,0.991175903014084,14.8453759586121,14.8453779304261,56.205,400
8478,"ABC-SMC",2.08809731742307,10.2310423158975,0.34267306,1.6789939,66.7375916985454,15.4532967032967,0.847429764148879,509.355552322399,509.355538212351,39.527,400
8478,"NelderMead",10.0005,48.9994110075299,0.34267306,1.6789939,70.1962541354728,17.7980769230769,0.772415921981391,2818.37940222088,2818.37933464379,18.398,400
8478,"DE",0.335198192193792,1.64236928036444,0.34267306,1.6789939,19.8012342584601,1.91620879120879,0.99301460136946,2.18134095694827,2.18134322200674,64.708,400
8542,"BiLSTM",0.283834755420685,1.82719874382019,0.26464045,1.7596446,26.1723715588618,1.92445054945055,0.976341688506617,7.25297490262157,3.83907885832119,NA,400
8542,"ABC",0.250684994328923,1.66685214135781,0.26464045,1.7596446,26.1260082028337,1.92032967032967,0.976914947955807,5.27336454841916,5.27336364639716,34.442,400
8542,"ABC-SMC",1.64676842217263,10.9496760193683,0.26464045,1.7596446,90.3832165456789,16.7348901098901,0.414936771842072,522.266332366286,522.266338291735,27.072,400
8542,"NelderMead",10.0005,66.495223953361,0.26464045,1.7596446,93.328931178763,18.4917582417582,0.263893174721416,3678.90076894896,3678.90080493305,12.165,400
8542,"DE",0.278791184190391,1.85373553611947,0.26464045,1.7596446,26.5496752005485,1.83241758241758,0.976738152498142,5.34715467359226,5.34715567674676,47.357,400
8596,"BiLSTM",0.963230788707733,4.2205867767334,1.0289361,4.3665266,18.823319946578,2.13324175824176,0.99370165521871,6.38575236035229,3.34224056408134,NA,400
8596,"ABC",0.926888034761092,3.93346203473116,1.0289361,4.3665266,16.6979995967028,2.12912087912088,0.993549824507336,9.91782339436902,9.91782725585239,74.988,400
8596,"ABC-SMC",1.29350564867786,5.48928799377163,1.0289361,4.3665266,31.5557263553637,7.07967032967033,0.941967269321072,25.7129231521624,25.7129177633232,52.135,400
8596,"NelderMead",10.0005,42.4394162003268,1.0289361,4.3665266,63.7433497730762,23.2239010989011,0.429634115042304,871.92624498256,871.926203319746,18.836,400
8596,"DE",0.952297518615653,4.04129300925635,1.0289361,4.3665266,17.5797665015427,2.05631868131868,0.994048544819251,7.44833244594554,7.44833641328667,50.648,400
8600,"BiLSTM",0.222071453928947,1.6220418214798,0.25549498,1.8401316,58.7153651787229,6.15384615384615,0.929955766392237,13.0818719299505,11.851857688885,NA,400
8600,"ABC",0.235774913883445,1.69810326519535,0.25549498,1.8401316,49.5278640166608,4.41895604395604,0.95003285730026,7.71837713467226,7.71837920747883,83.728,400
8600,"ABC-SMC",1.37008390786911,9.86764842460834,0.25549498,1.8401316,147.036972241009,32.7788461538462,0.117594162728531,436.246899202914,436.246887157871,69.806,400
8600,"NelderMead",10.0005,72.0258208300359,0.25549498,1.8401316,152.790817076449,36.1662087912088,-0.0353143448270411,3814.16692414074,3814.16683622171,27.838,400
8600,"DE",0.23409559630505,1.68600844723444,0.25549498,1.8401316,51.3675715176573,4.66483516483517,0.947405541491125,8.37565720271673,8.37565926075965,114.722,400
8665,"BiLSTM",0.390263378620148,4.43758630752563,0.41423452,4.983056,12.5374413421634,1.98489010989011,0.996458545243799,5.78685266979978,10.9464893124694,NA,400
8665,"ABC",0.456435105664945,5.49070978957408,0.41423452,4.983056,12.3599150177309,2.91483516483516,0.993062276377122,10.1876071711611,10.1875995287648,72.941,400
8665,"ABC-SMC",1.56861664149054,18.8697552896892,0.41423452,4.983056,38.7106394416889,18.0741758241758,0.790096623010025,278.678397322014,278.678371057623,55.073,400
8665,"NelderMead",10.0005,120.301533710125,0.41423452,4.983056,45.0200417307053,24.4642857142857,0.59865507512674,2314.21212312291,2314.21195567789,19.831,400
8665,"DE",0.402174446805276,4.83797837805066,0.41423452,4.983056,12.219635968836,1.99038461538462,0.996604811460117,2.91141192064911,2.91141865452321,64.802,400
8696,"BiLSTM",0.324167788028717,1.56185221672058,0.2811466,1.3770293,18.0811720175397,1.92445054945055,0.991232872746654,15.3020481231916,13.4218579605083,NA,400
8696,"ABC",0.336411918009223,1.64771365793198,0.2811466,1.3770293,16.9863576945888,2.125,0.991205808365419,19.6571176778317,19.6571240664222,38.42,400
8696,"ABC-SMC",1.83737894612429,8.99930776008556,0.2811466,1.3770293,42.4972013175412,11.2664835164835,0.902216080131034,553.530558834532,553.530593727058,30.866,400
8696,"NelderMead",10.0005,48.9815002205037,0.2811466,1.3770293,45.4145524638449,13.4258241758242,0.838474054740991,3457.0410597176,3457.0412496309,14.498,400
8696,"DE",0.284820937628733,1.39502593063005,0.2811466,1.3770293,18.3234836505398,1.56868131868132,0.991315132746494,1.30691163568512,1.30691704454323,44.666,400
8773,"BiLSTM",0.502769708633423,4.0855541229248,0.4875108,3.9629948,10.9147880208928,1.43269230769231,0.99642516113676,3.12996319946611,3.09259358414511,NA,400
8773,"ABC",0.596580129504345,4.84962380919395,0.4875108,3.9629948,16.2591906608911,2.51648351648352,0.990790054783582,22.3727001544059,22.3727018060671,48.414,400
8773,"ABC-SMC",1.79627550259819,14.601995632187,0.4875108,3.9629948,35.7754081447398,13.0604395604396,0.799863971925324,268.458606988439,268.458611961515,35.134,400
8773,"NelderMead",10.0005,81.2944657478586,0.4875108,3.9629948,41.2396377479769,17.9134615384615,0.608459817314524,1951.33917033223,1951.3391980191,15.656,400
8773,"DE",0.503898782800918,4.09621342320852,0.4875108,3.9629948,10.9571987245548,1.43818681318681,0.996469984465961,3.36156302607403,3.36156442114241,38.64,400
8824,"BiLSTM",0.663099527359009,4.59132671356201,0.7012054,4.6236453,4.47344456342289,0.929945054945055,0.997908869817928,5.43433816125649,0.6989849856776,NA,400
8824,"ABC",0.852209813212957,5.6193461879153,0.7012054,4.6236453,9.89051417586651,2.8956043956044,0.990859040668176,21.5349758020913,21.534975615783,41.765,400
8824,"ABC-SMC",2.1664147380911,14.2850202041661,0.7012054,4.6236453,20.179058777031,10.9464285714286,0.868253279352551,208.955797843414,208.955797369797,28.931,400
8824,"NelderMead",10.0005,65.9418263917646,0.7012054,4.6236453,22.7953684217543,16.3997252747253,0.700453275848709,1326.18696319224,1326.18696100595,13.854,400
8824,"DE",0.68866273830649,4.54094082614706,0.7012054,4.6236453,5.47251919860986,0.938186813186813,0.998119928704376,1.78872862267037,1.78872877322435,28.745,400
8858,"BiLSTM",0.737343609333038,4.13958978652954,0.8509524,4.7121696,18.6869188388906,1.89835164835165,0.991084172450142,13.350780921114,12.1510866983748,NA,400
8858,"ABC",8.10553654471231,44.8846093066538,0.8509524,4.7121696,31.8954230618743,7.4532967032967,0.871477785385633,852.525258135744,852.525335816728,53.398,400
8858,"ABC-SMC",1.92044987891092,10.6345387541506,0.8509524,4.7121696,25.8134243101103,4.44230769230769,0.959559216613055,125.682409369892,125.682427774896,33.02,400
8858,"NelderMead",10.0005,55.3780163589556,0.8509524,4.7121696,32.9400305009206,7.66620879120879,0.86280465034818,1075.21262058841,1075.21271643015,14.958,400
8858,"DE",0.813362012780452,4.50401228433668,0.8509524,4.7121696,19.0423386154241,1.68956043956044,0.992733510671267,4.41744887487814,4.41744107986529,30.86,400
8862,"BiLSTM",0.928514420986176,4.06806898117065,0.8812183,3.6399815,14.9484104620523,2.39010989010989,0.994672834250548,5.3671287791204,11.760704859919,NA,400
8862,"ABC",1.00424076437993,4.14814104932776,0.8812183,3.6399815,15.5859646212686,3.17857142857143,0.992637560104596,13.9604981398971,13.9604981324152,86.348,400
8862,"ABC-SMC",1.51142807490021,6.24314114999223,0.8812183,3.6399815,31.2617247139941,8.75686813186813,0.95140697681661,71.5157384838937,71.5157384726331,54.445,400
8862,"NelderMead",10.0005,41.3083057720886,0.8812183,3.6399815,49.1462007058947,19.4807692307692,0.710794400436099,1034.84933301998,1034.84933294547,23.653,400
8862,"DE",0.882214773906448,3.64409755884021,0.8812183,3.6399815,15.3292768613411,2.18956043956044,0.995112532905512,0.113079120854386,0.113079114281617,56.559,400
9016,"BiLSTM",0.162631303071976,1.86612057685852,0.21190013,2.4228537,25.0998011386251,3.625,0.986007531683448,23.2509658809668,22.9784044798693,NA,400
9016,"ABC",0.233308097610212,2.66763128292504,0.21190013,2.4228537,24.3305139404343,2.42307692307692,0.991183562606684,10.1028572328919,10.1028627079314,49.853,400
9016,"ABC-SMC",1.67934419188847,19.2015242804159,0.21190013,2.4228537,71.760180951788,18.1744505494506,0.704513720048004,692.516829455681,692.516868864839,41.93,400
9016,"NelderMead",10.0005,114.345138116304,0.21190013,2.4228537,74.958455209883,20.9326923076923,0.610938979875233,4619.44023819145,4619.44047287312,19.106,400
9016,"DE",0.202967229869405,2.32071555747219,0.21190013,2.4228537,18.7871657245787,1.89697802197802,0.992798126502652,4.21561805110518,4.21561328807467,59.525,400
9047,"BiLSTM",0.155491948127747,1.2764230966568,0.14462954,1.1917818,42.5219458384524,2.55357142857143,0.941448070696719,7.51050451225011,7.10207998282901,NA,400
9047,"ABC",0.136704433993424,1.12647696151985,0.14462954,1.1917818,41.7408839833205,2.34340659340659,0.945213222464092,5.4795901353046,5.47959689266507,53.126,400
9047,"ABC-SMC",1.37163302236886,11.3025814468658,0.14462954,1.1917818,139.529431188784,21.6799450549451,0.57287560680841,848.376813179975,848.37674537955,45.447,400
9047,"NelderMead",10.0005,82.4064920543925,0.14462954,1.1917818,142.58380595545,23.0068681318681,0.48555185436981,6814.56254372378,6814.56204939465,20.27,400
9047,"DE",0.140741664846764,1.15974470135662,0.14462954,1.1917818,39.6138727312034,2.25,0.946865779897616,2.68816118286458,2.68816813978715,108.733,400
9052,"BiLSTM",0.832428514957428,3.96177768707275,0.7641048,3.549573,15.3685706481337,2.48626373626374,0.995216206154621,8.94166807451386,11.6127964426356,NA,400
9052,"ABC",0.880566705409532,4.0905850571193,0.7641048,3.549573,15.0393070979993,3.40934065934066,0.991966810994909,15.2416141620275,15.2416095434379,74.107,400
9052,"ABC-SMC",1.75797819130566,8.16651285577744,0.7641048,3.549573,33.2474877987605,13.8296703296703,0.870509328904007,130.070298119533,130.070288898903,49.408,400
9052,"NelderMead",10.0005,46.4563281945758,0.7641048,3.549573,42.5027898953562,23.1826923076923,0.616197257533152,1208.78643871888,1208.78638626606,22.872,400
9052,"DE",0.759930717403728,3.53018257215609,0.7641048,3.549573,15.1700252908621,1.70741758241758,0.997053991470206,0.546270956061561,0.546274941913003,49.976,400
9058,"BiLSTM",0.599634885787964,3.6616530418396,0.66643655,4.058151,22.432557482572,3.7706043956044,0.986561952700186,10.0237095657548,9.77040918783949,NA,400
9058,"ABC",0.621549242026811,3.78481728347893,0.66643655,4.058151,21.6578003210504,2.98901098901099,0.991580854366913,6.73542109495483,6.73542498840153,85.698,400
9058,"ABC-SMC",1.36060760455492,8.28518615992489,0.66643655,4.058151,54.7299438515632,18.7857142857143,0.738786839645423,104.161612167718,104.161603644736,66.402,400
9058,"NelderMead",10.0005,60.8963259612476,0.66643655,4.058151,73.3598360067356,31.6785714285714,0.292501938247527,1400.59296717745,1400.59290453331,24.86,400
9058,"DE",0.710667141322966,4.32748541452441,0.66643655,4.058151,22.0963773941433,3.25824175824176,0.989886201466292,6.63687958335511,6.63687513166496,69.745,400
9119,"BiLSTM",0.204620808362961,1.7209552526474,0.2592331,2.2248096,29.3662727873014,4,0.987331983322984,21.0668667068515,22.6470771859578,NA,400
9119,"ABC",0.254415237238203,2.18346136717693,0.2592331,2.2248096,19.0088530511577,2.0467032967033,0.992906210030794,1.85850601709327,1.85850658065637,58.571,400
9119,"ABC-SMC",1.53355936433536,13.1614272110738,0.2592331,2.2248096,68.2733324835921,18.9244505494506,0.746374390840536,491.575444777446,491.575441380411,49.237,400
9119,"NelderMead",10.0005,85.8270347306621,0.2592331,2.2248096,72.3862918225451,22.6291208791209,0.621013920013686,3757.72495873405,3757.72493658163,22.569,400
9119,"DE",0.265178069562795,2.27583094707024,0.2592331,2.2248096,20.9705016038719,2.19230769230769,0.992807701887215,2.29329108157667,2.29329049417247,62.967,400
9237,"BiLSTM",0.448490768671036,2.72478771209717,0.46199816,2.908883,20.4356534578721,2.00961538461538,0.991315974437772,2.92368942096311,6.3287278279268,NA,400
9237,"ABC",0.481944206226783,3.03446943228316,0.46199816,2.908883,20.7169880113454,2.53708791208791,0.988813787354546,4.31734321772687,4.31734216478136,56.061,400
9237,"ABC-SMC",0.970758038836516,6.11219215198204,0.46199816,2.908883,63.013323558817,16.2307692307692,0.686892986522244,110.12162447498,110.12162235408,44.56,400
9237,"NelderMead",10.0005,62.9662337786629,0.46199816,2.908883,77.8381702908085,26.4642857142857,0.226903377556239,2064.61901060385,2064.61898875489,17.065,400
9237,"DE",0.484661772854398,3.05158007030961,0.46199816,2.908883,21.7699624962716,2.63873626373626,0.988047345335824,4.90556344518733,4.90556238630453,50.001,400
9246,"BiLSTM",0.357449263334274,3.20681762695312,0.36651927,3.1555452,13.2328488282684,1.89835164835165,0.991526133892456,2.47463296151542,1.62483576382062,NA,400
9246,"ABC",0.379641426793942,3.2685202663848,0.36651927,3.1555452,15.3568343432244,1.80631868131868,0.992744837035926,3.58020924628118,3.58020751484712,41.456,400
9246,"ABC-SMC",1.6107419570593,13.8676718582195,0.36651927,3.1555452,53.0352626399405,19.7239010989011,0.493462303496928,339.469923930412,339.469916584287,33.184,400
9246,"NelderMead",10.0005,86.0992363241817,0.36651927,3.1555452,57.0908623830356,24.1263736263736,0.276362130646242,2628.50592548654,2628.50587987717,15.47,400
9246,"DE",0.362991630875853,3.1251739623499,0.36651927,3.1555452,13.1106356515732,1.77335164835165,0.992191487374906,0.962470301806353,0.962471957305528,40.469,400
9376,"BiLSTM",0.597898125648499,2.90497279167175,0.59204257,2.8608754,9.1338630668847,2.01510989010989,0.995102884238207,0.989043008934052,1.54139504543795,NA,400
9376,"ABC",0.621950779022475,3.00539834983071,0.59204257,2.8608754,11.1517805812226,2.92445054945055,0.991714509200985,5.05169907334119,5.05170374881445,54.92,400
9376,"ABC-SMC",1.39251245162727,6.72891612229669,0.59204257,2.8608754,35.6207340893167,22.9505494505494,0.662182666503657,135.20478462001,135.204795088129,38.475,400
9376,"NelderMead",10.0005,48.3245414447755,0.59204257,2.8608754,40.9210299494212,34.793956043956,0.272431571101602,1589.15218376949,1589.15225894758,15.965,400
9376,"DE",0.580316503091031,2.80421267983698,0.59204257,2.8608754,8.17818995506022,1.68956043956044,0.996384899099723,1.98061212202508,1.98060775953469,43.939,400
9411,"BiLSTM",0.482663512229919,3.29613304138184,0.5050125,3.4545007,16.7733465406597,1.94230769230769,0.994433876150585,4.42543259227852,4.5843863519311,NA,400
9411,"ABC",0.484808422210616,3.31629626358554,0.5050125,3.4545007,16.1851867320685,1.9217032967033,0.994488383637655,4.00070845560926,4.00070656851973,52.929,400
9411,"ABC-SMC",1.62295250403184,11.1016869314193,0.5050125,3.4545007,47.1838184973377,14.6401098901099,0.751409083739885,221.368778798909,221.368785116161,38.996,400
9411,"NelderMead",10.0005,68.4076828384376,0.5050125,3.4545007,54.1008450973947,20.2568681318681,0.516262371818862,1880.24801366303,1880.24805258941,16.975,400
9411,"DE",0.500510221911092,3.42370326662567,0.5050125,3.4545007,16.9133447229261,1.85164835164835,0.994654941420606,0.891518148344494,0.891516200136597,41.7,400
9464,"BiLSTM",0.373589128255844,2.11738753318787,0.37451133,2.274083,10.2274305399714,1.45604395604396,0.996834519696524,0.246241347132505,6.89049022450517,NA,400
9464,"ABC",0.432616081904828,2.62690294254916,0.37451133,2.274083,13.1645804009501,2.86401098901099,0.993974924060748,15.5148181778181,15.5148225702034,49.234,400
9464,"ABC-SMC",1.2956106150104,7.8671216335353,0.37451133,2.274083,41.9290289926795,19.1524725274725,0.775449698234201,245.946974424086,245.946987578523,40.002,400
9464,"NelderMead",10.0005,60.7243789026366,0.37451133,2.274083,46.244025278946,26.4134615384615,0.54857985996297,2570.27969487599,2570.27979641186,11.652,400
9464,"DE",0.379887874330237,2.30673018562537,0.37451133,2.274083,10.7244344014269,1.45604395604396,0.996950171556377,1.43561593456665,1.4356197915983,47.595,400
9469,"BiLSTM",0.166943654417992,1.43370449542999,0.14266625,1.276938,44.6478183193138,3.11675824175824,0.980561477064053,17.0169219545559,12.2767507451413,NA,400
9469,"ABC",0.134410021270515,1.20304029716706,0.14266625,1.276938,41.9266418164752,2.74038461538462,0.975664086305712,5.78709311381313,5.78710186656999,63.942,400
9469,"ABC-SMC",1.61769001281564,14.4791754018481,0.14266625,1.276938,120.311347809184,19.1167582417582,0.778706499529253,1033.89818041453,1033.89807507084,58.959,400
9469,"NelderMead",10.0005,89.50972835281,0.14266625,1.276938,124.385233137765,20.8063186813187,0.710814250303885,6909.71673398579,6909.71608275499,26.422,400
9469,"DE",0.142618564049942,1.27651106706446,0.14266625,1.276938,40.765800593473,2.53571428571429,0.978657079535146,0.0334248289683063,0.0334341162640258,108.083,400
9477,"BiLSTM",0.420420676469803,2.58797883987427,0.4557913,2.8695107,9.49762291958537,1.4217032967033,0.994497695724891,7.76026737021903,9.81114515884999,NA,400
9477,"ABC",0.408456544512229,2.57150695392603,0.4557913,2.8695107,12.5761175713135,1.85576923076923,0.991352253248063,10.3851818777082,10.3851763324657,31.886,400
9477,"ABC-SMC",1.305274829732,8.21757747926099,0.4557913,2.8695107,44.1163824465729,18.7032967032967,0.351000662538608,186.375547258582,186.375564979109,26.596,400
9477,"NelderMead",10.0005,62.9598316840466,0.4557913,2.8695107,47.9010599084276,23.2898351648352,0.0782568202991318,2094.09628924466,2094.09642501234,9.435,400
9477,"DE",0.418428405685272,2.63428648505261,0.4557913,2.8695107,9.9842922544058,1.47802197802198,0.994091574813485,8.19736890869319,8.19736322807185,30.912,400
9538,"BiLSTM",0.315268516540527,2.21251344680786,0.35771447,2.5764544,13.0641589866359,1.50961538461538,0.993567414498372,11.8658754451484,14.125650863145,NA,400
9538,"ABC",0.372707011056638,2.68443868777884,0.35771447,2.5764544,11.0419446744747,1.61950549450549,0.991964812506833,4.19120340774515,4.19119732058298,33.573,400
9538,"ABC-SMC",1.35391088445125,9.75160286822052,0.35771447,2.5764544,44.1070377704269,11.6662087912088,0.769852709751879,278.489269514663,278.489247402187,28.091,400
9538,"NelderMead",10.0005,72.0290423864679,0.35771447,2.5764544,48.4531122295165,15.3942307692308,0.587595180085647,2695.66549264837,2695.66532931722,11.91,400
9538,"DE",0.333380715653068,2.40118931039506,0.35771447,2.5764544,10.7201282853362,1.26098901098901,0.994306413239486,6.80256360524981,6.80256905012318,32.331,400
9618,"BiLSTM",0.417951226234436,2.66553688049316,0.69474447,4.669885,69.5026907498106,13.7815934065934,0.757153651117056,39.8410143179065,42.9207168807548,NA,400
9618,"ABC",0.571561289699223,3.84188103127764,0.69474447,4.669885,25.578783606955,3.98901098901099,0.978109060660703,17.7307176408007,17.7307143264204,71.66,400
9618,"ABC-SMC",1.02988250883977,6.92259281106724,0.69474447,4.669885,48.9861134624974,13.3379120879121,0.785952484522536,48.2390365539397,48.2390425260416,59.512,400
9618,"NelderMead",10.0005,67.2206672245255,0.69474447,4.669885,79.2769113062756,29.0521978021978,0.148655052607759,1339.45010458306,1339.45016257414,23.34,400
9618,"DE",0.597661109460074,4.01731698935617,0.69474447,4.669885,21.9480041677904,2.95741758241758,0.987904209224921,13.9739666499146,13.9739631841862,60.449,400
9676,"BiLSTM",0.22148323059082,2.91112875938416,0.2305553,3.0700219,17.2161310593612,2.12774725274725,0.994221028334708,3.93487784023168,5.17563541210715,NA,400
9676,"ABC",0.268330252382807,3.57302459360338,0.2305553,3.0700219,21.6587773881161,2.53571428571429,0.992666927896222,16.3843348571066,16.3843356818848,58.934,400
9676,"ABC-SMC",1.42810871145174,19.0163706963489,0.2305553,3.0700219,59.6958073264058,15.7403846153846,0.811171613499781,519.421332518377,519.421336908016,54.656,400
9676,"NelderMead",10.0005,133.164382811948,0.2305553,3.0700219,63.7610619890818,19.5384615384615,0.705010311753843,4237.57107297035,4237.57110370931,23.967,400
9676,"DE",0.24536413362848,3.26721298123342,0.2305553,3.0700219,18.1920842457379,2.03296703296703,0.994350108717974,6.42311568134853,6.4231164355348,58.078,400
9687,"BiLSTM",0.795502424240112,3.79951977729797,0.9405699,4.3338814,13.4649311927974,3.70054945054945,0.981594911498841,15.4233593654111,12.3298626192684,NA,400
9687,"ABC",0.97344484205935,4.48536015778004,0.9405699,4.3338814,9.27817769854395,2.09615384615385,0.993354850245895,3.49521519446348,3.49522157620747,55.894,400
9687,"ABC-SMC",1.59883316503064,7.36697372826448,0.9405699,4.3338814,26.4049813929344,12.9326923076923,0.804694897744062,69.9855763012021,69.9855867828889,33.246,400
9687,"NelderMead",10.0005,46.0794924579245,0.9405699,4.3338814,39.3354620525178,25.4107142857143,0.294169088376171,963.238362188712,963.238427750342,15.683,400
9687,"DE",0.899899033591621,4.14648174904041,0.9405699,4.3338814,8.93341211139174,1.27884615384615,0.997577927431809,4.32406633556728,4.32406043597748,35.99,400
9696,"BiLSTM",0.303106904029846,2.06896924972534,0.3372385,2.351362,15.843683701657,2.64148351648352,0.989133793089714,10.1209073015548,12.0097522318834,NA,400
9696,"ABC",0.342420475330122,2.38749265252019,0.3372385,2.351362,15.6633931824785,2.14010989010989,0.991316757392907,1.53659067103008,1.53658401046669,46.829,400
9696,"ABC-SMC",1.87052769026487,13.0420679795432,0.3372385,2.351362,59.1550796407217,22.0892857142857,0.57922892240495,454.660185674196,454.660149289783,40.945,400
9696,"NelderMead",10.0005,69.7274900062842,0.3372385,2.351362,62.0381062468889,25.7733516483516,0.43305459378493,2865.40875374549,2865.4085592216,17.557,400
9696,"DE",0.331050623678329,2.30821749453575,0.3372385,2.351362,15.4854094576155,2.04532967032967,0.99190897922069,1.83486651781201,1.83487295721567,48.742,400
9698,"BiLSTM",0.178386375308037,2.33644700050354,0.17838046,2.4333878,21.1784377354963,2.18818681318681,0.993948456437847,0.00331611883768744,3.9837793012877,NA,400
9698,"ABC",0.173173108561135,2.36235132147338,0.17838046,2.4333878,20.8032946386675,2.54532967032967,0.992768584321606,2.91923870970228,2.91924199367715,58.04,400
9698,"ABC-SMC",1.57733098251152,21.5172549704595,0.17838046,2.4333878,90.0376164983039,35.0384615384615,0.304614013685375,784.25098943658,784.250959524803,48.679,400
9698,"NelderMead",10.0005,136.422419085088,0.17838046,2.4333878,92.0589066513191,38.1401098901099,0.201862360998289,5506.27548555487,5506.27529591,21.598,400
9698,"DE",0.182654790776615,2.49169625670981,0.17838046,2.4333878,21.4169216574233,2.15796703296703,0.994129897661831,2.39618777562018,2.39618431183907,77.379,400
9722,"BiLSTM",0.988589704036713,4.30401277542114,1.0957417,4.4886246,16.4645378236412,2.29945054945055,0.995677681159151,9.77894662248296,4.1128818074663,NA,400
9722,"ABC",1.55900954676965,6.38636740022181,1.0957417,4.4886246,23.6750264614898,5.90384615384615,0.974123171554426,42.2789282154406,42.2789377445779,99.291,400
9722,"ABC-SMC",1.66131068114711,6.80543643732147,1.0957417,4.4886246,25.499039836106,6.72252747252747,0.966744077929028,51.6151736442186,51.6151837986513,58.517,400
9722,"NelderMead",10.0005,40.9663092302762,1.0957417,4.4886246,41.3153866561857,17.3887362637363,0.76107090937637,812.669473106664,812.669534232741,24.966,400
9722,"DE",1.03777075331243,4.25115120147331,1.0957417,4.4886246,17.1178450112756,1.97527472527473,0.996549595656684,5.29056680854311,5.29056046537478,60.088,400
9771,"BiLSTM",0.667657673358917,3.29396033287048,0.7961028,3.5613623,15.8217503015765,1.81043956043956,0.989370281550418,16.1342387743245,7.50841797616369,NA,400
9771,"ABC",2.78991408398111,12.4806676064635,0.7961028,3.5613623,33.3653508643036,5.6978021978022,0.922885262309157,250.446460429621,250.446445913787,43.005,400
9771,"ABC-SMC",1.83475322915034,8.20775998959618,0.7961028,3.5613623,30.4356501146169,4.64148351648352,0.952345596221363,130.466873015689,130.466863469526,28.286,400
9771,"NelderMead",10.0005,44.7371899783863,0.7961028,3.5613623,37.072748691479,7.33653846153846,0.855390838164946,1156.18199056705,1156.18193853477,12.99,400
9771,"DE",0.800187992529996,3.57963724216169,0.7961028,3.5613623,17.6891516961677,1.76785714285714,0.990123409945216,0.51314887097439,0.513144707621828,26.73,400
9780,"BiLSTM",0.203669086098671,2.52742052078247,0.19631553,2.5113595,32.5714830286527,1.92032967032967,0.984572733164624,3.74578419683403,0.639534912563116,NA,400
9780,"ABC",0.224042533524219,2.86605616153172,0.19631553,2.5113595,32.3961077669708,1.96978021978022,0.984929995930324,14.1236933849397,14.123691233044,40.263,400
9780,"ABC-SMC",1.09935357821055,14.0634416464126,0.19631553,2.5113595,86.5828167362663,13.3104395604396,0.679190725889933,459.993179454805,459.993168895675,39.39,400
9780,"NelderMead",10.0005,127.931041452446,0.19631553,2.5113595,93.1635413740628,16.3489010989011,0.504594122515798,4994.09520479608,4994.09510874274,17.002,400
9780,"DE",0.214403278913705,2.74274633890802,0.19631553,2.5113595,32.6449945731435,1.87087912087912,0.985272858439281,9.21361082014513,9.21360876083315,46.567,400
9791,"BiLSTM",0.445314943790436,3.31986474990845,0.42545593,2.989332,9.83905222486117,1.33928571428571,0.996984409821963,4.66770172657737,11.0570772971502,NA,400
9791,"ABC",0.444992380343139,3.12659871415997,0.42545593,2.989332,10.9113789964282,1.34615384615385,0.996957880000146,4.5918857784258,4.59188588487228,40.05,400
9791,"ABC-SMC",1.53838368976324,10.8089681503972,0.42545593,2.989332,37.0361444044937,18.3159340659341,0.690429268389903,261.58473329147,261.584733659466,31.147,400
9791,"NelderMead",10.0005,70.2653614357306,0.42545593,2.989332,40.0080754822284,24.8392857142857,0.430908605259377,2250.53722250387,2250.53722489608,13.785,400
9791,"DE",0.435034702956113,3.05663423231808,0.42545593,2.989332,10.9233488958381,1.23489010989011,0.997128258768476,2.25141366724224,2.25141377130674,34.262,400
9887,"BiLSTM",0.159731179475784,1.93134438991547,0.26723748,3.229044,38.7226977486481,4.26510989010989,0.961781657233303,40.2287510435347,40.1883532737409,NA,400
9887,"ABC",0.269480868963266,3.25615086417088,0.26723748,3.229044,13.4992790113053,1.52472527472527,0.988911287952598,0.839473925313766,0.839470263362037,33.53,400
9887,"ABC-SMC",1.47276368922058,17.7954775707243,0.26723748,3.229044,43.7325934187683,10.3722527472527,0.774186192160002,451.106711985377,451.106691972121,28.008,400
9887,"NelderMead",10.0005,120.836543397,0.26723748,3.229044,47.4905093849553,13.0837912087912,0.639290620855615,3642.17718263172,3642.17704673581,12.852,400
9887,"DE",0.274639880216575,3.3184874560609,0.26723748,3.229044,14.748537598338,1.5989010989011,0.988471881891826,2.76997082017663,2.76996708811955,31.007,400
9889,"BiLSTM",0.3443383872509,4.43453884124756,0.107562855,1.3495601,45.3882859237469,5.85714285714286,0.935922915495352,220.12760097424,228.591430737139,NA,400
9889,"ABC",0.166264969583428,2.08607874742542,0.107562855,1.3495601,24.1953614180236,2.57967032967033,0.980921451608715,54.574708511993,54.5747201199426,26.751,400
9889,"ABC-SMC",1.3199019188742,16.5604297077618,0.107562855,1.3495601,56.7705441571235,9.03434065934066,0.86216951664925,1127.09825699048,1127.09834914071,27.629,400
9889,"NelderMead",10.0005,125.473396867041,0.107562855,1.3495601,58.6970085899819,10.2087912087912,0.855220141280356,9197.35455608723,9197.35525428181,12.135,400
9889,"DE",0.10939100767981,1.37249750715407,0.107562855,1.3495601,18.0983565183021,1.24862637362637,0.993631472140749,1.69961338401641,1.69962102125536,38.679,400
9922,"BiLSTM",0.58473002910614,3.12571811676025,0.5287068,2.788574,16.6260904032563,2.70741758241758,0.994078797618472,10.59627549828,12.0901979563839,NA,400
9922,"ABC",0.530609693188364,2.79861049464175,0.5287068,2.788574,12.7327338079984,1.95192307692308,0.995679832285038,0.359914642362082,0.359914947272355,69.459,400
9922,"ABC-SMC",1.37446767755788,7.24939577308821,0.5287068,2.788574,46.551676875533,16.5068681318681,0.843732597182167,159.967845610815,159.967846400641,54.905,400
9922,"NelderMead",10.0005,52.7459347444099,0.5287068,2.788574,55.1168250363975,25.7046703296703,0.583337318624147,1791.50205747306,1791.50206321977,18.621,400
9922,"DE",0.536879039363085,2.83167709373399,0.5287068,2.788574,13.9114977664417,1.96840659340659,0.995757657091619,1.54570347177017,1.54570378028307,58.437,400
9982,"BiLSTM",0.62545645236969,3.77937865257263,0.5806034,3.5082557,23.1240066021021,2.13186813186813,0.988668063838042,7.7252479695589,7.7281411549515,NA,400
9982,"ABC",0.580598899691457,3.50822845904644,0.5806034,3.5082557,22.269625922219,1.8543956043956,0.990691442302002,0.000775108885541122,0.000776481416625827,50.711,400
9982,"ABC-SMC",1.08258704687022,6.54145691499498,0.5806034,3.5082557,49.6723182875116,8.36675824175824,0.872222701592578,86.4589575035594,86.4589549443325,40.379,400
9982,"NelderMead",10.0005,60.427325513945,0.5806034,3.5082557,70.2050637159085,16.6813186813187,0.487078198258993,1622.43221448583,1622.43219084473,17.779,400
9982,"DE",0.549305291458588,3.31913900839963,0.5806034,3.5082557,22.4709384618386,2.03708791208791,0.989099044779771,5.39061750954469,5.39061880809794,42.534,400
10036,"BiLSTM",0.349687606096268,2.18034601211548,0.17996982,1.1234903,39.5084758238204,6.01510989010989,0.943963500320373,94.3034704909233,94.0689663378027,NA,400
10036,"ABC",0.177574669503712,1.10853832046791,0.17996982,1.1234903,27.858239981639,1.65521978021978,0.982730635102442,1.3308623058512,1.33085078990816,37.411,400
10036,"ABC-SMC",1.48974630405563,9.29997994892272,0.17996982,1.1234903,71.0580655257243,12.3228021978022,0.829935976492733,727.775625966413,727.775722578354,33.344,400
10036,"NelderMead",10.0005,62.4297232528854,0.17996982,1.1234903,74.4296408307736,13.646978021978,0.790625502634969,5456.76501760128,5456.76566614642,14.075,400
10036,"DE",0.16131096884847,1.00700956380829,0.17996982,1.1234903,29.2138709014017,1.93681318681319,0.98061903634904,10.3677667464078,10.3677562851864,60.995,400
10105,"BiLSTM",0.728709816932678,3.67520332336426,0.6889139,3.3601189,19.8435285146865,2.63186813186813,0.990518260701799,5.77661692305501,9.37718077072386,NA,400
10105,"ABC",0.717737149496212,3.50070207707268,0.6889139,3.3601189,20.0630988904408,2.5521978021978,0.991129642549077,4.18386818675192,4.18387507277439,79.608,400
10105,"ABC-SMC",1.24886750222306,6.09124532858518,0.6889139,3.3601189,43.4647614694141,9.51098901098901,0.915010455316708,81.2806364079838,81.2806483897095,53.462,400
10105,"NelderMead",10.0005,48.776590631178,0.6889139,3.3601189,63.688311030233,19.3173076923077,0.62984492617888,1351.63278023567,1351.6328761812,22.553,400
10105,"DE",0.654397593866409,3.19176876616666,0.6889139,3.3601189,21.3830366761797,2.29945054945055,0.992729534024752,5.01024963113553,5.01024335279737,57.824,400
10119,"BiLSTM",0.759297728538513,4.09318542480469,0.84209675,4.479144,13.197297112746,1.74725274725275,0.993310440692126,9.83248319881139,8.61679319073717,NA,400
10119,"ABC",0.789380046394469,4.19874203910019,0.84209675,4.479144,11.981903921755,1.68543956043956,0.99335857999806,6.26017183958149,6.26016848084844,50.066,400
10119,"ABC-SMC",1.80881374934066,9.62114809583598,0.84209675,4.479144,34.7797410153426,9.72802197802198,0.843424736137001,114.798804215865,114.798811912186,34.112,400
10119,"NelderMead",10.0005,53.1930341459865,0.84209675,4.479144,44.8306221863847,15.706043956044,0.578517794571726,1087.57138060443,1087.57142315555,15.128,400
10119,"DE",0.779083334966161,4.14397344527014,0.84209675,4.479144,12.0803609832678,1.6978021978022,0.993516257761775,7.48291868289938,7.4829153679778,35.76,400
10259,"BiLSTM",0.253771007061005,2.16243100166321,0.26225024,2.386367,30.2729148607899,2.88873626373626,0.982502613050988,3.23326031617564,9.38397146527721,NA,400
10259,"ABC",0.243052347801735,2.21167432276588,0.26225024,2.386367,37.3025736593676,3.99587912087912,0.971032404018921,7.3204479043624,7.32044472766001,63.823,400
10259,"ABC-SMC",1.67215572753901,15.2159150887146,0.26225024,2.386367,115.748614053079,33.4546703296703,0.0590844841172043,537.618378362212,537.618400217344,53.775,400
10259,"NelderMead",10.0005,91.0003514257859,0.26225024,2.386367,119.533085322386,36.4065934065934,-0.0501519218923863,3713.34255404304,3713.34268474991,24.586,400
10259,"DE",0.297892600432283,2.71069759776801,0.26225024,2.386367,41.9910743146582,5.54120879120879,0.956727104861957,13.590973427625,13.5909773210914,84.922,400
10341,"BiLSTM",0.441251277923584,3.6450526714325,0.46636054,3.8204958,15.1698323076775,2.42032967032967,0.990558355844539,5.38408804407337,4.59215603816408,NA,400
10341,"ABC",0.533253453321517,4.36849254126421,0.46636054,3.8204958,17.8801712769928,2.42994505494505,0.992595404623207,14.3436049116671,14.3436027665364,55.957,400
10341,"ABC-SMC",1.65788593987501,13.5816511219929,0.46636054,3.8204958,48.4126421881201,16.1318681318681,0.713310111259702,255.494472125582,255.494465456367,39.855,400
10341,"NelderMead",10.0005,81.9256010191691,0.46636054,3.8204958,55.2136141830239,22.0137362637363,0.47244144288792,2044.37096243177,2044.37092220253,18.782,400
10341,"DE",0.480425452557056,3.93571760868387,0.46636054,3.8204958,14.9474870168963,1.75,0.994910748412392,3.01588821323855,3.01588628062026,46.025,400
10342,"BiLSTM",0.260115951299667,3.10938310623169,0.30798542,3.6732538,26.9453149253366,2.95604395604396,0.98915085307032,15.5427710507636,15.350714229665,NA,400
10342,"ABC",0.327758037810834,3.90907596374797,0.30798542,3.6732538,18.3357618855593,2.1717032967033,0.990845300041872,6.41998501449647,6.41998012083918,59.657,400
10342,"ABC-SMC",1.98960698791019,23.7294710015122,0.30798542,3.6732538,57.8725454876297,14.5865384615385,0.750255769806211,546.006875231363,546.006845525136,47.988,400
10342,"NelderMead",10.0005,119.273090712192,0.30798542,3.6732538,63.107990852856,17.3695054945055,0.647216619097587,3147.06929308537,3147.06914377089,15.477,400
10342,"DE",0.301563218314608,3.59665787645604,0.30798542,3.6732538,20.6839663640773,2.0989010989011,0.992075307698787,2.08522912720751,2.08523362975777,55.764,400
10360,"BiLSTM",0.162548556923866,1.69784212112427,0.18204957,1.8693799,41.0653687617969,3.62362637362637,0.957814707388324,10.7119248214284,9.17618611795989,NA,400
10360,"ABC",0.192140850413524,1.97300243899485,0.18204957,1.8693799,40.9226282914474,3.08241758241758,0.966685196339386,5.54314982096557,5.54315037809349,67.3,400
10360,"ABC-SMC",1.99866325105572,20.5233164138466,0.18204957,1.8693799,146.718226831427,24.8489010989011,0.355086933433123,997.867603343264,997.867609138549,53.299,400
10360,"NelderMead",10.0005,102.690348505813,0.18204957,1.8693799,150.1258380375,26.5521978021978,0.261604735055242,5393.28405444737,5393.28408344463,24.62,400
10360,"DE",0.199490934401718,2.04847693389958,0.18204957,1.8693799,43.9525520293005,3.45192307692308,0.965272535161874,9.58055786768319,9.58055844612327,92.661,400
10373,"BiLSTM",0.34547683596611,2.99301719665527,0.3115214,2.6767278,28.9629649345407,2.93956043956044,0.987103265232447,10.8998726784453,11.816270472301,NA,400
10373,"ABC",0.292435350431148,2.51273184479543,0.3115214,2.6767278,24.591397613321,2.32005494505495,0.989276962960736,6.12672181392725,6.12673261751054,62.685,400
10373,"ABC-SMC",1.09369695961469,9.39752042606351,0.3115214,2.6767278,77.1902655705042,16.0398351648352,0.760684707448851,251.082448786724,251.082408381738,53.302,400
10373,"NelderMead",10.0005,85.9286497915819,0.3115214,2.6767278,87.2643142073702,21.8736263736264,0.537218268636246,3110.21284573066,3110.21247627726,22.6,400
10373,"DE",0.285296900903444,2.45139517867663,0.3115214,2.6767278,25.5775794901552,2.45192307692308,0.98838949716384,8.4182014771878,8.41821201705182,67.733,400
10384,"BiLSTM",0.285451889038086,3.39086103439331,0.27025774,3.3017097,17.7924413256581,1.85164835164835,0.990256172925156,5.62209579569707,2.70015666105686,NA,400
10384,"ABC",0.27623887541784,3.37478071493403,0.27025774,3.3017097,17.781310133413,1.73076923076923,0.99112107321681,2.21312270939596,2.21312657905794,45.005,400
10384,"ABC-SMC",1.7991504763105,21.9800284139332,0.27025774,3.3017097,62.6340660794642,14.1991758241758,0.681938691085411,565.716540185123,565.716565388325,39.612,400
10384,"NelderMead",10.0005,122.175035967143,0.27025774,3.3017097,66.9314765589941,16.5837912087912,0.558052697637186,3600.35655593065,3600.35669602155,17.131,400
10384,"DE",0.266738180890004,3.25871174881722,0.27025774,3.3017097,17.8743023245018,1.73763736263736,0.991528653275516,1.30229724780347,1.30229351123093,45.492,400
10423,"BiLSTM",0.1790511906147,2.37649703025818,0.14222623,1.8761451,31.0884405476671,2.5,0.985228990011566,25.891820808792,26.6691488978213,NA,400
10423,"ABC",0.175240004496518,2.31163889173404,0.14222623,1.8761451,30.2630534776192,2.40659340659341,0.985603826848625,23.2121560815595,23.2121594291423,48.869,400
10423,"ABC-SMC",1.43351629630502,18.9099060570903,0.14222623,1.8761451,80.5092609477373,11.7692307692308,0.83909834899697,907.912743173338,907.91277055758,49.046,400
10423,"NelderMead",10.0005,131.919334305003,0.14222623,1.8761451,84.7955885511728,13.5082417582418,0.787177525083702,6931.40341974895,6931.40361078696,21.408,400
10423,"DE",0.151010282129755,1.99201798827738,0.14222623,1.8761451,26.9659414632248,2.06730769230769,0.986954700529688,6.1761126128108,6.17611549753698,61.103,400
10462,"BiLSTM",0.771050930023193,4.62055683135986,0.7175569,4.7050433,14.1609480019985,1.67994505494505,0.994288157273511,7.45502273383383,1.79565762211235,NA,400
10462,"ABC",0.780332663638677,5.11666574194172,0.7175569,4.7050433,13.1578351367786,1.75686813186813,0.993795468324015,8.7485415635578,8.74853674442732,56.311,400
10462,"ABC-SMC",1.67327455779019,10.9717137390933,0.7175569,4.7050433,31.8567044274606,9.82554945054945,0.863736103016612,133.190504863125,133.190494529419,39.198,400
10462,"NelderMead",10.0005,65.5735920545566,0.7175569,4.7050433,43.0279880447485,16.5054945054945,0.598170341932606,1293.68738562754,1293.68732386706,17.575,400
10462,"DE",0.748248870050529,4.90629130143256,0.7175569,4.7050433,13.5574995123423,1.4739010989011,0.995247793078618,4.27728728558381,4.27728266459446,38.708,400
10498,"BiLSTM",0.86335164308548,3.55000114440918,0.82709605,3.3734086,6.11210821943217,1.12362637362637,0.997536205009327,4.383480381206,5.2348400489991,NA,400
10498,"ABC",1.08932994670993,4.44296033536159,0.82709605,3.3734086,10.8003766095176,2.96565934065934,0.988803390473491,31.7053740868341,31.7053716932362,43.147,400
10498,"ABC-SMC",1.46755983561704,5.98561543186194,0.82709605,3.3734086,16.587446578631,5.62912087912088,0.96159306611414,77.4352368889974,77.4352336643104,28.609,400
10498,"NelderMead",10.0005,40.788215698999,0.82709605,3.3734086,25.2239876770865,13.217032967033,0.759359507035835,1109.10987303107,1109.10985105685,12.508,400
10498,"DE",0.832177450453258,3.39413362821164,0.82709605,3.3734086,5.62230867264094,1.06593406593407,0.997707681472461,0.614366427364512,0.614364598810928,27.88,400
10512,"BiLSTM",0.865132033824921,4.35143947601318,0.8289129,4.130887,8.86617693702008,1.5521978021978,0.996122961950636,4.36947402132609,5.33910697661745,NA,400
10512,"ABC",0.906446060660651,4.51727338526099,0.8289129,4.130887,9.6449370770016,2.00412087912088,0.994218399088526,9.35359561428602,9.35359367760451,45.203,400
10512,"ABC-SMC",1.66125755481311,8.27887600168019,0.8289129,4.130887,22.3210229340731,9.02335164835165,0.901795475308388,100.41400668431,100.414003134924,31.07,400
10512,"NelderMead",10.0005,49.8374855933262,0.8289129,4.130887,29.6043175684593,17.2870879120879,0.625890068199504,1106.45968955242,1106.4596681857,12.784,400
10512,"DE",0.748638466515662,3.73083933699156,0.8289129,4.130887,9.07556156057378,1.65659340659341,0.99543479648627,9.68430259492141,9.68430419443665,29.682,400
10560,"BiLSTM",0.6070556640625,3.61431407928467,0.60017365,3.4854236,8.96474527920938,1.38873626373626,0.994475114478689,1.14667047820243,3.69798607218555,NA,400
10560,"ABC",0.596094446577761,3.46173430600646,0.60017365,3.4854236,9.8805152150726,1.37362637362637,0.994313546764196,0.679670529060899,0.679667573075958,31.959,400
10560,"ABC-SMC",1.57959357301559,9.17326657318904,0.60017365,3.4854236,29.8074598665899,10.2815934065934,0.796269093973616,163.189424096774,163.189431929853,23.478,400
10560,"NelderMead",10.0005,58.0764912774633,0.60017365,3.4854236,34.9323951840265,15.7898351648352,0.493926474329612,1566.26775434076,1566.26780393245,10.665,400
10560,"DE",0.635740029520663,3.69197042939764,0.60017365,3.4854236,9.93380921447542,1.48901098901099,0.994134136442223,5.92601483265105,5.92601798523529,23.738,400
10630,"BiLSTM",0.665554821491241,3.12788510322571,0.6376608,2.9163685,16.3236463748223,1.89423076923077,0.994288003173033,4.37442939745417,7.25273926205512,NA,400
10630,"ABC",0.771935383709004,3.53047867057481,0.6376608,2.9163685,22.9243052798238,3.3282967032967,0.987656610311322,21.0573683859826,21.0573585119578,57.371,400
10630,"ABC-SMC",1.94910832792513,8.91432822436006,0.6376608,2.9163685,48.3966798354491,11.5521978021978,0.858106036729836,205.665383213948,205.6653582824,37.44,400
10630,"NelderMead",10.0005,45.7377038158842,0.6376608,2.9163685,55.6330456652744,16.0906593406593,0.696469749109346,1468.31029914337,1468.31017122439,17.806,400
10630,"DE",0.610142048436463,2.79051010419517,0.6376608,2.9163685,14.6129875871718,1.58928571428571,0.995027845533378,4.31557837074781,4.31558617523228,42.859,400
10809,"BiLSTM",0.256649821996689,1.19747805595398,0.31758377,1.3557559,17.5556079198148,3.71428571428571,0.984645898674415,19.1867323708989,11.6745089618286,NA,400
10809,"ABC",0.308614485412894,1.31746627443743,0.31758377,1.3557559,14.1832029292491,1.44230769230769,0.99498162073016,2.82422637249553,2.82422710183789,45.514,400
10809,"ABC-SMC",1.78544809054772,7.62202603973121,0.31758377,1.3557559,47.7475922271814,19.2925824175824,0.775401582868713,462.197523679411,462.197519459898,32.872,400
10809,"NelderMead",10.0005,42.6918440328047,0.31758377,1.3557559,50.3807184385688,22.5700549450549,0.645579754277838,3048.93295712183,3048.93293348785,14.832,400
10809,"DE",0.323207308026436,1.37976261032221,0.31758377,1.3557559,13.4413257587393,1.33653846153846,0.995153231806419,1.77072588641293,1.77072512258366,59.98,400
10838,"BiLSTM",0.302315443754196,1.8668497800827,0.2964414,1.9516268,21.1844445303582,1.84478021978022,0.991837190129223,1.98151936746897,4.34391554355051,NA,400
10838,"ABC",0.292412576691884,1.92510287199225,0.2964414,1.9516268,20.3871412935422,1.91208791208791,0.992224995479523,1.35906229970433,1.35906762541639,44.899,400
10838,"ABC-SMC",1.5005622453326,9.87897552415058,0.2964414,1.9516268,69.2627100890204,22.7431318681319,0.487487622395856,406.19186298965,406.191835659901,37.894,400
10838,"NelderMead",10.0005,65.8384515781083,0.2964414,1.9516268,72.7364259639826,26.4162087912088,0.316203526267457,3273.51665455635,3273.51647241718,16.51,400
10838,"DE",0.292912317350686,1.92839292260633,0.2964414,1.9516268,21.0724875527632,1.9271978021978,0.992095077149809,1.19048238515748,1.19048771997131,55.328,400
10952,"BiLSTM",0.284881144762039,3.89925169944763,0.2992319,4.1289535,19.6863735480536,2.53708791208791,0.991417604717361,4.79586409001206,5.56319659575648,NA,400
10952,"ABC",0.291516255497114,4.02248902014339,0.2992319,4.1289535,17.8460745815525,2.27197802197802,0.993160164665062,2.57848327764719,2.57848580412951,70.354,400
10952,"ABC-SMC",1.33247321674612,18.3861406797244,0.2992319,4.1289535,69.3312040847083,25.0384615384615,0.497731710125839,345.29784984359,345.297838295452,57.703,400
10952,"NelderMead",10.0005,137.991966785338,0.2992319,4.1289535,75.9240111410708,31.2156593406593,0.252317303077973,3242.05677937412,3242.05669270285,25.441,400
10952,"DE",0.297094154994992,4.09945570403351,0.2992319,4.1289535,18.7175307296849,2.15796703296703,0.993864217470267,0.714410798116227,0.714413372940495,71.407,400
11066,"BiLSTM",0.13622622191906,1.77902495861053,0.14713196,2.0339584,35.3957774136445,2.73763736263736,0.976018550979364,7.41221559268309,12.5338572012813,NA,400
11066,"ABC",0.143160683251179,1.97905911161433,0.14713196,2.0339584,32.5360650278149,2.10164835164835,0.982564828562366,2.69912583834303,2.6991352618456,38.877,400
11066,"ABC-SMC",1.36081164593318,18.8119155756598,0.14713196,2.0339584,108.135210230432,26.6401098901099,0.22398816149864,824.891944573553,824.891854998597,36.419,400
11066,"NelderMead",10.0005,138.247319000107,0.14713196,2.0339584,110.002380245913,28.456043956044,0.117713255307278,6696.95968163545,6696.95902335599,15.459,400
11066,"DE",0.145373290157333,2.00964627953362,0.14713196,2.0339584,30.8236379664053,1.9793956043956,0.984276913794117,1.19530103633984,1.19531060548648,59.561,400
11078,"BiLSTM",0.180932998657227,1.29010665416718,0.23002563,1.4983306,32.4265736321723,2.84478021978022,0.976793719299897,21.3422440546184,13.8970628933845,NA,400
11078,"ABC",0.209032677417739,1.36158764060422,0.23002563,1.4983306,27.9353792333449,1.81868131868132,0.98518996573388,9.12635369469951,9.12635431698347,42.04,400
11078,"ABC-SMC",1.79421319045346,11.6870650795346,0.23002563,1.4983306,80.2428210007073,14.3543956043956,0.762360299176229,680.005771727898,680.005766386579,36.069,400
11078,"NelderMead",10.0005,65.1408065383509,0.23002563,1.4983306,83.4653417085842,16.0206043956044,0.689328173559729,4247.55900896783,4247.55897919664,16.429,400
11078,"DE",0.210333295404384,1.37005954747371,0.23002563,1.4983306,27.9620928690146,1.79120879120879,0.985707690216749,8.56093062134668,8.56093124750254,61.807,400
11091,"BiLSTM",0.424512505531311,2.99841809272766,0.25766608,1.7221007,34.9300173012967,3.19230769230769,0.986291578649566,64.7529645855252,74.1139814139592,NA,400
11091,"ABC",0.322503272307563,2.15543727970109,0.25766608,1.7221007,26.2506326944499,1.81730769230769,0.99152764295378,25.1632625868189,25.163254373051,36.824,400
11091,"ABC-SMC",1.50242976243699,10.0414271672902,0.25766608,1.7221007,60.0279599765651,8.67857142857143,0.892579237807352,483.091791685187,483.091753420119,30.708,400
11091,"NelderMead",10.0005,66.8379280663357,0.25766608,1.7221007,64.4390916293285,10.5837912087912,0.804265939384372,3781.18606841847,3781.18581371785,10.584,400
11091,"DE",0.262434341847227,1.75396906779872,0.25766608,1.7221007,24.2147683384597,1.56181318681319,0.991473824871495,1.85055861727186,1.85055193338692,39.099,400
11098,"BiLSTM",0.346996814012527,4.27951717376709,0.38308448,4.9731383,12.3527329396043,2.1978021978022,0.993500500587977,9.42028922379537,13.9473524440877,NA,400
11098,"ABC",0.436135643910697,5.66183968282135,0.38308448,4.9731383,15.9862599180402,2.98901098901099,0.989608181467083,13.8484242198214,13.8484261099545,55.626,400
11098,"ABC-SMC",1.40249794854088,18.2069928266405,0.38308448,4.9731383,38.205662806265,16.3255494505494,0.762256564902384,266.106700156811,266.106706234984,48.437,400
11098,"NelderMead",10.0005,129.824811474589,0.38308448,4.9731383,43.5636194429947,22.6181318681319,0.55439493895813,2510.5207916541,2510.52083499446,13.098,400
11098,"DE",0.376244663000075,4.88434502697917,0.38308448,4.9731383,11.8525066693508,1.71703296703297,0.995066076189692,1.78545917598248,1.78545754540607,49.698,400
11123,"BiLSTM",0.539686620235443,3.70441913604736,0.51806545,3.3704367,7.02234505572404,2.34340659340659,0.99477307072527,4.17344376766354,9.90917396690356,NA,400
11123,"ABC",0.493552183710125,3.21095781566396,0.51806545,3.3704367,8.49274475671294,2.12774725274725,0.994897162072384,4.73169293375487,4.73169795285111,58.517,400
11123,"ABC-SMC",1.56820334204576,10.2024364269647,0.51806545,3.3704367,41.8331942201576,25.1401098901099,0.5708074578702,202.70371090096,202.703694953378,45.841,400
11123,"NelderMead",10.0005,65.0613748563761,0.51806545,3.3704367,46.7526127839911,33.760989010989,0.269421095841053,1830.35455269214,1830.35445099373,14.074,400
11123,"DE",0.509644484576845,3.31565130288873,0.51806545,3.3704367,8.08803758711276,1.77335164835165,0.996198955981104,1.62546362108393,1.62546880382813,49.072,400
11179,"BiLSTM",0.258676797151566,1.73259079456329,0.1595424,1.1237192,30.6560418074834,4.29807692307692,0.967921287378979,62.1367092080635,54.1836069512111,NA,400
11179,"ABC",0.174090583046246,1.22618785218267,0.1595424,1.1237192,27.90851161856,1.52472527472527,0.988494165756954,9.11869386836702,9.1187061841312,34.697,400
11179,"ABC-SMC",1.2394345132067,8.72982051686434,0.1595424,1.1237192,59.7701138388806,11.521978021978,0.864578928452967,676.868414419424,676.868502101267,35.429,400
11179,"NelderMead",10.0005,70.4374205725727,0.1595424,1.1237192,63.9560961112686,13.3736263736264,0.827147360972887,6168.23966544317,6168.24037291279,14.768,400
11179,"DE",0.167945432451057,1.18290516062174,0.1595424,1.1237192,26.3919370426007,1.4739010989011,0.98880225614883,5.26695878403326,5.26697066506844,55.594,400
11208,"BiLSTM",0.682622492313385,3.43881058692932,0.67449105,3.0292642,20.9537800599292,1.56868131868132,0.992252404780737,1.20556711810854,13.5196654992761,NA,400
11208,"ABC",0.872608731113544,3.91904733661291,0.67449105,3.0292642,24.7125411222246,2.49038461538462,0.98617918773429,29.3729147500985,29.3729129540073,44.501,400
11208,"ABC-SMC",1.6894786896437,7.58776152796808,0.67449105,3.0292642,39.2777451411374,5.74313186813187,0.93941708846918,150.482002636462,150.481999159006,29.265,400
11208,"NelderMead",10.0005,44.9140966533575,0.67449105,3.0292642,48.0331992724228,8.83516483516484,0.820851922975996,1382.67349136805,1382.67347078401,12.809,400
11208,"DE",0.629876159235539,2.82889042503381,0.67449105,3.0292642,20.5387179893995,1.55906593406593,0.992655226583674,6.61460085563198,6.61460215210655,31.966,400
11213,"BiLSTM",0.168154656887054,1.26440858840942,0.27616456,1.9022685,21.2157552352542,3.63186813186813,0.972494206363533,39.1107038183848,33.5315394010139,NA,400
11213,"ABC",0.263140863035159,1.8125590008624,0.27616456,1.9022685,16.5835251629459,1.61950549450549,0.988929601844697,4.71591900309023,4.71592202350007,32.544,400
11213,"ABC-SMC",1.3946933328881,9.60688478714661,0.27616456,1.9022685,47.2632955701811,10.418956043956,0.842617170341701,405.022560783361,405.022544774652,27.081,400
11213,"NelderMead",10.0005,68.8851441735312,0.27616456,1.9022685,50.7938656197404,13.125,0.745822595861463,3521.21048406791,3521.21036927916,8.48299999999999,400
11213,"DE",0.263750474879427,1.81675811088512,0.27616456,1.9022685,17.6848578305183,1.64010989010989,0.988856116123882,4.49517676003518,4.49517978744232,35.13,400
11248,"BiLSTM",0.250479966402054,2.5042097568512,0.10580058,1.0725105,48.0173424925563,7.93406593406593,0.946790103564183,136.747252616246,133.490465300917,NA,400
11248,"ABC",0.123083310095292,1.24770721814179,0.10580058,1.0725105,35.4371934116012,2.09203296703297,0.986356168657854,16.3351940937298,16.3351984098795,45.036,400
11248,"ABC-SMC",1.4310904810392,14.5071002853612,0.10580058,1.0725105,81.4529518235836,15.0906593406593,0.830600641302825,1252.63009053372,1252.63014071762,46.788,400
11248,"NelderMead",10.0005,101.376019424296,0.10580058,1.0725105,84.1685605559905,16.4120879120879,0.801032528612155,9352.21661355732,9352.21696424381,13.672,400
11248,"DE",0.107773227199063,1.09250745202253,0.10580058,1.0725105,33.3375994410014,1.85714285714286,0.984890599479163,1.86449563798499,1.86449941725757,80.882,400
11270,"BiLSTM",0.330013960599899,1.36659598350525,0.31550407,1.3656718,26.5930071985439,2.27197802197802,0.986799261108617,4.59895512596692,0.0676724455501623,NA,400
11270,"ABC",0.278847936179106,1.20700418296642,0.31550407,1.3656718,26.7434381199709,2.81456043956044,0.983039787415038,11.61827605612,11.6182831800129,65.796,400
11270,"ABC-SMC",1.60218824236409,6.93513438518315,0.31550407,1.3656718,87.8162521929623,18.5782967032967,0.820970606882221,407.818565498725,407.818524566675,45.815,400
11270,"NelderMead",10.0005,43.2875548485416,0.31550407,1.3656718,93.1872452688984,21.6414835164835,0.726192894850664,3069.68969687142,3069.68944138274,22.909,400
11270,"DE",0.284116555430409,1.2298096071769,0.31550407,1.3656718,26.6155265336463,2.65934065934066,0.983945659646218,9.94837073562653,9.94837799412005,92.385,400
11292,"BiLSTM",0.645694971084595,3.55582880973816,0.6054778,3.2217987,9.98219524285497,2.0467032967033,0.996416038508873,6.64222058754174,10.3678144056039,NA,400
11292,"ABC",0.732389286328177,3.89710536895936,0.6054778,3.2217987,16.3221477136564,4.70604395604396,0.984478296582891,20.960551539326,20.9605481856878,57.891,400
11292,"ABC-SMC",1.5218358622167,8.0978174039838,0.6054778,3.2217987,34.8903278993969,18.0508241758242,0.768332896276807,151.344617790561,151.344610822017,41.058,400
11292,"NelderMead",10.0005,53.2135067645086,0.6054778,3.2217987,41.203630198334,28.0906593406593,0.434590843448469,1551.67079618774,1551.67075039507,13.557,400
11292,"DE",0.602576054184733,3.20635817564024,0.6054778,3.2217987,8.28389577234636,1.5989010989011,0.997084261339587,0.479248919657597,0.479251678876094,43.666,400
11311,"BiLSTM",0.425648391246796,3.1640202999115,0.5057733,3.6563487,22.2493075659658,1.95604395604396,0.99117207820953,15.8420598226922,13.4650286524505,NA,400
11311,"ABC",1.60313100492575,11.5893934046613,0.5057733,3.6563487,36.9718444962192,5.95467032967033,0.931614081361239,216.966317701182,216.966305884921,49.664,400
11311,"ABC-SMC",1.10059880765387,7.95647549913901,0.5057733,3.6563487,33.2718091515299,4.56043956043956,0.961635474502126,117.607138940285,117.607130828058,35.624,400
11311,"NelderMead",10.0005,72.2958562882286,0.5057733,3.6563487,44.7789896396386,8.94917582417582,0.83228686055759,1877.26926273095,1877.26918901987,15.059,400
11311,"DE",0.518338598970728,3.74718592668662,0.5057733,3.6563487,21.2292561713642,1.50274725274725,0.993852737018839,2.4843737244984,2.48436990395962,34.272,400
11366,"BiLSTM",0.15321159362793,1.57534873485565,0.17200437,1.9074457,29.9181358441449,3.10989010989011,0.98868623850331,10.9257551840516,17.410559322572,NA,400
11366,"ABC",0.167224692572733,1.85444133636609,0.17200437,1.9074457,25.4105249311129,2.4739010989011,0.990419104304554,2.77881162395317,2.77881376302946,67.608,400
11366,"ABC-SMC",2.15259834431467,23.8712793480192,0.17200437,1.9074457,95.1423079236401,21.8901098901099,0.709599380030767,1151.47886900471,1151.47884146947,55.045,400
11366,"NelderMead",10.0005,110.900730621843,0.17200437,1.9074457,97.6957540321585,23.8516483516484,0.644080175195049,5714.09646743278,5714.09633951009,26.408,400
11366,"DE",0.173697484239772,1.92622147986267,0.17200437,1.9074457,23.8842484269377,2.33791208791209,0.990760981278208,0.98434373485503,0.98434151298119,87.494,400
11401,"BiLSTM",0.994687139987946,4.33349323272705,1.1152272,4.5892086,18.271121799439,2.81593406593407,0.991758153714433,10.80856528715,5.57210163148717,NA,400
11401,"ABC",1.15178140924145,4.73963054004781,1.1152272,4.5892086,16.9053406205811,1.99175824175824,0.995617620177879,3.27773652233816,3.27773159075413,79.977,400
11401,"ABC-SMC",1.8169106304669,7.47666618301284,1.1152272,4.5892086,29.6807713432938,8.11401098901099,0.932663575620452,62.9184286813392,62.9184209018705,48.088,400
11401,"NelderMead",10.0005,41.1524919880104,1.1152272,4.5892086,48.0868325127902,18.6771978021978,0.638560932401842,796.723107183899,796.723064364745,20.042,400
11401,"DE",1.09116894593182,4.4902076201215,1.1152272,4.5892086,15.8198850154745,1.9271978021978,0.995915132149662,2.15725137157504,2.15725604363459,48.848,400
11414,"BiLSTM",0.527971148490906,3.13622879981995,0.5232051,3.1570232,8.52364357169976,1.18543956043956,0.998420033233248,0.910933110343493,0.658671123482828,NA,400
11414,"ABC",0.570429475095843,3.44197527249479,0.5232051,3.1570232,9.25691604107402,1.64697802197802,0.997433974392496,9.02597759384283,9.02597334396514,43.473,400
11414,"ABC-SMC",1.47907797445115,8.92476640218699,0.5232051,3.1570232,24.3628296978227,13.5535714285714,0.880359736924143,182.695633978176,182.695622958583,33.152,400
11414,"NelderMead",10.0005,60.3430839663409,0.5232051,3.1570232,27.3800381367356,21.8901098901099,0.673257279634193,1811.39191877143,1811.39184426459,14,400
11414,"DE",0.519823758211357,3.13662003794278,0.5232051,3.1570232,8.57894423180241,1.20192307692308,0.998460892608392,0.64627462321046,0.646278496059763,34.161,400
11455,"BiLSTM",0.263538122177124,1.18506360054016,0.40023962,1.6668334,21.6968476695866,3.54395604395604,0.975090109860247,34.1549139545145,28.9032964818103,NA,400
11455,"ABC",0.356952212005276,1.48655909036922,0.40023962,1.6668334,16.7605922988426,1.71703296703297,0.988952091480388,10.8153730494557,10.8153766075708,34.596,400
11455,"ABC-SMC",1.41206226226959,5.88065831095945,0.40023962,1.6668334,43.0998455837832,9.2706043956044,0.883542983176439,252.804218200484,252.804204124987,28.551,400
11455,"NelderMead",10.0005,41.6479676641356,0.40023962,1.6668334,48.8610719622757,12.3447802197802,0.761431570882725,2398.62819677872,2398.6280970933,11.489,400
11455,"DE",0.374943333073409,1.56148470693711,0.40023962,1.6668334,16.7212707111114,1.5521978021978,0.989901598811912,6.32028556458021,6.32028930203158,36.953,400
11476,"BiLSTM",0.361111044883728,1.84715139865875,0.39212394,2.1004102,14.1113504820636,1.5728021978022,0.985871097198499,7.90895223491633,12.0575876722198,NA,400
11476,"ABC",0.363922051291955,1.94934699917556,0.39212394,2.1004102,14.3441623591559,1.58379120879121,0.985527274938449,7.19208541769847,7.19208090040903,30.985,400
11476,"ABC-SMC",1.44036216908457,7.71529414626895,0.39212394,2.1004102,57.1743815446901,16.793956043956,0.388927041980998,267.323191000421,267.323208879339,26.516,400
11476,"NelderMead",10.0005,53.5676378940165,0.39212394,2.1004102,60.8088172155748,19.7554945054945,0.183212525463899,2450.34160882909,2450.34173296323,10.901,400
11476,"DE",0.350645220694872,1.87822970965956,0.39212394,2.1004102,18.4008603771651,1.7967032967033,0.985823503183396,10.5779614744073,10.5779571219204,36.107,400
11596,"BiLSTM",0.519003093242645,4.01844215393066,0.50995,3.8837788,11.3200664392618,1.26923076923077,0.995200046540682,1.77529037016281,3.46732810660237,NA,400
11596,"ABC",2.24781833748914,17.1193845897942,0.50995,3.8837788,27.7715013785329,6.09752747252747,0.92167447068904,340.791908518313,340.791957301846,41.55,400
11596,"ABC-SMC",1.56337375481776,11.9066546081351,0.50995,3.8837788,25.4134202090564,5.1456043956044,0.944920321347442,206.573929761301,206.573963690598,28.884,400
11596,"NelderMead",10.0005,76.1638085849381,0.50995,3.8837788,31.3780227554816,7.875,0.857751857050165,1861.07461515835,1861.07483219534,8.69499999999999,400
11596,"DE",0.502514227014712,3.82714838233655,0.50995,3.8837788,10.5960528383792,1.22527472527473,0.995371512689114,1.45813765766987,1.45812675179777,27.377,400
11623,"BiLSTM",0.152972221374512,1.1972244977951,0.13132599,1.0198599,112.849688721179,3.61950549450549,0.478002994264594,16.4828236775612,17.391074773614,NA,400
11623,"ABC",0.15010356944279,1.16568411210951,0.13132599,1.0198599,108.995347381549,3.18406593406593,0.539819176348619,14.2984488011779,14.2984553181774,52.09,400
11623,"ABC-SMC",1.64788244457311,12.7972332129995,0.13132599,1.0198599,126.407987170538,18.8681318681319,0.445369048928641,1154.80298650184,1154.80305804744,40.958,400
11623,"NelderMead",10.0005,77.6625366500309,0.13132599,1.0198599,127.448587433686,19.239010989011,0.363514353601936,7515.01969259855,7515.02012678711,17.882,400
11623,"DE",0.145677748406082,1.13131378177904,0.13132599,1.0198599,104.107502850444,2.69642857142857,0.60127294167771,10.9283458712795,10.9283521961244,101.132,400
11658,"BiLSTM",0.200417950749397,1.19609308242798,0.28993,1.6662304,25.4429809343871,5.78846153846154,0.976445137358476,30.8736761461742,28.2156247762627,NA,400
11658,"ABC",0.325325308132677,1.86964764126452,0.28993,1.6662304,18.782981315868,2.65521978021978,0.993482905667184,12.208225479487,12.2082301021828,56.785,400
11658,"ABC-SMC",1.93029155409394,11.0934039278393,0.28993,1.6662304,63.7347075995658,20.9271978021978,0.784192133275285,565.778482424701,565.778509853095,43.895,400
11658,"NelderMead",10.0005,57.4729686533964,0.28993,1.6662304,66.412756899528,24.0178571428571,0.6755956876011,3349.28086089746,3349.28100299913,19.736,400
11658,"DE",0.285474372175333,1.64062393314144,0.28993,1.6662304,18.9060349873784,1.81043956043956,0.994550196383372,1.53679433817363,1.53679028173798,69.532,400
11750,"BiLSTM",0.279513657093048,1.52562093734741,0.54476637,2.9442866,28.1212377292849,3.15796703296703,0.982731219302979,48.6910953969042,48.1836809858316,NA,400
11750,"ABC",1.86084882321524,10.0572875438359,0.54476637,2.9442866,38.8782627493243,5.22115384615385,0.937869024005498,241.586582008585,241.586567823796,48.867,400
11750,"ABC-SMC",1.30854831119427,7.07228145913679,0.54476637,2.9442866,35.0974913574275,4.31181318681319,0.957916475923141,140.203577763853,140.203567789114,35.213,400
11750,"NelderMead",10.0005,54.0494761462402,0.54476637,2.9442866,45.121794297096,7.12912087912088,0.878950115322561,1735.74107190207,1735.74099567074,14.018,400
11750,"DE",0.5145060184586,2.7807390402255,0.54476637,2.9442866,16.9413683219578,1.63049450549451,0.989655967623879,5.55473928051021,5.55474320246192,33.24,400
11771,"BiLSTM",0.498831927776337,4.39561319351196,0.5317524,4.919548,17.6971904251679,1.85027472527473,0.994745859229359,6.19094003593841,10.6500598528165,NA,400
11771,"ABC",0.627688353416888,5.80710661134182,0.5317524,4.919548,20.7175192846898,3.11813186813187,0.988346059919279,18.0414706951746,18.0414666416878,60.799,400
11771,"ABC-SMC",1.39673549640534,12.9220048314075,0.5317524,4.919548,39.4929508191613,11.0343406593407,0.859731009799218,162.666514792474,162.666505772634,43.707,400
11771,"NelderMead",10.0005,92.5203874671118,0.5317524,4.919548,50.3810056684362,17.6332417582418,0.627265040186509,1780.66852166535,1780.6684570841,20.645,400
11771,"DE",0.525126037313375,4.85824353195365,0.5317524,4.919548,16.665259304801,1.78159340659341,0.995330536088558,1.24613686494401,1.24614025610374,47.401,400
11799,"BiLSTM",0.315161645412445,2.28368091583252,0.3413669,2.7240624,30.4455767659294,3.95604395604396,0.980422055381276,7.6765657676696,16.1663508210194,NA,400
11799,"ABC",0.31183639244696,2.48841337032502,0.3413669,2.7240624,31.7124325742852,4.29120879120879,0.977827833873302,8.65066517961757,8.65064727133181,81.449,400
11799,"ABC-SMC",1.42942241534979,11.4066027453923,0.3413669,2.7240624,103.070668729834,30.7802197802198,0.296155829821013,318.734919920412,318.735002009949,64.56,400
11799,"NelderMead",10.0005,79.8026738145008,0.3413669,2.7240624,109.718597272909,36.4766483516484,0.076634278417148,2829.5458932896,2829.54646760297,18.892,400
11799,"DE",0.343439760842695,2.74060409074143,0.3413669,2.7240624,29.1900356362194,2.78846153846154,0.988110424234606,0.607223735720905,0.607243458939649,86.299,400
11813,"BiLSTM",0.321952223777771,3.08669948577881,0.3589682,3.3652668,8.50766538028971,2.41620879120879,0.994784730855506,10.3117702967085,8.27771855180075,NA,400
11813,"ABC",0.424946120828089,3.98379842337911,0.3589682,3.3652668,15.4783535344857,3.62637362637363,0.990342165568032,18.379879005463,18.3798688228556,51.387,400
11813,"ABC-SMC",1.54546612973516,14.488485079066,0.3589682,3.3652668,39.1883228802378,20.3269230769231,0.759950420037595,330.53009423541,330.530057202775,40.179,400
11813,"NelderMead",10.0005,93.7530058054584,0.3589682,3.3652668,41.7897789457616,26.5782967032967,0.584112150343444,2685.90136953635,2685.90112990323,18.2,400
11813,"DE",0.357480157160363,3.35131635914121,0.3589682,3.3652668,9.07608139937358,1.71840659340659,0.996382888783358,0.414533331820895,0.41454189780119,47.905,400
11825,"BiLSTM",0.394226431846619,3.70524120330811,0.52590835,4.759703,35.1626163462339,5.11950549450549,0.953238621800847,25.0389479751332,22.1539410482523,NA,400
11825,"ABC",0.48866164066281,4.42260388335293,0.52590835,4.759703,22.2551421842092,2.34478021978022,0.988339852680576,7.08235747486983,7.08235611858706,61.007,400
11825,"ABC-SMC",1.03286283975634,9.34786532432023,0.52590835,4.759703,42.4670222722567,8.96978021978022,0.858805175615001,96.3959765530133,96.3959794197292,48.469,400
11825,"NelderMead",10.0005,90.5089461810031,0.52590835,4.759703,65.1747537498484,17.9258241758242,0.470390910196392,1801.56706962344,1801.56709737988,21.967,400
11825,"DE",0.50206872338836,4.54394390923673,0.52590835,4.759703,20.605433068945,2.16071428571429,0.989981305421755,4.53303823976944,4.53303684627525,48.66,400
11858,"BiLSTM",0.139190629124641,1.28318691253662,0.17174287,1.6578239,54.7121822012848,5.33104395604396,0.966842847197013,18.9540566518765,22.598117174169,NA,400
11858,"ABC",0.165740311379477,1.599881455894,0.17174287,1.6578239,35.6701571424896,2.70192307692308,0.977376248521749,3.49508461138603,3.49509040773289,69.177,400
11858,"ABC-SMC",1.31320922593956,12.6763312485834,0.17174287,1.6578239,133.654328110394,29.135989010989,0.414981289258317,664.636823607033,664.636777680873,59.608,400
11858,"NelderMead",10.0005,96.534237003063,0.17174287,1.6578239,137.823901609867,31.9107142857143,0.296904896754748,5722.94915649191,5722.9488067498,24.171,400
11858,"DE",0.177014168622925,1.7087073353078,0.17174287,1.6578239,33.7518195102948,2.83928571428571,0.975315114376105,3.06929692215185,3.06929073153044,112.194,400
11882,"BiLSTM",0.20694237947464,1.40036261081696,0.18103269,1.2109296,46.3827489223132,2.49313186813187,0.973167971430948,14.3121606791789,15.6436023049528,NA,400
11882,"ABC",0.189972592466459,1.27072869189881,0.18103269,1.2109296,45.382957668386,2.15384615384615,0.974784892716821,4.93828074170403,4.93827980576332,55.237,400
11882,"ABC-SMC",1.57682903944003,10.5474262188082,0.18103269,1.2109296,110.292408931881,14.7596153846154,0.812188385598902,771.018952124076,771.01894435549,45.42,400
11882,"NelderMead",10.0005,66.8934508833307,0.18103269,1.2109296,115.126127250409,16.3021978021978,0.748780243273952,5424.14041905912,5424.14036978951,19.386,400
11882,"DE",0.204786615236772,1.36981984779806,0.18103269,1.2109296,45.5358049218147,2.40521978021978,0.973494593790647,13.1213457838866,13.1213447749614,83.86,400
11884,"BiLSTM",0.647370278835297,2.98218297958374,0.6462534,2.9519057,10.842771017453,1.30357142857143,0.996488688232116,0.172823668749233,1.02568586739543,NA,400
11884,"ABC",1.0377282103627,4.74005352530448,0.6462534,2.9519057,21.4844994958153,4.72252747252747,0.974028981430203,60.5760542788175,60.5760483915352,41.277,400
11884,"ABC-SMC",1.77781037146755,8.12054277261316,0.6462534,2.9519057,28.9217626433486,8.13736263736264,0.919492043562042,175.09493512414,175.094925038193,28.52,400
11884,"NelderMead",10.0005,45.679499512921,0.6462534,2.9519057,33.7401751820248,12.4381868131868,0.787372931994853,1447.45800950525,1447.45795277,8.48,400
11884,"DE",0.625419245371303,2.85674097438227,0.6462534,2.9519057,10.167172107019,1.21565934065934,0.996794530698807,3.22383675330715,3.22384030146132,29.537,400
11937,"BiLSTM",0.557237327098846,3.49072933197021,0.5690734,3.574687,6.77225712443316,0.726648351648352,0.998334136766148,2.07988510816944,2.34867187056615,NA,400
11937,"ABC",1.21937767186462,7.65963410013337,0.5690734,3.574687,17.9454657512281,4.95192307692308,0.952936608236444,114.274234547709,114.2742595403,30.932,400
11937,"ABC-SMC",0.981947235139855,6.16819275959643,0.5690734,3.574687,15.5163262843008,3.74038461538462,0.973022119391269,72.5519476292258,72.5519677553988,26.226,400
11937,"NelderMead",10.0005,62.8190695842823,0.5690734,3.574687,23.3550322408388,9.71153846153846,0.79089127473794,1657.33042521404,1657.33063018615,9.57300000000001,400
11937,"DE",0.574899462290646,3.61128436834184,0.5690734,3.574687,7.04118920169261,0.776098901098901,0.998174249063659,1.02378046323122,1.02379224647745,21.309,400
11943,"BiLSTM",0.693712651729584,4.19941377639771,0.60289013,3.6610878,10.9955110300739,3.15934065934066,0.991803382160242,15.0645229056219,14.7039897922608,NA,400
11943,"ABC",0.67421479627101,4.09421091324957,0.60289013,3.6610878,10.095052614228,2.73489010989011,0.993462651724775,11.8304584404143,11.8304486783838,51.266,400
11943,"ABC-SMC",0.985699987286367,5.98572393762123,0.60289013,3.6610878,20.7411280100854,8.60851648351648,0.946233525296584,63.4957910633512,63.4957767912922,38.559,400
11943,"NelderMead",10.0005,60.7286527445094,0.60289013,3.6610878,30.3748212801953,22.0288461538462,0.618029465361317,1558.75994685798,1558.75980205963,17.839,400
11943,"DE",0.571795247339181,3.47226188856777,0.60289013,3.6610878,8.30604901994722,1.20467032967033,0.998132344041901,5.15763670916607,5.15764498825264,37.601,400
11997,"BiLSTM",0.195624321699142,1.39449822902679,0.24985139,1.7672151,9.04835697515368,2.52747252747253,0.989294433128763,21.7037288849414,21.0906341267232,NA,400
11997,"ABC",0.244078841406575,1.72638543411659,0.24985139,1.7672151,10.5952950185453,1.34752747252747,0.995341745975894,2.31039282728226,2.31039593784622,32.092,400
11997,"ABC-SMC",1.50047464143606,10.6129542008173,0.24985139,1.7672151,45.6526039412004,17.3983516483516,0.729418085603817,500.546845641348,500.546826519156,28.852,400
11997,"NelderMead",10.0005,70.7341834072551,0.24985139,1.7672151,47.3210336146115,20.5728021978022,0.613430224350124,3902.57929323507,3902.57916578775,12.036,400
11997,"DE",0.235256752017483,1.66398622518871,0.24985139,1.7672151,10.4275253817747,1.30906593406593,0.995284245781198,5.84132751173308,5.84133050986749,38.809,400
12000,"BiLSTM",0.557173907756805,3.05584502220154,0.54300326,2.9938278,8.56817564319831,1.90659340659341,0.996580469153697,2.60968005179295,2.07150264960256,NA,400
12000,"ABC",0.554894537110925,3.05938983682041,0.54300326,2.9938278,8.64932754582324,1.82554945054945,0.996713741840038,2.18990897235587,2.18990674147702,46.697,400
12000,"ABC-SMC",1.64823328994956,9.08747129181548,0.54300326,2.9938278,29.1047775183708,17.6620879120879,0.795198998500244,203.540219988654,203.540213362154,34.941,400
12000,"NelderMead",10.0005,55.1373747927283,0.54300326,2.9938278,32.2986862745455,25.0686813186813,0.574439190442655,1741.70165018899,1741.70160998332,15.423,400
12000,"DE",0.503336653237859,2.77512741327867,0.54300326,2.9938278,7.64319637322281,1.21565934065934,0.9984221155009,7.30504026111029,7.30504228470759,39.178,400
12014,"BiLSTM",0.25325945019722,1.34580719470978,0.36234862,1.8954062,26.9468977562609,3.41483516483516,0.984347287614433,30.1061364060887,28.9963705558324,NA,400
12014,"ABC",0.341274965113375,1.78517233231527,0.36234862,1.8954062,24.3336926183179,2.10164835164835,0.988006728702783,5.81585073695748,5.81584399611705,51.577,400
12014,"ABC-SMC",1.92182053603828,10.052834808645,0.36234862,1.8954062,63.6995623833915,11.2967032967033,0.867969946848937,430.378875470336,430.378913430008,38.858,400
12014,"NelderMead",10.0005,52.3115309773398,0.36234862,1.8954062,68.2110441625988,13.5796703296703,0.806518973560348,2659.9111595899,2659.91135711911,16.098,400
12014,"DE",0.333394374871622,1.7439498193858,0.36234862,1.8954062,25.1769885142723,2.16208791208791,0.988009250914953,7.99071488898667,7.99070830380314,56.642,400
12029,"BiLSTM",0.80058741569519,4.41552829742432,0.8487385,4.7309914,19.3208253137295,1.93681318681319,0.994833074706045,5.67325322284891,6.66801259828296,NA,400
12029,"ABC",1.18040193751013,6.57973194776877,0.8487385,4.7309914,23.6430826485842,4.63049450549451,0.97726096073686,39.077223138827,39.0772333208801,73.8,400
12029,"ABC-SMC",1.41548768473317,7.89013406785613,0.8487385,4.7309914,27.6179095306889,6.16758241758242,0.960746468509536,66.7754773387998,66.7754895486838,53.186,400
12029,"NelderMead",10.0005,55.7442403749839,0.8487385,4.7309914,41.5136944467388,13.2362637362637,0.788458840110906,1078.27811510848,1078.278201372,21.14,400
12029,"DE",0.832781480320648,4.64204499963293,0.8487385,4.7309914,19.7133665274771,2.01236263736264,0.994353567095257,1.88008670271845,1.88007951921173,47.73,400
12084,"BiLSTM",0.625136256217957,4.37418460845947,0.594115,4.17329,8.95750452888717,1.83379120879121,0.997128489878912,5.2214228252033,4.81381855704907,NA,400
12084,"ABC",0.685790236835764,4.81725084217578,0.594115,4.17329,10.9729548019709,3.39010989010989,0.991983670138929,15.4305541579937,15.4305318388077,63.467,400
12084,"ABC-SMC",1.6440163767159,11.5481948413653,0.594115,4.17329,28.6642210592297,17.3598901098901,0.8190888976244,176.716860660966,176.716807156111,42.308,400
12084,"NelderMead",10.0005,70.247306624629,0.594115,4.17329,34.0398929148312,26.2431318681319,0.567566795603075,1583.25997492068,1583.25964945233,21.723,400
12084,"DE",0.582417279824375,4.09111996793212,0.594115,4.17329,9.06699610748269,1.51373626373626,0.99791503912316,1.96893197034672,1.96895092523827,48.339,400
12086,"BiLSTM",0.28612020611763,3.25651097297668,0.30555,3.5128226,16.1317646311931,2.15659340659341,0.992612240529968,6.35895725163475,7.2964580398485,NA,400
12086,"ABC",0.330243125699433,3.79671232587855,0.30555,3.5128226,17.0078986488563,2.80906593406593,0.987185013290102,8.08153352951484,8.08152754080283,52.791,400
12086,"ABC-SMC",1.44907206201895,16.6595739042299,0.30555,3.5128226,60.0308795580672,21.3832417582418,0.524490045396692,374.250388485992,374.250362208154,44.524,400
12086,"NelderMead",10.0005,114.972935574458,0.30555,3.5128226,64.9465330574245,26.043956043956,0.321616271677274,3172.95041728031,3172.95023592873,20.122,400
12086,"DE",0.299451073627943,3.44270476435455,0.30555,3.5128226,13.5242959034983,2.00549450549451,0.993216299124194,1.99604855901055,1.99605398933174,53.245,400
12094,"BiLSTM",0.122166529297829,1.48918199539185,0.18607722,2.2883058,38.2919409654699,7.73763736263736,0.963009989354983,34.3463271335262,34.922072242624,NA,400
12094,"ABC",0.158038417200994,1.94349538268875,0.18607722,2.2883058,18.5208444453358,3.03983516483516,0.99197643247557,15.0683693570905,15.0683714261988,50.291,400
12094,"ABC-SMC",1.76021912185127,21.6464945449787,0.18607722,2.2883058,73.893434834872,32.0741758241758,0.476892272722952,845.961639931673,845.961616886111,43.476,400
12094,"NelderMead",10.0005,122.982284426831,0.18607722,2.2883058,75.0776951653406,34.8516483516484,0.398348113039634,5274.38166799784,5274.3815370669,21.062,400
12094,"DE",0.17174774274583,2.11208737043487,0.18607722,2.2883058,16.3625446561203,1.90659340659341,0.994962070204124,7.70082294553285,7.70082519412969,69.449,400
12259,"BiLSTM",0.779528856277466,3.28164482116699,0.73658776,3.0366387,14.7959802209213,1.64972527472527,0.993932591140887,5.8297325328167,8.06833296193558,NA,400
12259,"ABC",0.727083087435739,2.99745495863898,0.73658776,3.0366387,14.0503526766564,1.83104395604396,0.993760246343366,1.29036525997399,1.29036560592538,57.518,400
12259,"ABC-SMC",1.5206319762792,6.26892020503218,0.73658776,3.0366387,39.5066190268087,10.9450549450549,0.86016343143268,106.442742990896,106.442742267369,38.506,400
12259,"NelderMead",10.0005,41.2278167816941,0.73658776,3.0366387,52.8643283378983,19.4793956043956,0.533360318293556,1257.67936192695,1257.67935716864,11.386,400
12259,"DE",0.735844520062566,3.03357462656398,0.73658776,3.0366387,13.4091503253924,1.73901098901099,0.994002344723668,0.100903107246111,0.100903457366246,40.207,400
12387,"BiLSTM",0.339201003313065,3.68639588356018,0.32637775,3.693163,10.7477604980383,1.20467032967033,0.997061947631137,3.92896063321245,0.183233624939369,NA,400
12387,"ABC",0.42314415971888,4.78813372536124,0.32637775,3.693163,20.106407677081,3.06181318681319,0.988954910964873,29.648592687118,29.6485891730542,42.134,400
12387,"ABC-SMC",1.36973426153714,15.4993768951128,0.32637775,3.693163,39.9494950397435,12.5302197802198,0.817455197390718,319.677585723028,319.677574347865,33.533,400
12387,"NelderMead",10.0005,113.161744574915,0.32637775,3.693163,43.90787691235,17.0178571428571,0.649768800753316,2964.08754886018,2964.08746580953,10.816,400
12387,"DE",0.329105793310959,3.72403237045944,0.32637775,3.693163,10.0601050005478,1.16758241758242,0.997075059116178,0.835854561458036,0.835851828349823,36.537,400
12389,"BiLSTM",0.447948038578033,2.01115655899048,0.42683017,1.8768387,14.974839204752,1.16758241758242,0.996144848814626,4.94760447182856,7.15660109685923,NA,400
12389,"ABC",0.550373309267857,2.42007722578801,0.42683017,1.8768387,18.1801200627383,2.35576923076923,0.992617315132649,28.9443314815017,28.944337400332,32.72,400
12389,"ABC-SMC",1.3515068230017,5.94278615580848,0.42683017,1.8768387,35.5036903956063,8.49862637362637,0.915694195148555,216.638072468425,216.638087002814,24.326,400
12389,"NelderMead",10.0005,43.9737572461281,0.42683017,1.8768387,40.4386186137355,12.7321428571429,0.763727442970758,2242.96933602421,2242.96944357169,11.022,400
12389,"DE",0.410168083567673,1.80357299504169,0.42683017,1.8768387,13.5569905568397,1.19230769230769,0.995865847288309,3.90368057448389,3.90367616345004,29.266,400
12417,"BiLSTM",0.574278116226196,3.80525207519531,0.56586665,3.6667562,9.78939469259521,1.76373626373626,0.996257914808569,1.48647498950438,3.77706800346618,NA,400
12417,"ABC",0.68043967700084,4.40917732555858,0.56586665,3.6667562,15.6661152648517,3.47664835164835,0.989198592981291,20.2473545668118,20.2473544752875,59.062,400
12417,"ABC-SMC",1.79451196813721,11.6282482456477,0.56586665,3.6667562,35.7389159518942,14.3434065934066,0.833219258713372,217.126299656855,217.12629941548,38.723,400
12417,"NelderMead",10.0005,64.8021850204279,0.56586665,3.6667562,41.1041946061173,20.6016483516484,0.643493032143771,1667.28916609593,1667.28916475079,13.499,400
12417,"DE",0.550635363376005,3.56805906667491,0.56586665,3.6667562,9.1523954751587,1.6771978021978,0.996448521751443,2.69167419991885,2.69167427398346,43.393,400
12493,"BiLSTM",0.592288494110107,4.22443532943726,0.62233543,4.64929,17.318700767006,1.65659340659341,0.994042608764923,4.82809341095888,9.13805485488631,NA,400
12493,"ABC",0.760248146607192,5.67959665469777,0.62233543,4.64929,20.9056367006207,2.71291208791209,0.985856476371528,22.1605118331752,22.1605160077727,55.529,400
12493,"ABC-SMC",1.03770240688867,7.75237814789688,0.62233543,4.64929,28.8510457884317,5.30494505494505,0.951669187511036,66.7432636590634,66.7432693571896,43.448,400
12493,"NelderMead",10.0005,74.7108777558811,0.62233543,4.64929,46.0038900225175,13.021978021978,0.701901025408687,1506.9308475656,1506.93090247933,17.151,400
12493,"DE",0.611758483675579,4.57027281536017,0.62233543,4.64929,18.3544561247059,1.6456043956044,0.994054325008649,1.69955715431803,1.69955379509192,39.376,400
12532,"BiLSTM",0.457034945487976,2.10028266906738,0.4542219,2.109568,7.69260048957686,1.5260989010989,0.995765726601869,0.619310845200564,0.440153194048121,NA,400
12532,"ABC",0.451007047721995,2.09463714263074,0.4542219,2.109568,7.64845922784701,1.53983516483516,0.995873684469889,0.707771306932911,0.70776848005191,48.286,400
12532,"ABC-SMC",1.64084683323812,7.62067630567756,0.4542219,2.109568,42.8030392247687,19.010989010989,0.752656124454842,261.243443620424,261.243453905139,35.12,400
12532,"NelderMead",10.0005,46.4458789517429,0.4542219,2.109568,46.7909605593528,24.6854395604396,0.551541332759592,2101.67719786298,2101.67726054543,17.19,400
12532,"DE",0.445181959688432,2.06758336195076,0.4542219,2.109568,7.80343680726892,1.53021978021978,0.995977549346347,1.99020353522533,1.99020074485558,48.695,400
12579,"BiLSTM",0.513521373271942,2.87354493141174,0.64573276,3.2456214,23.9036022861921,2.37225274725275,0.988766143446048,20.4746289669519,11.4639516669522,NA,400
12579,"ABC",1.3908036996557,6.99054268570277,0.64573276,3.2456214,36.7483223152452,5.51785714285714,0.953467804794467,115.383791222812,115.383799407496,57.594,400
12579,"ABC-SMC",1.46588811844138,7.36793658728815,0.64573276,3.2456214,37.4190836422208,5.67582417582418,0.950055390923952,127.011576498206,127.011585124751,39.276,400
12579,"NelderMead",10.0005,50.2651252262823,0.64573276,3.2456214,47.7149425322804,9.17582417582418,0.847275127224966,1448.70569057082,1448.70574942235,17.495,400
12579,"DE",0.556947295765536,2.79936258847997,0.64573276,3.2456214,24.290467502045,2.19917582417582,0.989289385209121,13.7495678915941,13.7495646140376,40.433,400
12591,"BiLSTM",0.508419394493103,3.25809001922607,0.48819038,3.16567,19.585927519101,2.74175824175824,0.990962651002205,4.14367331308393,2.91944578007418,NA,400
12591,"ABC",0.449109057060003,2.91224682450888,0.48819038,3.16567,20.7369278588486,2.45192307692308,0.991336534855262,8.00534474685822,8.00535670146038,66.705,400
12591,"ABC-SMC",1.28736759777343,8.34793273405392,0.48819038,3.16567,48.4740443890877,13.9313186813187,0.843558967243619,163.701959422762,163.701925154988,50.787,400
12591,"NelderMead",10.0005,64.8482231891618,0.48819038,3.16567,59.1251196044971,21.2252747252747,0.598051764010935,1948.48362640821,1948.48336021006,22.768,400
12591,"DE",0.48247332415964,3.12859735092457,0.48819038,3.16567,20.451999420954,2.42032967032967,0.991843064272802,1.17107097447516,1.17108381718352,57.653,400
12642,"BiLSTM",0.949753940105438,4.36807680130005,0.94793457,4.2162366,6.47217580799235,1.29120879120879,0.998667350204221,0.191929924597876,3.60132069675712,NA,400
12642,"ABC",1.0891928296096,4.84452723431985,0.94793457,4.2162366,8.53123808126,3.50137362637363,0.99291762742646,14.9016887958422,14.9016930008115,52.251,400
12642,"ABC-SMC",1.67363738083098,7.44402795482736,0.94793457,4.2162366,14.4991302408734,10.9217032967033,0.929678857020945,76.556213244863,76.5562197061558,36.072,400
12642,"NelderMead",10.0005,44.480364991184,0.94793457,4.2162366,19.2270368049851,24.7870879120879,0.622391787918366,954.977876795864,954.977915404083,15.839,400
12642,"DE",0.943654578791368,4.19720014901675,0.94793457,4.2162366,6.04568565796882,1.21978021978022,0.998753308725061,0.451507028447284,0.451503385347142,33.508,400
12649,"BiLSTM",0.472002565860748,4.16914415359497,0.5035396,4.1558948,6.99826047595896,1.20054945054945,0.998309663220566,6.26306930760792,0.318808685796625,NA,400
12649,"ABC",0.483059902681634,3.98686859191181,0.5035396,4.1558948,7.31360764736123,1.16346153846154,0.998371100445518,4.06714731440508,4.06714356889373,44.769,400
12649,"ABC-SMC",1.39126224949752,11.4825919825722,0.5035396,4.1558948,27.5037457459964,17.7005494505494,0.778184281847373,176.29649177493,176.296502562389,35.328,400
12649,"NelderMead",10.0005,82.5377538729214,0.5035396,4.1558948,30.4495472861701,27.3612637362637,0.484710154789937,1886.04042264005,1886.04050018113,15.448,400
12649,"DE",0.478549475557642,3.94964240083918,0.5035396,4.1558948,7.10796500141481,1.15934065934066,0.998322854730813,4.96289158635351,4.96288787581475,34.351,400
12753,"BiLSTM",0.611899256706238,3.36619997024536,0.62670755,3.4896038,4.39521781333692,0.885989010989011,0.998311301311271,2.36287137338017,3.53632781333624,NA,400
12753,"ABC",0.719902957040896,4.00852994876239,0.62670755,3.4896038,7.00023447005381,1.86813186813187,0.994981056120623,14.8706373556368,14.8706322695542,34.813,400
12753,"ABC-SMC",1.23703371342016,6.88799322099708,0.62670755,3.4896038,17.3046094665493,7.06456043956044,0.935385087695884,97.3861194779216,97.3861107383331,26.482,400
12753,"NelderMead",10.0005,55.6843160047209,0.62670755,3.4896038,22.6900948556576,15.0549450549451,0.683088875821153,1495.72036430708,1495.72029365399,12.131,400
12753,"DE",0.611407148348999,3.40440866518783,0.62670755,3.4896038,4.85252090444951,0.880494505494505,0.998313532420676,2.44139417994902,2.44139849951351,25.768,400
12767,"BiLSTM",0.266822725534439,2.63774013519287,0.26824355,2.785012,26.6553652530086,2.55357142857143,0.990361441403954,0.529677028790034,5.28801544866338,NA,400
12767,"ABC",0.244693552920809,2.54050634093461,0.26824355,2.785012,22.2978595448581,2.28708791208791,0.991135278510833,8.77933395945246,8.77933951686366,59.021,400
12767,"ABC-SMC",1.721260830287,17.870818423899,0.26824355,2.785012,75.9217913803639,23.8763736263736,0.568024725770801,541.678366651129,541.678327558337,48.656,400
12767,"NelderMead",10.0005,103.829191081053,0.26824355,2.785012,79.2633385079077,27.3598901098901,0.428982257534054,3628.14183230128,3628.14160517273,22.922,400
12767,"DE",0.267981700580963,2.7822932049244,0.26824355,2.785012,26.4592609150842,2.59478021978022,0.990236769720469,0.0976162964725558,0.0976223827976253,64.013,400
12783,"BiLSTM",0.286200731992722,1.56647610664368,0.21037622,1.1276217,24.2895447723353,4.01373626373626,0.979364592886585,36.0423397628884,38.9185847207159,NA,400
12783,"ABC",0.213753050240795,1.14572153345145,0.21037622,1.1276217,18.5343807011011,1.59752747252747,0.988766513302404,1.60513875607937,1.60513348150844,40.981,400
12783,"ABC-SMC",1.46428405777409,7.84859806300563,0.21037622,1.1276217,61.4324673836303,15.896978021978,0.826481537297765,596.031166342892,596.031130210214,33.38,400
12783,"NelderMead",10.0005,53.6029225425039,0.21037622,1.1276217,64.7148021570779,18.4175824175824,0.747910781167116,4653.62662186819,4653.62637509583,15.503,400
12783,"DE",0.220223176463042,1.18040156692291,0.21037622,1.1276217,18.0173327335441,1.6771978021978,0.98887933865998,4.68064140663895,4.68063597241116,65.438,400
12785,"BiLSTM",0.432710260152817,4.15225696563721,0.39246845,3.6407864,22.7863824781156,2.68543956043956,0.990763497048613,10.2535146845095,14.0483541038608,NA,400
12785,"ABC",0.389609738782307,3.61426730477213,0.39246845,3.6407864,19.8807985781271,1.99725274725275,0.993631889450543,0.728392617977994,0.728389208108257,63.363,400
12785,"ABC-SMC",1.25139326306137,11.6087184325285,0.39246845,3.6407864,54.8899730319722,15.0453296703297,0.79699602717901,218.85193906959,218.851950021801,52.689,400
12785,"NelderMead",10.0005,92.7709874356329,0.39246845,3.6407864,64.1048597653741,21.5837912087912,0.569357257367821,2448.10291120216,2448.10299872667,23.062,400
12785,"DE",0.37325736353722,3.4625722896824,0.39246845,3.6407864,17.8633127546936,2.15384615384615,0.993295625438228,4.89493778742734,4.89493452067381,57.236,400
12787,"BiLSTM",0.498380899429321,4.2032675743103,0.5547203,4.850334,12.4757325378663,1.31318681318681,0.995283639752369,10.1563617864136,13.3406570700017,NA,400
12787,"ABC",1.96232714513654,17.1580942680669,0.5547203,4.850334,26.9372107464935,6.21153846153846,0.917535452066711,253.750736206435,253.750778153977,48.801,400
12787,"ABC-SMC",1.45127084600538,12.6895467180244,0.5547203,4.850334,24.9375844217498,5.30906593406593,0.94232830503724,161.622090629347,161.622121652331,30.722,400
12787,"NelderMead",10.0005,87.4418529820947,0.5547203,4.850334,32.8859168550266,8.72527472527472,0.8234173439301,1702.80043834704,1702.80065212199,13.893,400
12787,"DE",0.527025280597449,4.60817630156985,0.5547203,4.850334,13.014128107687,1.23076923076923,0.995659510018164,4.99260968141084,4.99259841549365,30.99,400
12791,"BiLSTM",0.690059244632721,3.39632844924927,0.61239195,2.9961722,23.9404950124501,2.95741758241758,0.988776913825619,12.6826119501932,13.3555824745076,NA,400
12791,"ABC",0.653500728049056,3.19729973073265,0.61239195,2.9961722,20.6898717102845,2.34065934065934,0.992333322270435,6.71282142899755,6.71281613028284,76.1,400
12791,"ABC-SMC",1.67486576758856,8.19440229808323,0.61239195,2.9961722,67.7880819483133,17.5755494505494,0.716177645018607,173.495719136831,173.495705556684,51.424,400
12791,"NelderMead",10.0005,48.9281718976014,0.61239195,2.9961722,79.2881210332992,25.0851648351648,0.40405830512625,1533.02277242541,1533.02269133935,21.691,400
12791,"DE",0.676075439887768,3.3077481464502,0.61239195,2.9961722,22.0582022305422,2.66346153846154,0.990519930756098,10.3991389644766,10.3991334827216,58.549,400
12807,"BiLSTM",1.0313526391983,4.30221462249756,1.0534829,4.2316556,4.75627786177012,1.14148351648352,0.998256378819436,2.10067584406893,1.66740938221813,NA,400
12807,"ABC",1.14930524184816,4.61655695454102,1.0534829,4.2316556,7.69939966004287,2.96428571428571,0.991970890061423,9.09576622915812,9.09576276814735,48.602,400
12807,"ABC-SMC",1.78549823218347,7.17203226868804,1.0534829,4.2316556,16.8735876756026,11.5700549450549,0.886793781963036,69.4852600059732,69.4852546291348,30.781,400
12807,"NelderMead",10.0005,40.1702490712099,1.0534829,4.2316556,23.0098564653638,24.9313186813187,0.467543424073452,849.27976524346,849.279735128016,13.003,400
12807,"DE",1.02685633958047,4.12470125706696,1.0534829,4.2316556,4.7669633333793,1.125,0.998263212374407,2.52747912847326,2.52748222074214,30.261,400
12863,"BiLSTM",0.70286613702774,3.83410406112671,0.73144364,3.9259548,20.8805311348174,2.73901098901099,0.991673490507474,3.90699999418403,2.33957708512821,NA,400
12863,"ABC",0.701554083905668,3.76552533566101,0.73144364,3.9259548,21.0688110277186,2.71565934065934,0.991813146636515,4.08637856148862,4.08638082993198,95.03,400
12863,"ABC-SMC",1.15704923076101,6.21035254870455,0.73144364,3.9259548,40.6830704592006,12.2101648351648,0.883409903221314,58.1870656173875,58.1870618761212,70.992,400
12863,"NelderMead",10.0005,53.676739945172,0.73144364,3.9259548,69.0143918802485,28.6524725274725,0.409165657581154,1267.22769234824,1267.22766001208,27.27,400
12863,"DE",0.697445573040966,3.74347329133857,0.73144364,3.9259548,21.0213696714576,2.74587912087912,0.991568330691678,4.64807745939718,4.64807971455587,72.164,400
12883,"BiLSTM",0.509139895439148,4.53502082824707,0.52918154,4.7240076,6.1801057217019,1.77197802197802,0.997190936082927,3.78729094761166,4.00056028176013,NA,400
12883,"ABC",0.571306819616488,5.1000603252938,0.52918154,4.7240076,9.17454439592568,2.49313186813187,0.995596544785985,7.96045901685989,7.96045978617394,60.866,400
12883,"ABC-SMC",1.11647823971556,9.96680974025411,0.52918154,4.7240076,28.771171153688,17.7239010989011,0.817632107956504,110.982083712815,110.98208521625,47.627,400
12883,"NelderMead",10.0005,89.2745395851191,0.52918154,4.7240076,35.7650493074529,33.1043956043956,0.393744342455442,1789.80515079948,1789.80516426602,18.553,400
12883,"DE",0.527442015199467,4.70847888253385,0.52918154,4.7240076,5.9712012146956,1.38324175824176,0.998032040471724,0.328719856806265,0.328719146559959,50.376,400
12897,"BiLSTM",0.354484885931015,1.52341997623444,0.33158034,1.4280235,20.4720924372868,1.9739010989011,0.993194215109086,6.90769118911424,6.68031557144796,NA,400
12897,"ABC",0.330448625389814,1.42314950125956,0.33158034,1.4280235,21.1362759519694,1.64148351648352,0.994385299645972,0.341309321953724,0.341310821596348,50.154,400
12897,"ABC-SMC",1.44162926256787,6.20869269346911,0.33158034,1.4280235,57.0624147117111,15.1799450549451,0.88713850305436,334.775253131072,334.775246588667,41.726,400
12897,"NelderMead",10.0005,43.0693472262358,0.33158034,1.4280235,61.8635837090858,18.9505494505494,0.787054417219235,2916.01114227701,2916.01109689272,11.97,400
12897,"DE",0.316193516927332,1.36175674928533,0.33158034,1.4280235,20.449964083345,1.68956043956044,0.994441287021573,4.64045096059298,4.64045239554305,63.976,400
12952,"BiLSTM",0.758113205432892,3.97473907470703,0.76252294,3.9984753,5.67537298719857,1.48351648351648,0.996871289414322,0.578308446314827,0.593631909967499,NA,400
12952,"ABC",0.785697335444055,4.11999604120396,0.76252294,3.9984753,7.35383228600484,1.97802197802198,0.995038477421065,3.03917354198619,3.03917698838743,40.869,400
12952,"ABC-SMC",1.32611446472769,6.95380536294362,0.76252294,3.9984753,21.3799279098096,11.2087912087912,0.881201227680602,73.9114189440241,73.9114247609237,28.571,400
12952,"NelderMead",10.0005,52.4400663606348,0.76252294,3.9984753,27.0947265519006,23.9725274725275,0.44525090426574,1211.50152676062,1211.50157062705,12.837,400
12952,"DE",0.731918606332447,3.83799412895923,0.76252294,3.9984753,4.72153252994297,1.25686813186813,0.997478555674903,4.01356235493099,4.01355914442602,29.052,400
12953,"BiLSTM",0.903407454490662,4.12157011032104,0.93123007,4.0657306,16.6907433237952,1.88186813186813,0.995844935219783,2.98772735177445,1.37341884681304,NA,400
12953,"ABC",1.27552243463715,5.56890376491069,0.93123007,4.0657306,20.3687951453544,3.98214285714286,0.981978751137912,36.9717834215931,36.9717847245139,78.149,400
12953,"ABC-SMC",1.91441748822956,8.3583059523726,0.93123007,4.0657306,30.2202063859205,7.46840659340659,0.939654085109336,105.579431968897,105.579433924437,47.64,400
12953,"NelderMead",10.0005,43.6619698632209,0.93123007,4.0657306,41.6881203055992,13.5096153846154,0.785871555810695,973.902177578952,973.902187794265,21.592,400
12953,"DE",0.895870642880935,3.9113521334745,0.93123007,4.0657306,18.8726438380645,1.89835164835165,0.995812261214366,3.79706672477453,3.79706580966046,49.464,400
12964,"BiLSTM",0.320852309465408,4.30337715148926,0.3465169,4.5107636,26.8054084623966,3.98626373626374,0.984296536532579,7.40644699712819,4.59759071636434,NA,400
12964,"ABC",0.367038959060058,4.77790787052242,0.3465169,4.5107636,23.0196965015512,2.38049450549451,0.993594733846075,5.92238331234579,5.92237355383501,84.35,400
12964,"ABC-SMC",1.45377162759142,18.9243858995215,0.3465169,4.5107636,71.6436728136796,24.6346153846154,0.544924043489048,319.538448944747,319.538410293139,64.926,400
12964,"NelderMead",10.0005,130.180915348937,0.3465169,4.5107636,80.8835122777472,31.6730769230769,0.286579497736988,2786.00642566062,2786.00615977608,28.553,400
12964,"DE",0.381510506428918,4.96629037969633,0.3465169,4.5107636,24.8476227432189,2.79258241758242,0.992052028836813,10.0986723674714,10.0986622242038,79.014,400
13011,"BiLSTM",0.771216571331024,3.71616220474243,0.7972096,3.7611778,8.5872461597532,1.37637362637363,0.996695658232871,3.2605012118489,1.19684837174059,NA,400
13011,"ABC",1.48033892190532,6.98413286132027,0.7972096,3.7611778,19.0557461185849,5.71840659340659,0.964233660682003,85.6900521400295,85.690047977,47.989,400
13011,"ABC-SMC",1.66440373107889,7.85253742958441,0.7972096,3.7611778,20.7264929088266,6.48214285714286,0.953586283755857,108.778686443175,108.778681762516,32.277,400
13011,"NelderMead",10.0005,47.1816417484567,0.7972096,3.7611778,27.503952525015,12.5357142857143,0.806211179576314,1154.4379796731,1154.43795154956,13.109,400
13011,"DE",0.812580136832315,3.83369480605312,0.7972096,3.7611778,8.95014481253052,1.31868131868132,0.996800645529742,1.92804211493633,1.92803982978732,30.282,400
13027,"BiLSTM",0.604661524295807,2.76804971694946,0.5456419,2.5364723,9.21240686369316,2.91346153846154,0.986795357227666,10.8165491498741,9.12990127861688,NA,400
13027,"ABC",0.544519923374282,2.53125673146376,0.5456419,2.5364723,7.17633237081813,1.43406593406593,0.995482423747383,0.205625085925118,0.205622925045836,35.437,400
13027,"ABC-SMC",1.8196763715624,8.45895231171705,0.5456419,2.5364723,28.4349746518426,17.5673076923077,0.639320269407193,233.492785572808,233.492792794033,25.955,400
13027,"NelderMead",10.0005,46.4883502997256,0.5456419,2.5364723,31.0488583403742,22.8475274725275,0.392976407336964,1732.79546530426,1732.79550499036,11.858,400
13027,"DE",0.535732304694143,2.49040658442084,0.5456419,2.5364723,6.82370810340388,1.28159340659341,0.996203057554621,1.81613532719121,1.81613320118481,29.896,400
13037,"BiLSTM",0.545065402984619,3.46831393241882,0.5559998,3.57118,13.8545882432199,1.52335164835165,0.991827284232144,1.96661887565084,2.88045037161881,NA,400
13037,"ABC",0.681816058136289,4.37929658987677,0.5559998,3.57118,18.0008943094011,2.64148351648352,0.984097881568104,22.6288315456747,22.6288394837776,40.528,400
13037,"ABC-SMC",1.36163784080766,8.74578397170019,0.5559998,3.57118,35.1253616031278,7.17857142857143,0.899513124752663,144.898980324752,144.898996177739,33.139,400
13037,"NelderMead",10.0005,64.2330948713273,0.5559998,3.57118,45.9213345473218,11.9766483516484,0.693190451546868,1698.65172613371,1698.65184256541,12.376,400
13037,"DE",0.546265986399215,3.508660059933,0.5559998,3.57118,14.5160524762608,1.51648351648352,0.992089771363583,1.75068652916505,1.7506801692157,31.66,400
13055,"BiLSTM",0.387644201517105,2.62212586402893,0.38981113,2.633091,11.1346899372881,1.86813186813187,0.996298230451243,0.555891896389645,0.416435891166283,NA,400
13055,"ABC",0.409686261937082,2.76734340132352,0.38981113,2.633091,13.0795422098134,2.15796703296703,0.995690561537392,5.09865686417974,5.09866166127632,55.159,400
13055,"ABC-SMC",1.32443377245856,8.94626791577915,0.38981113,2.633091,43.3714956870641,27.6936813186813,0.62107271939021,239.762944290113,239.762959798167,41.863,400
13055,"NelderMead",10.0005,67.5512465418868,0.38981113,2.633091,46.8110737602693,37.092032967033,0.33198617882423,2465.47318184578,2465.47329894359,14.789,400
13055,"DE",0.395510164237424,2.67158688207834,0.38981113,2.633091,11.7993969319496,1.84752747252747,0.996426132359666,1.46199884991081,1.46200348101667,50.729,400
13059,"BiLSTM",0.403528183698654,4.30013179779053,0.4397675,4.7053385,8.27233577145759,1.90384615384615,0.99535008753601,8.24056263851826,8.6116376581509,NA,400
13059,"ABC",0.587660656885837,6.28773650818238,0.4397675,4.7053385,16.0277775432712,4.00549450549451,0.986649218827584,33.6298514296388,33.6298442329363,53.53,400
13059,"ABC-SMC",1.50375752021192,16.0896104724722,0.4397675,4.7053385,29.2973421987122,13.0521978021978,0.862831513736106,241.943758966253,241.943740550701,38.402,400
13059,"NelderMead",10.0005,107.001393088484,0.4397675,4.7053385,33.4622308814086,18.7912087912088,0.691227228840238,2174.0425338389,2174.04241136921,18.816,400
13059,"DE",0.445007181112544,4.76140076130407,0.4397675,4.7053385,7.07128177869097,1.53983516483516,0.996945266076351,1.19146619805794,1.1914607483409,41.822,400
13152,"BiLSTM",0.237243190407753,2.91861987113953,0.24977218,2.9345489,15.3486596730639,1.98489010989011,0.994422490626081,5.01616696953481,0.542810135502374,NA,400
13152,"ABC",0.259507487183321,3.04892791488862,0.24977218,2.9345489,10.7916225779323,1.57692307692308,0.99610263554355,3.89767474637118,3.89766941312912,41.659,400
13152,"ABC-SMC",1.33851180477365,15.7260433996627,0.24977218,2.9345489,46.5379133548229,23.1826923076923,0.57923911110783,435.893070546787,435.893043038496,40.787,400
13152,"NelderMead",10.0005,117.494889815277,0.24977218,2.9345489,48.8034051523468,28.146978021978,0.396461201824451,3903.84862717697,3903.8484216527,15.307,400
13152,"DE",0.253835137647917,2.98228403871682,0.24977218,2.9345489,11.3893686165259,1.57142857142857,0.996021164738932,1.62666540681865,1.62666019015131,45.948,400
13166,"BiLSTM",0.652210175991058,4.00358200073242,0.68447816,3.9993422,6.81402071331463,0.853021978021978,0.998716468603708,4.71424596059305,0.106012452058286,NA,400
13166,"ABC",0.749844928042952,4.38127402153632,0.68447816,3.9993422,7.96709894795407,2.10851648351648,0.994580350154536,9.54986906272535,9.54986601387402,36.709,400
13166,"ABC-SMC",1.46622502123703,8.5670161323067,0.68447816,3.9993422,18.8226532945702,9.30082417582418,0.899418497406576,114.210636207447,114.210630245812,27.186,400
13166,"NelderMead",10.0005,58.4319893537564,0.68447816,3.9993422,22.9259484609937,17.4148351648352,0.639702407607248,1361.04004253401,1361.04000187222,11.526,400
13166,"DE",0.652723964469157,3.81380528401614,0.68447816,3.9993422,7.07583967177219,0.857142857142857,0.998727282424949,4.63918315974362,4.63918581370347,26.217,400
13185,"BiLSTM",0.431688576936722,3.09852886199951,0.46670246,3.3498409,15.8989434209326,1.95604395604396,0.994165058920292,7.50239950808877,7.50220817951348,NA,400
13185,"ABC",0.421942298324012,3.02856665056243,0.46670246,3.3498409,16.3881885485567,2.0728021978022,0.993711472980138,9.5907276074756,9.59073159079185,52.83,400
13185,"ABC-SMC",1.62428281730777,11.6585817329041,0.46670246,3.3498409,50.0861035134691,17.0631868131868,0.717746430459572,248.033909507949,248.033894174022,41.654,400
13185,"NelderMead",10.0005,71.7803853968959,0.46670246,3.3498409,55.8779340561669,22.5755494505494,0.492550560868868,2042.79993295943,2042.79983855042,17.567,400
13185,"DE",0.441683218247808,3.1702606498844,0.46670246,3.3498409,15.3846726464904,1.86538461538462,0.994459967993566,5.36085491218375,5.36085908186275,46.188,400
13303,"BiLSTM",0.316694021224976,1.67811560630798,0.26746774,1.41728,44.7706492724009,3.9010989010989,0.955498890459312,18.4045676779471,18.4039573202178,NA,400
13303,"ABC",0.221874458596466,1.17568660183731,0.26746774,1.41728,56.2369380640907,4.43543956043956,0.929769954798526,17.0462730957886,17.0462716021312,68.759,400
13303,"ABC-SMC",1.43491020416137,7.60342002654936,0.26746774,1.41728,132.948893854372,20.9574175824176,0.574228575154514,436.479728045472,436.479737705278,54.722,400
13303,"NelderMead",10.0005,52.9914706543934,0.26746774,1.41728,139.852374348147,23.760989010989,0.398632399626859,3638.95558395192,3638.95565127522,21.793,400
13303,"DE",0.26287577204323,1.39294772861155,0.26746774,1.41728,41.6334912088379,2.62362637362637,0.955909713659793,1.71683058180039,1.71682881212248,106.346,400
13388,"BiLSTM",0.499102652072906,2.36238241195679,0.5439574,2.5533826,10.5175723664959,2.01373626373626,0.993897995907669,8.24600380969053,7.48028078687514,NA,400
13388,"ABC",0.682114891680484,3.20190592882998,0.5439574,2.5533826,15.9571355286379,3.21428571428571,0.989276723867362,25.3985866688245,25.3985959186054,48.4,400
13388,"ABC-SMC",1.23167303782067,5.78157910093733,0.5439574,2.5533826,33.2464553194197,9.47802197802198,0.925712196305438,126.428216220731,126.428232922764,40.318,400
13388,"NelderMead",10.0005,46.9432065357449,0.5439574,2.5533826,42.0601491566427,17.0178571428571,0.720924197025223,1738.47117439711,1738.47131000833,15.837,400
13388,"DE",0.540610568530895,2.53767247377154,0.5439574,2.5533826,10.4635182685785,1.77335164835165,0.994716547180816,0.615274554423681,0.615267223504278,38.575,400
13453,"BiLSTM",0.124339006841183,1.38611721992493,0.11777528,1.4807639,43.1963350007386,2.48901098901099,0.969375521609753,5.573093811522,6.39174685951441,NA,400
13453,"ABC",0.0952747145251296,1.19786914471107,0.11777528,1.4807639,47.8400711584689,4.29258241758242,0.943660733687491,19.1046588680328,19.1046496533939,52.092,400
13453,"ABC-SMC",1.40208545063597,17.628128385755,0.11777528,1.4807639,135.648272789195,23.0521978021978,0.472929024608641,1090.4751579754,1090.47529358022,46.572,400
13453,"NelderMead",10.0005,125.734203890198,0.11777528,1.4807639,138.28590053086,24.6538461538462,0.36818680035492,8391.17064293967,8391.17161015323,18.77,400
13453,"DE",0.118698094955289,1.49236642892719,0.11777528,1.4807639,41.1950914503864,2.33791208791209,0.969207401069183,0.783538748784439,0.783550228851123,88.969,400
13454,"BiLSTM",0.232015311717987,3.30505228042603,0.23430614,3.0047905,14.3635690416648,1.61401098901099,0.994041939349677,0.977707320010024,9.99276922720654,NA,400
13454,"ABC",0.217838585582817,2.79360715301981,0.23430614,3.0047905,16.1883229484534,2.67857142857143,0.9859222976741,7.02822146153868,7.02822200017559,33.197,400
13454,"ABC-SMC",1.20163463726871,15.4100115413852,0.23430614,3.0047905,57.1120045877266,24.1346153846154,0.263431955654108,412.848121380307,412.848118409094,28.7,400
13454,"NelderMead",10.0005,128.248483890167,0.23430614,3.0047905,59.3048067884981,27.4629120879121,0.103221458637853,4168.1339891477,4168.13396442004,11.956,400
13454,"DE",0.22970147276483,2.94573927597899,0.23430614,3.0047905,14.1899927756629,1.72802197802198,0.993163972008478,1.96523541174374,1.96523597971333,37.212,400
13484,"BiLSTM",0.538121163845062,3.95631432533264,0.5618357,4.024316,15.4744217285987,1.44230769230769,0.993384735333558,4.22090233051011,1.68976975633519,NA,400
13484,"ABC",1.01236053937272,7.25133494424239,0.5618357,4.024316,26.1315329097042,3.80357142857143,0.96850508944276,80.188005029356,80.1880106890809,49.02,400
13484,"ABC-SMC",1.38606432283985,9.92809998837371,0.5618357,4.024316,31.3770666115402,5.06456043956044,0.94330328865318,146.702785679132,146.702793428093,34.77,400
13484,"NelderMead",10.0005,71.6315702653022,0.5618357,4.024316,41.1899899984479,8.28021978021978,0.827117446002562,1679.96877022945,1679.96882613846,14.363,400
13484,"DE",0.515829396958783,3.69478223020464,0.5618357,4.024316,16.9058043081135,1.44093406593407,0.993227673469572,8.18856883626609,8.18856595245902,34.079,400
13495,"BiLSTM",0.328991085290909,1.5592964887619,0.3229504,1.6950629,20.9911414448947,1.98351648351648,0.993791793288206,1.87046843444343,8.00952054570353,NA,400
13495,"ABC",0.288995594010901,1.51684510518904,0.3229504,1.6950629,16.0522062813933,2.30082417582418,0.99478248007731,10.513938359915,10.5139340145404,44.639,400
13495,"ABC-SMC",1.26165824953574,6.62203915869206,0.3229504,1.6950629,61.091239464695,22.8887362637363,0.691878831765167,290.666260062144,290.666279032598,38.465,400
13495,"NelderMead",10.0005,52.4894143329771,0.3229504,1.6950629,65.0154048267428,28.9381868131868,0.465207144014659,2996.60554685797,2996.60569722676,15.31,400
13495,"DE",0.311204374474027,1.63341186480698,0.3229504,1.6950629,17.5844999648795,1.65934065934066,0.995138843849368,3.63709892478014,3.63709424547156,57.599,400
13562,"BiLSTM",0.439569503068924,2.57730031013489,0.34190685,1.9079162,19.2241572250484,1.75274725274725,0.990154206658074,28.5641112685879,35.0845655660813,NA,400
13562,"ABC",1.05712244414684,5.89897824537408,0.34190685,1.9079162,36.6657007077396,4.86126373626374,0.963672304275698,209.184341918519,209.18434705749,35.867,400
13562,"ABC-SMC",1.37432150324854,7.66901951112757,0.34190685,1.9079162,39.3800150636956,5.57967032967033,0.952394219853138,301.957873394038,301.957880075004,26.586,400
13562,"NelderMead",10.0005,55.8050131935986,0.34190685,1.9079162,44.6145940061502,7.45741758241758,0.896605845491568,2824.91946271331,2824.91951132857,11.298,400
13562,"DE",0.350221660086567,1.95431472044547,0.34190685,1.9079162,15.9309078299688,1.36126373626374,0.992335960059644,2.43189339042697,2.43189509295356,29.231,400
13583,"BiLSTM",0.539596438407898,3.12248158454895,0.51025885,2.8817847,11.5565779978977,1.67582417582418,0.995569079468996,5.74955013673901,8.35235486360068,NA,400
13583,"ABC",0.654111829412622,3.69422173069335,0.51025885,2.8817847,18.5863432415989,3.25137362637363,0.990059921632272,28.1921576495189,28.192148799088,50.274,400
13583,"ABC-SMC",1.45898832972602,8.23991579137439,0.51025885,2.8817847,34.7673732113597,11.0563186813187,0.896109353284941,185.931019075126,185.93099933435,37.036,400
13583,"NelderMead",10.0005,56.4797374953054,0.51025885,2.8817847,40.921733095877,17.0851648351648,0.716489113836064,1859.8876139042,1859.88747859288,16.274,400
13583,"DE",0.527366978288959,2.97840592944881,0.51025885,2.8817847,10.5862048223769,1.65247252747253,0.995545275666336,3.35283323139991,3.35282609588455,39.007,400
13670,"BiLSTM",0.345587730407715,4.27595806121826,0.35369715,4.543492,15.8613647044497,1.75,0.996454350662088,2.29275796886833,5.88828898084861,NA,400
13670,"ABC",0.426384000676408,5.47720599956926,0.35369715,4.543492,19.6080533225426,3.5989010989011,0.988942251668076,20.5505898694429,20.5505809093371,67.91,400
13670,"ABC-SMC",1.31772252463979,16.9270838171109,0.35369715,4.543492,45.5272959283767,16.2815934065934,0.787622850660064,272.556726747669,272.556699056824,53.051,400
13670,"NelderMead",10.0005,128.463541108012,0.35369715,4.543492,52.9233559374708,22.6181318681319,0.583945033698963,2727.41888081371,2727.41867066151,23.132,400
13670,"DE",0.362192086242499,4.65261516524273,0.35369715,4.543492,16.0458762760237,1.75549450549451,0.996586554490014,2.40175422462386,2.40174661345791,60.472,400
13685,"BiLSTM",0.187053337693214,1.62011992931366,0.20023933,1.800937,27.3973749363455,1.97252747252747,0.987186859666225,6.58511607424255,10.0401663515348,NA,400
13685,"ABC",0.180157840659695,1.62032569566144,0.20023933,1.800937,28.2046141436004,2.0782967032967,0.986678664707385,10.0287437739155,10.0287408353853,41.999,400
13685,"ABC-SMC",1.69888365390345,15.2796282875009,0.20023933,1.800937,72.4297234064261,11.6318681318681,0.841918359570201,748.426557311919,748.426585022181,38.309,400
13685,"NelderMead",10.0005,89.9437241261707,0.20023933,1.800937,76.3328366869759,13.364010989011,0.784647789255137,4894.27360249358,4894.27376561039,17.451,400
13685,"DE",0.201818846844189,1.815143111246,0.20023933,1.800937,27.409868851784,1.87362637362637,0.988429946022441,0.788814487238166,0.788817779078195,54.694,400
13740,"BiLSTM",0.836567759513855,3.28061079978943,0.78439087,3.2236953,6.7526118316095,1.34203296703297,0.996136143355318,6.6518991372063,1.76553596084061,NA,400
13740,"ABC",0.810478015773605,3.33090833795867,0.78439087,3.2236953,6.19484126685344,1.06730769230769,0.997289794526424,3.3257839645182,3.32578075721569,30.782,400
13740,"ABC-SMC",1.22007440102582,5.01427048755637,0.78439087,3.2236953,15.808383619377,6.19917582417582,0.940092799529702,55.5441869212248,55.5441820930276,23.768,400
13740,"NelderMead",10.0005,41.1001263272519,0.78439087,3.2236953,23.0950197432679,16.8873626373626,0.51846649009321,1174.93834802029,1174.93830844534,9.69499999999999,400
13740,"DE",0.767728903240055,3.15521772993839,0.78439087,3.2236953,5.49827801407116,0.851648351648352,0.997902060175868,2.12419182797791,2.12419486610947,20.569,400
13784,"BiLSTM",0.444272667169571,1.99142634868622,0.4344255,1.8890514,24.5844454998839,2.16620879120879,0.986815881478823,2.26671021143347,5.41938396627102,NA,400
13784,"ABC",0.403092455138145,1.75280307042467,0.4344255,1.8890514,27.358995739388,2.49450549450549,0.985853742646467,7.21252432508101,7.21252632804633,58.852,400
13784,"ABC-SMC",1.23797077061139,5.38317931820378,0.4344255,1.8890514,78.2831804213274,15.6373626373626,0.773056239955101,184.967335161355,184.967329009882,46.019,400
13784,"NelderMead",10.0005,43.4860709555443,0.4344255,1.8890514,89.8454479072955,21.7129120879121,0.503781338566673,2202.00575242475,2202.0057027323,18.887,400
13784,"DE",0.421714067079667,1.83377709554298,0.4344255,1.8890514,25.308957729075,2.18406593406593,0.986462351332558,2.92603286877337,2.92603496426943,68.277,400
13788,"BiLSTM",0.237785160541534,1.8481662273407,0.17084034,1.4040095,33.2530606525188,4.28846153846154,0.986270344929959,39.1856048410665,31.6348804862573,NA,400
13788,"ABC",0.185805418098089,1.52699621071151,0.17084034,1.4040095,32.9871883069631,2.00686813186813,0.992810956569438,8.75968644061979,8.75967795883965,52.065,400
13788,"ABC-SMC",1.81140885917001,14.8866189819162,0.17084034,1.4040095,81.0625826582287,18.2293956043956,0.800725791132306,960.293405626571,960.29332293807,44.256,400
13788,"NelderMead",10.0005,82.1866539820648,0.17084034,1.4040095,83.2114059823684,20.1002747252747,0.752476603892176,5753.71113169173,5753.71067518167,21.193,400
13788,"DE",0.193154100370036,1.58738955175533,0.17084034,1.4040095,31.8355577668346,2.23489010989011,0.992504143610009,13.061177687914,13.0611688706759,53.954,400
13789,"BiLSTM",0.371253162622452,2.97420835494995,0.32808924,2.5190022,33.9097914429858,2.89148351648352,0.98072185505755,13.1561530705645,18.070891520061,NA,400
13789,"ABC",0.397411993739647,3.0512484768376,0.32808924,2.5190022,41.1054408503136,3.68818681318681,0.974377038587909,21.1292371976745,21.1292501784081,53.491,400
13789,"ABC-SMC",1.32971753954696,10.2093008793915,0.32808924,2.5190022,86.4937526754484,14.4725274725275,0.700514254909512,305.29141996457,305.291463397353,44.423,400
13789,"NelderMead",10.0005,76.781805464595,0.32808924,2.5190022,94.9057264505763,18.3145604395604,0.496052682544187,2948.10361961276,2948.10394626075,18.304,400
13789,"DE",0.331808817896952,2.54756063268847,0.32808924,2.5190022,27.3466074196346,1.94505494505495,0.987655925536554,1.13370919965325,1.1337200375795,56.182,400
13796,"BiLSTM",0.461922615766525,3.32196950912476,0.52773356,3.6467464,27.6571199965853,3.55631868131868,0.981056059460244,12.4704868558056,8.9059357369968,NA,400
13796,"ABC",0.471226299236255,3.25626958774041,0.52773356,3.6467464,25.7951925342876,3.21978021978022,0.983629333737217,10.7075359701863,10.7075395278265,69.697,400
13796,"ABC-SMC",1.28562756368253,8.88394799603777,0.52773356,3.6467464,63.8124648525899,14.4972527472527,0.743961574173327,143.613001167205,143.612991461039,56.482,400
13796,"NelderMead",10.0005,69.1054893688593,0.52773356,3.6467464,80.7387116903674,22.3914835164835,0.404247784055147,1794.99034323305,1794.99026773179,22.962,400
13796,"DE",0.531570114352986,3.67325762574108,0.52773356,3.6467464,19.9860280680407,2.46840659340659,0.989007758257,0.726986995670003,0.726982982449153,59.092,400
13942,"BiLSTM",0.819161593914032,4.13837003707886,0.81615806,4.1794367,8.47874968083339,1.7706043956044,0.997752190761601,0.368008852847935,0.982588465118821,NA,400
13942,"ABC",0.966547514529356,4.9495608192739,0.81615806,4.1794367,11.8587220038344,4.16483516483517,0.990011357947334,18.4265109786892,18.4265051621406,65.931,400
13942,"ABC-SMC",1.42938363431708,7.31968281515072,0.81615806,4.1794367,19.4375579245042,9.98351648351648,0.945751965217413,75.1356390840622,75.1356304822303,48.632,400
13942,"NelderMead",10.0005,51.211225758778,0.81615806,4.1794367,28.2506879807961,21.6277472527473,0.709971671247936,1125.31412604073,1125.31406585911,19.076,400
13942,"DE",0.771393047277445,3.95020083924573,0.81615806,4.1794367,7.89555517976688,1.39010989010989,0.998282608463647,5.48484600183389,5.48485064396999,44.152,400
13966,"BiLSTM",0.758026242256165,2.8264901638031,0.60133606,2.420622,15.8454029659606,4.77472527472527,0.989212097870333,26.0570075002927,16.7671021664308,NA,400
13966,"ABC",0.728900880110375,2.93412252819043,0.60133606,2.420622,14.2149291015074,3.99862637362637,0.992091595569968,21.2135656907678,21.2135776750945,50.507,400
13966,"ABC-SMC",1.63883995228596,6.59699741804757,0.60133606,2.420622,29.6086265106618,17.9739010989011,0.826804736739584,172.533124370748,172.533151315966,35.323,400
13966,"NelderMead",10.0005,40.2560802762717,0.60133606,2.420622,33.6946196667928,28.0741758241758,0.5474231071999,1563.04678285882,1563.04694728346,14.712,400
13966,"DE",0.611683786135738,2.46227604603511,0.60133606,2.420622,6.61188412548482,1.3021978021978,0.997994715897957,1.72078922653299,1.72079928361831,40.335,400
14012,"BiLSTM",0.351183116436005,1.94603538513184,0.20970856,1.1775503,23.9631123175191,6.86126373626374,0.969322214008857,67.4624614445899,65.2613383166592,NA,400
14012,"ABC",0.186849116367714,1.04919054366135,0.20970856,1.1775503,15.5537772426257,1.69917582417582,0.993433614985111,10.9005772736632,10.9005752313638,41.369,400
14012,"ABC-SMC",1.51453098750022,8.50435699701221,0.20970856,1.1775503,50.4685634410779,17.4697802197802,0.842863149945159,622.207518615462,622.207535169598,37.908,400
14012,"NelderMead",10.0005,56.154560620113,0.20970856,1.1775503,52.7017314453783,19.9903846153846,0.780106140637019,4668.76098906025,4668.76109836777,15.96,400
14012,"DE",0.191352920819943,1.07448019519216,0.20970856,1.1775503,14.8911684215089,1.55906593406593,0.994121175418039,8.75292795871426,8.75292586718738,65.296,400
14097,"BiLSTM",0.544226288795471,2.77480912208557,0.64779955,3.2312891,7.14961153456471,1.23214285714286,0.997887585017237,15.9884737808986,14.126868992144,NA,400
14097,"ABC",0.849279393651289,4.23629108406087,0.64779955,3.2312891,13.5534197928283,3.36675824175824,0.984015331538791,31.102189504653,31.102199554378,35.296,400
14097,"ABC-SMC",1.29626260952626,6.46588834768346,0.64779955,3.2312891,19.5221088948469,6.62362637362637,0.941668296558452,100.102425129233,100.102440468216,26.217,400
14097,"NelderMead",10.0005,49.8835004155836,0.64779955,3.2312891,24.836860493406,13.0041208791209,0.759586510048074,1443.76457964505,1443.76469798334,11.418,400
14097,"DE",0.582879351951803,2.90746086648896,0.64779955,3.2312891,7.98282024118382,0.98489010989011,0.998014549050106,10.0216491425777,10.0216422452277,25.219,400
14102,"BiLSTM",0.648512244224548,3.54779005050659,0.6815556,3.5408068,13.9308195965002,1.9478021978022,0.995531110256612,4.84822599586178,0.197222014671681,NA,400
14102,"ABC",0.937920791562174,4.87267042947995,0.6815556,3.5408068,22.0709578021189,4.36813186813187,0.986045090454834,37.6147142745469,37.6146936195432,69.446,400
14102,"ABC-SMC",1.60218383857998,8.32363871562795,0.6815556,3.5408068,31.6235760402448,9.26648351648352,0.937691599666807,135.077496037003,135.07746075352,44.517,400
14102,"NelderMead",10.0005,51.9544305536211,0.6815556,3.5408068,42.0070335317914,15.4697802197802,0.786722916142006,1367.3050885357,1367.30486830349,20.705,400
14102,"DE",0.667295781388135,3.46672389709056,0.6815556,3.5408068,12.9794832325593,1.90247252747253,0.995733584901542,2.09224582878711,2.0922605240545,49.262,400
14251,"BiLSTM",0.604165971279144,4.11112785339355,0.6600359,4.43922,19.1404294224267,2.30769230769231,0.99370888698853,8.4646802879746,7.39076113836316,NA,400
14251,"ABC",0.947914950537898,6.37541552733148,0.6600359,4.43922,22.5651055608067,3.97527472527473,0.985127978247781,43.61566553242,43.615669584555,79.997,400
14251,"ABC-SMC",1.68028523303441,11.3011368361207,0.6600359,4.43922,31.211611626674,8.16346153846154,0.935758799119135,154.574824344314,154.574831527176,52.315,400
14251,"NelderMead",10.0005,67.2606154643928,0.6600359,4.43922,40.5521847862537,13.3571428571429,0.802782304775383,1415.14485802969,1415.14490077971,15.32,400
14251,"DE",0.674683130975747,4.5377333766184,0.6600359,4.43922,17.2339035846915,1.92994505494505,0.994995585430812,2.21915671189209,2.21915959601916,52.79,400
14255,"BiLSTM",0.726024210453033,3.26608443260193,0.82349014,3.5535927,16.0993918778245,2.06043956043956,0.990157741073724,11.8357129991825,8.09063648172372,NA,400
14255,"ABC",0.795833613276696,3.43424684674411,0.82349014,3.5535927,16.4848099245896,1.71153846153846,0.99235213960527,3.35845268569991,3.35845616904529,48.74,400
14255,"ABC-SMC",1.60059124009073,6.90700333273896,0.82349014,3.5535927,39.2173706773962,7.2967032967033,0.895863878185505,94.3667765215417,94.3667695157907,31.21,400
14255,"NelderMead",10.0005,43.1549824208338,0.82349014,3.5535927,53.8255638033065,13.6483516483516,0.631340077397821,1114.40434004468,1114.40429627272,13.962,400
14255,"DE",0.78254441002176,3.37690018079204,0.82349014,3.5535927,16.3073653615161,1.73351648351648,0.992232555428837,4.97221860825675,4.97222203343558,33.339,400
14283,"BiLSTM",0.333694189786911,2.61729884147644,0.15914313,1.241893,59.1204823232239,7.29395604395604,0.9311627870973,109.681806426021,110.750752397867,NA,400
14283,"ABC",0.132658627100844,1.03521796379153,0.15914313,1.241893,33.3138455261053,2.2293956043956,0.980574321076406,16.6419391771142,16.6419358357337,39.356,400
14283,"ABC-SMC",1.35117065483511,10.5440269102888,0.15914313,1.241893,86.9806594644597,13.1332417582418,0.798279802730279,749.028578761212,749.028612794245,33.219,400
14283,"NelderMead",10.0005,78.0401355957598,0.15914313,1.241893,91.0253199996599,14.7651098901099,0.751764456956397,6183.96588655759,6183.96613844831,16.55,400
14283,"DE",0.153748514379944,1.19979550121069,0.15914313,1.241893,28.6062800445191,1.60164835164835,0.984996802028153,3.38978856332403,3.38978469073533,66.889,400
14310,"BiLSTM",0.267688244581223,1.6722708940506,0.16989373,1.104193,50.8662123672345,5.21428571428571,0.958549007233999,57.5621681749071,51.4473370190355,NA,400
14310,"ABC",0.194637246413362,1.26500884565505,0.16989373,1.104193,37.8698630854178,2.17032967032967,0.981894338646182,14.5641139395562,14.5641066059151,41.039,400
14310,"ABC-SMC",1.83692264736881,11.9387395810698,0.16989373,1.104193,90.958156292045,13.8063186813187,0.851342708341729,981.218622587666,981.21855337516,36.758,400
14310,"NelderMead",10.0005,64.9964032788786,0.16989373,1.104193,94.0117775540977,14.8777472527473,0.818759826472428,5786.32670552351,5786.32632871958,16.282,400
14310,"DE",0.181625157586204,1.18043917684744,0.16989373,1.104193,37.8411039853789,1.75137362637363,0.985346736403791,6.90515629164432,6.90514944827927,73.193,400
14326,"BiLSTM",0.354764878749847,1.84805452823639,0.19056652,1.0114526,33.1438298732999,9.4532967032967,0.944285852827801,86.1632771327552,82.712914894518,NA,400
14326,"ABC",0.176673617216538,0.937714352890233,0.19056652,1.0114526,20.814129747309,2.15247252747253,0.983761272277279,7.29031667444084,7.29033146088769,56.656,400
14326,"ABC-SMC",1.50969039026273,8.01284520956366,0.19056652,1.0114526,68.9072874946785,20.5782967032967,0.799177818133268,692.211764302949,692.211637951562,46.23,400
14326,"NelderMead",10.0005,53.0787365641877,0.19056652,1.0114526,72.1425327708691,22.6043956043956,0.753521522553303,5147.77384820796,5147.77301123036,14.879,400
14326,"DE",0.189257791478096,1.00450622034757,0.19056652,1.0114526,20.0846163443837,1.76373626373626,0.987279602347142,0.686756793325371,0.686772632986772,99.719,400
14624,"BiLSTM",0.241817444562912,1.97542011737823,0.22204852,1.8829875,27.8395287117022,2.93131868131868,0.984882553076987,8.90297515286838,4.90882798628429,NA,400
14624,"ABC",0.204545824792871,1.73456342545466,0.22204852,1.8829875,35.477554234943,3.37912087912088,0.983948644222334,7.8823741798095,7.88237173881092,73.336,400
14624,"ABC-SMC",1.51962252938031,12.8865092339536,0.22204852,1.8829875,112.283614617488,25.2568681318681,0.57216150124622,584.365079028815,584.365097163609,60.325,400
14624,"NelderMead",10.0005,84.8049651163737,0.22204852,1.8829875,117.198748437209,28.6428571428571,0.439424866592758,4403.74539762751,4403.74551697097,27.749,400
14624,"DE",0.218715154024472,1.85472036472853,0.22204852,1.8829875,31.6021209140055,2.68818681318681,0.985701280723127,1.50118810768394,1.50118549759212,94.341,400
14633,"BiLSTM",0.777428388595581,4.3560905456543,0.72869533,4.0489335,9.96034916406214,2.27197802197802,0.996472560799819,6.68771386192101,7.58612226291927,NA,400
14633,"ABC",0.796466974048871,4.42550075408254,0.72869533,4.0489335,10.0587310717756,2.83928571428571,0.995057424213766,9.30040872484683,9.30040599783971,62.465,400
14633,"ABC-SMC",1.61697898975503,8.9846057296249,0.72869533,4.0489335,26.3296848640801,15.8942307692308,0.851221547219534,121.900556128859,121.900550592518,41.4,400
14633,"NelderMead",10.0005,55.5669245972864,0.72869533,4.0489335,32.1637273313707,27.7074175824176,0.545256750214311,1272.38425831547,1272.38422407497,18.8,400
14633,"DE",0.710769738427133,3.94933137955237,0.72869533,4.0489335,6.72643698549623,1.27472527472527,0.998658260923527,2.45995697171093,2.45995940530103,44.134,400
14725,"BiLSTM",0.549076676368713,3.43390369415283,0.17468251,1.0277864,76.0866984369873,13.1043956043956,0.899601679613937,214.328364281412,234.106745735576,NA,400
14725,"ABC",0.126341555682773,0.743360836185172,0.17468251,1.0277864,58.9935889394532,3.24313186813187,0.974732035636828,27.6736087185985,27.6736064823224,63.146,400
14725,"ABC-SMC",1.45954818295408,8.58760169502352,0.17468251,1.0277864,96.31422002865,16.7596153846154,0.85473020676086,735.543399825248,735.543425659604,57.566,400
14725,"NelderMead",10.0005,58.8403396023992,0.17468251,1.0277864,100.540286826747,18.1167582417582,0.834032843046161,5624.95781060165,5624.95798761291,22.573,400
14725,"DE",0.156888463315434,0.923090891573288,0.17468251,1.0277864,41.4545679798571,1.86813186813187,0.985488923147907,10.1865073295353,10.1865045525716,107.797,400
14732,"BiLSTM",0.208670228719711,2.00418305397034,0.14576957,1.4267578,39.1163740107397,3.48626373626374,0.981718716038884,43.1507472510973,40.4711475185443,NA,400
14732,"ABC",0.159113700825196,1.55736706090334,0.14576957,1.4267578,35.7131020105165,2.11950549450549,0.985242504698994,9.15426369522553,9.15426997513771,46.83,400
14732,"ABC-SMC",1.87779182000067,18.3793797299426,0.14576957,1.4267578,85.0966362560839,12.8708791208791,0.833758765323799,1188.19191824513,1188.19199235796,43.466,400
14732,"NelderMead",10.0005,97.8825155331786,0.14576957,1.4267578,88.3023397727295,14.1799450549451,0.798781809064741,6760.48535369899,6760.48574839952,20.243,400
14732,"DE",0.144328442956822,1.41265247333639,0.14576957,1.4267578,35.8888362289408,2.00412087912088,0.984602607361269,0.988633665570963,0.988627969204504,68.856,400
14785,"BiLSTM",0.244243025779724,2.47832155227661,0.2826728,2.842873,19.835650317855,2.9271978021978,0.990031369310666,13.5951440040485,12.8233462319065,NA,400
14785,"ABC",0.289453475498717,2.91106699556167,0.2826728,2.842873,15.5200307035973,1.56593406593407,0.995977630979104,2.3987718304404,2.39877038339966,43.879,400
14785,"ABC-SMC",1.40850700007533,14.165517390566,0.2826728,2.842873,53.1979474480391,16.8612637362637,0.745215381222146,398.281759007349,398.281751965917,36.64,400
14785,"NelderMead",10.0005,100.576182196311,0.2826728,2.842873,56.7010064219309,21.2925824175824,0.580551912711428,3437.83597148364,3437.83592148897,16.354,400
14785,"DE",0.280903137602297,2.82507526093736,0.2826728,2.842873,14.9464683193944,1.64285714285714,0.995689652145373,0.626046226486276,0.626047630782015,44.136,400
14845,"BiLSTM",0.488695442676544,4.36450242996216,0.50979507,4.676131,10.416955550726,1.13324175824176,0.997630901848985,4.13884491339938,6.66423951847888,NA,400
14845,"ABC",0.61453660919214,5.63688031150545,0.50979507,4.676131,13.4818682972123,2.80769230769231,0.989277147814904,20.5458124952327,20.5458168623901,39.545,400
14845,"ABC-SMC",1.67544044301494,15.3680954154158,0.50979507,4.676131,27.0855202074583,11.3846153846154,0.838541459263696,228.64979314432,228.649805050709,28.797,400
14845,"NelderMead",10.0005,91.7302902902976,0.50979507,4.676131,30.251581150466,16.3942307692308,0.653108076833516,1861.67059834455,1861.67066941233,12.965,400
14845,"DE",0.490519113996759,4.49932110593093,0.50979507,4.676131,10.5078141709987,1.13324175824176,0.997582281946437,3.78111855872621,3.78111507288972,31.531,400
14876,"BiLSTM",0.149872720241547,1.28156638145447,0.14257197,1.2199792,27.4619913353477,1.82005494505495,0.976625762591821,5.12074725596247,5.04821569535511,NA,400
14876,"ABC",0.100812751586472,0.862648195093953,0.14257197,1.2199792,43.6524708412778,4.29807692307692,0.93035678768265,29.2899217241142,29.2899260008734,42.304,400
14876,"ABC-SMC",1.39710983151459,11.9549784678806,0.14257197,1.2199792,87.0533362399472,17.9368131868132,0.66868434314934,879.933034182378,879.932974913068,38.547,400
14876,"NelderMead",10.0005,85.5736317011179,0.14257197,1.2199792,89.9001600219096,19.5851648351648,0.582010892951276,6914.35211984516,6914.35169559595,11.855,400
14876,"DE",0.143996949093033,1.23217258014817,0.14257197,1.2199792,27.201107423061,1.74450549450549,0.977923850516019,0.999480538168035,0.999474429414293,78.981,400
14902,"BiLSTM",0.788939416408539,3.256263256073,0.70876354,2.8406792,15.4393659161972,3.14285714285714,0.992007619817286,11.3120768611403,14.6297426359512,NA,400
14902,"ABC",0.856543344231693,3.43297134678768,0.70876354,2.8406792,19.0182183373375,4.68406593406593,0.985322262643293,20.8503677025617,20.8503708122931,63.891,400
14902,"ABC-SMC",1.30227982370044,5.21945485931417,0.70876354,2.8406792,32.6128182184617,12.125,0.910764452233543,83.7396748287078,83.7396795567119,42.283,400
14902,"NelderMead",10.0005,40.0813691271456,0.70876354,2.8406792,43.5296495599668,25.6387362637363,0.581977026967804,1310.97833559554,1310.97837190294,19.013,400
14902,"DE",0.673495475240966,2.69932710850412,0.70876354,2.8406792,10.977961339031,2.03708791208791,0.99526229751593,4.97599873140113,4.97599628623589,46.169,400
14972,"BiLSTM",0.161207750439644,1.24929344654083,0.16795038,1.3145236,36.0675742492271,2.68681318681319,0.971810887253214,4.01465573364952,4.96226568006596,NA,400
14972,"ABC",0.144712996475337,1.13264789746236,0.16795038,1.3145236,44.0359880509661,4.2293956043956,0.953994001701307,13.8358624283332,13.8358643798892,57.038,400
14972,"ABC-SMC",1.37746992906102,10.7812598520444,0.16795038,1.3145236,103.452718658172,24.3269230769231,0.558810181269966,720.164818359457,720.164799783311,48.815,400
14972,"NelderMead",10.0005,78.2724812176961,0.16795038,1.3145236,106.99393966902,26.4876373626374,0.460157048535218,5854.43725700412,5854.43712214038,21.137,400
14972,"DE",0.179462992669781,1.40463114074466,0.16795038,1.3145236,29.6527887963727,2.11813186813187,0.976605021020513,6.85477024212828,6.85476782194422,102.832,400
15019,"BiLSTM",0.660037457942963,3.23214817047119,0.72220904,3.4426587,17.0535013675972,1.85302197802198,0.995534641483109,8.60853002574398,6.11476616978641,NA,400
15019,"ABC",0.870406517403289,4.14909317873162,0.72220904,3.4426587,18.0772184512656,3.67445054945055,0.987457491963603,20.5200252551933,20.520026534481,73.945,400
15019,"ABC-SMC",1.33578345423653,6.36747302257092,0.72220904,3.4426587,31.8581662319171,9.08104395604396,0.932154647056588,84.9580080355309,84.9580099988105,49.561,400
15019,"NelderMead",10.0005,47.6708359878703,0.72220904,3.4426587,48.6987794091237,18.9010989010989,0.691191483682199,1284.70988953558,1284.70990423391,19.825,400
15019,"DE",0.711042544935253,3.38942978251151,0.72220904,3.4426587,14.5222160330991,1.81868131868132,0.995935770123853,1.54615830684514,1.54615726178405,50.611,400
15132,"BiLSTM",0.387756645679474,2.44331383705139,0.4713066,2.9664059,12.1711269650342,1.74725274725275,0.994344681870233,17.7273041201897,17.6338667256766,NA,400
15132,"ABC",0.598295920301806,3.7656769972578,0.4713066,2.9664059,21.9919205112428,2.99587912087912,0.984438749244335,26.9440997223051,26.9440907347778,38.772,400
15132,"ABC-SMC",1.46212414320962,9.20261540550423,0.4713066,2.9664059,40.2589681730448,8.77335164835165,0.880277797841462,210.227809924499,210.227787960651,29.464,400
15132,"NelderMead",10.0005,62.9431883675223,0.4713066,2.9664059,45.8131358912307,12.6401098901099,0.730761709335538,2021.86716672332,2021.86701649704,12.647,400
15132,"DE",0.469794674598416,2.95688962524943,0.4713066,2.9664059,13.8648369345036,1.41895604395604,0.994457934363928,0.320794447093218,0.320801504290718,30.467,400
15172,"BiLSTM",0.521496772766113,2.64580464363098,0.5419986,2.7517107,16.3919534566724,1.91758241758242,0.993499301528412,3.7826347215448,3.84873512935129,NA,400
15172,"ABC",0.551172639628841,2.79828704868891,0.5419986,2.7517107,18.0480709342468,2.09752747252747,0.992314331579062,1.69263160990465,1.6926324663748,54.657,400
15172,"ABC-SMC",1.1273104240253,5.72332139259716,0.5419986,2.7517107,47.0658044714975,11.5137362637363,0.86809707147625,107.991390388332,107.991392140066,41.29,400
15172,"NelderMead",10.0005,50.7722401628245,0.5419986,2.7517107,60.3317459776827,20.1785714285714,0.564696882953728,1745.11546708792,1745.11548262775,18.349,400
15172,"DE",0.516040834823501,2.61992392375214,0.5419986,2.7517107,17.0787468152954,1.9271978021978,0.993550786536498,4.78926793842248,4.78926713654385,47.94,400
15196,"BiLSTM",0.768193602561951,3.78308629989624,0.8588484,4.052028,13.483293681273,1.94093406593407,0.993719274125789,10.5553899195771,6.63721228243634,NA,400
15196,"ABC",1.49533188761762,7.054943488846,0.8588484,4.052028,23.5198837877254,5.72115384615385,0.964080746574568,74.1089449101397,74.1089520814269,68.137,400
15196,"ABC-SMC",1.79060543395506,8.44803769115097,0.8588484,4.052028,26.9503667130064,7.08104395604396,0.945944190190184,108.489115652432,108.489124239787,42.315,400
15196,"NelderMead",10.0005,47.1821426028775,0.8588484,4.052028,38.3040149602669,12.7376373626374,0.803836550168039,1064.40806084054,1064.40810880077,19.647,400
15196,"DE",0.867807411355808,4.09429658861294,0.8588484,4.052028,11.5819665262098,1.87087912087912,0.994347316784052,1.04314234686911,1.04314650868507,44.293,400
15230,"BiLSTM",0.343368023633957,1.92244839668274,0.3355025,1.8537585,39.911294344586,2.46016483516484,0.978820505512727,2.34440090132173,3.70543933758034,NA,400
15230,"ABC",0.312693899856694,1.72773359837568,0.3355025,1.8537585,37.6689023869777,3.46428571428571,0.964954251766621,6.79833984644093,6.79834517949989,55.744,400
15230,"ABC-SMC",2.03364393608803,11.2365318195287,0.3355025,1.8537585,129.058168613567,27.0494505494506,0.118206213427424,506.148668367011,506.148633682795,38.677,400
15230,"NelderMead",10.0005,55.2559543325741,0.3355025,1.8537585,132.243996775091,29.043956043956,0.00884757058877873,2880.75275146981,2880.75258090922,17.348,400
15230,"DE",0.315858918104889,1.74522133436728,0.3355025,1.8537585,35.8189097464748,3.2032967032967,0.969115668740528,5.85497332959101,5.85497871663001,72.336,400
15231,"BiLSTM",0.514945447444916,4.11135196685791,0.49790648,4.1188655,17.1655801974321,1.96153846153846,0.992730577366536,3.42212205089514,0.182417540511821,NA,400
15231,"ABC",0.562000331442726,4.64907343146539,0.49790648,4.1188655,18.0199644397897,2.39148351648352,0.990574131728241,12.8726686671614,12.8726692208181,57.688,400
15231,"ABC-SMC",1.48275589438148,12.2659020791346,0.49790648,4.1188655,42.2902181577698,10.4203296703297,0.868748790798504,197.798071312806,197.798072773548,45.539,400
15231,"NelderMead",10.0005,82.7278139356539,0.49790648,4.1188655,50.9013923301722,15.6923076923077,0.678676651882058,1908.50971049824,1908.50972035027,18.551,400
15231,"DE",0.512844456715369,4.24243795741019,0.49790648,4.1188655,18.1962216226116,1.9532967032967,0.992738171457927,3.00015712094547,3.00015762617608,45.483,400
15290,"BiLSTM",0.329788535833359,3.7470588684082,0.43688297,4.8029904,16.5154707727348,3.17445054945055,0.990898579140953,24.5133002475792,21.9848769964603,NA,400
15290,"ABC",0.618017561148487,6.79434200369882,0.43688297,4.8029904,16.5552594411181,4.26373626373626,0.979027906994544,41.4606664911857,41.4606617514543,44.436,400
15290,"ABC-SMC",1.77620494062764,19.5271859473653,0.43688297,4.8029904,27.5070092756363,11.8173076923077,0.849566465493981,306.563098723587,306.563085101426,31.399,400
15290,"NelderMead",10.0005,109.943182005576,0.43688297,4.8029904,30.3617842940409,15.8626373626374,0.72571289473431,2189.05695271207,2189.05687601573,14.817,400
15290,"DE",0.424737759807699,4.66946860968734,0.43688297,4.8029904,8.36495595264324,1.14285714285714,0.99730535735318,2.77996878484439,2.77997204226465,34.892,400
15298,"BiLSTM",0.333133041858673,2.38901972770691,0.2595621,1.9179038,44.5250549222908,9.71703296703297,0.909584381762657,28.3442543648218,24.5641062761808,NA,400
15298,"ABC",0.254877896156548,1.8832922282635,0.2595621,1.9179038,19.8549400473192,2.70054945054945,0.983307991611296,1.80465632056903,1.80465629905443,47.928,400
15298,"ABC-SMC",1.49489105345168,11.045746789031,0.2595621,1.9179038,78.7260327681335,35.4903846153846,0.116981565139679,475.928093297009,475.928093423195,39.44,400
15298,"NelderMead",10.0005,73.8936730597508,0.2595621,1.9179038,80.4671001071836,38.0178571428571,0.0177710116331909,3752.83521746819,3752.83521831235,16.977,400
15298,"DE",0.269773089098077,1.99335277697438,0.2595621,1.9179038,18.5572029887693,2.20604395604396,0.989678087831672,3.93392914376829,3.9339291665402,61.209,400
15363,"BiLSTM",0.184280455112457,1.12424838542938,0.24626696,1.4096968,47.0154568986409,7.21428571428571,0.892398662289543,25.1704511589954,20.2489226456794,NA,400
15363,"ABC",0.220372272287955,1.26146890370086,0.24626696,1.4096968,36.1756331093824,4.06181318681319,0.964859712254471,10.5148850304746,10.5148778304056,49.289,400
15363,"ABC-SMC",1.64164587230171,9.39721316705172,0.24626696,1.4096968,93.3925743665754,27.5384615384615,0.334833289263805,566.612310600539,566.612364236886,36.966,400
15363,"NelderMead",10.0005,57.245494818769,0.24626696,1.4096968,95.7010930509364,29.5892857142857,0.23963761570643,3960.83706884594,3960.83739558528,15.47,400
15363,"DE",0.236822292615351,1.35563315083056,0.24626696,1.4096968,29.198950691504,2.74587912087912,0.977482026072305,3.83513378516123,3.83512604763224,89.478,400
15412,"BiLSTM",0.458572566509247,2.60790014266968,0.52079606,2.940051,11.2943011954938,1.97664835164835,0.993274828421734,11.9477657896938,11.2974522323022,NA,400
15412,"ABC",0.698424461753435,3.94281682917195,0.52079606,2.940051,14.0440194895844,3.46428571428571,0.982848525222639,34.1070940040204,34.1070896107569,39.858,400
15412,"ABC-SMC",1.8587111840787,10.492985481575,0.52079606,2.940051,30.8792622002569,10.8557692307692,0.845716802338325,256.898088683448,256.898076991692,28.66,400
15412,"NelderMead",10.0005,56.4558400505367,0.52079606,2.940051,35.2035360458055,15.0247252747253,0.695674230110758,1820.23342112074,1820.2333582151,13.037,400
15412,"DE",0.487858163981768,2.75410654198322,0.52079606,2.940051,9.12843304145745,1.64423076923077,0.994602491138997,6.32452864912838,6.32453171787755,31.645,400
15484,"BiLSTM",0.200550496578217,2.1431713104248,0.21492776,2.3229485,20.0395309323211,2.23351648351648,0.994237942999254,6.68934688649965,7.73918102683702,NA,400
15484,"ABC",0.202897115324605,2.19292070306107,0.21492776,2.3229485,20.3765366384473,2.14697802197802,0.994476741576578,5.59752945612758,5.5975324867911,58.881,400
15484,"ABC-SMC",1.56144863429052,16.8762036435265,0.21492776,2.3229485,72.9429989274005,29.3434065934066,0.558731044363732,626.499282498697,626.499259175421,50.107,400
15484,"NelderMead",10.0005,108.085831855604,0.21492776,2.3229485,75.5440758385725,33.6497252747253,0.436835087325013,4552.95874297485,4552.95859359791,24.535,400
15484,"DE",0.209694064615782,2.26638242179686,0.21492776,2.3229485,19.9650938727355,1.96291208791209,0.995121981991387,2.43509511485075,2.43509824703994,72.163,400
15537,"BiLSTM",0.634020686149597,4.19659185409546,0.6753687,4.1596766,6.64247776175929,0.846153846153846,0.998776873460531,6.12228755202941,0.887454906842011,NA,400
15537,"ABC",0.723495979414267,4.45609846741553,0.6753687,4.1596766,8.5478668262555,2.03846153846154,0.994481034318446,7.12607490016447,7.12607964319939,36.655,400
15537,"ABC-SMC",1.70612968436765,10.5082572509634,0.6753687,4.1596766,22.3532015524403,11.6428571428571,0.84667531685904,152.621965508269,152.621976693173,26.672,400
15537,"NelderMead",10.0005,61.5942783254536,0.6753687,4.1596766,25.4360653622565,18.5054945054945,0.601968205482232,1380.74673878135,1380.7468043418,11.32,400
15537,"DE",0.655856705955447,4.03950007381981,0.6753687,4.1596766,6.38426096789223,0.979395604395604,0.998353328527789,2.88908770047425,2.88908340086327,26.841,400
15684,"BiLSTM",0.494928181171417,2.70203852653503,0.493963,2.6386976,21.0325754145526,1.99313186813187,0.993031721453006,0.195395438811662,2.40046174806216,NA,400
15684,"ABC",0.626095985898623,3.34453823627988,0.493963,2.6386976,27.6915066479976,3.32692307692308,0.987090558134149,26.7495715060892,26.7495841994128,59.262,400
15684,"ABC-SMC",1.42310878140158,7.60209591018514,0.493963,2.6386976,51.8020460600612,10.3228021978022,0.904344759604224,188.100279049561,188.100307901335,45.244,400
15684,"NelderMead",10.0005,53.4216084837392,0.493963,2.6386976,62.0070347224289,15.4423076923077,0.751919108696477,1924.54434846335,1924.54455121114,19.787,400
15684,"DE",0.470006678727307,2.51072574128422,0.493963,2.6386976,20.0347486877647,2.08791208791209,0.992846737972547,4.84982099321057,4.84981146440508,50.395,400
15729,"BiLSTM",0.292236924171448,1.50586378574371,0.22391379,1.133299,20.2084250203866,4.18681318681319,0.980121909664759,30.5131426570234,32.8743593476844,NA,400
15729,"ABC",0.216091797789423,1.0937093875482,0.22391379,1.133299,15.8271512211346,1.38186813186813,0.994521274386002,3.49330526296636,3.49330692533941,46.193,400
15729,"ABC-SMC",1.22689982211936,6.20973061800701,0.22391379,1.133299,50.2168892122815,16.478021978022,0.853382884236296,447.934016086888,447.934006648467,41.402,400
15729,"NelderMead",10.0005,50.6157144420367,0.22391379,1.133299,54.3387076056938,19.7527472527473,0.756887070842301,4366.22782812975,4366.22775119688,16.225,400
15729,"DE",0.222429578856911,1.12578691534262,0.22391379,1.133299,17.0527937211487,1.40521978021978,0.994201766881164,0.662849368540218,0.662851079669194,71.108,400
15755,"BiLSTM",0.567529022693634,4.26238775253296,0.6070796,4.34827,6.83260910976311,2.18543956043956,0.99631243504598,6.51489150786256,1.97509003504937,NA,400
15755,"ABC",0.661353972873859,4.73701554753052,0.6070796,4.34827,10.002591770578,4.03434065934066,0.989151423563908,8.94023994116399,8.94023479522932,59.391,400
15755,"ABC-SMC",1.59341991941961,11.4130333250076,0.6070796,4.34827,30.615753656581,25.4958791208791,0.638601517172889,162.472980383398,162.472967985144,44.907,400
15755,"NelderMead",10.0005,71.6296052131139,0.6070796,4.34827,34.8107945827567,37.1634615384615,0.282661976155133,1547.31280708494,1547.31272927196,14.071,400
15755,"DE",0.604660265854205,4.33094106606602,0.6070796,4.34827,4.64002596999545,1.73901098901099,0.997354640148528,0.398520086294282,0.398524791100428,45.713,400
15815,"BiLSTM",0.375861614942551,2.29727745056152,0.4343907,2.7353346,28.1360563698899,2.65796703296703,0.976359794812052,13.4738347431124,16.0147555417343,NA,400
15815,"ABC",0.416187920587898,2.62071290111955,0.4343907,2.7353346,19.646934140333,1.62774725274725,0.987786535826213,4.1904164642802,4.19040869370985,40.441,400
15815,"ABC-SMC",1.64571695120269,10.3629909285105,0.4343907,2.7353346,75.5136868552968,16.2623626373626,0.370146996568378,278.856396143539,278.856426870426,33.462,400
15815,"NelderMead",10.0005,62.9726094179393,0.4343907,2.7353346,81.4201391192246,19.5645604395604,0.14865334831566,2202.19017119842,2202.19035791597,13.176,400
15815,"DE",0.422763702313751,2.66212024417637,0.4343907,2.7353346,18.9632568584347,1.60714285714286,0.987457858795715,2.67662214827541,2.6766142549298,39.139,400
15857,"BiLSTM",0.308266013860703,4.23611736297607,0.30877462,4.3051,17.528396344945,1.77472527472527,0.996875886001352,0.164717598647675,1.60234691468087,NA,400
15857,"ABC",0.333243264120958,4.64625487585622,0.30877462,4.3051,18.5274643674508,2.60027472527473,0.99450611953965,7.92443502026102,7.92443557306968,69.118,400
15857,"ABC-SMC",1.51280701904473,21.0923602822315,0.30877462,4.3051,55.1772980311651,23.1442307692308,0.667447438554517,389.938913711473,389.938916221029,57.953,400
15857,"NelderMead",10.0005,139.432291327979,0.30877462,4.3051,59.6845381744586,29.0137362637363,0.478720491496905,3138.77007767024,3138.77009425982,27.237,400
15857,"DE",0.304132580749303,4.24037824122465,0.30877462,4.3051,16.9845898279295,1.78846153846154,0.996897043399876,1.50337461372201,1.50337410920432,66.4,400
15878,"BiLSTM",0.744808852672577,4.12775707244873,0.6275908,3.3805618,27.0361498353167,3.72527472527473,0.985489603370827,18.6774651050616,22.1026952516807,NA,400
15878,"ABC",0.607279247961772,3.27115228249594,0.6275908,3.3805618,18.7058241786307,2.14697802197802,0.993135828797413,3.23643240758596,3.23643003668988,77.354,400
15878,"ABC-SMC",1.46898232590302,7.9127763783332,0.6275908,3.3805618,52.0473062407501,12.4134615384615,0.863018269673452,134.06689930812,134.066905043215,56.545,400
15878,"NelderMead",10.0005,53.8683949943896,0.6275908,3.3805618,67.2813205910309,20.3008241758242,0.609365438407046,1493.47460160347,1493.4746406467,21.889,400
15878,"DE",0.617452060528425,3.32594885122194,0.6275908,3.3805618,18.2998987388172,2.12087912087912,0.993073464681737,1.61550160894246,1.61549919833041,59.657,400
15904,"BiLSTM",0.970877349376678,4.52608919143677,0.9823073,4.5518126,11.5355765504902,1.73076923076923,0.995679922336802,1.16358196903571,0.565124508052733,NA,400
15904,"ABC",1.91123544153049,8.85627672817103,0.9823073,4.5518126,19.9462193600767,5.85027472527473,0.962322125074828,94.5659409769727,94.5659346382368,59.755,400
15904,"ABC-SMC",1.57783483690192,7.31136606370277,0.9823073,4.5518126,17.4516134690686,4.45741758241758,0.977316529467708,60.625380357239,60.6253751242477,39.129,400
15904,"NelderMead",10.0005,46.3402851870258,0.9823073,4.5518126,28.1423644871857,11.7335164835165,0.830659680946934,918.062270330272,918.062237162967,17.202,400
15904,"DE",1.00170957012018,4.64171862946277,0.9823073,4.5518126,10.7192432732313,1.67582417582418,0.995698720995746,1.97517315815368,1.97516983591911,35.925,400
15956,"BiLSTM",0.380934149026871,1.61025416851044,0.25220814,1.0868573,30.6081743924431,3.36263736263736,0.97431752569662,51.0395933401954,48.1569078581371,NA,400
15956,"ABC",0.245795065429074,1.05922101835361,0.25220814,1.0868573,26.6348203010825,1.14697802197802,0.990405344841463,2.54277065400283,2.54277002568711,30.133,400
15956,"ABC-SMC",1.47635312553047,6.36214668648486,0.25220814,1.0868573,56.7844415589032,9.30769230769231,0.886024381427324,485.370926382656,485.370930156596,26.585,400
15956,"NelderMead",10.0005,43.0958195826835,0.25220814,1.0868573,60.8122644188899,10.7953296703297,0.837105087802418,3865.17733329305,3865.17735885691,7.654,400
15956,"DE",0.23458356145133,1.01090653881005,0.25220814,1.0868573,27.1845391106198,1.20192307692308,0.990002730629719,6.98810853157619,6.98810793191997,42.928,400
15972,"BiLSTM",0.193150997161865,1.97738182544708,0.2554634,2.595273,33.850411761814,3.73214285714286,0.978050019056271,24.3919100889344,23.8083305514648,NA,400
15972,"ABC",0.284352027418946,2.88875499985671,0.2554634,2.595273,24.5873259169358,2.32417582417582,0.985302881851148,11.3083233915096,11.308328636591,46.03,400
15972,"ABC-SMC",1.73881085504604,17.6647186127455,0.2554634,2.595273,69.7480414499786,13.5549450549451,0.71925347584286,580.64969582572,580.649727899359,41.763,400
15972,"NelderMead",10.0005,101.595879720963,0.2554634,2.595273,73.9506253343981,15.8928571428571,0.615628623045101,3814.65078754921,3814.65097201576,16.34,400
15972,"DE",0.252764986397007,2.56785972257997,0.2554634,2.595273,21.299824930038,2.13736263736264,0.987373677030777,1.05628187951516,1.05627721707991,48.279,400
15983,"BiLSTM",0.282161593437195,1.99604630470276,0.16824424,1.1754215,46.4370661863867,9.0206043956044,0.925859787768229,67.7095117414984,69.8153645056483,NA,400
15983,"ABC",0.16697793460353,1.16657451329096,0.16824424,1.1754215,22.1489136833486,1.42994505494505,0.990151534441361,0.752658989377845,0.752665040501825,39.061,400
15983,"ABC-SMC",1.57082684714423,10.9744234711172,0.16824424,1.1754215,75.59819643651,22.7664835164835,0.654274357496801,833.658618651213,833.658561725919,32.666,400
15983,"NelderMead",10.0005,69.8674854726561,0.16824424,1.1754215,77.1446551454697,24.8365384615385,0.601487794322833,5844.03707372092,5844.03671131217,15.4,400
15983,"DE",0.16183491129583,1.13064329922804,0.16824424,1.1754215,22.8684507738442,1.51236263736264,0.990225461280814,3.80953826661163,3.80954413135726,73.57,400
16058,"BiLSTM",0.699373066425323,3.69764184951782,0.75675774,3.9012675,14.8675134298393,1.6978021978022,0.993703016996492,7.58296486993004,5.21947419607032,NA,400
16058,"ABC",0.856999117038912,4.41803590025906,0.75675774,3.9012675,20.6369974568134,2.82417582417582,0.987605994178809,13.2461647553036,13.2461667973053,53.218,400
16058,"ABC-SMC",1.31810691511278,6.79515714259897,0.75675774,3.9012675,31.3201616479331,7.3489010989011,0.925951591456032,74.178187475529,74.1781906162283,37.734,400
16058,"NelderMead",10.0005,51.5549749610006,0.75675774,3.9012675,45.1320922366558,15.7293956043956,0.637773922500948,1221.49292586026,1221.4929496888,14.769,400
16058,"DE",0.732170284547042,3.774513343034,0.75675774,3.9012675,14.7795797284832,1.63186813186813,0.994242314192607,3.24905239197917,3.24905064741151,35.914,400
16070,"BiLSTM",0.588711500167847,4.49636030197144,0.6610596,4.9827743,7.27767772759258,1.21565934065934,0.996332747757334,10.9442627914568,9.7619111110163,NA,400
16070,"ABC",0.886504468092162,6.68207746280545,0.6610596,4.9827743,14.0206520213425,3.29395604395604,0.985063639148172,34.1035616292634,34.1035547768129,35.581,400
16070,"ABC-SMC",1.59834947625789,12.0476493885865,0.6610596,4.9827743,20.0345206715667,7.46840659340659,0.91926483338719,141.78598665807,141.785974303242,25.201,400
16070,"NelderMead",10.0005,75.3793331810244,0.6610596,4.9827743,23.5915717723558,12.8131868131868,0.724825120290943,1412.79854342937,1412.79846612809,10.679,400
16070,"DE",0.642625494846777,4.84382593737072,0.6610596,4.9827743,7.44895982045277,1.14148351648352,0.99724494589288,2.78856931405621,2.78857428138527,23.338,400
16075,"BiLSTM",0.746502637863159,4.1524715423584,0.6751651,3.752362,11.775415621198,2.40247252747253,0.994336458359145,10.5659397772721,10.6628716088266,NA,400
16075,"ABC",1.07957249677013,5.99993495701475,0.6751651,3.752362,22.4403286169866,5.8489010989011,0.973920726780523,59.8975564302914,59.8975513826956,77.48,400
16075,"ABC-SMC",1.46493041250235,8.14163682185615,0.6751651,3.752362,29.2021664469333,8.61401098901099,0.943825237118299,116.973657628682,116.973650779326,49.208,400
16075,"NelderMead",10.0005,55.5797315299724,0.6751651,3.752362,40.0323788432323,15.8516483516484,0.779314914147345,1381.19326665433,1381.19321989649,21.894,400
16075,"DE",0.651986456087864,3.62354204195206,0.6751651,3.752362,11.2832829047176,1.92994505494505,0.99521556372958,3.43303347760953,3.43303652600514,51.998,400
16108,"BiLSTM",0.736627161502838,3.89258503913879,0.6944887,3.5302386,12.9707106823628,2.1510989010989,0.995906417027188,6.06755178346864,10.2640778767416,NA,400
16108,"ABC",0.743127212505438,3.77747886895636,0.6944887,3.5302386,13.1532256165963,2.29532967032967,0.995458097352965,7.00349948176807,7.00350024376155,59.231,400
16108,"ABC-SMC",1.22994070363619,6.25205878599287,0.6944887,3.5302386,31.1383230484319,12.5480769230769,0.886898716779782,77.1001750836529,77.100176344819,43.3,400
16108,"NelderMead",10.0005,50.8347383776122,0.6944887,3.5302386,42.9409466986882,27.2953296703297,0.440255367895555,1339.98023293972,1339.98024319411,17.329,400
16108,"DE",0.692319448728612,3.51921184439294,0.6944887,3.5302386,11.8253224079601,1.74450549450549,0.996608520999159,0.312352277493997,0.312351567598173,44.157,400
16124,"BiLSTM",0.778016626834869,3.30551290512085,0.76859456,3.2034256,21.8784233831497,2.33241758241758,0.991476498454447,1.22588258169162,3.18681679764467,NA,400
16124,"ABC",0.72944021397805,3.04023426092621,0.76859456,3.2034256,20.8090579171161,2.26510989010989,0.992377953987111,5.09427831781031,5.09427592367978,78.072,400
16124,"ABC-SMC",1.05229962739609,4.38588018409654,0.76859456,3.2034256,34.3538911417709,7.0989010989011,0.9440728399117,36.9121877984786,36.9121912522814,56.871,400
16124,"NelderMead",10.0005,41.6810893391565,0.76859456,3.2034256,70.4469083665277,22.0673076923077,0.49545724256821,1201.14113740279,1201.14117022591,22.248,400
16124,"DE",0.732619005214898,3.05348314663528,0.76859456,3.2034256,21.1464211208708,2.26923076923077,0.992332645517136,4.68069339250878,4.680690987945,57.909,400
16138,"BiLSTM",0.414845824241638,1.85839462280273,0.41954252,1.8803884,15.3529171908642,1.9010989010989,0.99378711762505,1.11948027541089,1.16964012313975,NA,400
16138,"ABC",0.395062162676818,1.77066743020542,0.41954252,1.8803884,16.1978646711633,1.97252747252747,0.99406333424221,5.83501222311906,5.83501630804486,54.411,400
16138,"ABC-SMC",1.81578920882728,8.1383617970499,0.41954252,1.8803884,47.2887551169764,17.6016483516484,0.831532865395788,332.802188638063,332.80216986288,41.561,400
16138,"NelderMead",10.0005,44.8222110560737,0.41954252,1.8803884,51.175019158748,22.2706043956044,0.686281633668314,2283.66781035686,2283.66770695212,18.04,400
16138,"DE",0.43589124599682,1.95366325939347,0.41954252,1.8803884,15.1118720232493,2.10027472527473,0.993469753709825,3.8967983499789,3.89679384288213,56.892,400
16141,"BiLSTM",0.266104340553284,1.37883174419403,0.37680504,1.962831,19.1168139322089,3.65796703296703,0.986828466349348,29.3787735553421,29.7529056656416,NA,400
16141,"ABC",0.385699631005104,2.00916429314753,0.37680504,1.962831,13.1834852052275,1.82142857142857,0.993959474480367,2.36052867156559,2.36053400152792,43.415,400
16141,"ABC-SMC",1.61132794349988,8.39363667575808,0.37680504,1.962831,40.2606376478077,12.9326923076923,0.873111634425071,327.629084658708,327.629106925562,34.569,400
16141,"NelderMead",10.0005,52.0940283537787,0.37680504,1.962831,43.8890803508055,16.5961538461538,0.7645588387221,2554.02500985656,2554.02514805292,15.33,400
16141,"DE",0.35681398971587,1.85869487498459,0.37680504,1.962831,13.3536931289523,1.83379120879121,0.993871435580751,5.30540947226452,5.30540454147131,45.18,400
16178,"BiLSTM",0.221376895904541,1.30350184440613,0.27078015,1.556389,33.4794679927991,3.08791208791209,0.988300433540596,18.2447842264136,16.2483258101845,NA,400
16178,"ABC",0.240601744835483,1.38292967236003,0.27078015,1.556389,31.0562263946958,2.28021978021978,0.99115393591915,11.1449842850433,11.1449854528636,50.046,400
16178,"ABC-SMC",1.37767729201777,7.91860760349321,0.27078015,1.556389,73.3048531474081,16.9395604395604,0.82728643985519,408.780755169007,408.780748482109,42.007,400
16178,"NelderMead",10.0005,57.4808308139787,0.27078015,1.556389,77.6404858755515,20.3846153846154,0.708871924668152,3593.21754198009,3593.21749344018,11.606,400
16178,"DE",0.250185490059279,1.43801508186689,0.27078015,1.556389,30.8808253297314,2.09340659340659,0.991773053665058,7.60567565263577,7.60567686697316,67.607,400
16192,"BiLSTM",0.399612575769424,2.18119764328003,0.38216728,2.0017538,30.8158062220501,3.29120879120879,0.980973541158443,4.56483238686065,8.9643313418478,NA,400
16192,"ABC",0.319161035002703,1.67173338276533,0.38216728,2.0017538,42.5486522474839,5.01648351648352,0.975346918089758,16.4865618525209,16.4865637939428,81.892,400
16192,"ABC-SMC",1.30785109906841,6.85039244211145,0.38216728,2.0017538,105.670294643577,23.0013736263736,0.635294538780007,242.219537755407,242.219529799891,68.775,400
16192,"NelderMead",10.0005,52.3816126056962,0.38216728,2.0017538,115.828556713531,29.168956043956,0.387690657662285,2516.78603149909,2516.78597066713,28.463,400
16192,"DE",0.387589504749074,2.03015482103891,0.38216728,2.0017538,30.548168067217,3.0782967032967,0.982429989561324,1.41880925783973,1.41880690017497,94.154,400
16231,"BiLSTM",0.64920699596405,3.89974355697632,0.64876074,3.8667138,7.07064362778163,1.12362637362637,0.997233256645154,0.0687859077370104,0.85420744034168,NA,400
16231,"ABC",1.08824494785463,6.48610669112217,0.64876074,3.8667138,15.3812874997838,4.20467032967033,0.980271575507353,67.7421090330827,67.7420938452226,39.305,400
16231,"ABC-SMC",1.47922438266633,8.81640405039099,0.64876074,3.8667138,18.1590895217294,5.90934065934066,0.958103714705142,128.007690888682,128.0076702442,27.116,400
16231,"NelderMead",10.0005,59.6045128373357,0.64876074,3.8667138,23.2054485961989,11.0865384615385,0.825353711888613,1441.47737114919,1441.47723157933,12.112,400
16231,"DE",0.654633298285476,3.90171479740054,0.64876074,3.8667138,7.24363679978711,1.16071428571429,0.997114234862852,0.905196310966069,0.905187174715119,26.39,400
16265,"BiLSTM",0.273131668567657,2.64408373832703,0.27405298,2.6266785,15.8504723800598,2.32005494505495,0.993875145411203,0.33618004531187,0.66263299170516,NA,400
16265,"ABC",0.282571095419103,2.70832094930037,0.27405298,2.6266785,16.988123002451,2.49038461538462,0.99325062272198,3.10820025350685,3.10820107220453,61.687,400
16265,"ABC-SMC",1.45229960071663,13.9196595017889,0.27405298,2.6266785,65.4292610424114,28.7293956043956,0.522014482115849,429.933883848529,429.933888056299,53.453,400
16265,"NelderMead",10.0005,95.8504393852,0.27405298,2.6266785,69.0441530096775,34.1895604395604,0.344980884513903,3549.111934488,3549.1119634626,23.254,400
16265,"DE",0.269761293607566,2.58554457491176,0.27405298,2.6266785,15.4444796104372,2.34203296703297,0.993626051302305,1.56600610306609,1.56600532148246,68.371,400
16413,"BiLSTM",0.334935784339905,2.12861657142639,0.44416535,2.9226544,13.289389956459,2.4217032967033,0.990540436965218,24.5920951870954,27.1683791478598,NA,400
16413,"ABC",0.482444436481539,3.17453460556711,0.44416535,2.9226544,13.913443329258,2.14835164835165,0.989821054158964,8.61820636876317,8.61820013913056,35.125,400
16413,"ABC-SMC",1.45086721377435,9.54685727500483,0.44416535,2.9226544,35.4438715166946,10.2335164835165,0.865199363913332,226.650247205088,226.650228470558,26.486,400
16413,"NelderMead",10.0005,65.8043308665839,0.44416535,2.9226544,39.3753021581958,14.2019230769231,0.704953457721328,2151.52637413072,2151.52624499783,12.647,400
16413,"DE",0.403210987289759,2.65317026315257,0.44416535,2.9226544,11.4210263313316,1.57417582417582,0.993409119264648,9.22052175169466,9.22052695821406,30.397,400
16427,"BiLSTM",0.613893091678619,2.84115123748779,0.6222998,2.9103694,14.258715239996,2.13736263736264,0.995642366722566,1.3509096935883,2.378329105309,NA,400
16427,"ABC",0.582755880591269,2.72543061645728,0.6222998,2.9103694,14.0392228476091,2.84752747252747,0.992490221651094,6.3544804945672,6.35447801034197,75.72,400
16427,"ABC-SMC",1.73027272615109,8.09213329239776,0.6222998,2.9103694,59.1911731768673,25.6195054945055,0.604095646362245,178.044879035971,178.044886411936,46.826,400
16427,"NelderMead",10.0005,46.7703026046295,0.6222998,2.9103694,66.4699732257738,35.0755494505495,0.285787676035502,1507.02285297215,1507.0228956032,23.113,400
16427,"DE",0.608447223391187,2.84558379650542,0.6222998,2.9103694,13.9893795337315,2.14423076923077,0.995567232587188,2.22602941682023,2.22602682307559,59.117,400
16428,"BiLSTM",0.407535791397095,1.72624266147614,0.31657875,1.3726631,36.4564546318122,3.17032967032967,0.976323727351835,28.7312529337786,25.7586556727674,NA,400
16428,"ABC",0.331464412132387,1.43720642343887,0.31657875,1.3726631,39.2355246467049,2.28296703296703,0.979381194095863,4.70204084525171,4.70205132190641,55.518,400
16428,"ABC-SMC",1.5111417869573,6.55220471172178,0.31657875,1.3726631,74.0497814937289,12.2596153846154,0.860814924137899,377.33519288875,377.335240651678,47.158,400
16428,"NelderMead",10.0005,43.3614660021478,0.31657875,1.3726631,82.2726449663469,14.9230769230769,0.773882172839087,3058.92965020552,3058.9299662931,18.533,400
16428,"DE",0.29079139825169,1.26085109034625,0.31657875,1.3726631,41.2239522762032,2.53434065934066,0.977918424344845,8.14563572201552,8.14562653092002,77.448,400
16442,"BiLSTM",0.206569418311119,1.2676340341568,0.24983187,1.4137859,21.5970060388253,2.16620879120879,0.983240441693257,17.3166264531747,10.3376236701187,NA,400
16442,"ABC",0.234294626578533,1.32586140711773,0.24983187,1.4137859,20.5644264846279,1.60164835164835,0.986460219376691,6.21907982415018,6.21908118352788,36.204,400
16442,"ABC-SMC",1.70299232934288,9.63714720677307,0.24983187,1.4137859,65.7063929926929,11.9766483516484,0.806774467001322,581.655358598916,581.655348718153,27.816,400
16442,"NelderMead",10.0005,56.5923222205717,0.24983187,1.4137859,69.2219427394816,13.6181318681319,0.7329889250206,3902.89202494462,3902.8919669217,12.519,400
16442,"DE",0.250602845757934,1.41814879221291,0.24983187,1.4137859,19.7557897734791,1.54807692307692,0.985356640117668,0.308597841393872,0.308596387395871,50.728,400
16488,"BiLSTM",0.307524770498276,2.55847883224487,0.28656948,2.309634,25.3386362599509,4.60989010989011,0.977150874079977,7.31246415294321,10.7742106431094,NA,400
16488,"ABC",0.264745060211648,2.13373802343463,0.28656948,2.309634,17.7934232075107,3.5206043956044,0.985426904862479,7.61575161051755,7.61575109153099,49.945,400
16488,"ABC-SMC",1.54453243893483,12.4483062715082,0.28656948,2.309634,71.2515664620676,39.2019230769231,0.0762277334767055,438.973110093523,438.973113121309,39.214,400
16488,"NelderMead",10.0005,80.599982059341,0.28656948,2.309634,72.837768051494,41.8296703296703,0.0054810375883805,3389.72961112258,3389.72963072682,16.965,400
16488,"DE",0.265465539699501,2.13954479647549,0.28656948,2.309634,17.5289341674661,3.4478021978022,0.986123523075795,7.36433632098529,7.36433580058637,61.652,400
16510,"BiLSTM",0.611760020256042,4.44366502761841,0.70074755,4.8514004,5.53722053539476,1.7760989010989,0.996934259238345,12.6989426854161,8.40448816349176,NA,400
16510,"ABC",0.878482567012711,6.08189183760487,0.70074755,4.8514004,12.651410185009,4.02884615384615,0.987899411869726,25.363630170767,25.3636339232043,50.152,400
16510,"ABC-SMC",1.77310623451304,12.2755313990598,0.70074755,4.8514004,20.7686541414213,12.0755494505495,0.898822219489211,153.030671960686,153.030679534507,34.766,400
16510,"NelderMead",10.0005,69.2352490599708,0.70074755,4.8514004,23.8173599567665,19.706043956044,0.712040856192954,1327.11879620557,1327.11883892269,9.998,400
16510,"DE",0.656594912498713,4.54572394363863,0.70074755,4.8514004,4.3480846754499,1.19642857142857,0.99809596240008,6.30079084847133,6.30078804382691,34.112,400
16559,"BiLSTM",0.503659188747406,2.37975335121155,0.48346058,2.2862484,28.0232336400761,2.44505494505495,0.990372122168126,4.17792258210712,4.08988591141488,NA,400
16559,"ABC",0.488284394477324,2.30905995924861,0.48346058,2.2862484,26.0494288953636,2.50686813186813,0.989300353844591,0.997767900192354,0.997772562622981,66.298,400
16559,"ABC-SMC",1.91115686820707,9.03771623695597,0.48346058,2.2862484,84.9840121050501,25.4629120879121,0.464185485811774,295.307693588394,295.30771183726,46.373,400
16559,"NelderMead",10.0005,47.2916078900779,0.48346058,2.2862484,90.5265104031684,30.5934065934066,0.238835261046975,1968.52438724167,1968.5244827324,16.78,400
16559,"DE",0.517020899252852,2.44495271620832,0.48346058,2.2862484,27.7692135715534,2.56730769230769,0.990222606787052,6.94168679747423,6.94169173429815,63.634,400
16607,"BiLSTM",0.282580077648163,2.14707946777344,0.2137104,1.649094,18.8336931748678,2.95741758241758,0.991362321624565,32.2257024684633,30.1975186237678,NA,400
16607,"ABC",0.228607226466535,1.76404523735215,0.2137104,1.649094,14.2300807259896,1.3956043956044,0.99607250243316,6.97056692914092,6.97056913384873,35.774,400
16607,"ABC-SMC",1.83432242649142,14.1545295406229,0.2137104,1.649094,47.0373926307993,15.4299450549451,0.832044615296282,758.321554071032,758.321571761396,30.797,400
16607,"NelderMead",10.0005,77.1687521379499,0.2137104,1.649094,48.4116125443909,17.668956043956,0.769133900415244,4579.46342339914,4579.46351984483,14.368,400
16607,"DE",0.217795871054717,1.68061952803263,0.2137104,1.649094,13.4564866774784,1.30494505494505,0.996318760466381,1.91168565250794,1.91168775295009,43.254,400
16671,"BiLSTM",0.308341592550278,3.77706217765808,0.33729026,3.9544795,14.5801836432294,2.18681318681319,0.99096613696169,8.58271669324881,4.48648987412677,NA,400
16671,"ABC",0.307080834608148,3.60029637304245,0.33729026,3.9544795,14.4872445360005,2.18681318681319,0.99102744286053,8.95650689464095,8.95650431257905,42.591,400
16671,"ABC-SMC",1.77470241567058,20.8070773238641,0.33729026,3.9544795,45.0616104453871,19.3983516483516,0.544303168098389,426.164738842615,426.164753765042,34.87,400
16671,"NelderMead",10.0005,117.248489064956,0.33729026,3.9544795,47.9749608944257,23.2651098901099,0.366820193164147,2864.9536870706,2864.95377115891,15.653,400
16671,"DE",0.323446840790252,3.79217572876261,0.33729026,3.9544795,13.1352467588591,1.77747252747253,0.993212347375088,4.10430446753717,4.10430174786317,41.132,400
16675,"BiLSTM",0.780288994312286,4.53137397766113,0.7344563,4.4388027,11.5271026639724,1.73489010989011,0.99623949344339,6.24035688880148,2.08550106678841,NA,400
16675,"ABC",1.27316362197515,7.69456573581328,0.7344563,4.4388027,21.733419808566,6.78571428571429,0.959840620200537,73.3477705855544,73.3477754218108,60.789,400
16675,"ABC-SMC",1.75599056228261,10.612606722135,0.7344563,4.4388027,24.5366646030197,9.54120879120879,0.918320036759997,139.087140008549,139.087146678878,40.818,400
16675,"NelderMead",10.0005,60.4396036085474,0.7344563,4.4388027,31.9392352763355,16.135989010989,0.740519970529536,1261.61947279913,1261.61951078716,18.136,400
16675,"DE",0.752059183090441,4.54518863218382,0.7344563,4.4388027,11.1691379427515,1.56043956043956,0.996745121448937,2.39672300318496,2.39672585996705,41.097,400
16751,"BiLSTM",0.266492366790771,1.96303260326385,0.27022496,2.0627048,26.3882005056789,3.13186813186813,0.979015458048235,1.38129105809786,4.83211154287056,NA,400
16751,"ABC",0.248181588579311,1.8944414672195,0.27022496,2.0627048,32.2697818385659,3.78846153846154,0.976508940799083,8.1574149999648,8.15741218910707,84.184,400
16751,"ABC-SMC",1.54718892349371,11.8101381777259,0.27022496,2.0627048,127.887350186995,30.5508241758242,0.371355368132897,472.555889542444,472.555907065613,64.883,400
16751,"NelderMead",10.0005,76.3366936337999,0.27022496,2.0627048,133.413576671015,34.3736263736264,0.208641744953637,3600.80543262917,3600.80554589294,28.733,400
16751,"DE",0.275253286308982,2.10108752449031,0.27022496,2.0627048,28.5917565646048,3.3021978021978,0.97724716609119,1.86079269249671,1.86079580996338,86.739,400
16788,"BiLSTM",0.552202522754669,2.34192419052124,0.58133847,2.5195756,6.55101624015946,0.90521978021978,0.998840545696713,5.01187324577554,7.05084655839499,NA,400
16788,"ABC",0.588440911644946,2.55035821349576,0.58133847,2.5195756,5.42199639358299,1.18543956043956,0.997994034570305,1.22173948765953,1.22173803777752,42.917,400
16788,"ABC-SMC",1.35168137838648,5.85831412666503,0.58133847,2.5195756,24.374309580529,12.3255494505495,0.886742024657781,132.511944097985,132.511940767526,31.216,400
16788,"NelderMead",10.0005,43.3431068597309,0.58133847,2.5195756,29.3994725715519,21.0563186813187,0.64203137425766,1620.25429523011,1620.2542705895,13.851,400
16788,"DE",0.554838612134832,2.40472268943201,0.58133847,2.5195756,6.05921583318193,0.901098901098901,0.998843260684047,4.55842151047869,4.55842287756672,34.629,400
16836,"BiLSTM",0.537136197090149,3.05251955986023,0.5258858,2.9913592,8.7237772931927,1.06730769230769,0.997323961773135,2.13932323142191,2.04456756180365,NA,400
16836,"ABC",0.618943544057146,3.52069306333552,0.5258858,2.9913592,12.1045548547421,2.25,0.993604908364913,17.6954281817738,17.6954296674073,33.575,400
16836,"ABC-SMC",1.54222993054869,8.77255812858088,0.5258858,2.9913592,24.248615396364,9.75412087912088,0.88544309694619,193.263277036324,193.263280738097,27.957,400
16836,"NelderMead",10.0005,56.8851413314621,0.5258858,2.9913592,27.4503445104819,14.9821428571429,0.69745572977426,1801.64860888048,1801.64863288441,10.986,400
16836,"DE",0.491005963982176,2.7929547178358,0.5258858,2.9913592,7.02755473051505,1.01236263736264,0.997386667697339,6.63258753475066,6.6325863562023,26.445,400
16879,"BiLSTM",0.305060148239136,3.72386717796326,0.3174683,3.7679346,10.5720043537864,2.21291208791209,0.993024173343324,3.908469526206,1.16953786928104,NA,400
16879,"ABC",0.315172761546662,3.74068961996462,0.3174683,3.7679346,10.4439458552266,2.0989010989011,0.993722181918828,0.723076431044565,0.72307465303075,57.268,400
16879,"ABC-SMC",1.38298508815964,16.414229257812,0.3174683,3.7679346,54.0972297859782,23.4354395604396,0.552779372970379,335.62934887031,335.629356672274,50.475,400
16879,"NelderMead",10.0005,118.692891990026,0.3174683,3.7679346,58.7912480147602,29.2994505494506,0.320685241783885,3050.07829128137,3050.07834769813,22.323,400
16879,"DE",0.313680674394336,3.72298049149997,0.3174683,3.7679346,10.6058421981752,2.06868131868132,0.993896930075155,1.19307206598702,1.19307029639065,56.626,400
16892,"BiLSTM",0.52176159620285,4.15542507171631,0.48906255,3.738601,8.83613244649605,1.91895604395604,0.994870892162948,6.68606627165592,11.149199171463,NA,400
16892,"ABC",0.502938381541868,3.8446740386573,0.48906255,3.738601,8.93524378865418,1.46703296703297,0.996830314437898,2.8372304405374,2.83723881359106,43.541,400
16892,"ABC-SMC",1.7753315984287,13.5713867881022,0.48906255,3.738601,31.736345025131,22.5961538461538,0.539547267514714,263.007062885658,263.007092441857,32.797,400
16892,"NelderMead",10.0005,76.4480583202251,0.48906255,3.738601,34.1454272670824,28.8063186813187,0.290627454784482,1944.83046187037,1944.83062836139,10.986,400
16892,"DE",0.487742516182566,3.72851040671748,0.48906255,3.738601,9.04696431941815,1.39423076923077,0.997252706647401,0.269911040506795,0.269902920438003,35.016,400
16931,"BiLSTM",0.806786358356476,4.00633096694946,0.94892484,4.607409,10.7770388878376,1.47115384615385,0.993967190884187,14.978897764287,13.045901352594,NA,400
16931,"ABC",4.49789735014367,21.839086010691,0.94892484,4.607409,19.8843569230648,4.83104395604396,0.942846214101325,373.999326452838,373.999291373763,40.846,400
16931,"ABC-SMC",2.13216780658355,10.3525253006757,0.94892484,4.607409,16.7497545465585,3.34752747252747,0.974983065324609,124.693012207748,124.692995578983,26.652,400
16931,"NelderMead",10.0005,48.5564170651735,0.94892484,4.607409,21.3369651490896,5.74175824175824,0.913542669578374,953.876932971846,953.876854978005,11.781,400
16931,"DE",0.873051026287412,4.23901102460771,0.94892484,4.607409,10.8852227254112,1.36675824175824,0.994451269997353,7.99576642050888,7.99577322942878,23.517,400
16944,"BiLSTM",0.292997092008591,1.46744632720947,0.27283493,1.3748909,52.1144518748023,2.71291208791209,0.947815135394171,7.38987563234324,6.73183793779366,NA,400
16944,"ABC",0.271349015241442,1.36740295670249,0.27283493,1.3748909,48.8575052005629,2.27335164835165,0.950743091473726,0.544620426188923,0.544620907558048,52.593,400
16944,"ABC-SMC",1.53112408508093,7.71575897983319,0.27283493,1.3748909,122.913516837991,15.4725274725275,0.698800182463408,461.190638266488,461.190635550296,42.247,400
16944,"NelderMead",10.0005,50.3952935164909,0.27283493,1.3748909,127.738905733794,17.0549450549451,0.559922161065123,3565.40310655971,3565.40308881897,18.023,400
16944,"DE",0.265066790882445,1.33574508554524,0.27283493,1.3748909,49.1668772182523,2.2239010989011,0.950935471370176,2.84719376567909,2.84719423590365,80.119,400
16972,"BiLSTM",0.379766911268234,4.38109636306763,0.4181596,4.947196,13.5672152225679,1.83928571428571,0.988737061233143,9.18134815792003,11.4428382649964,NA,400
16972,"ABC",0.444661314822949,5.26073442104408,0.4181596,4.947196,12.8210307602082,1.6043956043956,0.99213775294525,6.33770331302915,6.33769959880458,36.644,400
16972,"ABC-SMC",1.69399093159417,20.0414025364953,0.4181596,4.947196,37.9043924818065,12.646978021978,0.652427357710821,305.106311464372,305.106297314586,28.608,400
16972,"NelderMead",10.0005,118.314710148777,0.4181596,4.947196,42.6735778602945,16.7211538461538,0.418556991269664,2291.5509771867,2291.55089365323,12.533,400
16972,"DE",0.423456828439462,5.00986669839861,0.4181596,4.947196,11.9326976857844,1.43131868131868,0.993272453180846,1.26679584528534,1.26679230818036,29.374,400
17016,"BiLSTM",0.556282758712769,3.32198357582092,0.556514,3.2825012,11.0093843148423,1.4793956043956,0.997002403332326,0.0415517466283685,1.2028137513224,NA,400
17016,"ABC",0.59652006090062,3.51846975778241,0.556514,3.2825012,14.3496631364599,1.96016483516484,0.995392936704941,7.18868903578702,7.18868153901701,54.572,400
17016,"ABC-SMC",1.54980604194693,9.14126120215628,0.556514,3.2825012,44.955710803271,17.2403846153846,0.721742656900131,178.484645839445,178.484626362247,40.949,400
17016,"NelderMead",10.0005,58.9862087112022,0.556514,3.2825012,52.2197535242476,25.146978021978,0.415583077914164,1696.98983313987,1696.98970745851,17.217,400
17016,"DE",0.553147444961881,3.2626439314624,0.556514,3.2825012,12.0437321623672,1.49862637362637,0.997026890157434,0.604936270807024,0.604943222491385,44.252,400
17020,"BiLSTM",0.315649539232254,3.6391704082489,0.28631422,3.3233213,21.9209066216344,2.29258241758242,0.987204349046262,10.2458478074383,9.50401961582533,NA,400
17020,"ABC",0.301100394666337,3.49494840362942,0.28631422,3.3233213,21.1275276709565,2.18269230769231,0.987281650040829,5.16431725477603,5.16432472627365,47.387,400
17020,"ABC-SMC",1.19213442751735,13.8374056898213,0.28631422,3.3233213,57.0333784933326,11.0769230769231,0.821832513586253,316.372762595357,316.372792176951,43.385,400
17020,"NelderMead",10.0005,116.078331777768,0.28631422,3.3233213,64.6578111935158,14.8049450549451,0.645547130627376,3392.84083759444,3392.8410857466,18.406,400
17020,"DE",0.304936921023241,3.53947993498593,0.28631422,3.3233213,21.3780679305963,2.20741758241758,0.987302300065398,6.50428784963625,6.50429541633333,44.932,400
17085,"BiLSTM",0.659183919429779,2.79824662208557,0.6466442,2.6945908,9.61002138511785,1.24862637362637,0.994534336389832,1.93919924276427,3.84681125184468,NA,400
17085,"ABC",0.675492724276878,2.81480388721677,0.6466442,2.6945908,10.7652495090469,1.4271978021978,0.993608937338386,4.46126699611287,4.46127431359054,31.77,400
17085,"ABC-SMC",2.0778475745797,8.65846991354647,0.6466442,2.6945908,34.268446335129,10.7692307692308,0.753735467397444,221.327798900803,221.32782140971,22.095,400
17085,"NelderMead",10.0005,41.6724640583592,0.6466442,2.6945908,38.4598614367296,14.2953296703297,0.544769459818839,1446.52280187466,1446.52291020808,10.522,400
17085,"DE",0.631674886132428,2.63221328822776,0.6466442,2.6945908,9.15956221981601,1.08928571428571,0.995381702526953,2.3149227763231,2.31491593351531,24.769,400
17092,"BiLSTM",0.60617208480835,2.89045643806458,0.5941188,2.7712445,14.4479342424691,2.25961538461538,0.993656998208785,2.02876677330353,4.30174739416083,NA,400
17092,"ABC",0.667673035339207,3.11433574622492,0.5941188,2.7712445,17.2206041725086,3.00824175824176,0.991397443164959,12.3803918238587,12.3804033251097,62.35,400
17092,"ABC-SMC",1.2103775059821,5.64576032547357,0.5941188,2.7712445,36.5841026175389,9.64285714285714,0.936141753169211,103.726511597023,103.726532446833,45.272,400
17092,"NelderMead",10.0005,46.646955892564,0.5941188,2.7712445,49.1451120861603,17.8406593406593,0.725132529743686,1583.24920874411,1583.24938101146,18.582,400
17092,"DE",0.594742897733772,2.7741558640071,0.5941188,2.7712445,13.8096268197942,2.14423076923077,0.994003068072327,0.105045949357628,0.105056194323401,49.837,400
17147,"BiLSTM",0.184775039553642,1.75702714920044,0.14583936,1.4523771,22.0833212216114,2.38186813186813,0.984023455470191,26.6976483945365,20.9759606647915,NA,400
17147,"ABC",0.15072926564277,1.50107430600764,0.14583936,1.4523771,19.648696273348,1.3228021978022,0.991444803885782,3.35293959241898,3.3529312743665,29.647,400
17147,"ABC-SMC",1.98575465042976,19.7756240042974,0.14583936,1.4523771,65.891084448801,13.4931318681319,0.748314051144841,1261.60406246281,1261.60395287818,24.731,400
17147,"NelderMead",10.0005,99.5924284060849,0.14583936,1.4523771,67.3514228659133,14.5700549450549,0.700533008234617,6757.2023355012,6757.20178361976,11.984,400
17147,"DE",0.145776261367862,1.45174859992856,0.14583936,1.4523771,19.5749539168064,1.26648351648352,0.991526832038408,0.0432658454739883,0.0432738901930341,44.771,400
17189,"BiLSTM",0.24640354514122,1.74225604534149,0.30008617,2.3051279,27.0803386611494,3.93269230769231,0.987313681122568,17.8890699490683,24.4182483175232,NA,400
17189,"ABC",0.298370188369364,2.29194639389394,0.30008617,2.3051279,25.1985050524196,2.46840659340659,0.991504087712306,0.57182962834835,0.571834044699426,75.734,400
17189,"ABC-SMC",1.57807305541205,12.1220516983264,0.30008617,2.3051279,74.7389463878773,18.9601648351648,0.797398421711185,425.873303462151,425.873280104172,58.883,400
17189,"NelderMead",10.0005,76.8193700496712,0.30008617,2.3051279,79.8465316279254,23.021978021978,0.680731994386273,3232.54278262807,3232.54263460484,26.684,400
17189,"DE",0.319199529867878,2.45194808305601,0.30008617,2.3051279,25.8859070987906,2.68818681318681,0.991798010213756,6.36929048342297,6.36928575876467,79.885,400
17200,"BiLSTM",0.450282990932465,1.79142451286316,0.43260908,1.7425666,14.7642034162507,2.12087912087912,0.991922533707991,4.08542301804313,2.80379027482561,NA,400
17200,"ABC",0.387263351701236,1.55991220525165,0.43260908,1.7425666,24.2588562092449,3.95604395604396,0.98287276139608,10.4819178318596,10.4819175776894,56.439,400
17200,"ABC-SMC",1.29475270187736,5.21531545282705,0.43260908,1.7425666,65.9541072336386,26.5824175824176,0.490142034311465,199.289303376934,199.289304226711,42.165,400
17200,"NelderMead",10.0005,40.2824123173269,0.43260908,1.7425666,71.3015771573065,33.5398351648352,0.219624280271677,2211.6713130478,2211.67131961136,18.287,400
17200,"DE",0.435259835369616,1.75324395315541,0.43260908,1.7425666,13.5109984459406,1.75274725274725,0.993435600787075,0.612736877741077,0.612737163412461,63.818,400
17226,"BiLSTM",0.36348420381546,1.67339193820953,0.34194115,1.563034,41.6438399698894,2.70879120879121,0.97560922461997,6.300222659794,7.06049505062165,NA,400
17226,"ABC",0.336081501012701,1.53624939519227,0.34194115,1.563034,35.9479502404637,2.12912087912088,0.977029661977936,1.71364253389767,1.71362905782779,53.313,400
17226,"ABC-SMC",1.81892172452709,8.31440406802164,0.34194115,1.563034,126.871928570841,25.7403846153846,0.235516511711638,431.939991582495,431.940064516936,37.695,400
17226,"NelderMead",10.0005,45.7129060371571,0.34194115,1.563034,130.313536376936,27.9354395604396,0.112587229394152,2824.62606504072,2824.62646603702,17.45,400
17226,"DE",0.325087502398056,1.48599514534037,0.34194115,1.563034,34.3950682622133,2.51236263736264,0.973656801885819,4.92881526600234,4.92880223076568,80.983,400
17234,"BiLSTM",0.77383553981781,3.85373854637146,0.9215884,4.513467,19.4580617132372,3.30769230769231,0.978288972175908,16.032413188164,14.6168888268938,NA,400
17234,"ABC",0.840218632280767,4.11495924596326,0.9215884,4.513467,16.1459446120665,1.84203296703297,0.992796018939703,8.82929599800011,8.82930470161285,52.346,400
17234,"ABC-SMC",1.29622475954038,6.34824300984417,0.9215884,4.513467,27.8732535529081,7.4739010989011,0.893454667834111,40.6511583197428,40.6511448924777,38.06,400
17234,"NelderMead",10.0005,48.9773118069873,0.9215884,4.513467,52.0392466298473,19.9354395604396,0.319656208015751,985.137356329572,985.137252736916,13.587,400
17234,"DE",0.912761295461407,4.47023594551903,0.9215884,4.513467,13.7660690473838,1.60989010989011,0.994052515509343,0.957814197595433,0.957823652659321,34.566,400
17276,"BiLSTM",0.339749276638031,2.22865462303162,0.32437173,2.2704577,20.4692734782763,2.48763736263736,0.985529470769251,4.74071727460065,1.84117400506444,NA,400
17276,"ABC",0.303770750670293,2.12626015212198,0.32437173,2.2704577,18.2218326438117,2.08791208791209,0.989250871057142,6.35104031097504,6.35103432572276,45.477,400
17276,"ABC-SMC",1.68975704223076,11.8275477732298,0.32437173,2.2704577,70.7824573882736,22.7843406593407,0.422675998301395,420.93227798574,420.932311279341,33.094,400
17276,"NelderMead",10.0005,69.9990522602194,0.32437173,2.2704577,74.0449198993612,26.0631868131868,0.252131900362425,2983.03686020974,2983.03705725147,16.396,400
17276,"DE",0.316964525145562,2.21861070549471,0.32437173,2.2704577,16.4710446947902,1.91620879120879,0.98973308999771,2.28355438201652,2.28354813680481,49.61,400
17352,"BiLSTM",0.323530733585358,3.36408424377441,0.38032648,3.8477213,25.1958130697971,2.21840659340659,0.98873783288619,14.9334188917486,12.5694409370446,NA,400
17352,"ABC",0.436575171081382,4.41678322418606,0.38032648,3.8477213,24.125739060541,2.11675824175824,0.988101377446498,14.7895805417971,14.7895827118784,46.532,400
17352,"ABC-SMC",1.43314795574093,14.4990010151382,0.38032648,3.8477213,49.4786744700378,8.76785714285714,0.84489829714463,276.820450614149,276.820457737888,39.454,400
17352,"NelderMead",10.0005,101.173963979823,0.38032648,3.8477213,58.1065965726678,12.0934065934066,0.696759192244261,2529.45141237602,2529.45146208544,15.484,400
17352,"DE",0.370224438765518,3.74552012720491,0.38032648,3.8477213,21.5085209564887,1.75549450549451,0.991373623100301,2.65614985169636,2.65614801142417,40.349,400
17375,"BiLSTM",0.192804902791977,2.0485577583313,0.26734647,2.928995,19.7295153912136,2.43131868131868,0.987050795146573,27.8820091426766,30.0593630808076,NA,400
17375,"ABC",0.445521927637297,4.88104987735305,0.26734647,2.928995,25.1230174518123,3.76236263736264,0.975475418114416,66.6458987235914,66.6458931255618,29.259,400
17375,"ABC-SMC",1.57979030228437,17.3078692267786,0.26734647,2.928995,38.0741957032137,9.25412087912088,0.847419858973552,490.914965993142,490.914946142912,24.749,400
17375,"NelderMead",10.0005,109.563494567675,0.26734647,2.928995,40.3933020918951,11.5535714285714,0.754574805886927,3640.6515971578,3640.65147150047,10.887,400
17375,"DE",0.26348830960598,2.88672566153299,0.26734647,2.928995,10.3748558176334,1.14972527472527,0.994878491906606,1.44313122743696,1.44313453819508,26.498,400
17400,"BiLSTM",0.143812119960785,1.43560814857483,0.097445264,1.1077284,108.652050919001,11.9945054945055,0.0141060286074244,47.5824622536657,29.5992906361188,NA,400
17400,"ABC",0.0836954565554149,0.951424586771312,0.097445264,1.1077284,68.9401067875347,2.13324175824176,0.241619793625763,14.1102880531835,14.1103011558328,71.995,400
17400,"ABC-SMC",1.33077730947267,15.1278731708855,0.097445264,1.1077284,169.307390613043,25.4945054945055,0.104592999892195,1265.66648274735,1265.66627441216,62.227,400
17400,"NelderMead",10.0005,113.682653415085,0.097445264,1.1077284,173.126200677225,25.9313186813187,0.1259975800417,10162.6844953696,10162.6829297763,27.58,400
17400,"DE",0.118638772556086,1.34864961372777,0.097445264,1.1077284,90.7812154465417,6.26373626373626,-0.114261773092128,21.7491417090174,21.7491231359396,142.641,400
17436,"BiLSTM",0.242804810404778,2.20826959609985,0.29372135,2.65825,19.2808271511939,2.83241758241758,0.989601038168946,17.3349807888403,16.9276931778481,NA,400
17436,"ABC",0.309156101059757,2.79793836384932,0.29372135,2.65825,12.4428991879795,1.89972527472527,0.993000427373578,5.25489585954761,5.25489942064578,41.29,400
17436,"ABC-SMC",1.36400301699924,12.344561069913,0.29372135,2.65825,48.5974134366725,16.4807692307692,0.719584396554746,364.386745123989,364.386760835626,33.929,400
17436,"NelderMead",10.0005,90.5069720822577,0.29372135,2.65825,52.0990918022943,20.8282967032967,0.550988668010903,3304.7576044438,3304.75771963727,14.109,400
17436,"DE",0.28341072764785,2.5649364346819,0.29372135,2.65825,10.3119126387905,1.65521978021978,0.994037130106862,3.51034146892949,3.51033820438636,41.603,400
17445,"BiLSTM",0.366530001163483,1.58433520793915,0.3655066,1.566435,47.1377977573624,2.40934065934066,0.978476058517524,0.279995262324306,1.1427354431654,NA,400
17445,"ABC",0.314585612594321,1.34820529466199,0.3655066,1.566435,44.054721384784,3.30906593406593,0.972545762854875,13.931619129635,13.9316157605013,65.8,400
17445,"ABC-SMC",1.61166568164131,6.90704252904244,0.3655066,1.566435,129.867657637472,20.6497252747253,0.647911570447978,340.940240652649,340.940257913188,49.402,400
17445,"NelderMead",10.0005,42.8586893662365,0.3655066,1.566435,136.358988442249,23.9656593406593,0.472622003562373,2636.0655046995,2636.06561180238,21.637,400
17445,"DE",0.370144893771579,1.58631318660614,0.3655066,1.566435,47.9993692877439,2.45879120879121,0.978553511123054,1.2690041087025,1.26900807286236,92.728,400
17494,"BiLSTM",0.83852344751358,4.52224969863892,0.9252386,4.8455377,5.0445617069059,1.14835164835165,0.998476576754155,9.37219356027945,6.67187052039827,NA,400
17494,"ABC",1.13051088190891,5.92056289849592,0.9252386,4.8455377,9.40391361506664,4.30357142857143,0.986764058073872,22.1858752876187,22.1858803925087,49.035,400
17494,"ABC-SMC",1.42084978130272,7.44108759511678,0.9252386,4.8455377,12.8435473467583,7.34065934065934,0.960709935968872,53.565770094624,53.5657765105569,32.801,400
17494,"NelderMead",10.0005,52.3733032683706,0.9252386,4.8455377,18.7121079949708,19.8681318681319,0.689978194769533,980.856332625984,980.856377783845,14.989,400
17494,"DE",0.8632486534236,4.5208923075613,0.9252386,4.8455377,4.97562065755796,1.04807692307692,0.998666740924363,6.699887637243,6.69988373919166,30.852,400
17504,"BiLSTM",0.888547360897064,3.97127103805542,0.9453933,4.0863075,12.5893245263965,2.26648351648352,0.99523023740754,6.01294076263665,2.8151689990188,NA,400
17504,"ABC",1.14705376433113,4.95795130081179,0.9453933,4.0863075,15.2971513127381,3.59752747252747,0.991100360212078,21.3308539769778,21.3308421065176,81.858,400
17504,"ABC-SMC",1.62667376559644,7.0310298984443,0.9453933,4.0863075,23.063663055824,8.17307692307692,0.954426915511864,72.0631789538215,72.0631621199407,52.492,400
17504,"NelderMead",10.0005,43.2255169945591,0.9453933,4.0863075,37.7245976562642,19.0769230769231,0.735346741563626,957.813716259677,957.813612767983,17.34,400
17504,"DE",0.949088063086034,4.10227710617054,0.9453933,4.0863075,12.4219711572966,1.96978021978022,0.99650536890245,0.390817566195314,0.390807744413233,51.582,400
17617,"BiLSTM",0.995981395244598,4.53405284881592,1.114736,4.9002943,14.4177662302758,2.75686813186813,0.994054635255338,10.6531595602368,7.47386644071728,NA,400
17617,"ABC",1.37825236930297,6.05869239335487,1.114736,4.9002943,14.5743706317484,4.75686813186813,0.985591053430725,23.6393522146024,23.6393576066414,77.288,400
17617,"ABC-SMC",1.54546527667344,6.79374759262041,1.114736,4.9002943,16.8070967312414,6.72252747252747,0.971343840780178,38.6395771441343,38.6395831903486,48.785,400
17617,"NelderMead",10.0005,43.9614359671936,1.114736,4.9002943,32.9677785614931,21.9615384615385,0.656139147043065,797.118241449096,797.118280573344,19.853,400
17617,"DE",1.09845703910922,4.82873344207921,1.114736,4.9002943,11.6888626805087,1.58516483516484,0.997367647406484,1.46034225958231,1.46033796216669,45.407,400
17648,"BiLSTM",1.1024956703186,4.76559114456177,1.184695,4.957225,18.2560982726865,2.95054945054945,0.991181729417774,6.93843813651586,3.86574858793443,NA,400
17648,"ABC",1.21029279308483,5.06433557611619,1.184695,4.957225,16.8146667545645,2.12912087912088,0.995396934046025,2.16070744662812,2.16069627899058,95.437,400
17648,"ABC-SMC",1.22244131658814,5.11516972147886,1.184695,4.957225,17.2892974849194,2.15521978021978,0.995199421477333,3.18616323932624,3.1861519595916,56.737,400
17648,"NelderMead",10.0005,41.8459799300814,1.184695,4.957225,57.9088718112866,23.4354395604396,0.497543769669808,744.141319073686,744.141226796875,24.167,400
17648,"DE",1.20425607777283,5.03907561233544,1.184695,4.957225,17.2748369336341,2.10714285714286,0.995483623405878,1.65114884192424,1.65113772998881,59.183,400
17655,"BiLSTM",0.363787561655045,2.42788553237915,0.32487366,2.2610178,23.2150136717963,3.2239010989011,0.980978573525632,11.978164574821,7.38020427699201,NA,400
17655,"ABC",0.333999510527612,2.32453096100644,0.32487366,2.2610178,16.0223213416647,1.62087912087912,0.991913570421169,2.8090459927136,2.80905179103134,38.71,400
17655,"ABC-SMC",1.93892449193994,13.4943012504669,0.32487366,2.2610178,64.9887231626569,24.4120879120879,0.306741044998099,496.824159871854,496.824193532084,29.339,400
17655,"NelderMead",10.0005,69.6003171945459,0.32487366,2.2610178,67.2803194194613,27.1964285714286,0.175396771046521,2978.27356640732,2978.27374001858,12.336,400
17655,"DE",0.328404400387515,2.28559076396737,0.32487366,2.2610178,15.4033382267202,1.50961538461538,0.992525767435483,1.08680414026642,1.08680984145159,42.414,400
17682,"BiLSTM",0.284451812505722,2.42352032661438,0.29479,2.5532062,17.559502949879,1.87362637362637,0.993155953665133,3.50696682189964,5.0793341088401,NA,400
17682,"ABC",0.290151577422354,2.51303238102226,0.29479,2.5532062,14.9685636963264,1.68269230769231,0.994085275567699,1.5734667314514,1.57346551084418,38.336,400
17682,"ABC-SMC",1.33434516887748,11.5568994890164,0.29479,2.5532062,50.102292581766,19.4972527472527,0.540735804236584,352.642616397258,352.64262201057,34.069,400
17682,"NelderMead",10.0005,86.6153496378577,0.29479,2.5532062,53.7255721135172,23.9354395604396,0.334608562653133,3292.41493944842,3292.41498151844,15.048,400
17682,"DE",0.303223306528512,2.62624795893349,0.29479,2.5532062,12.6995883817157,1.43818681318681,0.995011202103536,2.86078446640399,2.86078574200125,40.413,400
17718,"BiLSTM",0.405084013938904,2.27539539337158,0.43746516,2.3088667,24.7472185734698,2.12912087912088,0.987835185485992,7.40199426649112,1.44968553742916,NA,400
17718,"ABC",0.377650623548985,1.99317578456122,0.43746516,2.3088667,26.528959672209,2.4532967032967,0.98653512433754,13.6729828841718,13.6729814431806,48.469,400
17718,"ABC-SMC",1.28615558892979,6.78811053174502,0.43746516,2.3088667,57.0353943717275,8.38873626373626,0.889387650287022,194.001832952775,194.001837860324,39.542,400
17718,"NelderMead",10.0005,52.7809387581192,0.43746516,2.3088667,69.3080234579423,12.4230769230769,0.727969821770327,2186.01061625113,2186.01065440977,15.327,400
17718,"DE",0.418282305628748,2.20762289455486,0.43746516,2.3088667,24.6971241773982,1.99038461538462,0.988791597401666,4.38500162418697,4.38500002815852,44.669,400
17730,"BiLSTM",0.337692826986313,1.99085485935211,0.30207,1.8143313,11.6185218681758,1.27747252747253,0.996884297572515,11.7929046202247,9.72940054289488,NA,400
17730,"ABC",0.412212581082224,2.47588373096857,0.30207,1.8143313,14.6112809657532,2.35576923076923,0.992942019940057,36.4626017420546,36.4626036583601,32.565,400
17730,"ABC-SMC",1.3793279242138,8.28469514022522,0.30207,1.8143313,32.1583547576365,9.05906593406593,0.913076143747428,356.625260440891,356.62526685315,25.279,400
17730,"NelderMead",10.0005,60.0662774206115,0.30207,1.8143313,35.0741062104418,11.9958791208791,0.827830908680603,3210.65647035455,3210.65651684516,11.725,400
17730,"DE",0.302099076040769,1.81450596569924,0.30207,1.8143313,12.1757666421535,0.914835164835165,0.997659172359786,0.00962559697044641,0.00962700137715678,28.749,400
17737,"BiLSTM",0.188119381666183,1.11885905265808,0.2532573,1.4147322,65.7341531264795,7.69093406593407,0.888765581860502,25.7200555852947,20.9137211510361,NA,400
17737,"ABC",0.203937312390959,1.13922352012506,0.2532573,1.4147322,51.8029799260974,5.96428571428571,0.938179710902708,19.474261002167,19.4742637422785,60.594,400
17737,"ABC-SMC",1.33083350207291,7.4342297108701,0.2532573,1.4147322,126.71132164301,29.9574175824176,0.356882091812844,425.486729137881,425.486711256738,50.015,400
17737,"NelderMead",10.0005,55.8642490647815,0.2532573,1.4147322,130.53315241736,32.7472527472527,0.225734787292868,3848.75093432647,3848.75079995928,14.797,400
17737,"DE",0.234119018892662,1.30782292707584,0.2532573,1.4147322,37.8530899012692,2.9271978021978,0.973488235314112,7.55685269776565,7.5568558434,112.197,400
17769,"BiLSTM",0.350329607725143,3.64092922210693,0.3711363,3.8596292,15.3997048002012,1.90934065934066,0.994516357818313,5.60621320923244,5.66634685769987,NA,400
17769,"ABC",0.450734444756097,4.6874094048859,0.3711363,3.8596292,20.0547181509565,3.35714285714286,0.986691834062469,21.4471461713923,21.4471432873889,52.946,400
17769,"ABC-SMC",1.32196812506246,13.7477973881723,0.3711363,3.8596292,46.88114474249,14.3021978021978,0.795594413912954,256.194779401116,256.194770942564,50.728,400
17769,"NelderMead",10.0005,104.000123129989,0.3711363,3.8596292,54.3869072747294,19.9615384615385,0.590540857280303,2594.56261756126,2594.56255357352,14.541,400
17769,"DE",0.381524522751026,3.96766135125415,0.3711363,3.8596292,16.4213428887965,1.83653846153846,0.99483613672831,2.79903171719553,2.79902927602855,49.03,400
17798,"BiLSTM",0.825315535068512,4.2157154083252,0.85074973,4.1837373,4.65763919318904,0.891483516483517,0.999119506933726,2.98962127575263,0.764343122719382,NA,400
17798,"ABC",0.965538811645153,4.74823635876278,0.85074973,4.1837373,7.70758097051855,2.91620879120879,0.994108587040941,13.4926968058107,13.4926984723151,47.827,400
17798,"ABC-SMC",1.55162353176198,7.6304289167526,0.85074973,4.1837373,15.7586695307877,9.78571428571429,0.936003491312901,82.3830766025604,82.3830792806375,32.335,400
17798,"NelderMead",10.0005,49.1795224936627,0.85074973,4.1837373,20.2325815519408,21.7046703296703,0.669073109817783,1075.49258581604,1075.49260307674,13.634,400
17798,"DE",0.817934404587865,4.02236122681561,0.85074973,4.1837373,4.49437819972129,0.832417582417582,0.999206788781403,3.85722431109501,3.85722289935347,31.066,400
17817,"BiLSTM",0.134593442082405,1.38830351829529,0.17735802,1.7956154,21.1355553538666,2.72115384615385,0.98485913470745,24.1120068422025,22.6836928278022,NA,400
17817,"ABC",0.189743866167794,1.92101275388985,0.17735802,1.7956154,17.1054562724185,1.38736263736264,0.991344854226331,6.98352753813663,6.98353076554415,29.992,400
17817,"ABC-SMC",1.43926024345182,14.5714185110603,0.17735802,1.7956154,61.8945414615349,12.9917582417582,0.744995376208944,711.499949904615,711.499974385403,27.517,400
17817,"NelderMead",10.0005,101.247478684169,0.17735802,1.7956154,64.4084169042001,15.0206043956044,0.652220764607638,5538.59474750564,5538.594917607,12.412,400
17817,"DE",0.174218591665212,1.76383112304479,0.17735802,1.7956154,18.179916172505,1.4010989010989,0.99197646283503,1.77010790647523,1.77010494314153,38.553,400
17821,"BiLSTM",0.26462659239769,2.69313979148865,0.14283769,1.2860672,31.3928892191766,8.63598901098901,0.942951938698323,85.2638420557556,109.40894779749,NA,400
17821,"ABC",0.146911163163175,1.32274363330044,0.14283769,1.2860672,14.9358289082721,1.55906593406593,0.995049449241626,2.85181954649016,2.85182868363609,38.716,400
17821,"ABC-SMC",1.31116952591812,11.8053734327827,0.14283769,1.2860672,58.2548902931596,21.5,0.727510515431858,817.943664531484,817.943746079727,39.446,400
17821,"NelderMead",10.0005,90.0414741807502,0.14283769,1.2860672,59.7823547971659,24.2266483516484,0.665994302518935,6901.30336747955,6901.30398946107,16.212,400
17821,"DE",0.132009826872849,1.18857651297204,0.14283769,1.2860672,14.3999876012057,1.46840659340659,0.995759396251203,7.58053643065172,7.58052822029503,69.118,400
17833,"BiLSTM",0.272931903600693,1.705570936203,0.24055895,1.4826015,28.8453698173045,2.38324175824176,0.98644804240999,13.4573889687716,15.0390672208954,NA,400
17833,"ABC",0.276250706587241,1.70257528930296,0.24055895,1.4826015,28.0582080050731,2.45054945054945,0.986097304565379,14.8370104655185,14.8370138100466,52.124,400
17833,"ABC-SMC",1.84792049627962,11.3890162035424,0.24055895,1.4826015,75.7930217050287,12.8653846153846,0.862427551771891,668.177819316064,668.177841688575,45.428,400
17833,"NelderMead",10.0005,61.6346086169996,0.24055895,1.4826015,80.0296340482128,14.6840659340659,0.803480326694261,4057.19307055506,4057.19319162969,19.985,400
17833,"DE",0.223760711506648,1.37907143418565,0.24055895,1.4826015,27.079736655881,2.17032967032967,0.986187786615413,6.98300291606362,6.98300020702447,70.098,400
17840,"BiLSTM",0.196517899632454,1.58962261676788,0.2259096,1.8431442,47.7530865601088,4.68131868131868,0.961869919551967,13.010381306304,13.7548425799846,NA,400
17840,"ABC",0.185645924986515,1.51464221624895,0.2259096,1.8431442,57.8895992223082,5.94505494505495,0.954780794901122,17.8229145700249,17.8229128112197,82.979,400
17840,"ABC-SMC",1.1045937008344,9.01212483499422,0.2259096,1.8431442,136.926751089883,29.6153846153846,0.347029524891138,388.953856247987,388.953866712882,66.686,400
17840,"NelderMead",10.0005,81.5917693033007,0.2259096,1.8431442,144.292184609977,33.978021978022,0.171181503507014,4326.77070828331,4326.77080302782,27.885,400
17840,"DE",0.215785112420555,1.76054088412627,0.2259096,1.8431442,34.4904863626742,3.12362637362637,0.971395008046756,4.48165442258523,4.48165237824205,95.554,400
17856,"BiLSTM",0.141838937997818,1.26611518859863,0.13575414,1.2935877,34.8955517932186,3.53021978021978,0.81005279279573,4.48221910419675,2.12374556447678,NA,400
17856,"ABC",0.107752145477825,1.02675955094467,0.13575414,1.2935877,75.9139127653814,5.7293956043956,0.564826843304624,20.6269912079107,20.6269856350156,66.451,400
17856,"ABC-SMC",1.82184033810441,17.3601366279053,0.13575414,1.2935877,180.554696846298,31.4656593406593,-0.00244739523116085,1242.01456994564,1242.01466417045,54.774,400
17856,"NelderMead",10.0005,95.2937766917626,0.13575414,1.2935877,182.887630303775,32.135989010989,0.0147597143689819,7266.62616698099,7266.62668420259,24.11,400
17856,"DE",0.135397521888696,1.29018961206734,0.13575414,1.2935877,29.1160894231763,2.61675824175824,0.815222688760654,0.262694096330565,0.262687093628334,140.38,400
17888,"BiLSTM",0.461296021938324,3.0476222038269,0.4924869,3.2162883,17.3262913573424,1.60989010989011,0.992307921641374,6.33334167095125,5.244122430601,NA,400
17888,"ABC",1.62582548881108,10.6177925552474,0.4924869,3.2162883,28.5346203490289,5.00274725274725,0.950935180603252,230.125631526662,230.125646859686,43.899,400
17888,"ABC-SMC",1.57516841834957,10.2869659878707,0.4924869,3.2162883,28.7092814861151,4.91346153846154,0.952874934080923,219.839658344125,219.839673199405,31.529,400
17888,"NelderMead",10.0005,65.3103516825783,0.4924869,3.2162883,34.8248700781451,7.62912087912088,0.8692187817358,1930.6123878625,1930.61248217637,11.934,400
17888,"DE",0.540426301544022,3.52936671289987,0.4924869,3.2162883,15.1134466454246,1.4739010989011,0.993042507312135,9.73414755682267,9.73415265353767,28.094,400
17958,"BiLSTM",0.856859683990479,4.15661811828613,0.80637515,3.8008006,7.28762943059177,2.52335164835165,0.993778799103364,6.26067581453601,9.36164655115379,NA,400
17958,"ABC",0.824967552088491,3.88843473264117,0.80637515,3.8008006,5.65464613629695,1.76785714285714,0.996688676068106,2.30567646938161,2.30567561584712,48.809,400
17958,"ABC-SMC",1.52752770448865,7.19990957967784,0.80637515,3.8008006,24.6046224106942,13.5796703296703,0.837555000162778,89.4313961049828,89.4313945245599,33.299,400
17958,"NelderMead",10.0005,47.136752767225,0.80637515,3.8008006,31.6951520035823,25.510989010989,0.428430499480982,1140.1795863873,1140.17957604051,15.644,400
17958,"DE",0.77856056688449,3.66969821064394,0.80637515,3.8008006,5.96404917928806,1.11401098901099,0.998502243737614,3.44933535160532,3.44933615712585,34.574,400
17966,"BiLSTM",0.424062460660934,1.80456125736237,0.4237689,1.8003631,14.0615081000845,1.17994505494505,0.994347620289488,0.0692737624055103,0.233183926196095,NA,400
17966,"ABC",0.47241298726466,2.00702519063734,0.4237689,1.8003631,13.1274742807626,1.56593406593407,0.9927175014754,11.4789186428404,11.4789117060519,30.06,400
17966,"ABC-SMC",1.3284257934565,5.64375684673103,0.4237689,1.8003631,35.7727488595535,7.88736263736264,0.903781083217821,213.478830904414,213.478811398158,23.495,400
17966,"NelderMead",10.0005,42.4866715353958,0.4237689,1.8003631,41.6563288074522,11.4629120879121,0.748326898436768,2259.89474451759,2259.89459767287,7.498,400
17966,"DE",0.410303606967451,1.74315630008642,0.4237689,1.8003631,12.6713248751461,1.19642857142857,0.994157583524766,3.1775085506627,3.17751457545333,29.793,400
18005,"BiLSTM",0.159974113106728,1.80927395820618,0.2046614,2.3728473,34.7652639188882,3.87912087912088,0.979122636919319,21.8347411350027,23.7509317095046,NA,400
18005,"ABC",0.21501247178329,2.49285775979624,0.2046614,2.3728473,27.0653263390176,2.17582417582418,0.986801588751016,5.05765707812491,5.05765625104661,50.595,400
18005,"ABC-SMC",1.35917858990573,15.7583365592411,0.2046614,2.3728473,79.8448339517432,16.8296703296703,0.656400592181058,564.110863067355,564.110857839067,45.89,400
18005,"NelderMead",10.0005,115.945944065835,0.2046614,2.3728473,84.6309640696894,19.8255494505494,0.533640660372234,4786.36352531547,4786.36348684702,18.031,400
18005,"DE",0.208807118227106,2.42091279941086,0.2046614,2.3728473,27.471293291624,2.11538461538462,0.987464076545684,2.02564735074911,2.02564654754066,60.357,400
18085,"BiLSTM",0.363031774759293,1.51954507827759,0.3502094,1.4854034,33.7532865663117,2.13186813186813,0.98190932327876,3.66134511503478,2.29847853300914,NA,400
18085,"ABC",0.400564015066546,1.69898116470975,0.3502094,1.4854034,35.6350683438874,2.77197802197802,0.979358495982848,14.3784304666139,14.3784351584057,57.174,400
18085,"ABC-SMC",1.27386788128754,5.40307530190073,0.3502094,1.4854034,86.0131909803357,11.6717032967033,0.891022854396327,263.744628581511,263.744643502279,42.877,400
18085,"NelderMead",10.0005,42.4168434971804,0.3502094,1.4854034,96.8698660133514,14.9368131868132,0.77144644983146,2755.5772632031,2755.5773803386,17.608,400
18085,"DE",0.379178652546771,1.60827574246769,0.3502094,1.4854034,34.0045822004635,2.39285714285714,0.981172515480921,8.27198029144015,8.27198473274596,67.812,400
18149,"BiLSTM",0.983506739139557,4.4403395652771,1.0882468,4.806504,11.8020648026035,1.17994505494505,0.995749105692983,9.62466058806175,7.61810319356648,NA,400
18149,"ABC",4.48702396425046,19.8180204171358,1.0882468,4.806504,18.2597004334318,4.58516483516483,0.943814056909243,312.316761625254,312.316736179472,42.728,400
18149,"ABC-SMC",1.74390450967212,7.70237365647554,1.0882468,4.806504,14.4478543525632,2.40934065934066,0.985780288318851,60.2489903643288,60.2489804746972,29.376,400
18149,"NelderMead",10.0005,44.1696132582776,1.0882468,4.806504,20.2516362114117,5.47115384615385,0.915369298488537,818.955148776913,818.95509206437,12.414,400
18149,"DE",1.02242236303542,4.51577424747648,1.0882468,4.806504,11.455465368223,1.18956043956044,0.9958000892849,6.04866809299003,6.04867389111746,25.105,400
18153,"BiLSTM",0.459695041179657,2.32591509819031,0.2042067,1.0261806,18.9091220097551,5.23076923076923,0.955662104521674,125.11261441454,126.657480972677,NA,400
18153,"ABC",0.222509747046796,1.11815724424754,0.2042067,1.0261806,11.4105976189786,1.41071428571429,0.990382893204444,8.96300025748226,8.963007510329,30.331,400
18153,"ABC-SMC",1.82987858575645,9.19551625901001,0.2042067,1.0261806,35.0272596732114,9.20741758241758,0.889708373938625,796.091355355359,796.091415001415,26.846,400
18153,"NelderMead",10.0005,50.2545693818339,0.2042067,1.0261806,37.4693154754476,10.4601648351648,0.872263680208375,4797.24382206852,4797.24414804118,11.636,400
18153,"DE",0.203219009206792,1.02121731892308,0.2042067,1.0261806,10.7816167287856,1.26510989010989,0.992069204439762,0.483672079911412,0.483665455858551,40.448,400
18182,"BiLSTM",0.705604076385498,3.00443339347839,0.7865154,3.2441332,14.6882511706249,1.60714285714286,0.993045340184341,10.2873158763963,7.38871654596693,NA,400
18182,"ABC",0.817695178017207,3.37274026932588,0.7865154,3.2441332,15.6547134855539,1.80357142857143,0.992956438925691,3.96429339046722,3.96429682128581,38.335,400
18182,"ABC-SMC",1.42259386367046,5.86776067645624,0.7865154,3.2441332,29.5301751256916,7.88873626373626,0.894025560016823,80.8729827375866,80.8729887063896,27.092,400
18182,"NelderMead",10.0005,41.2489763547116,0.7865154,3.2441332,40.2144998915973,15.8296703296703,0.552814839827411,1171.49449330553,1171.49453526482,11.57,400
18182,"DE",0.742958027296474,3.06447258642022,0.7865154,3.2441332,13.3187055016417,1.41620879120879,0.994834323570927,5.53801905258643,5.53801593534387,27.057,400
18238,"BiLSTM",0.807892203330994,3.32821035385132,0.76416695,3.0848389,18.5214059847469,2.30769230769231,0.989485632822541,5.72195033179512,7.88927596352985,NA,400
18238,"ABC",0.761999395752602,3.07608891919472,0.76416695,3.0848389,17.4631596781029,2.24587912087912,0.98997704394946,0.28364930561285,0.283644659864676,61.582,400
18238,"ABC-SMC",1.10321757161036,4.45354073298154,0.76416695,3.0848389,34.855817715288,6.27747252747253,0.94732328022679,44.3686581329328,44.3686648590156,41.754,400
18238,"NelderMead",10.0005,40.3706714308136,0.76416695,3.0848389,63.7879957578522,19.0549450549451,0.516732312046439,1208.67999460066,1208.68005557158,12.35,400
18238,"DE",0.756780256069125,3.0550199553116,0.76416695,3.0848389,17.5341576513796,2.26923076923077,0.989754776176747,0.966633525681119,0.966628911752927,43.668,400
18251,"BiLSTM",0.723627507686615,3.94703674316406,0.71012753,3.8026009,12.5033654918916,1.30082417582418,0.995372244441702,1.90106383942262,3.79834347496375,NA,400
18251,"ABC",0.782484839171495,4.19006054030014,0.71012753,3.8026009,15.2548429542598,1.56868131868132,0.994407297464484,10.1893400994459,10.1893322620351,44.157,400
18251,"ABC-SMC",1.6132936824582,8.63888712008908,0.71012753,3.8026009,39.5439573294003,10.4684065934066,0.799707175320276,127.183655653823,127.183639494986,29.639,400
18251,"NelderMead",10.0005,53.5508144511,0.71012753,3.8026009,49.6834136463444,17.4120879120879,0.433631150706332,1308.26817402784,1308.26807386229,13.644,400
18251,"DE",0.753650288759803,4.03565689459469,0.71012753,3.8026009,13.7489005084625,1.32967032967033,0.995510151625187,6.12886515747434,6.12885760887202,30.592,400
18265,"BiLSTM",0.595744729042053,2.52651262283325,0.5964482,2.531809,15.9050132174486,2.26923076923077,0.99458045975958,0.117943344945422,0.209193393607023,NA,400
18265,"ABC",0.563228306308934,2.39079719362419,0.5964482,2.531809,14.4921154124315,2.12912087912088,0.995683302727842,5.56961923785937,5.56960680587733,67.98,400
18265,"ABC-SMC",1.58441014275972,6.72552014951801,0.5964482,2.531809,54.5490792228801,22.3763736263736,0.705764339338517,165.640862485581,165.640897457826,49.934,400
18265,"NelderMead",10.0005,42.4502232345623,0.5964482,2.531809,61.658804695271,31.3173076923077,0.414634724927783,1576.67535923488,1576.67557997314,20.884,400
18265,"DE",0.577350334935715,2.45074252313088,0.5964482,2.531809,16.0005723085749,2.0728021978022,0.995568179342025,3.20193188013399,3.20191913644034,61.288,400
18277,"BiLSTM",0.8102006316185,4.19779300689697,0.8947297,4.4831696,6.30497889938491,2.5728021978022,0.989981327903196,9.44744187898314,6.36550964083597,NA,400
18277,"ABC",0.995852555381803,4.98986049211519,0.8947297,4.4831696,7.98839819166684,2.20467032967033,0.993575295205689,11.3020564067341,11.3020683427902,44.825,400
18277,"ABC-SMC",1.70109129089669,8.52355921572376,0.8947297,4.4831696,20.306724348098,10.831043956044,0.86109136153865,90.1234854388637,90.1235058277465,29.237,400
18277,"NelderMead",10.0005,50.1089238378931,0.8947297,4.4831696,27.6072983087355,21.5659340659341,0.472666073555126,1017.71186314705,1017.71198301071,13.485,400
18277,"DE",0.918657568897611,4.60306406209634,0.8947297,4.4831696,4.59130295037685,1.34065934065934,0.997265732172921,2.67431257703982,2.67432358785482,29.388,400
18294,"BiLSTM",0.301609426736832,1.63634359836578,0.2833339,1.6020901,23.4422622256811,1.93956043956044,0.989429777933136,6.45017300677103,2.13805068552534,NA,400
18294,"ABC",0.287343744346075,1.62476348586487,0.2833339,1.6020901,23.0862200465741,1.7760989010989,0.989910894176067,1.41523635049506,1.41523787362981,44.316,400
18294,"ABC-SMC",1.57185063302799,8.8879106089102,0.2833339,1.6020901,78.9422388378071,18.9258241758242,0.675151728269381,454.769702117533,454.769710449506,36.019,400
18294,"NelderMead",10.0005,56.5470714435395,0.2833339,1.6020901,82.3752792732583,21.9587912087912,0.520871898662021,3429.58117613177,3429.58122914183,16.593,400
18294,"DE",0.288070247157444,1.62887144110495,0.2833339,1.6020901,22.8919101872362,1.77472527472527,0.989845002619434,1.67164859462406,1.67165012160982,58.669,400
18337,"BiLSTM",0.928646862506866,4.09615993499756,1.1294398,4.7798266,15.2870292590068,4.00961538461539,0.981278486198527,17.7781000362422,14.3031687593529,NA,400
18337,"ABC",1.17283228033081,4.96346498693385,1.1294398,4.7798266,10.7698514649122,2.29532967032967,0.993729114119694,3.84194716095619,3.84194662906493,68.776,400
18337,"ABC-SMC",2.10479988266549,8.9075826930394,1.1294398,4.7798266,28.2904658949915,11.8008241758242,0.857742987384052,86.3578636652872,86.3578627107393,40.794,400
18337,"NelderMead",10.0005,42.3224466398821,1.1294398,4.7798266,41.0974748240505,21.3983516483516,0.524026193377539,785.438958322524,785.438953787197,18.986,400
18337,"DE",1.07066881834061,4.53110583802871,1.1294398,4.7798266,11.0405199400845,1.8489010989011,0.995518349631995,5.2035515004332,5.2035519859923,42.586,400
18451,"BiLSTM",0.338619768619537,1.99004447460175,0.30352134,1.8425387,11.1630142130605,1.38873626373626,0.994720384984206,11.563743300401,8.00557267002021,NA,400
18451,"ABC",0.434681330710764,2.63875106324481,0.30352134,1.8425387,15.5305526139225,2.55631868131868,0.991760819362335,43.2127740048736,43.2127891395067,34.938,400
18451,"ABC-SMC",1.48136898155226,8.99271189939816,0.30352134,1.8425387,36.3786289450503,7.66208791208791,0.929672468883808,388.060899293692,388.060950871651,27.297,400
18451,"NelderMead",10.0005,60.7084504062558,0.30352134,1.8425387,40.5218606699331,9.97527472527472,0.858268426117739,3194.82599147724,3194.82633967231,12.52,400
18451,"DE",0.304982520468498,1.8514090514111,0.30352134,1.8425387,13.2561385930385,1.25412087912088,0.994751541741182,0.481409468111084,0.481420086921264,33.921,400
18464,"BiLSTM",0.262355893850327,1.56196796894073,0.29301405,1.7583215,14.1697599635763,1.14423076923077,0.993047018927051,10.4630327964388,11.1671006160856,NA,400
18464,"ABC",0.296672494609763,1.78027505555257,0.29301405,1.7583215,14.4465869678031,1.19642857142857,0.993756479996213,1.2485560367372,1.24855184632452,27.011,400
18464,"ABC-SMC",1.44685911087495,8.68232556367524,0.29301405,1.7583215,40.5792416880023,9.2293956043956,0.868861838654471,393.784892183482,393.784871747018,23.636,400
18464,"NelderMead",10.0005,60.0110930960149,0.29301405,1.7583215,43.6313545664169,11.4821428571429,0.761714778344404,3312.97627195692,3312.97613070277,10.477,400
18464,"DE",0.331530550667404,1.98945160144739,0.29301405,1.7583215,14.3452033463124,1.68406593406593,0.992756343612931,13.1449330390143,13.1449283562417,26.48,400
18733,"BiLSTM",0.517425835132599,2.42385721206665,0.5631231,2.5366323,27.7784112987743,2.68269230769231,0.976904950422119,8.11496897701428,4.44585870539256,NA,400
18733,"ABC",0.517527257846524,2.33124229816818,0.5631231,2.5366323,27.6979773094383,2.67857142857143,0.976921101688675,8.09695822342867,8.09695602440389,45.144,400
18733,"ABC-SMC",1.5140224452881,6.82003336310904,0.5631231,2.5366323,73.2495658448107,12.8351648351648,0.642916186309309,168.861718741088,168.86172517432,32.235,400
18733,"NelderMead",10.0005,45.0480399811997,0.5631231,2.5366323,84.2500876253031,17.885989010989,0.305853957328777,1675.89944365628,1675.8994861494,12.87,400
18733,"DE",0.527760956403452,2.37734079941792,0.5631231,2.5366323,27.5548223886304,2.5,0.979375640146606,6.27964713160375,6.27964488909496,40.869,400
18779,"BiLSTM",0.754094481468201,3.68540406227112,0.7841399,3.790489,13.7157843521191,2.14423076923077,0.995635156061067,3.83164005961172,2.77233195318287,NA,400
18779,"ABC",0.731447370434911,3.53577656284308,0.7841399,3.790489,14.4362035900876,2.17857142857143,0.995343068014623,6.71978680909985,6.71977776896113,73.67,400
18779,"ABC-SMC",1.51833605379301,7.33955339852947,0.7841399,3.790489,47.1437684562168,20.2541208791209,0.716935448623169,93.6307607600397,93.6307795255301,48.987,400
18779,"NelderMead",10.0005,48.3418697584323,0.7841399,3.790489,59.640519398304,33.8763736263736,0.269934913357225,1175.34640183467,1175.34652543332,21.932,400
18779,"DE",0.737575709715702,3.56540061957499,0.7841399,3.790489,12.7037706455262,2.07142857142857,0.995769625638428,5.93825034082544,5.93824122494505,57.068,400
18808,"BiLSTM",0.424471288919449,1.71190595626831,0.4942796,2.0154452,22.6106787093935,2.25274725274725,0.989106554076836,14.1232434194232,15.0606547740266,NA,400
18808,"ABC",0.619180194446196,2.52473240200211,0.4942796,2.0154452,24.563905428323,2.84203296703297,0.987055708183619,25.269218969627,25.2692160522205,57.294,400
18808,"ABC-SMC",1.18438328234266,4.82937095879601,0.4942796,2.0154452,46.7051684708186,7.10164835164835,0.955452053347207,139.618078986602,139.618073406114,41.38,400
18808,"NelderMead",10.0005,40.7774451002987,0.4942796,2.0154452,61.0113384879113,11.6318681318681,0.840030547271019,1923.2475708081,1923.2475236885,13.382,400
18808,"DE",0.438849183635819,1.78942537803315,0.4942796,2.0154452,22.298290948945,2.14285714285714,0.989323404353617,11.2143848065308,11.2143868742673,51.146,400
18839,"BiLSTM",0.189918905496597,2.14576721191406,0.19035919,2.2360072,31.7402637268071,2.75549450549451,0.985075572829108,0.231291435628992,4.03576464717723,NA,400
18839,"ABC",0.183287537505945,2.15294182569365,0.19035919,2.2360072,33.4353213667283,3.24175824175824,0.9798985173181,3.71489944565051,3.7148974433691,69.989,400
18839,"ABC-SMC",1.62040231971622,19.0336559486752,0.19035919,2.2360072,124.456320555112,36.3118131868132,0.0475094899552752,751.2340905192,751.234108220902,59.73,400
18839,"NelderMead",10.0005,117.468405221773,0.19035919,2.2360072,127.462206742552,38.7788461538462,-0.0385909489731377,5153.48946904008,5153.48957828818,25.304,400
18839,"DE",0.177314739917274,2.08278383284793,0.19035919,2.2360072,38.0955230229804,4.10164835164835,0.971777568765779,6.85254548662775,6.85254354959475,105,400
18950,"BiLSTM",0.393748015165329,1.85625529289246,0.3698025,1.7675947,15.1384619212035,1.50412087912088,0.994914354049605,6.47521722144361,5.01588926989066,NA,400
18950,"ABC",0.398700707122899,1.9057233455901,0.3698025,1.7675947,15.3156627725871,1.52472527472527,0.99508667480312,7.81449750147674,7.81449761023249,40.32,400
18950,"ABC-SMC",1.50230349242959,7.18076187610597,0.3698025,1.7675947,44.7976112291177,15.7596153846154,0.787125691042103,306.244817822916,306.244818232707,31.69,400
18950,"NelderMead",10.0005,47.8007336758977,0.3698025,1.7675947,48.7346463488104,21.0961538461538,0.601842558848429,2604.28133936358,2604.28134209147,13.896,400
18950,"DE",0.375774380901988,1.79613930340696,0.3698025,1.7675947,16.8551827231092,1.62912087912088,0.994491088728861,1.61488386422164,1.61488396672365,41.111,400
18987,"BiLSTM",0.326610952615738,3.1358904838562,0.31789374,2.9100332,23.8655880121937,2.31043956043956,0.986057527066962,2.74217813025759,7.76133014070771,NA,400
18987,"ABC",0.325839886506899,2.98277320182487,0.31789374,2.9100332,23.9243343472801,2.31730769230769,0.986176338316042,2.49962346125442,2.49962790200724,51.257,400
18987,"ABC-SMC",1.4203818682831,13.0023276723154,0.31789374,2.9100332,66.4145936131147,12.6318681318681,0.765080754556507,346.810266941116,346.810286298982,49.348,400
18987,"NelderMead",10.0005,91.5456475406613,0.31789374,2.9100332,74.5804779833481,16.2884615384615,0.59576295785857,3045.86251368146,3045.86264997462,19.187,400
18987,"DE",0.356217559444664,3.26085367178799,0.31789374,2.9100332,24.6281182414852,2.49038461538462,0.985136147998793,12.0555439200106,12.0555487747696,52.492,400
19070,"BiLSTM",0.306337863206863,2.25219178199768,0.3804507,2.7550838,31.7596716612818,3.68543956043956,0.989513571498956,19.4802734738395,18.2532385404146,NA,400
19070,"ABC",0.427456090598028,3.09547946659322,0.3804507,2.7550838,27.0992640060133,2.73076923076923,0.991580609352743,12.3551857305107,12.3551837731113,78.464,400
19070,"ABC-SMC",1.6715489628407,12.1047415294506,0.3804507,2.7550838,63.6679509852397,14.7884615384615,0.843800971344955,339.360201687287,339.36019403296,57.053,400
19070,"NelderMead",10.0005,72.4199352554699,0.3804507,2.7550838,70.761339038779,18.9848901098901,0.726948110969385,2528.59287681689,2528.59283102278,17.577,400
19070,"DE",0.377227140432497,2.73173992167667,0.3804507,2.7550838,24.8567597799805,2.23489010989011,0.992986064887005,0.847300206702947,0.847301934094828,71.407,400
19108,"BiLSTM",0.666072070598602,4.07250165939331,0.7060468,4.3403206,16.676337633822,1.98489010989011,0.996485294873532,5.66176766205833,6.17048751206742,NA,400
19108,"ABC",1.11203390284093,6.83606751001575,0.7060468,4.3403206,28.8670032865885,7.0260989010989,0.967852707472057,57.5014436494758,57.5014414837407,87.854,400
19108,"ABC-SMC",1.74099405918831,10.7025090626667,0.7060468,4.3403206,35.0749954380985,11.1744505494505,0.916266419263219,146.583379343736,146.583375953073,54.332,400
19108,"NelderMead",10.0005,61.4766267100867,0.7060468,4.3403206,45.1973227755809,17.9931318681319,0.763138865012793,1316.40752426043,1316.40750478402,18.035,400
19108,"DE",0.679247405493757,4.17557514037644,0.7060468,4.3403206,17.3375959704403,1.99175824175824,0.996522748849361,3.79569661759578,3.79569794046007,59.021,400
19132,"BiLSTM",0.515039086341858,4.45518732070923,0.48366883,4.3393292,18.1111138306315,1.96978021978022,0.995918082816895,6.4858958022699,2.66995462591842,NA,400
19132,"ABC",0.576584310642412,5.17293876369726,0.48366883,4.3393292,20.4012093519039,3.3543956043956,0.990660116547781,19.2105579022762,19.2105628606666,74.079,400
19132,"ABC-SMC",1.40980022005915,12.6482980421154,0.48366883,4.3393292,43.5016013378172,14.9807692307692,0.838249585662997,191.480478504092,191.4804906278,52.573,400
19132,"NelderMead",10.0005,89.7214390879217,0.48366883,4.3393292,53.150576261378,22.6428571428571,0.602725679175917,1967.63375675873,1967.63384275896,27.811,400
19132,"DE",0.493123263381474,4.424151676248,0.48366883,4.3393292,17.296570148049,1.83104395604396,0.996385030651341,1.95473282441506,1.95473706507442,59.424,400
19188,"BiLSTM",0.930122375488281,4.24825716018677,1.0234596,4.3791075,11.7546761518653,1.90934065934066,0.994785496444033,9.11977615058951,2.98805954896591,NA,400
19188,"ABC",1.12051610432702,4.79438606779997,1.0234596,4.3791075,14.8302841711512,2.36950549450549,0.993321450985552,9.48317885014867,9.48317820012348,64.634,400
19188,"ABC-SMC",1.82996181620962,7.82991284316321,1.0234596,4.3791075,28.4680254068745,9.10851648351648,0.91388228045276,78.8015683481415,78.8015672865581,38.379,400
19188,"NelderMead",10.0005,42.7894411208219,1.0234596,4.3791075,41.6781914527678,18.7458791208791,0.61418249208619,877.126991627222,877.126985825809,18.08,400
19188,"DE",1.01725514416593,4.35256028160003,1.0234596,4.3791075,13.2901139016729,1.52747252747253,0.996780135986355,0.606223815192458,0.6062244053147,39.221,400
19278,"BiLSTM",0.798217713832855,4.01464986801147,1.0107659,4.928331,19.8881323647934,2.96153846153846,0.976739830596111,21.02842865664,18.539362148941,NA,400
19278,"ABC",1.30459525577768,6.36099512819762,1.0107659,4.928331,18.2980414917888,3.20054945054945,0.971909241232348,29.0699711750939,29.0699656374059,49.748,400
19278,"ABC-SMC",1.81228434836421,8.83640490014018,1.0107659,4.928331,24.9573637201784,5.83516483516483,0.915923885912523,79.298129108254,79.2981214155499,29.244,400
19278,"NelderMead",10.0005,48.7608179608319,1.0107659,4.928331,37.6754683328136,11.6881868131868,0.653135922965753,889.39823751474,889.398195065062,12.653,400
19278,"DE",0.96266896207662,4.69381791074057,1.0107659,4.928331,14.9984297183462,1.85851648351648,0.990096632242166,4.75846463789291,4.75846872418737,29.507,400
19280,"BiLSTM",0.221665918827057,2.54311585426331,0.17947137,2.0788178,19.4476492382877,2.19093406593407,0.991970480603621,23.5104623244682,22.3347161190993,NA,400
19280,"ABC",0.177094102823751,2.05128193548951,0.17947137,2.0788178,18.4521205207903,1.39972527472527,0.994856926042005,1.32459409890772,1.32459249244895,39.082,400
19280,"ABC-SMC",1.22610997106961,14.2020383201678,0.17947137,2.0788178,56.824290294315,11.2211538461538,0.850876238078482,583.17858779905,583.178598921358,36.916,400
19280,"NelderMead",10.0005,115.835844721937,0.17947137,2.0788178,60.1512681277076,13.4725274725275,0.789149887016979,5472.19795001286,5472.19804072956,15.431,400
19280,"DE",0.181141780944478,2.09816621270334,0.17947137,2.0788178,17.1879139177779,1.40934065934066,0.994615380689836,0.930739507074772,0.930741150250915,45.149,400
19336,"BiLSTM",0.402865827083588,3.72991180419922,0.41582593,3.8378572,18.6142791317275,1.82692307692308,0.992568256126463,3.11671350471395,2.81264753156479,NA,400
19336,"ABC",0.384625189892132,3.54989069426674,0.41582593,3.8378572,20.320723725635,1.96840659340659,0.991705075405311,7.50331757999516,7.50331475942525,58.742,400
19336,"ABC-SMC",1.47088243852305,13.5754808007705,0.41582593,3.8378572,63.3955922162132,17.2925824175824,0.607065024268908,253.725521283161,253.725532069575,47.588,400
19336,"NelderMead",10.0005,92.299419853314,0.41582593,3.8378572,71.7061489732135,22.5192307692308,0.348440095274963,2304.97267690834,2304.97275024496,20.518,400
19336,"DE",0.422484749880865,3.89931476534936,0.41582593,3.8378572,18.5953177125544,2.08653846153846,0.990699835129781,1.60134791999742,1.60135101820265,50.189,400
19365,"BiLSTM",0.702743053436279,3.72484469413757,0.76694125,3.9306815,18.1047766304485,2.17032967032967,0.994677098222365,8.37067983547902,5.23666966815873,NA,400
19365,"ABC",1.07558228244889,5.5125100956238,0.76694125,3.9306815,24.7468039326621,5.05494505494505,0.979677252335857,40.2431128132554,40.2431129467955,82.483,400
19365,"ABC-SMC",1.73911457006359,8.91320615945303,0.76694125,3.9306815,33.4938866716687,9.59615384615385,0.928121809825104,126.759816356676,126.759816572598,52.109,400
19365,"NelderMead",10.0005,51.2539655132385,0.76694125,3.9306815,43.8132584848861,16.0315934065934,0.766922310455762,1203.9460323721,1203.94603361372,23.443,400
19365,"DE",0.760316509130173,3.89672877737151,0.76694125,3.9306815,17.1060504564618,2.07967032967033,0.994966765990599,0.863787267907028,0.863787173509064,54.599,400
19373,"BiLSTM",0.499709129333496,3.78804469108582,0.43064088,3.2011511,24.1044220833218,3.67307692307692,0.985863798026089,16.0384795176659,18.3338296991296,NA,400
19373,"ABC",0.433979647965961,3.22596976876265,0.43064088,3.2011511,19.6579126998877,2.15659340659341,0.992984014989058,0.775302141766295,0.775304507264699,67.14,400
19373,"ABC-SMC",1.82311197158922,13.5520274579268,0.43064088,3.2011511,63.7244274346145,18.9024725274725,0.683352705561064,323.348561703947,323.348571641206,48.315,400
19373,"NelderMead",10.0005,74.338303244675,0.43064088,3.2011511,70.2950333608457,23.6538461538462,0.49097147065703,2222.23656983053,2222.23662434038,21.649,400
19373,"DE",0.441631376879572,3.28284857925473,0.43064088,3.2011511,20.8846179857518,2.24038461538462,0.992707152322295,2.55212577114644,2.55212817835222,60.422,400
19416,"BiLSTM",0.127652511000633,1.46108269691467,0.15970232,1.6271135,34.2409763290502,4.94505494505495,0.974020448071115,20.0684680093356,10.2040086991674,NA,400
19416,"ABC",0.174738174789732,1.78030519898799,0.15970232,1.6271135,19.2092951930733,2.26648351648352,0.988950118053398,9.41492571287141,9.41493626523205,44.161,400
19416,"ABC-SMC",1.54124545809364,15.7028497365418,0.15970232,1.6271135,82.7509635898993,27.6442307692308,0.440862490398758,865.073931357818,865.074024432946,37.021,400
19416,"NelderMead",10.0005,101.889253243622,0.15970232,1.6271135,84.2602866292442,29.75,0.352778061911218,6161.96288194185,6161.9634858676,12.325,400
19416,"DE",0.162357910867243,1.65416992114974,0.15970232,1.6271135,17.5674438043573,1.61675824175824,0.992133040081457,1.6628380021296,1.6628478068516,72.304,400
19450,"BiLSTM",0.703462779521942,3.43592214584351,0.8025591,3.852638,22.3624738112078,2.81456043956044,0.977191993341142,12.3475418169276,10.8163770942532,NA,400
19450,"ABC",0.77476970914405,3.71923671416136,0.8025591,3.852638,19.8702679350609,1.91758241758242,0.987779475488085,3.4625974406059,3.46259591061095,52.18,400
19450,"ABC-SMC",1.70004284369982,8.16095632716595,0.8025591,3.852638,51.429786363883,10.4423076923077,0.754104679630337,111.82774498474,111.82774834194,34.092,400
19450,"NelderMead",10.0005,48.00681585895,0.8025591,3.852638,67.5609744862202,16.8324175824176,0.379081963175531,1146.07645717306,1146.07647692179,14.717,400
19450,"DE",0.848699970002052,4.07413461120793,0.8025591,3.852638,21.1304962791991,2.08791208791209,0.984664872709116,5.74921772141793,5.74921939740842,36.615,400
19490,"BiLSTM",0.507248520851135,2.43239235877991,0.51513326,2.4759612,11.4236435613903,1.20879120879121,0.998208104765839,1.53062125106517,1.75967382768731,NA,400
19490,"ABC",0.557356389962273,2.67890460451138,0.51513326,2.4759612,12.6168096793254,2.23489010989011,0.996397117087909,8.19654509636459,8.19655027354129,46.776,400
19490,"ABC-SMC",1.54444300100074,7.42328524674546,0.51513326,2.4759612,30.9629868462082,15.4766483516484,0.864367838366423,199.814265730141,199.814280076176,33.818,400
19490,"NelderMead",10.0005,48.0668849947687,0.51513326,2.4759612,34.3972767621925,22.8021978021978,0.669727008118507,1841.34232373192,1841.34241662465,14.838,400
19490,"DE",0.494354203500546,2.37608786024111,0.51513326,2.4759612,11.2334911769107,1.13873626373626,0.998309941067424,4.03372449673589,4.03371990477443,39.439,400
19493,"BiLSTM",0.459689885377884,2.8168740272522,0.48523188,2.9256427,7.43928197274469,1.35027472527473,0.996355857855186,5.26387396931053,3.71777020986885,NA,400
19493,"ABC",0.489705897153888,2.95261817658511,0.48523188,2.9256427,6.61454615107602,2.20467032967033,0.992263760221517,0.922036934978045,0.922035920008673,38.465,400
19493,"ABC-SMC",1.27904483618367,7.71183490730249,0.48523188,2.9256427,29.2949702679882,19.5879120879121,0.657363442964348,163.594559406046,163.594556755085,30.26,400
19493,"NelderMead",10.0005,60.296717369651,0.48523188,2.9256427,32.6939342492906,28.1043956043956,0.332952514494464,1960.97340512746,1960.97338440033,12.29,400
19493,"DE",0.468335496533856,2.82376811846179,0.48523188,2.9256427,7.05932559952944,1.47802197802198,0.995486416420435,3.48212559037635,3.48212656105322,31.885,400
19606,"BiLSTM",0.557431995868683,2.9770336151123,0.61278266,3.1446075,20.7626457078046,2.24587912087912,0.989315737533893,9.0326746731569,5.32892848750426,NA,400
19606,"ABC",0.750178969941378,3.8496821200416,0.61278266,3.1446075,24.0330519509762,2.54945054945055,0.987975185059739,22.4217033069079,22.4217050948837,58.326,400
19606,"ABC-SMC",1.69454421132004,8.69586700417437,0.61278266,3.1446075,43.975924470556,8.03846153846154,0.907773694373799,176.53266352544,176.532667564215,43.254,400
19606,"NelderMead",10.0005,51.3194152116587,0.61278266,3.1446075,54.065651634326,12.4532967032967,0.759821476791534,1531.98155770269,1531.98158153788,16.564,400
19606,"DE",0.670059678770513,3.43853516038344,0.61278266,3.1446075,22.251575792052,2.14010989010989,0.990969539688063,9.34703647954287,9.34703807656248,41.766,400
19732,"BiLSTM",0.960102260112762,4.39869546890259,1.0771413,4.816191,9.85778339677268,3.05906593406593,0.993650259475508,10.8657090659543,8.66858334931925,NA,400
19732,"ABC",1.15416952082126,5.1606054889745,1.0771413,4.816191,7.65653334293771,2.50824175824176,0.995854192356894,7.15117142210186,7.15118002949841,74.22,400
19732,"ABC-SMC",1.74162638165515,7.78728471231592,1.0771413,4.816191,20.1757349433463,12.1291208791209,0.911238871249988,61.6896856201827,61.689698608629,45.287,400
19732,"NelderMead",10.0005,44.7149524064429,1.0771413,4.816191,31.8543647520227,28.4436813186813,0.517509876207269,828.429724122546,828.429798702811,13.795,400
19732,"DE",1.07663577739575,4.81393105797957,1.0771413,4.816191,8.10348855944937,1.31456043956044,0.998800322305987,0.0469318746061625,0.0469238454294208,45.07,400
19733,"BiLSTM",0.12677863240242,1.47711765766144,0.14960067,1.9524827,26.3743054681622,2.86401098901099,0.983892573674824,15.2553044031019,24.3466967640001,NA,400
19733,"ABC",0.12699691224706,1.65747447146076,0.14960067,1.9524827,28.7095610288625,2.84203296703297,0.983995867200676,15.1093960695097,15.1093901389878,48.677,400
19733,"ABC-SMC",1.33053933711261,17.3652645998842,0.14960067,1.9524827,93.7964389717389,20.7486263736264,0.576587739680841,789.393969366988,789.394031500725,42.024,400
19733,"NelderMead",10.0005,130.519499715058,0.14960067,1.9524827,96.7927656637352,23.1428571428571,0.476960005564552,6584.79626461566,6584.7967316206,19.354,400
19733,"DE",0.15981492625242,2.08579213253984,0.14960067,1.9524827,25.2611103007641,2.30082417582418,0.986773032044856,6.82768082015949,6.82768828322227,66.801,400
19803,"BiLSTM",0.855863869190216,4.49119281768799,0.9054299,4.862954,15.9480624470566,1.75412087912088,0.995500692716497,5.47430903372905,7.64476041336216,NA,400
19803,"ABC",0.989940847732109,5.31685201066414,0.9054299,4.862954,15.8562015001244,2.07005494505495,0.994396921807674,9.33379245948351,9.33379198454565,62.234,400
19803,"ABC-SMC",1.63533803406411,8.78320187963618,0.9054299,4.862954,26.5464466788664,8.6978021978022,0.907364682836121,80.6145383606293,80.6145375760532,42.729,400
19803,"NelderMead",10.0005,53.7114703918507,0.9054299,4.862954,41.1149651717521,18.5521978021978,0.579855886526498,1004.50295489469,1004.50295009681,18.395,400
19803,"DE",0.908882485566182,4.88149739644614,0.9054299,4.862954,16.326318972439,1.49313186813187,0.997018268693105,0.381320029985977,0.381319593936993,40.436,400
19819,"BiLSTM",0.206011101603508,1.12808513641357,0.26397356,1.2530571,24.0220880833276,4.97527472527473,0.967640769885625,21.9576757598344,9.97336542655763,NA,400
19819,"ABC",0.245383980038336,1.16481416387981,0.26397356,1.2530571,20.9453298365713,2.59340659340659,0.986985329425694,7.04221284952324,7.04221189283297,55.892,400
19819,"ABC-SMC",1.25188466769072,5.94257617079283,0.26397356,1.2530571,58.8605817361575,21.1923076923077,0.763779666374773,374.246234240549,374.246239121332,44.698,400
19819,"NelderMead",10.0005,47.4714121274755,0.26397356,1.2530571,63.8895064144542,25.7980769230769,0.64167809556533,3688.44760058545,3688.44763957488,19.732,400
19819,"DE",0.262233628979093,1.24479782760362,0.26397356,1.2530571,19.0515332582965,1.9793956043956,0.989401395831309,0.659130793594304,0.659129771211501,86.898,400
19882,"BiLSTM",0.325994104146957,1.65120053291321,0.28615785,1.5108495,37.4834274293643,4.77197802197802,0.97165899468161,13.921076827687,9.28954425395832,NA,400
19882,"ABC",0.282820349705674,1.49322828886225,0.28615785,1.5108495,28.8271067725419,2.14148351648352,0.984460968173084,1.16631442902093,1.1663114782609,58.064,400
19882,"ABC-SMC",1.68972645559737,8.92137834693555,0.28615785,1.5108495,101.263534012374,30.407967032967,0.394017113082083,490.487542311829,490.487559941314,45.877,400
19882,"NelderMead",10.0005,52.8004067539959,0.28615785,1.5108495,103.958577426954,33.1785714285714,0.250352439007498,3394.7494887874,3394.74959312598,21.446,400
19882,"DE",0.302665675262067,1.5980071760722,0.28615785,1.5108495,32.6731689119359,2.83104395604396,0.982095594044466,5.76878295041255,5.76878610822554,87.409,400
19895,"BiLSTM",0.802436172962189,4.43391942977905,0.8177787,4.4723897,17.5471470685179,1.70879120879121,0.994948657345289,1.8761221144316,0.860172587843747,NA,400
19895,"ABC",3.3164297226968,18.137382951225,0.8177787,4.4723897,30.4785551317032,6.8543956043956,0.927708395030507,305.541220711276,305.541202083196,62.94,400
19895,"ABC-SMC",1.5937415613952,8.7160903264377,0.8177787,4.4723897,24.3211058174014,4.15934065934066,0.974041244774105,94.8866559370158,94.8866469851163,37.924,400
19895,"NelderMead",10.0005,54.6922182497604,0.8177787,4.4723897,34.3457315865497,8.70604395604396,0.872497168388585,1122.88584919123,1122.88579301934,16.038,400
19895,"DE",0.837307899640585,4.57919367925518,0.8177787,4.4723897,17.172880153771,1.66071428571429,0.995245014378908,2.38807878471099,2.38807408162969,37.219,400
19897,"BiLSTM",0.245963975787163,1.89261138439178,0.31910732,2.5897217,25.9908042584014,4.01373626373626,0.987588779604623,22.9212367215009,26.9183486244184,NA,400
19897,"ABC",0.317531263299602,2.57693109186913,0.31910732,2.5897217,17.7384315393169,2.26373626373626,0.993192990998155,0.493895502114325,0.493898944078567,64.51,400
19897,"ABC-SMC",1.32282512652685,10.7354128290555,0.31910732,2.5897217,56.8451703516487,15.7623626373626,0.848713343922179,314.539261125958,314.539246786845,52.604,400
19897,"NelderMead",10.0005,81.1592506402171,0.31910732,2.5897217,62.7107745895369,20.9656593406593,0.708013804779822,3033.89865202716,3033.89854362409,22.143,400
19897,"DE",0.315097578291196,2.55718047424234,0.31910732,2.5897217,17.9108558607484,2.28021978021978,0.993079229375905,1.25654958614065,1.25655300172433,62.57,400
19900,"BiLSTM",0.567192077636719,3.88077163696289,0.58022314,3.9841897,15.8517197186009,1.84478021978022,0.994991686515079,2.24587084949442,2.59571131959679,NA,400
19900,"ABC",0.75451191678574,5.18096930446562,0.58022314,3.9841897,19.9059036319027,3.42857142857143,0.984643464121681,30.0382326678216,30.038218422823,61.929,400
19900,"ABC-SMC",1.15028655669343,7.89861526237561,0.58022314,3.9841897,28.8991485556552,7.72664835164835,0.931655459068967,98.2489972208681,98.2489755037421,46.075,400
19900,"NelderMead",10.0005,68.6699340018795,0.58022314,3.9841897,44.2559480197989,16.0082417582418,0.70125083757427,1623.56104239483,1623.56085358786,20.226,400
19900,"DE",0.579204528395951,3.97719481411326,0.58022314,3.9841897,15.7437582445769,1.77335164835165,0.995206865248476,0.175555150049539,0.175566085287938,45.556,400
19917,"BiLSTM",0.586454153060913,4.4749870300293,0.5756308,4.5166516,11.3176123842207,1.88873626373626,0.995747199880787,1.88025954499187,0.922465880934971,NA,400
19917,"ABC",0.694075967587861,5.44602468087835,0.5756308,4.5166516,16.0183232312666,3.75824175824176,0.987599553942503,20.5765861708339,20.5765944151714,73.099,400
19917,"ABC-SMC",1.26588675029592,9.93270305737213,0.5756308,4.5166516,33.0525842664828,12.3818681318681,0.881486433947033,119.912963360529,119.91297839692,51.169,400
19917,"NelderMead",10.0005,78.4683123526095,0.5756308,4.5166516,45.9384594741089,22.3653846153846,0.589908729485929,1637.31148506994,1637.31160385737,23.27,400
19917,"DE",0.5765669252163,4.52399715814772,0.5756308,4.5166516,11.9527617276994,1.91758241758242,0.99587135924938,0.16262597767532,0.162632826222938,54.362,400
19971,"BiLSTM",0.69443690776825,3.82420301437378,0.74353987,3.967733,11.5454935514778,1.29120879120879,0.995909869626029,6.60394475305682,3.61743054853289,NA,400
19971,"ABC",2.67436548270703,14.2711488316735,0.74353987,3.967733,20.8838133396789,5.64697802197802,0.939265643819829,259.680171919635,259.680170809718,43.96,400
19971,"ABC-SMC",2.05814769697898,10.9828414594336,0.74353987,3.967733,20.306861016591,4.90521978021978,0.955524311601152,176.803945560979,176.803944706805,27.465,400
19971,"NelderMead",10.0005,53.3654150167572,0.74353987,3.967733,24.7356473069395,7.78846153846154,0.875821874071658,1244.98503758783,1244.98503343741,12.587,400
19971,"DE",0.803200548100766,4.28609875417072,0.74353987,3.967733,9.43708955372135,1.31730769230769,0.995923289082756,8.02387074425027,8.02387041090518,26.309,400
19991,"BiLSTM",0.801371097564697,3.71902465820312,0.8777992,3.8705375,18.4916550220223,1.51785714285714,0.993019812707251,8.70678652194064,3.91451682865429,NA,400
19991,"ABC",1.45701615088254,6.42451645415307,0.8777992,3.8705375,23.7434675114388,3.58241758241758,0.967868847798664,65.9851308684878,65.9851236205066,46.999,400
19991,"ABC-SMC",1.79840193901868,7.92981110155019,0.8777992,3.8705375,27.2223969871022,4.68818681318681,0.947288262541165,104.876233541643,104.876224595426,30.837,400
19991,"NelderMead",10.0005,44.0958576614552,0.8777992,3.8705375,37.0391565518448,8.72664835164835,0.799032491143615,1039.26966440617,1039.26961465831,8.319,400
19991,"DE",0.925033405737987,4.07881019864141,0.8777992,3.8705375,18.266960248004,1.41208791208791,0.993772446955021,5.38098072292468,5.38097612131154,28.634,400
